country_name,consumer_price_index_2001,consumer_price_index_2002,consumer_price_index_2003,consumer_price_index_2004,consumer_price_index_2005,consumer_price_index_2006,consumer_price_index_2007,consumer_price_index_2008,consumer_price_index_2009,consumer_price_index_2010,consumer_price_index_2011,consumer_price_index_2012,consumer_price_index_2013,consumer_price_index_2014,consumer_price_index_2015,consumer_price_index_2016,consumer_price_index_2017,consumer_price_index_2018,consumer_price_index_2019,consumer_price_index_2020,consumer_price_index_2021,consumer_price_index_2022,consumer_price_index_2023,consumer_price_index_2024,consumer_price_index_2025,energy_supply_adeq_2001,energy_supply_adeq_2002,energy_supply_adeq_2003,energy_supply_adeq_2004,energy_supply_adeq_2005,energy_supply_adeq_2006,energy_supply_adeq_2007,energy_supply_adeq_2008,energy_supply_adeq_2009,energy_supply_adeq_2010,energy_supply_adeq_2011,energy_supply_adeq_2012,energy_supply_adeq_2013,energy_supply_adeq_2014,energy_supply_adeq_2015,energy_supply_adeq_2016,energy_supply_adeq_2017,energy_supply_adeq_2018,energy_supply_adeq_2019,energy_supply_adeq_2020,energy_supply_adeq_2021,energy_supply_adeq_2022,energy_supply_adeq_2023,population_2001,population_2002,population_2003,population_2004,population_2005,population_2006,population_2007,population_2008,population_2009,population_2010,population_2011,population_2012,population_2013,population_2014,population_2015,population_2016,population_2017,population_2018,population_2019,population_2020,population_2021,population_2022,population_2023,population_2024,poverty_2001,poverty_2002,poverty_2003,poverty_2004,poverty_2005,poverty_2006,poverty_2007,poverty_2008,poverty_2009,poverty_2010,poverty_2011,poverty_2012,poverty_2013,poverty_2014,poverty_2015,poverty_2016,poverty_2017,poverty_2018,poverty_2019,poverty_2020,poverty_2021,poverty_2022,poverty_2023,poverty_2024,undernourishment_2001,undernourishment_2002,undernourishment_2003,undernourishment_2004,undernourishment_2005,undernourishment_2006,undernourishment_2007,undernourishment_2008,undernourishment_2009,undernourishment_2010,undernourishment_2011,undernourishment_2012,undernourishment_2013,undernourishment_2014,undernourishment_2015,undernourishment_2016,undernourishment_2017,undernourishment_2018,undernourishment_2019,undernourishment_2020,undernourishment_2021,undernourishment_2022,undernourishment_2023,undernourishment_2024
Afghanistan,29.89354775,35.344891833333335,40.20311333333333,45.84056108333333,51.60526175,54.83604616666667,61.60007525,86.89847666666667,75.29529191666667,75.08378791666667,83.09606591666666,87.02870441666666,93.61881258333334,100.86193808333331,100.01094058333332,105.681086,113.01400791666669,111.76973083333333,115.988022,127.60891033333333,134.66106541666667,160.09642691666667,147.99904858333335,132.05495091666668,133.29621766666665,87.0,88.0,91.0,93.0,95.0,97.0,99.0,102.0,104.0,105.0,105.0,104.0,106.0,107.0,107.0,107.0,107.0,107.0,106.0,105.0,106.0,106.0,107.0,20284307.0,21378117.0,22733049.0,23560654.0,24404567.0,25424094.0,25909852.0,26482622.0,27466101.0,28284089.0,29347708.0,30560034.0,31622704.0,32792523.0,33831764.0,34700612.0,35688935.0,36743039.0,37856121.0,39068979.0,40000412.0,40578842.0,41454761.0,42647492.0,,,,,,,,,,,,,,,,,,,,,,,,,46.0,43.7,38.6,35.9,34.2,31.6,28.3,25.1,21.6,19.4,18.3,19.5,19.4,19.3,20.0,20.5,21.4,22.6,25.1,27.7,29.4,30.4,,
Afghanistan,23.259420916666667,28.1111665,36.1373935,47.943154416666665,53.874701,57.52988208333333,62.52380433333334,79.04175825,73.65809675,75.262766,84.14692258333334,89.56700516666666,96.18221941666668,100.6777725,100.01157875,104.39597816666668,109.5906715,110.27687241666666,112.81585666666666,119.13567483333333,125.25115125,142.42571733333332,135.81045741666665,126.84535725,128.45729016666667,87.0,88.0,91.0,93.0,95.0,97.0,99.0,102.0,104.0,105.0,105.0,104.0,106.0,107.0,107.0,107.0,107.0,107.0,106.0,105.0,106.0,106.0,107.0,20284307.0,21378117.0,22733049.0,23560654.0,24404567.0,25424094.0,25909852.0,26482622.0,27466101.0,28284089.0,29347708.0,30560034.0,31622704.0,32792523.0,33831764.0,34700612.0,35688935.0,36743039.0,37856121.0,39068979.0,40000412.0,40578842.0,41454761.0,42647492.0,,,,,,,,,,,,,,,,,,,,,,,,,46.0,43.7,38.6,35.9,34.2,31.6,28.3,25.1,21.6,19.4,18.3,19.5,19.4,19.3,20.0,20.5,21.4,22.6,25.1,27.7,29.4,30.4,,
Afghanistan,12.78069225,18.25451608333333,14.102244416666666,14.072171666666668,12.606239583333334,6.305341166666667,12.265915833333333,41.136455833333336,-12.142569416666666,0.0946166666666668,10.842787083333334,4.756431666666667,7.569623166666666,7.795959916666667,-0.8268115833333334,5.684994083333333,6.957528833333334,-1.04595225,3.794770083333333,9.999103083333331,5.650537916666667,19.183863166666665,-7.448816333333333,-10.612025166666667,-1.8046158333333333,87.0,88.0,91.0,93.0,95.0,97.0,99.0,102.0,104.0,105.0,105.0,104.0,106.0,107.0,107.0,107.0,107.0,107.0,106.0,105.0,106.0,106.0,107.0,20284307.0,21378117.0,22733049.0,23560654.0,24404567.0,25424094.0,25909852.0,26482622.0,27466101.0,28284089.0,29347708.0,30560034.0,31622704.0,32792523.0,33831764.0,34700612.0,35688935.0,36743039.0,37856121.0,39068979.0,40000412.0,40578842.0,41454761.0,42647492.0,,,,,,,,,,,,,,,,,,,,,,,,,46.0,43.7,38.6,35.9,34.2,31.6,28.3,25.1,21.6,19.4,18.3,19.5,19.4,19.3,20.0,20.5,21.4,22.6,25.1,27.7,29.4,30.4,,
Africa,38.367913083333335,41.28019158333333,45.12617516666666,48.50276708333333,51.49703766666667,54.965915333333335,60.07146616666666,65.64758208333333,72.40587958333333,75.93805608333334,81.9189765,86.89142258333334,91.33349175,95.362981,99.907162,105.31548916666668,110.42770566666668,115.75048541666666,119.30446225,127.41297675,132.69186183333332,146.03891858333333,158.81016808333334,165.40191991666669,168.296548,,,,,,,,,,,,,,,,,,,,,,,,,,,,,,,,,,,,,,,,,,,,,,,,,,,,,,,,,,,,,,,,,,,,,,,,,,,,,,,,,,,,,,,,,,,,,,,
Africa,31.941038666666667,34.61859558333333,36.925890083333336,39.535964666666665,42.90225708333333,45.70317875,48.87662158333333,56.59574933333334,62.7609635,67.59877616666667,74.50747066666666,81.14344858333334,86.89221666666667,92.9689715,100.05117233333334,112.05531,130.930939,143.05014225,154.2630355,167.87281366666667,189.54234358333332,225.44128383333336,289.38127825,366.0405790833333,402.7453095,,,,,,,,,,,,,,,,,,,,,,,,,,,,,,,,,,,,,,,,,,,,,,,,,,,,,,,,,,,,,,,,,,,,,,,,,,,,,,,,,,,,,,,,,,,,,,,
Africa,43.43666725,48.40211958333333,52.1395515,54.92806775,57.35208583333333,60.624615,64.66040725,70.15474108333333,75.48130075,78.52486583333334,82.67836783333333,88.33450333333333,92.71723958333332,96.39891408333334,99.96966825,104.54132,110.65077633333334,115.29131808333334,118.90608833333332,124.1167535,129.4769815,138.89538408333334,145.88907975,151.90636691666666,156.677379,,,,,,,,,,,,,,,,,,,,,,,,,,,,,,,,,,,,,,,,,,,,,,,,,,,,,,,,,,,,,,,,,,,,,,,,,,,,,,,,,,,,,,,,,,,,,,,
Africa,36.888538583333336,39.286006916666665,41.988042416666666,44.65184025,48.022314083333335,51.01206933333333,54.13134183333333,60.427314,65.79967816666667,70.251617,76.28613925,82.61530950000001,87.94717150000001,93.52373525,100.031889,110.79539016666666,126.48486883333334,139.04637025,150.2492574166667,162.88161475,180.35125158333332,207.16780666666668,248.8761678333333,304.52083016666666,340.172584,,,,,,,,,,,,,,,,,,,,,,,,,,,,,,,,,,,,,,,,,,,,,,,,,,,,,,,,,,,,,,,,,,,,,,,,,,,,,,,,,,,,,,,,,,,,,,,
Africa,5.477139916666666,6.298356500000001,6.251152,4.792854416666667,6.507431916666667,6.028071833333333,7.201152666666666,14.4525455,7.530167166666666,4.13808125,6.59286025,6.51397975,4.90442425,3.9948836666666665,4.850571333333334,4.72304425,5.360149166666667,3.086058583333333,3.2228605,4.890999416666667,6.450474916666667,12.312825416666668,10.634755416666666,5.782722666666667,5.761603,,,,,,,,,,,,,,,,,,,,,,,,,,,,,,,,,,,,,,,,,,,,,,,,,,,,,,,,,,,,,,,,,,,,,,,,,,,,,,,,,,,,,,,,,,,,,,,
Africa,22.168415083333333,12.969484166666668,11.467934,10.344600583333332,10.340012583333332,7.549516000000001,7.83976925,17.433872166666667,12.090074166666668,9.233932083333334,11.16272725,9.45871575,7.467986083333333,7.29343825,7.742341416666666,11.9648365,16.341886249999998,8.53150525,7.193654,8.038854583333334,11.133630833333331,17.180039666666666,25.19543416666667,20.2379985,11.810391,,,,,,,,,,,,,,,,,,,,,,,,,,,,,,,,,,,,,,,,,,,,,,,,,,,,,,,,,,,,,,,,,,,,,,,,,,,,,,,,,,,,,,,,,,,,,,,
Africa (FAO),,,,,,,,,,,,,,,,,,,,,,,,,,,,,,,,,,,,,,,,,,,,,,,,,,,,,,,,,,,,,,,,,,,,,,,,,,,,,,,,,,,,,,,,,,,,,,,,,,,,,,,,,,,,,,,,,,,,,,,,
Africa Eastern and Southern,,,,,,,,,,,,,,,,,,,,,,,,,,,,,,,,,,,,,,,,,,,,,,,,,416807868.0,427820358.0,439173286.0,450928044.0,463076637.0,475606210.0,488580707.0,502070763.0,516003448.0,530308387.0,544737983.0,559609961.0,575202699.0,590968990.0,607123269.0,623369401.0,640058741.0,657801085.0,675950189.0,694446100.0,713090928.0,731821393.0,750503764.0,769294618.0,,,,,,,,,,,,,,,,,,,,,,,,,33.1635690906159,32.5730951564764,32.0771517116013,31.2215312352781,29.8865751323362,28.5689438107943,27.4834576613789,26.5789235880701,24.9697188168453,23.5248510192064,22.4040918996754,22.1062421015003,21.2752240618852,21.6987563805426,22.6077597135788,23.3269681264591,23.8180270643915,24.0553517283903,24.8845163194321,25.7082870472852,26.4528659096818,26.795671064555,,
Africa Western and Central,,,,,,,,,,,,,,,,,,,,,,,,,,,,,,,,,,,,,,,,,,,,,,,,,282780717.0,290841795.0,299142845.0,307725100.0,316588476.0,325663158.0,334984176.0,344586109.0,354343844.0,364358270.0,374790143.0,385360349.0,396030207.0,406992047.0,418127845.0,429454743.0,440882906.0,452195915.0,463365429.0,474569351.0,485920997.0,497387180.0,509398589.0,521764076.0,,,,,,,,,,,,,,,,,,,,,,,,,16.3656042084271,15.9271389113255,15.3636541020873,14.520557674042,13.6455053099563,12.9901586638844,12.3648911598044,11.9680943571441,11.8416437226193,12.0570576699672,12.1976455007795,12.3090413777063,12.1835051732995,12.1293276013266,12.0035908371535,12.0073224185327,12.2105002359212,12.3794571645097,13.069764289887,13.6740489762436,14.7108244003372,15.443766406653,,
Albania,60.09187541666666,64.54281758333333,66.57255425,68.97512308333333,67.65535258333334,69.95003016666666,72.59382133333334,76.38495041666667,80.11790375,84.27935066666667,87.97129100000001,90.04185091666666,93.86104283333331,95.92166658333332,100.03206158333334,103.290116,107.32248408333334,110.19855925,113.41646691666666,117.50483191666666,122.08818925,136.45665716666667,149.30275408333333,153.23664175000002,158.46731816666667,122.0,122.0,121.0,120.0,121.0,121.0,122.0,125.0,128.0,130.0,132.0,133.0,133.0,133.0,134.0,134.0,135.0,135.0,135.0,132.0,130.0,129.0,131.0,3060173.0,3051010.0,3039616.0,3026939.0,3011487.0,2992547.0,2970017.0,2947314.0,2927519.0,2913021.0,2905195.0,2900401.0,2895092.0,2889104.0,2880703.0,2876101.0,2873457.0,2866376.0,2854191.0,2837849.0,2811666.0,2777689.0,2745972.0,2714617.0,,4.2,,,2.7,,,0.8,,,,1.8,,3.7,1.1,1.1,1.4,1.0,0.3,0.3,,,,,4.9,6.0,7.4,8.6,8.9,8.9,8.4,7.4,6.2,5.4,4.8,4.5,4.4,4.5,4.4,4.3,4.3,4.2,4.3,4.4,4.3,4.5,,
Albania,68.72066483333333,72.51013625,74.41907708333333,76.11584633333332,77.91719024999999,79.764395,82.02994516666666,84.75405375,86.675362,89.81916483333333,92.89822983333332,94.78554358333334,96.62212791666668,98.19307333333334,100.00690208333332,101.25770916666666,103.34422408333334,105.4401065,106.92796216666666,108.66114325,110.87942958333332,118.336296,123.96882483333331,126.7141015,129.14461883333334,122.0,122.0,121.0,120.0,121.0,121.0,122.0,125.0,128.0,130.0,132.0,133.0,133.0,133.0,134.0,134.0,135.0,135.0,135.0,132.0,130.0,129.0,131.0,3060173.0,3051010.0,3039616.0,3026939.0,3011487.0,2992547.0,2970017.0,2947314.0,2927519.0,2913021.0,2905195.0,2900401.0,2895092.0,2889104.0,2880703.0,2876101.0,2873457.0,2866376.0,2854191.0,2837849.0,2811666.0,2777689.0,2745972.0,2714617.0,,4.2,,,2.7,,,0.8,,,,1.8,,3.7,1.1,1.1,1.4,1.0,0.3,0.3,,,,,4.9,6.0,7.4,8.6,8.9,8.9,8.4,7.4,6.2,5.4,4.8,4.5,4.4,4.5,4.4,4.3,4.3,4.2,4.3,4.4,4.3,4.5,,
Albania,4.061812583333333,7.414026083333333,3.1615718333333334,3.6223635,-1.90771325,3.4099665,3.77882,5.235525333333333,4.89890325,5.188420833333333,4.388839416666666,2.399738166666667,4.234801333333333,2.1970460833333334,4.283320166666667,3.274393083333333,3.913864833333333,2.6782876666666664,2.92033975,3.610545,3.909135333333333,11.782812416666667,9.46424,2.642648416666667,3.3505915,122.0,122.0,121.0,120.0,121.0,121.0,122.0,125.0,128.0,130.0,132.0,133.0,133.0,133.0,134.0,134.0,135.0,135.0,135.0,132.0,130.0,129.0,131.0,3060173.0,3051010.0,3039616.0,3026939.0,3011487.0,2992547.0,2970017.0,2947314.0,2927519.0,2913021.0,2905195.0,2900401.0,2895092.0,2889104.0,2880703.0,2876101.0,2873457.0,2866376.0,2854191.0,2837849.0,2811666.0,2777689.0,2745972.0,2714617.0,,4.2,,,2.7,,,0.8,,,,1.8,,3.7,1.1,1.1,1.4,1.0,0.3,0.3,,,,,4.9,6.0,7.4,8.6,8.9,8.9,8.4,7.4,6.2,5.4,4.8,4.5,4.4,4.5,4.4,4.3,4.3,4.2,4.3,4.4,4.3,4.5,,
Algeria,53.07958933333333,52.93159158333333,54.83812825,57.28813725,56.6701565,59.059244,62.81402516666666,67.528211,73.08521725,76.18169566666667,79.39738725,89.10143941666666,91.93363233333334,95.51748308333332,100.01121158333336,103.40265541666668,108.58624341666666,112.25336783333334,111.62793608333334,111.85715891666666,123.18636891666668,139.67769133333334,158.193887,163.357314,162.22297016666667,127.0,129.0,130.0,130.0,131.0,132.0,133.0,135.0,136.0,139.0,142.0,145.0,147.0,148.0,149.0,148.0,148.0,148.0,150.0,152.0,152.0,151.0,150.0,31331221.0,31750835.0,32175818.0,32628286.0,33109249.0,33623506.0,34189416.0,34816961.0,35490445.0,36188236.0,36903376.0,37646166.0,38414171.0,39205031.0,40019529.0,40850721.0,41689299.0,42505035.0,43294546.0,44042091.0,44761099.0,45477389.0,46164219.0,46814308.0,,,,,,,,,,,0.0,,,,,,,,,,,,,,7.5,6.8,6.5,6.5,6.2,6.0,5.5,5.2,4.8,4.1,3.6,3.1,2.9,2.7,2.6,2.6,2.5,2.5,2.5,2.5,2.5,2.5,,
Algeria,57.76706541666667,58.58637683333333,60.09808825,62.241075333333335,64.57080808333333,66.06336166666667,68.49382975,71.82166475000001,75.94211708333334,78.91226033333334,82.48241791666668,89.81630141666666,92.73913875,95.44427158333332,100.01075216666668,106.40913483333333,112.358593,117.156294,119.44291325,122.327616,131.16708675,143.32039333333333,156.68096958333334,163.02046099999998,165.694571,127.0,129.0,130.0,130.0,131.0,132.0,133.0,135.0,136.0,139.0,142.0,145.0,147.0,148.0,149.0,148.0,148.0,148.0,150.0,152.0,152.0,151.0,150.0,31331221.0,31750835.0,32175818.0,32628286.0,33109249.0,33623506.0,34189416.0,34816961.0,35490445.0,36188236.0,36903376.0,37646166.0,38414171.0,39205031.0,40019529.0,40850721.0,41689299.0,42505035.0,43294546.0,44042091.0,44761099.0,45477389.0,46164219.0,46814308.0,,,,,,,,,,,0.0,,,,,,,,,,,,,,7.5,6.8,6.5,6.5,6.2,6.0,5.5,5.2,4.8,4.1,3.6,3.1,2.9,2.7,2.6,2.6,2.5,2.5,2.5,2.5,2.5,2.5,,
Algeria,4.573801333333333,-0.2253325,3.648721166666667,4.52792475,-1.0618760833333332,4.305825166666667,6.349367000000001,7.588900249999999,8.216477,4.33753,4.2226169166666665,12.22007025,3.2726275,3.907135583333333,4.765019916666667,3.408617583333333,5.040495833333334,3.399442333333333,-0.5175880833333334,0.2071566666666666,10.11079075,13.429585833333332,13.290832666666669,3.299554166666667,1.4296145000000002,127.0,129.0,130.0,130.0,131.0,132.0,133.0,135.0,136.0,139.0,142.0,145.0,147.0,148.0,149.0,148.0,148.0,148.0,150.0,152.0,152.0,151.0,150.0,31331221.0,31750835.0,32175818.0,32628286.0,33109249.0,33623506.0,34189416.0,34816961.0,35490445.0,36188236.0,36903376.0,37646166.0,38414171.0,39205031.0,40019529.0,40850721.0,41689299.0,42505035.0,43294546.0,44042091.0,44761099.0,45477389.0,46164219.0,46814308.0,,,,,,,,,,,0.0,,,,,,,,,,,,,,7.5,6.8,6.5,6.5,6.2,6.0,5.5,5.2,4.8,4.1,3.6,3.1,2.9,2.7,2.6,2.6,2.5,2.5,2.5,2.5,2.5,2.5,,
American Samoa,,,,,,,,,,,,,,,,,,,,,,,,,,,,,,,,,,,,,,,,,,,,,,,,,57053.0,57062.0,56971.0,56818.0,56617.0,56374.0,56113.0,55828.0,55528.0,55228.0,54895.0,54489.0,54006.0,53466.0,52878.0,52245.0,51586.0,50908.0,50209.0,49761.0,49225.0,48342.0,47521.0,46765.0,,,,,,,,,,,,,,,,,,,,,,,,,,,,,,,,,,,,,,,,,,,,,,,,
Americas,56.75650375,57.492354166666665,58.4526005,60.90677291666666,62.673021,66.04729066666667,71.05161691666667,77.7841925,80.93335566666667,83.21108416666667,87.6806125,92.00317508333336,94.25580425,97.28257533333334,99.94405908333331,101.53942916666666,102.54929958333332,105.2725635,107.35432675,109.57009158333334,112.9280235,122.74184916666668,131.618695,136.9704363333333,138.24122316666669,,,,,,,,,,,,,,,,,,,,,,,,,,,,,,,,,,,,,,,,,,,,,,,,,,,,,,,,,,,,,,,,,,,,,,,,,,,,,,,,,,,,,,,,,,,,,,,
Americas,64.68537433333333,66.10472033333333,68.284092,70.99665691666667,72.67665175,74.17541266666667,77.58265891666666,83.02375583333334,84.32150758333334,85.27492441666666,89.62675341666666,92.588869,94.41537883333332,97.519207,100.00632316666668,100.84484158333332,101.73698875,103.70122408333332,108.07034258333331,115.67216716666668,125.77982191666666,150.58923791666666,197.42476366666665,347.25571225,411.26712433333336,,,,,,,,,,,,,,,,,,,,,,,,,,,,,,,,,,,,,,,,,,,,,,,,,,,,,,,,,,,,,,,,,,,,,,,,,,,,,,,,,,,,,,,,,,,,,,,
Americas,68.1212045,69.26090041666667,71.09756691666666,73.38850891666667,76.38674591666667,78.20801025,80.51863200000001,85.36192025000001,87.18266691666668,89.84546449999999,92.52388141666668,95.66899491666668,97.14241708333331,99.09993166666668,99.98568066666668,101.22976108333334,102.694825,104.65630608333332,106.779574,107.84844333333332,111.40356341666666,116.85662133333334,121.1656905,123.4851015,126.691834,,,,,,,,,,,,,,,,,,,,,,,,,,,,,,,,,,,,,,,,,,,,,,,,,,,,,,,,,,,,,,,,,,,,,,,,,,,,,,,,,,,,,,,,,,,,,,,
Americas,69.00724533333333,70.64180283333333,72.90662216666666,75.14972291666668,77.89434541666667,80.526255,83.00705525,86.49560291666667,86.904338,88.78041400000001,91.91454483333332,94.26393116666668,96.22949033333332,98.61515491666668,100.0065145,102.36308925,105.38839616666668,109.31647566666668,114.06160733333331,118.78056566666667,129.11755491666665,149.38500316666668,189.846628,328.38246166666664,396.1045413333333,,,,,,,,,,,,,,,,,,,,,,,,,,,,,,,,,,,,,,,,,,,,,,,,,,,,,,,,,,,,,,,,,,,,,,,,,,,,,,,,,,,,,,,,,,,,,,,
Americas,3.739741333333333,2.83211225,3.206140916666667,4.019141083333333,3.9783004166666665,4.391663083333333,6.039802416666667,12.006601333333334,4.29445,2.78523025,5.195341666666667,4.264546666666667,3.0723483333333337,2.976505583333333,2.957137916666667,1.52686325,1.421282333333333,2.2227489166666667,2.056596416666667,2.6868164166666664,2.959867833333333,10.1644905,8.220207083333333,3.592070333333333,2.8983928333333338,,,,,,,,,,,,,,,,,,,,,,,,,,,,,,,,,,,,,,,,,,,,,,,,,,,,,,,,,,,,,,,,,,,,,,,,,,,,,,,,,,,,,,,,,,,,,,,
Americas,3.8979588333333335,3.2342091666666666,4.4186465833333335,4.204133666666666,2.6444250833333336,2.234741666666667,4.828441083333334,7.298645416666666,1.878105666666667,1.4349550000000002,5.21939275,3.511192666666666,2.1759214166666667,3.4133511666666667,2.6397593333333336,0.8432703333333333,0.8075066666666667,1.6293911666666665,3.11502825,5.181165166666667,5.550050583333333,13.2491045,9.0328755,8.055859833333335,3.959309166666667,,,,,,,,,,,,,,,,,,,,,,,,,,,,,,,,,,,,,,,,,,,,,,,,,,,,,,,,,,,,,,,,,,,,,,,,,,,,,,,,,,,,,,,,,,,,,,,
Americas (FAO),,,,,,,,,,,,,,,,,,,,,,,,,,,,,,,,,,,,,,,,,,,,,,,,,,,,,,,,,,,,,,,,,,,,,,,,,,,,,,,,,,,,,,,,,,,,,,,,,,,,,,,,,,,,,,,,,,,,,,,,
Andorra,74.42404275,77.88195391666666,80.77059216666667,82.57425233333333,84.2017195,86.1027495,87.74412675,90.827505,92.55697825,92.31123533333334,92.72389783333334,94.47655491666669,96.60478116666668,98.36207475,100.00345191666668,100.82877716666668,103.74059866666666,105.87346158333332,107.06044608333332,109.59206166666668,111.28907883333332,121.31353458333332,136.09520208333333,139.832349,142.03012533333333,,,,,,,,,,,,,,,,,,,,,,,,65852.0,66506.0,69486.0,74325.0,77421.0,79585.0,81877.0,83495.0,83888.0,80706.0,77783.0,76834.0,75194.0,73737.0,72174.0,72181.0,73763.0,75162.0,76474.0,77380.0,78364.0,79705.0,80856.0,81938.0,,,,,,,,,,,,,,,,,,,,,,,,,,,,,,,,,,,,,,,,,,,,,,,,
Andorra,75.52139916666667,77.95218983333334,80.38008616666667,82.750804,85.41621216666665,88.48626949999999,91.25283991666667,94.53841716666666,95.747967,96.07344591666669,98.17146516666666,100.133135,101.03919791666668,101.15355533333332,100.00118425,99.58773808333336,102.16517883333334,103.1680055,103.71340266666668,103.81016675,105.56951183333332,112.11427625,118.39513883333332,122.05457683333331,124.20977466666666,,,,,,,,,,,,,,,,,,,,,,,,65852.0,66506.0,69486.0,74325.0,77421.0,79585.0,81877.0,83495.0,83888.0,80706.0,77783.0,76834.0,75194.0,73737.0,72174.0,72181.0,73763.0,75162.0,76474.0,77380.0,78364.0,79705.0,80856.0,81938.0,,,,,,,,,,,,,,,,,,,,,,,,,,,,,,,,,,,,,,,,,,,,,,,,
Andorra,4.50064275,4.644702666666666,3.7169285,2.235405083333333,1.9703775,2.2573301666666667,1.9078789166666663,3.509491416666666,1.9284736666666664,-0.2650030833333333,0.446974,1.88890975,2.2552791666666665,1.819148,1.6683823333333334,0.8291578333333334,2.886725916666667,2.0637974166666666,1.1205341666666666,2.3670395,1.54933,8.98075925,12.2739685,2.7781079166666665,1.9044001666666668,,,,,,,,,,,,,,,,,,,,,,,,65852.0,66506.0,69486.0,74325.0,77421.0,79585.0,81877.0,83495.0,83888.0,80706.0,77783.0,76834.0,75194.0,73737.0,72174.0,72181.0,73763.0,75162.0,76474.0,77380.0,78364.0,79705.0,80856.0,81938.0,,,,,,,,,,,,,,,,,,,,,,,,,,,,,,,,,,,,,,,,,,,,,,,,
Angola,3.5672324166666667,7.109792,14.849055333333332,22.18978875,27.35300475,32.04233008333333,36.58810825,43.38236033333334,51.246669833333335,60.169512,69.13938075,77.94796125,86.0011645,92.03579866666666,100.07087491666668,133.57545083333332,170.81659741666667,197.91995491666668,230.68048116666668,293.72775483333334,388.21531425,481.8646076666666,546.027753,720.91352375,843.8172161666666,73.0,76.0,80.0,84.0,89.0,94.0,99.0,104.0,109.0,113.0,115.0,116.0,117.0,118.0,116.0,115.0,114.0,114.0,113.0,112.0,112.0,112.0,113.0,16747208.0,17327699.0,17943712.0,18600423.0,19291161.0,20015279.0,20778561.0,21578655.0,22414773.0,23294825.0,24218352.0,25177394.0,26165620.0,27160769.0,28157798.0,29183070.0,30234839.0,31297155.0,32375632.0,33451132.0,34532429.0,35635029.0,36749906.0,37885849.0,,,,,,,,22.1,,,,,,,,,,39.3,,,,,,,67.4,63.1,58.7,55.1,52.2,49.4,46.4,43.3,32.6,22.8,14.7,13.8,13.2,13.0,14.0,14.9,15.2,15.7,18.0,20.5,22.1,23.2,,
Angola,4.603356833333334,9.616112166666667,19.061455833333333,27.361215416666667,33.64157566666667,38.11765808333333,42.78764216666667,48.12575525,54.733558,62.65331558333333,71.100529,78.40817366666667,85.29069750000001,91.50019075,100.06092316666668,130.77403816666666,169.80286975,203.1333695833333,237.83048741666667,290.79899758333335,365.69222908333336,443.7868656666667,504.33759725,646.7650305,749.6154198333334,73.0,76.0,80.0,84.0,89.0,94.0,99.0,104.0,109.0,113.0,115.0,116.0,117.0,118.0,116.0,115.0,114.0,114.0,113.0,112.0,112.0,112.0,113.0,16747208.0,17327699.0,17943712.0,18600423.0,19291161.0,20015279.0,20778561.0,21578655.0,22414773.0,23294825.0,24218352.0,25177394.0,26165620.0,27160769.0,28157798.0,29183070.0,30234839.0,31297155.0,32375632.0,33451132.0,34532429.0,35635029.0,36749906.0,37885849.0,,,,,,,,22.1,,,,,,,,,,39.3,,,,,,,67.4,63.1,58.7,55.1,52.2,49.4,46.4,43.3,32.6,22.8,14.7,13.8,13.2,13.0,14.0,14.9,15.2,15.7,18.0,20.5,22.1,23.2,,
Angola,119.81110808333334,97.33884816666666,112.43668725,51.53363866666667,23.399672416666665,17.286256583333333,14.186883666666668,18.515094,18.159508166666665,17.42666925,14.947694166666668,12.770906333333334,10.350244166666668,7.034177833333334,8.692675166666666,33.102946333333335,28.911962000000003,15.918599833333332,16.5139035,27.150493666666662,32.09782725,24.740171416666666,13.224761583333333,31.97546533333333,24.7291145,73.0,76.0,80.0,84.0,89.0,94.0,99.0,104.0,109.0,113.0,115.0,116.0,117.0,118.0,116.0,115.0,114.0,114.0,113.0,112.0,112.0,112.0,113.0,16747208.0,17327699.0,17943712.0,18600423.0,19291161.0,20015279.0,20778561.0,21578655.0,22414773.0,23294825.0,24218352.0,25177394.0,26165620.0,27160769.0,28157798.0,29183070.0,30234839.0,31297155.0,32375632.0,33451132.0,34532429.0,35635029.0,36749906.0,37885849.0,,,,,,,,22.1,,,,,,,,,,39.3,,,,,,,67.4,63.1,58.7,55.1,52.2,49.4,46.4,43.3,32.6,22.8,14.7,13.8,13.2,13.0,14.0,14.9,15.2,15.7,18.0,20.5,22.1,23.2,,
Anguilla,61.19484908333333,61.66642791666666,60.09617133333333,62.43399716666666,64.44372475,68.3889315,73.25020433333333,83.31288916666666,87.98201891666666,89.46759858333333,94.13167858333334,97.02928533333332,98.49881716666664,100.40479958333331,100.00049416666668,99.51368083333334,100.71094283333332,101.47889616666669,104.09884091666667,104.56925858333334,107.31436858333332,118.33381408333332,129.59084850000002,133.05030608333334,134.020079,,,,,,,,,,,,,,,,,,,,,,,,,,,,,,,,,,,,,,,,,,,,,,,,,,,,,,,,,,,,,,,,,,,,,,,,,,,,,,,,,,,,,,,,,,,,,,,
Anguilla,67.84692866666667,68.45092383333333,70.17979033333334,73.33829658333333,76.82539816666666,82.85537425,86.99412566666666,93.33939816666668,93.15819966666668,94.75606933333334,99.19254083333334,100.97638183333332,101.03205341666668,100.91757383333334,100.000954,99.19563758333334,100.51021108333332,101.03911025,101.76911291666666,101.43116341666666,102.98918191666668,108.00902833333332,112.66191316666668,112.106766,112.516069,,,,,,,,,,,,,,,,,,,,,,,,,,,,,,,,,,,,,,,,,,,,,,,,,,,,,,,,,,,,,,,,,,,,,,,,,,,,,,,,,,,,,,,,,,,,,,,
Anguilla,4.023405833333333,0.7749984166666667,-2.5393590833333333,3.894806,3.2204903333333337,6.107836,7.12909775,13.684863166666666,5.80768325,1.6880063333333333,5.20738575,3.1180381666666666,1.5157195833333337,1.943039,-0.3993669166666667,-0.48546975,1.2032780833333334,0.7608625,2.597889083333333,0.4519085,2.637159666666667,10.201670833333331,9.748059166666666,2.6900336666666664,0.500804,,,,,,,,,,,,,,,,,,,,,,,,,,,,,,,,,,,,,,,,,,,,,,,,,,,,,,,,,,,,,,,,,,,,,,,,,,,,,,,,,,,,,,,,,,,,,,,
Antigua and Barbuda,64.17263625,65.09368074999999,63.41110508333333,66.04758183333333,67.50970016666666,68.62576466666667,71.36081075,75.49438233333333,80.8812735,86.48968216666667,90.48599783333331,94.24913758333334,96.63866,97.58832141666666,100.002751,99.85330666666668,101.72242283333333,105.05726533333336,106.69585333333332,108.97657425,110.27619791666666,121.93937516666666,130.48943875,137.44774933333335,137.944897,,,,,,,,,,,,,,,,,,,,,,,,76069.0,77032.0,77884.0,78719.0,79611.0,80604.0,81704.0,82912.0,84173.0,85320.0,86332.0,87260.0,88064.0,88765.0,89409.0,89969.0,90468.0,90926.0,91364.0,91846.0,92349.0,92840.0,93316.0,93772.0,,,,,,,,,,,,,,,,,,,,,,,,,,,,,,,,,,,,,,,,,,,,,,,,
Antigua and Barbuda,74.52961691666667,76.32403508333333,77.84557808333334,79.42590391666666,81.0928565,82.54262283333334,83.71146966666667,88.17647749999999,87.69136575,90.64658691666666,93.7800125,96.94685141666668,97.97400133333332,99.04137058333332,100.00107516666668,99.511632,101.93224041666667,103.16272375,104.63934958333334,105.29438116666668,107.46660025,115.55999408333334,121.41557925,128.94628466666666,131.31009433333335,,,,,,,,,,,,,,,,,,,,,,,,76069.0,77032.0,77884.0,78719.0,79611.0,80604.0,81704.0,82912.0,84173.0,85320.0,86332.0,87260.0,88064.0,88765.0,89409.0,89969.0,90468.0,90926.0,91364.0,91846.0,92349.0,92840.0,93316.0,93772.0,,,,,,,,,,,,,,,,,,,,,,,,,,,,,,,,,,,,,,,,,,,,,,,,
Antigua and Barbuda,1.7419739166666668,1.4392376666666669,-2.584405583333333,4.165822250000001,2.218087333333333,1.6598991666666667,3.977006833333333,5.821146583333333,7.133500833333334,6.925747166666667,4.657432,4.166857916666666,2.548471333333333,0.98662525,2.474307083333333,-0.1440546666666667,1.87455375,3.2831509166666666,1.5623275,2.1474623333333334,1.19046,10.55039275,7.1122665,5.337737916666666,1.6824823333333334,,,,,,,,,,,,,,,,,,,,,,,,76069.0,77032.0,77884.0,78719.0,79611.0,80604.0,81704.0,82912.0,84173.0,85320.0,86332.0,87260.0,88064.0,88765.0,89409.0,89969.0,90468.0,90926.0,91364.0,91846.0,92349.0,92840.0,93316.0,93772.0,,,,,,,,,,,,,,,,,,,,,,,,,,,,,,,,,,,,,,,,,,,,,,,,
Arab World,,,,,,,,,,,,,,,,,,,,,,,,,,,,,,,,,,,,,,,,,,,,,,,,,293580252.0,300691509.0,307815105.0,315060277.0,322628451.0,330526310.0,338947976.0,347684619.0,356386673.0,363568534.0,372054934.0,381030177.0,390954281.0,400231008.0,410190679.0,419808341.0,428315886.0,435998060.0,444281315.0,453723239.0,460646603.0,471352066.0,482105978.0,492579811.0,,,,,,,,,,,,,,,,,,,,,,,,,11.0472856043911,10.9815220056156,11.0084362387761,11.0396313835529,10.8704362149533,10.6286343056495,10.4135554695673,10.3036870748636,10.1524953313815,10.273035522769,10.2943411160103,10.4477892453157,10.3042976664263,10.6081031917307,11.2150390098392,11.7791508762977,12.2093064613152,12.2736186413891,12.4196796604403,12.6668043861503,13.2176006325003,13.8529658985441,,
Argentina,20.09724658333333,27.049698333333332,32.229673166666664,33.83508283333333,37.545573,42.09768591666667,46.817294833333335,49.97789366666667,51.40020625,58.80202258333333,63.90695283333333,70.44046483333334,75.78474083333333,89.16194466666667,100.05762941666669,113.06306375,133.1329,176.71237333333332,279.84680225,411.271411,616.2730097499999,1076.2010268333331,2627.9341774166664,8362.837097166666,10724.110604333331,132.0,128.0,125.0,126.0,127.0,128.0,129.0,129.0,128.0,127.0,127.0,128.0,129.0,131.0,131.0,131.0,131.0,133.0,134.0,135.0,136.0,137.0,136.0,37624825.0,38029349.0,38424282.0,38815916.0,39216789.0,39622115.0,40016763.0,40424148.0,40854831.0,41288694.0,41730660.0,42161721.0,42582455.0,43024071.0,43477012.0,43900313.0,44288894.0,44654882.0,44973465.0,45191965.0,45312281.0,45407904.0,45538401.0,45696159.0,10.7,17.1,8.2,6.0,4.4,3.5,2.8,2.6,2.4,1.5,1.2,1.3,1.1,1.1,,1.3,1.1,1.6,1.7,2.2,1.4,1.3,1.2,1.0,2.9,3.7,4.3,3.9,3.6,3.3,3.2,3.2,3.4,3.6,3.6,3.4,3.1,2.8,2.8,3.0,3.4,3.5,3.5,3.4,3.3,3.2,,
Argentina,21.86546858333333,27.521747583333333,31.22153558333333,32.600274166666665,35.7437225,39.63851566666667,43.140011750000006,46.84331241666666,49.78070366666666,54.98841708333333,60.36374725,66.42615308333333,73.47997058333333,86.55855816666667,100.07631258333332,113.96937775,136.202785,182.8893185833333,280.82344716666665,398.81168475,591.8739430833333,1020.5727239166666,2382.9243895833333,7622.5921625,10140.182466833334,132.0,128.0,125.0,126.0,127.0,128.0,129.0,129.0,128.0,127.0,127.0,128.0,129.0,131.0,131.0,131.0,131.0,133.0,134.0,135.0,136.0,137.0,136.0,37624825.0,38029349.0,38424282.0,38815916.0,39216789.0,39622115.0,40016763.0,40424148.0,40854831.0,41288694.0,41730660.0,42161721.0,42582455.0,43024071.0,43477012.0,43900313.0,44288894.0,44654882.0,44973465.0,45191965.0,45312281.0,45407904.0,45538401.0,45696159.0,10.7,17.1,8.2,6.0,4.4,3.5,2.8,2.6,2.4,1.5,1.2,1.3,1.1,1.1,,1.3,1.1,1.6,1.7,2.2,1.4,1.3,1.2,1.0,2.9,3.7,4.3,3.9,3.6,3.3,3.2,3.2,3.4,3.6,3.6,3.4,3.1,2.8,2.8,3.0,3.4,3.5,3.5,3.4,3.3,3.2,,
Argentina,-1.9063098333333333,34.75014125,21.9105,4.983547083333334,10.922421833333331,12.207777,11.227295416666664,6.7684897500000005,2.841298666666667,14.379745,8.730299583333332,10.21144,7.596193916666666,17.616885166666666,12.260237166666668,12.997802916666666,17.671433166666667,32.16295383333333,58.68555408333333,47.60767833333333,49.63332675,73.04820066666666,137.15554816666668,242.91450358333336,45.269724,132.0,128.0,125.0,126.0,127.0,128.0,129.0,129.0,128.0,127.0,127.0,128.0,129.0,131.0,131.0,131.0,131.0,133.0,134.0,135.0,136.0,137.0,136.0,37624825.0,38029349.0,38424282.0,38815916.0,39216789.0,39622115.0,40016763.0,40424148.0,40854831.0,41288694.0,41730660.0,42161721.0,42582455.0,43024071.0,43477012.0,43900313.0,44288894.0,44654882.0,44973465.0,45191965.0,45312281.0,45407904.0,45538401.0,45696159.0,10.7,17.1,8.2,6.0,4.4,3.5,2.8,2.6,2.4,1.5,1.2,1.3,1.1,1.1,,1.3,1.1,1.6,1.7,2.2,1.4,1.3,1.2,1.0,2.9,3.7,4.3,3.9,3.6,3.3,3.2,3.2,3.4,3.6,3.6,3.4,3.1,2.8,2.8,3.0,3.4,3.5,3.5,3.4,3.3,3.2,,
Armenia,50.2873815,50.92968916666666,53.80215591666666,58.08583933333333,58.449696916666674,60.4227125,63.619124166666666,69.92689116666666,72.32072766666667,78.78238341666666,88.47480033333333,90.23439558333332,95.47690141666668,97.12398108333332,100.1166845,96.82292941666668,100.77459233333332,103.13055533333332,105.063042,105.34944025,117.16238208333334,132.3445285,131.68966133333333,129.08196141666667,137.58466433333334,92.0,94.0,98.0,103.0,107.0,111.0,115.0,120.0,124.0,127.0,129.0,130.0,131.0,132.0,132.0,131.0,130.0,131.0,132.0,133.0,133.0,133.0,132.0,3211800.0,3199800.0,3182500.0,3164900.0,3146400.0,3127100.0,3107400.0,3087100.0,3066000.0,3044800.0,3027900.0,3024100.0,3022000.0,3013800.0,3004600.0,2992300.0,2979400.0,2969000.0,2962500.0,2961500.0,2962300.0,2969200.0,2964300.0,3033500.0,24.1,19.8,14.8,10.3,6.1,4.5,3.7,2.0,3.1,2.9,3.1,2.5,2.9,3.4,2.9,2.5,2.4,2.9,2.4,1.5,2.1,1.9,1.9,,25.9,24.3,21.0,16.0,12.4,9.5,7.2,5.9,3.9,2.7,2.5,2.5,2.5,2.5,2.5,2.5,2.5,2.5,2.5,2.5,2.5,2.5,,
Armenia,53.97784425,54.550036,57.125644916666666,61.10025841666667,61.49200566666667,63.26810541666666,66.05989316666667,71.97222266666667,74.42363925,80.16484091666666,86.29745741666666,88.50496375,93.62910725,96.42048,100.01859466666669,98.614726,99.57084833333332,102.08026641666667,103.55374066666668,104.80822766666668,112.33852725,122.0455995,124.46261341666668,124.79805516666666,129.16768016666666,92.0,94.0,98.0,103.0,107.0,111.0,115.0,120.0,124.0,127.0,129.0,130.0,131.0,132.0,132.0,131.0,130.0,131.0,132.0,133.0,133.0,133.0,132.0,3211800.0,3199800.0,3182500.0,3164900.0,3146400.0,3127100.0,3107400.0,3087100.0,3066000.0,3044800.0,3027900.0,3024100.0,3022000.0,3013800.0,3004600.0,2992300.0,2979400.0,2969000.0,2962500.0,2961500.0,2962300.0,2969200.0,2964300.0,3033500.0,24.1,19.8,14.8,10.3,6.1,4.5,3.7,2.0,3.1,2.9,3.1,2.5,2.9,3.4,2.9,2.5,2.4,2.9,2.4,1.5,2.1,1.9,1.9,,25.9,24.3,21.0,16.0,12.4,9.5,7.2,5.9,3.9,2.7,2.5,2.5,2.5,2.5,2.5,2.5,2.5,2.5,2.5,2.5,2.5,2.5,,
Armenia,3.6349286666666663,1.2587305,5.694375833333333,8.007157583333333,0.6158445,3.5218738333333337,5.268252583333333,9.994089416666666,3.4249381666666667,8.954842583333333,12.335509583333334,1.99543275,5.926426,1.7078064166666664,3.080137333333333,-3.227312833333333,4.07512125,2.3624484166666666,1.8501130833333332,0.3391213333333334,11.341105999999998,12.974977666666668,-0.4450310000000001,-1.8463269166666665,5.184927833333333,92.0,94.0,98.0,103.0,107.0,111.0,115.0,120.0,124.0,127.0,129.0,130.0,131.0,132.0,132.0,131.0,130.0,131.0,132.0,133.0,133.0,133.0,132.0,3211800.0,3199800.0,3182500.0,3164900.0,3146400.0,3127100.0,3107400.0,3087100.0,3066000.0,3044800.0,3027900.0,3024100.0,3022000.0,3013800.0,3004600.0,2992300.0,2979400.0,2969000.0,2962500.0,2961500.0,2962300.0,2969200.0,2964300.0,3033500.0,24.1,19.8,14.8,10.3,6.1,4.5,3.7,2.0,3.1,2.9,3.1,2.5,2.9,3.4,2.9,2.5,2.4,2.9,2.4,1.5,2.1,1.9,1.9,,25.9,24.3,21.0,16.0,12.4,9.5,7.2,5.9,3.9,2.7,2.5,2.5,2.5,2.5,2.5,2.5,2.5,2.5,2.5,2.5,2.5,2.5,,
Aruba,55.07963375,56.95348916666666,58.4526005,60.400414833333336,62.6650805,65.90897483333333,75.19340025000001,83.76030416666667,87.04525541666668,85.16249133333334,89.53191425,93.43316008333332,94.76602383333334,97.6283955,100.00140291666666,99.45462691666668,96.43686458333332,103.31969391666668,114.23389441666666,113.63691425,113.391099,124.888233,133.12655800000002,136.53987933333335,136.72950849999998,,,,,,,,,,,,,,,,,,,,,,,,91439.0,92074.0,93128.0,95138.0,97635.0,99405.0,100150.0,100917.0,101604.0,101838.0,102591.0,104110.0,105675.0,106807.0,107906.0,108727.0,108735.0,108908.0,109203.0,108587.0,107700.0,107310.0,107359.0,107624.0,,,,,,,,,,,,,,,,,,,,,,,,,,,,,,,,,,,,,,,,,,,,,,,,
Aruba,71.6714075,74.04749149999999,76.75493825,78.69616991666668,81.370098,84.30595108333334,88.85220675,96.80979875,94.74249466666669,96.71137691666668,100.88572758333332,101.51875725,99.11066608333334,99.528359,100.00088333333332,99.06967916666667,98.05096375,101.60633216666668,105.93218325,104.65510241666668,104.99631825,110.7909415,114.53044808333334,116.4888535,116.68227616666668,,,,,,,,,,,,,,,,,,,,,,,,91439.0,92074.0,93128.0,95138.0,97635.0,99405.0,100150.0,100917.0,101604.0,101838.0,102591.0,104110.0,105675.0,106807.0,107906.0,108727.0,108735.0,108908.0,109203.0,108587.0,107700.0,107310.0,107359.0,107624.0,,,,,,,,,,,,,,,,,,,,,,,,,,,,,,,,,,,,,,,,,,,,,,,,
Aruba,4.102221166666666,3.40831425,2.6317625,3.332924166666667,3.7463309166666665,5.153948833333334,14.1078485,11.372497916666669,4.072578916666667,-2.157152416666667,5.127599833333334,4.395784166666666,1.4275959166666663,3.0190137500000005,2.4520478333333333,-0.54498125,-3.0295598333333333,7.129485833333334,10.606805666666666,-0.4786126666666666,-0.1978464166666666,10.103431166666669,6.739166916666666,2.564054,0.6726451666666667,,,,,,,,,,,,,,,,,,,,,,,,91439.0,92074.0,93128.0,95138.0,97635.0,99405.0,100150.0,100917.0,101604.0,101838.0,102591.0,104110.0,105675.0,106807.0,107906.0,108727.0,108735.0,108908.0,109203.0,108587.0,107700.0,107310.0,107359.0,107624.0,,,,,,,,,,,,,,,,,,,,,,,,,,,,,,,,,,,,,,,,,,,,,,,,
Asia,39.55512266666667,41.19883983333333,43.09325091666667,46.17934233333333,49.38829858333333,52.773917583333336,61.068871,70.708457,72.76208358333334,77.1105555,85.50044824999999,89.48989441666667,93.34458666666669,97.30876691666668,100.00698558333332,102.36925941666668,104.45930533333332,107.75148025,111.860022,119.36852341666668,122.92313916666669,130.27608333333333,136.68373725,140.3377845,145.16246033333334,,,,,,,,,,,,,,,,,,,,,,,,,,,,,,,,,,,,,,,,,,,,,,,,,,,,,,,,,,,,,,,,,,,,,,,,,,,,,,,,,,,,,,,,,,,,,,,
Asia,52.80219225,53.61111066666666,55.05376458333333,57.930378,59.34509491666666,61.27768508333333,65.42154666666666,72.24029616666667,74.36660308333333,78.56770741666666,84.27557825,88.13417141666667,92.62705375,96.595152,100.01032641666669,103.78501575,105.36227033333334,109.03117108333332,116.36916083333334,127.16738191666668,138.52798033333332,173.20920216666664,250.8262643333333,305.64391441666663,342.48466016666663,,,,,,,,,,,,,,,,,,,,,,,,,,,,,,,,,,,,,,,,,,,,,,,,,,,,,,,,,,,,,,,,,,,,,,,,,,,,,,,,,,,,,,,,,,,,,,,
Asia,49.39596358333333,51.30694041666666,53.33309625,55.72806883333333,58.790628,62.46133366666667,67.52652633333334,76.67766816666666,77.67087775,81.08244125,86.84204108333334,90.9308675,94.57736983333332,97.81143491666668,100.02038558333334,102.19113508333334,104.465536,107.42907,109.69559833333334,113.20325075,117.14844708333334,122.83619633333336,126.778696,129.19917625000002,130.08881033333333,,,,,,,,,,,,,,,,,,,,,,,,,,,,,,,,,,,,,,,,,,,,,,,,,,,,,,,,,,,,,,,,,,,,,,,,,,,,,,,,,,,,,,,,,,,,,,,
Asia,64.806934,65.61987925,66.83896916666667,68.74661266666668,70.39964383333334,72.42404008333334,75.28742958333333,79.88392733333333,81.04849491666667,83.89900841666666,87.89464008333333,90.95821958333332,94.35203175,97.65807833333334,100.00781108333332,102.45113141666668,105.03530225,108.533195,112.74275741666666,117.70979075,125.05832233333332,143.07457233333335,173.46016983333334,205.3217973333333,224.89586083333333,,,,,,,,,,,,,,,,,,,,,,,,,,,,,,,,,,,,,,,,,,,,,,,,,,,,,,,,,,,,,,,,,,,,,,,,,,,,,,,,,,,,,,,,,,,,,,,
Asia,2.52697675,3.140494083333333,3.71908475,5.178447916666667,5.8941791666666665,5.9743977500000005,8.402413583333333,13.808274666666668,3.92446225,5.939383333333333,7.868853083333334,4.5678487500000005,4.908910666666666,3.742294,2.9952093333333334,2.638664,2.5510213333333334,2.5863443333333334,2.9176638333333336,4.86807675,4.09414825,7.196427416666666,5.384412583333333,3.651810083333334,3.1554033333333336,,,,,,,,,,,,,,,,,,,,,,,,,,,,,,,,,,,,,,,,,,,,,,,,,,,,,,,,,,,,,,,,,,,,,,,,,,,,,,,,,,,,,,,,,,,,,,,
Asia,3.859419333333333,4.0538480833333335,3.952761666666667,6.327090083333334,3.5187504166666668,4.131606166666667,8.041959499999999,11.767298333333336,3.600256083333333,6.303652333333333,7.861462833333333,5.173933,5.778831416666667,4.472174833333333,3.6111726666666666,3.78361,1.503259583333333,3.3277100833333333,6.293034083333333,8.616900583333333,4.488158916666667,10.8213545,9.17444425,5.716573,4.6604345,,,,,,,,,,,,,,,,,,,,,,,,,,,,,,,,,,,,,,,,,,,,,,,,,,,,,,,,,,,,,,,,,,,,,,,,,,,,,,,,,,,,,,,,,,,,,,,
Asia (FAO),,,,,,,,,,,,,,,,,,,,,,,,,,,,,,,,,,,,,,,,,,,,,,,,,,,,,,,,,,,,,,,,,,,,,,,,,,,,,,,,,,,,,,,,,,,,,,,,,,,,,,,,,,,,,,,,,,,,,,,,
Australia,67.54750991666667,70.23788016666667,72.75209516666666,74.55368241666666,76.20313566666667,81.84010191666667,84.234211,87.85339950000001,91.40052441666668,92.77773808333336,97.25368125,95.84443983333334,96.5490605,98.92715566666668,99.96807266666669,100.66468641666668,101.55346933333334,102.39421025,104.748284,108.18331041666666,109.46443908333332,116.59071741666666,124.22144016666664,128.51322116666668,131.5078595,124.0,126.0,127.0,129.0,131.0,133.0,135.0,137.0,139.0,141.0,142.0,142.0,142.0,142.0,142.0,141.0,140.0,140.0,140.0,140.0,140.0,140.0,141.0,19274701.0,19495210.0,19720737.0,19932722.0,20176844.0,20450966.0,20827622.0,21249199.0,21691653.0,22031750.0,22340024.0,22733465.0,23128129.0,23475686.0,23815995.0,24190907.0,24592588.0,24963258.0,25334826.0,25649248.0,25685412.0,26014399.0,26652777.0,27204809.0,1.0,,1.0,0.7,,,,0.7,,0.3,,,,0.5,,0.5,,0.5,,1.0,,,,,2.5,2.5,2.5,2.5,2.5,2.5,2.5,2.5,2.5,2.5,2.5,2.5,2.5,2.5,2.5,2.5,2.5,2.5,2.5,2.5,2.5,2.5,,
Australia,69.12884158333334,71.20301641666667,73.17657833333332,74.8869985,76.88377875,79.58484983333334,81.46553816666666,84.95603383333334,86.57358066666666,89.05020741666668,91.97572275,93.655185,95.90736741666666,98.37625466666668,99.86223058333331,101.15472016666666,103.08958475,105.070886,106.758088,107.74873866666668,110.59685933333331,117.49271683333336,124.43501075,128.53692375,130.78136633333335,124.0,126.0,127.0,129.0,131.0,133.0,135.0,137.0,139.0,141.0,142.0,142.0,142.0,142.0,142.0,141.0,140.0,140.0,140.0,140.0,140.0,140.0,141.0,19274701.0,19495210.0,19720737.0,19932722.0,20176844.0,20450966.0,20827622.0,21249199.0,21691653.0,22031750.0,22340024.0,22733465.0,23128129.0,23475686.0,23815995.0,24190907.0,24592588.0,24963258.0,25334826.0,25649248.0,25685412.0,26014399.0,26652777.0,27204809.0,1.0,,1.0,0.7,,,,0.7,,0.3,,,,0.5,,0.5,,0.5,,1.0,,,,,2.5,2.5,2.5,2.5,2.5,2.5,2.5,2.5,2.5,2.5,2.5,2.5,2.5,2.5,2.5,2.5,2.5,2.5,2.5,2.5,2.5,2.5,,
Australia,6.29706975,3.999849916666667,3.581463333333333,2.47909025,2.2139752500000003,7.382878000000001,2.9750025833333336,4.299506083333333,4.0561230833333335,1.50760425,4.829001916666667,-1.4399505,0.7399566666666666,2.4636779166666667,1.0568793333333333,0.6963151666666666,0.8911256666666666,0.8293404999999999,2.29851225,3.281084,1.184939,6.4988253333333335,6.585672416666667,3.45926,3.114270666666666,124.0,126.0,127.0,129.0,131.0,133.0,135.0,137.0,139.0,141.0,142.0,142.0,142.0,142.0,142.0,141.0,140.0,140.0,140.0,140.0,140.0,140.0,141.0,19274701.0,19495210.0,19720737.0,19932722.0,20176844.0,20450966.0,20827622.0,21249199.0,21691653.0,22031750.0,22340024.0,22733465.0,23128129.0,23475686.0,23815995.0,24190907.0,24592588.0,24963258.0,25334826.0,25649248.0,25685412.0,26014399.0,26652777.0,27204809.0,1.0,,1.0,0.7,,,,0.7,,0.3,,,,0.5,,0.5,,0.5,,1.0,,,,,2.5,2.5,2.5,2.5,2.5,2.5,2.5,2.5,2.5,2.5,2.5,2.5,2.5,2.5,2.5,2.5,2.5,2.5,2.5,2.5,2.5,2.5,,
Austria,71.65064808333334,72.64731683333333,73.93203941666667,75.34926733333333,76.91986883333334,78.33624191666667,81.61760600000001,86.75756158333333,86.93700958333334,87.35359208333334,91.08323958333334,94.01811783333332,97.27343083333334,99.18146983333332,100.00049108333332,100.73382741666668,103.11717258333331,104.68384725,105.75051966666666,108.21623491666666,109.06385816666666,120.78630658333334,134.04169075,137.441201,141.35469533333332,146.0,144.0,143.0,142.0,144.0,145.0,146.0,146.0,147.0,149.0,150.0,150.0,149.0,148.0,147.0,147.0,147.0,149.0,149.0,149.0,150.0,150.0,150.0,8042293.0,8081957.0,8121423.0,8171966.0,8227829.0,8268641.0,8295487.0,8321496.0,8343323.0,8363404.0,8391643.0,8429991.0,8479823.0,8546356.0,8642699.0,8736668.0,8797566.0,8840521.0,8879920.0,8916864.0,8955797.0,9041851.0,9131761.0,9178482.0,,,0.4,0.1,0.2,0.1,0.4,0.5,0.7,0.5,0.5,0.7,0.3,0.2,0.7,0.7,0.3,0.6,0.6,0.7,0.5,0.6,0.5,,2.5,2.5,2.5,2.5,2.5,2.5,2.5,2.5,2.5,2.5,2.5,2.5,2.5,2.5,2.5,2.5,2.5,2.5,2.5,2.5,2.5,2.5,,
Austria,76.60447283333333,77.99128833333333,79.04850175,80.67785458333334,82.53274950000001,83.72249916666667,85.53806791666666,88.28892966666666,88.73594441666667,90.34520116666666,93.31446766666666,95.63396291666668,97.54679141666666,99.11320925,100.00182208333332,100.89343008333331,102.99329375,105.051491,106.65971958333334,108.13366158333334,111.12535966666668,120.62309966666668,130.04875041666665,133.86947283333333,137.69019583333332,146.0,144.0,143.0,142.0,144.0,145.0,146.0,146.0,147.0,149.0,150.0,150.0,149.0,148.0,147.0,147.0,147.0,149.0,149.0,149.0,150.0,150.0,150.0,8042293.0,8081957.0,8121423.0,8171966.0,8227829.0,8268641.0,8295487.0,8321496.0,8343323.0,8363404.0,8391643.0,8429991.0,8479823.0,8546356.0,8642699.0,8736668.0,8797566.0,8840521.0,8879920.0,8916864.0,8955797.0,9041851.0,9131761.0,9178482.0,,,0.4,0.1,0.2,0.1,0.4,0.5,0.7,0.5,0.5,0.7,0.3,0.2,0.7,0.7,0.3,0.6,0.6,0.7,0.5,0.6,0.5,,2.5,2.5,2.5,2.5,2.5,2.5,2.5,2.5,2.5,2.5,2.5,2.5,2.5,2.5,2.5,2.5,2.5,2.5,2.5,2.5,2.5,2.5,,
Austria,3.6460681666666654,1.3974431666666665,1.7753321666666666,1.9201003333333333,2.0834023333333334,1.8480873333333327,4.1820916666666665,6.329387583333333,0.2108624166666666,0.4930541666666665,4.270174083333333,3.2225925833333338,3.4666965,1.96449125,0.8260689999999999,0.7340295,2.3663265,1.5220935833333331,1.0197373333333333,2.3315521666666665,0.7824256666666667,10.719277833333337,11.124581333333332,2.5506705000000003,3.2401711666666664,146.0,144.0,143.0,142.0,144.0,145.0,146.0,146.0,147.0,149.0,150.0,150.0,149.0,148.0,147.0,147.0,147.0,149.0,149.0,149.0,150.0,150.0,150.0,8042293.0,8081957.0,8121423.0,8171966.0,8227829.0,8268641.0,8295487.0,8321496.0,8343323.0,8363404.0,8391643.0,8429991.0,8479823.0,8546356.0,8642699.0,8736668.0,8797566.0,8840521.0,8879920.0,8916864.0,8955797.0,9041851.0,9131761.0,9178482.0,,,0.4,0.1,0.2,0.1,0.4,0.5,0.7,0.5,0.5,0.7,0.3,0.2,0.7,0.7,0.3,0.6,0.6,0.7,0.5,0.6,0.5,,2.5,2.5,2.5,2.5,2.5,2.5,2.5,2.5,2.5,2.5,2.5,2.5,2.5,2.5,2.5,2.5,2.5,2.5,2.5,2.5,2.5,2.5,,
Azerbaijan,36.87435441666667,38.07076008333333,39.066194583333335,42.14723733333333,46.552703666666666,52.31996,61.14286991666666,79.02173008333334,77.68420375000001,83.49488941666667,92.34964291666668,92.967613,94.84973333333332,95.49226875,100.03390675,113.75249741666666,133.3586585,136.00542725,140.4863955,146.92442758333334,158.91052783333333,190.86364916666665,209.57743108333327,211.81824216666664,225.338791,99.0,102.0,105.0,110.0,116.0,121.0,124.0,124.0,123.0,122.0,122.0,123.0,124.0,124.0,125.0,126.0,128.0,131.0,135.0,137.0,138.0,138.0,138.0,8111200.0,8171950.0,8234100.0,8306500.0,8391850.0,8484550.0,8581300.0,8763400.0,8947243.0,9054332.0,9173082.0,9295784.0,9416801.0,9535079.0,9649341.0,9757812.0,9854033.0,9939771.0,10024283.0,10093121.0,10137750.0,10141756.0,10153958.0,10202850.0,11.4,0.2,0.2,0.0,0.0,,,,,,,,,,,,,,,,,,,,16.9,13.4,10.4,7.4,4.7,2.8,2.5,2.5,2.5,2.5,2.5,2.5,2.5,2.5,2.5,2.5,2.5,2.5,2.5,2.5,2.5,2.5,,
Azerbaijan,42.18131641666667,43.35023025,44.31861583333333,47.29192091666667,51.83692858333333,56.15438741666667,65.53203241666667,79.19486308333333,80.34877041666667,84.95024208333334,91.62591525,92.60284283333334,94.83986583333336,96.14243641666668,100.01475166666668,112.45996208333334,127.007691,129.88892,133.2797635,136.95803116666667,146.06614966666666,166.29961133333333,180.909748,184.91178275,193.813977,99.0,102.0,105.0,110.0,116.0,121.0,124.0,124.0,123.0,122.0,122.0,123.0,124.0,124.0,125.0,126.0,128.0,131.0,135.0,137.0,138.0,138.0,138.0,8111200.0,8171950.0,8234100.0,8306500.0,8391850.0,8484550.0,8581300.0,8763400.0,8947243.0,9054332.0,9173082.0,9295784.0,9416801.0,9535079.0,9649341.0,9757812.0,9854033.0,9939771.0,10024283.0,10093121.0,10137750.0,10141756.0,10153958.0,10202850.0,11.4,0.2,0.2,0.0,0.0,,,,,,,,,,,,,,,,,,,,16.9,13.4,10.4,7.4,4.7,2.8,2.5,2.5,2.5,2.5,2.5,2.5,2.5,2.5,2.5,2.5,2.5,2.5,2.5,2.5,2.5,2.5,,
Azerbaijan,1.810524,3.2470650833333337,2.61411275,7.861812416666667,10.523742666666664,12.486970916666666,16.84427691666667,29.3603475,-1.3740007500000002,7.511597333333333,10.661998083333334,0.673998,2.052408833333333,0.6786005833333334,4.767880833333333,13.754137333333333,17.3316055,2.02113175,3.3185668333333336,4.5803459166666665,8.171199583333333,20.087743916666668,10.075817583333334,1.1091725833333337,6.849498166666667,99.0,102.0,105.0,110.0,116.0,121.0,124.0,124.0,123.0,122.0,122.0,123.0,124.0,124.0,125.0,126.0,128.0,131.0,135.0,137.0,138.0,138.0,138.0,8111200.0,8171950.0,8234100.0,8306500.0,8391850.0,8484550.0,8581300.0,8763400.0,8947243.0,9054332.0,9173082.0,9295784.0,9416801.0,9535079.0,9649341.0,9757812.0,9854033.0,9939771.0,10024283.0,10093121.0,10137750.0,10141756.0,10153958.0,10202850.0,11.4,0.2,0.2,0.0,0.0,,,,,,,,,,,,,,,,,,,,16.9,13.4,10.4,7.4,4.7,2.8,2.5,2.5,2.5,2.5,2.5,2.5,2.5,2.5,2.5,2.5,2.5,2.5,2.5,2.5,2.5,2.5,,
Bahamas,74.35729283333333,75.84462816666667,77.95537208333333,78.66010525,79.81240433333333,81.56734883333333,83.43818466666666,86.88150675000001,88.53171008333334,89.62706575,92.2641885,93.93995716666666,92.43599341666668,94.57986108333334,100.00253883333332,99.06875508333331,98.92864833333331,101.31594158333333,101.45917916666669,103.10680291666668,105.25614941666667,119.48989616666668,125.05894225000002,128.78390241666668,126.9864664,,,,,,,,,,,,,,,,,,,,,,,,,,,,,,,,,,,,,,,,,,,,,,,,,,,,,,,,,,,,,,,,,,,,,,,,,,,,,,,,,,,,,,,,,,,,,,,
Bahamas,74.49201475,76.111157,78.41355416666667,79.1835075,80.443797,82.36626433333333,84.41930741666667,88.209363,90.02888791666668,91.238901,94.15743383333334,96.01550625,96.70913641666668,98.17307716666666,100.00055241666666,99.65417366666668,101.16713025,103.45943916666666,106.03685725,106.07770375,109.1591685,115.2779835,118.79732325,119.28339725,119.7104888,,,,,,,,,,,,,,,,,,,,,,,,,,,,,,,,,,,,,,,,,,,,,,,,,,,,,,,,,,,,,,,,,,,,,,,,,,,,,,,,,,,,,,,,,,,,,,,
Bahamas,1.881127166666667,2.001358833333333,2.78527425,0.9042225,1.4644536666666663,2.1973980833333333,2.2957158333333334,4.121192416666667,1.9191960833333332,1.2375965833333331,2.941502583333333,1.8193486666666665,-1.5977552499999998,2.3260366666666665,5.746437333333333,-0.9321342500000002,-0.1210818333333333,2.4164090833333334,0.1664375833333332,1.63448725,2.091277583333333,13.491257083333332,4.783769166666667,2.9828233333333336,-0.4706854,,,,,,,,,,,,,,,,,,,,,,,,,,,,,,,,,,,,,,,,,,,,,,,,,,,,,,,,,,,,,,,,,,,,,,,,,,,,,,,,,,,,,,,,,,,,,,,
"Bahamas, The",,,,,,,,,,,,,,,,,,,,,,,,,,,,,,,,,,,,,,,,,,,,,,,,,327836.0,331614.0,335618.0,339782.0,343894.0,348375.0,353334.0,358120.0,362810.0,367478.0,371729.0,375469.0,378953.0,382298.0,385346.0,388055.0,390485.0,392717.0,394675.0,395863.0,396373.0,397538.0,399440.0,401283.0,,,,,,,,,,,,,,,,,,,,,,,,,,,,,,,,,,,,,,,,,,,,,,,,
Bahrain,68.47956141666667,67.677574,66.8162845,67.15797641666667,68.94268100000001,70.64549216666667,73.03569725,78.9088545,85.00749925000001,87.41218300000001,89.38025941666666,92.7876845,94.96628391666668,97.67896666666668,100.0511305,101.33765925,102.36075583333331,104.52397641666666,107.01002175,110.80523775,110.71765825,122.20805291666666,129.59973966666666,133.26930941666666,129.02534066666666,,,,,,,,,,,,,,,,,,,,,,,,661316.0,710553.0,764517.0,823741.0,888822.0,960424.0,1039295.0,1103496.0,1178415.0,1228543.0,1195020.0,1208964.0,1253191.0,1314562.0,1370322.0,1423726.0,1501116.0,1503091.0,1483756.0,1472204.0,1504365.0,1524693.0,1577059.0,1588670.0,,,,,,,,,,,,,,,,,,,,,,,,,,,,,,,,,,,,,,,,,,,,,,,,
Bahrain,75.33944083333334,74.35619733333333,74.8274265,77.27291766666666,79.28672375000001,80.68932333333333,83.44670291666667,86.48300858333333,88.90065208333334,90.47600575,90.11406483333332,92.59886733333332,95.65464033333336,98.18714791666667,100.00226266666664,102.789119,104.21451475,106.390169,107.46026275,104.9696495,104.33319808333331,108.11604975,108.19672658333332,109.19174208333334,108.81078666666669,,,,,,,,,,,,,,,,,,,,,,,,661316.0,710553.0,764517.0,823741.0,888822.0,960424.0,1039295.0,1103496.0,1178415.0,1228543.0,1195020.0,1208964.0,1253191.0,1314562.0,1370322.0,1423726.0,1501116.0,1503091.0,1483756.0,1472204.0,1504365.0,1524693.0,1577059.0,1588670.0,,,,,,,,,,,,,,,,,,,,,,,,,,,,,,,,,,,,,,,,,,,,,,,,
Bahrain,-1.3226024166666666,-1.17069875,-1.2730615,0.5161255,2.6560971666666666,2.472231583333333,3.37927975,8.018279166666668,7.809985666666667,2.8403445,2.26059375,3.8184235,2.39570375,2.86604425,2.42992575,1.405808416666667,1.0543701666666667,2.1246001666666667,2.3773858333333333,3.5441039166666664,-0.0535031666666665,10.38098,6.040418916666667,2.9681985833333333,-3.493040333333333,,,,,,,,,,,,,,,,,,,,,,,,661316.0,710553.0,764517.0,823741.0,888822.0,960424.0,1039295.0,1103496.0,1178415.0,1228543.0,1195020.0,1208964.0,1253191.0,1314562.0,1370322.0,1423726.0,1501116.0,1503091.0,1483756.0,1472204.0,1504365.0,1524693.0,1577059.0,1588670.0,,,,,,,,,,,,,,,,,,,,,,,,,,,,,,,,,,,,,,,,,,,,,,,,
Bangladesh,37.36911708333333,38.65212125,40.86138641666667,44.016428,47.17063916666667,50.419750416666666,55.09411,60.08412558333333,63.40021975,69.29119858333333,78.322479,80.97324308333333,87.39491808333332,94.31356791666668,100.02324566666664,104.53263866666668,112.03152258333334,118.98926491666668,125.60530966666666,132.85660766666666,139.90013633333334,150.74070558333332,166.58051025,185.68296766666663,191.71993166666667,108.0,109.0,108.0,108.0,108.0,108.0,107.0,106.0,105.0,105.0,105.0,105.0,105.0,107.0,107.0,108.0,110.0,111.0,112.0,113.0,114.0,114.0,114.0,136805810.0,138933658.0,140970351.0,142902856.0,144715786.0,146405973.0,147989278.0,149474264.0,150873714.0,152201981.0,153591076.0,155070101.0,156532141.0,157964929.0,159383179.0,160811932.0,162186147.0,163523103.0,164913055.0,166298024.0,167658854.0,169384897.0,171466990.0,173562364.0,,,,,32.3,,,,,25.1,,,,,,19.5,,,,,,5.9,,,15.5,14.7,14.4,13.8,13.7,13.2,13.3,12.9,14.5,15.2,16.1,15.9,15.6,14.9,14.9,14.4,13.7,12.8,11.9,12.1,11.8,11.9,,
Bangladesh,37.88661508333333,39.16527375,41.36519216666667,44.50404116666667,47.638054583333336,50.8627605,55.495574,60.43469325,63.71286558333333,69.18929791666666,77.07353275,81.865583,88.03039391666665,94.18516116666666,100.01925416666668,105.53384125,111.55145508333334,117.73544533333336,124.31920733333334,131.39430633333333,138.68098025,149.35519216666668,164.11671708333333,181.29275958333332,190.8926565,108.0,109.0,108.0,108.0,108.0,108.0,107.0,106.0,105.0,105.0,105.0,105.0,105.0,107.0,107.0,108.0,110.0,111.0,112.0,113.0,114.0,114.0,114.0,136805810.0,138933658.0,140970351.0,142902856.0,144715786.0,146405973.0,147989278.0,149474264.0,150873714.0,152201981.0,153591076.0,155070101.0,156532141.0,157964929.0,159383179.0,160811932.0,162186147.0,163523103.0,164913055.0,166298024.0,167658854.0,169384897.0,171466990.0,173562364.0,,,,,32.3,,,,,25.1,,,,,,19.5,,,,,,5.9,,,15.5,14.7,14.4,13.8,13.7,13.2,13.3,12.9,14.5,15.2,16.1,15.9,15.6,14.9,14.9,14.4,13.7,12.8,11.9,12.1,11.8,11.9,,
Bangladesh,1.9689665,3.4293227500000003,5.689597416666667,7.759383083333334,7.157701,6.88746875,9.231869916666666,9.102705166666668,5.520469916666666,9.267402333333331,13.12715675,3.395968250000001,7.926419666666667,7.94606625,6.059106583333333,4.495906083333334,7.16987175,6.230529583333333,5.557551666666666,5.766183916666667,5.300763416666666,7.735415416666666,10.455925166666669,11.43257575,8.915838666666668,108.0,109.0,108.0,108.0,108.0,108.0,107.0,106.0,105.0,105.0,105.0,105.0,105.0,107.0,107.0,108.0,110.0,111.0,112.0,113.0,114.0,114.0,114.0,136805810.0,138933658.0,140970351.0,142902856.0,144715786.0,146405973.0,147989278.0,149474264.0,150873714.0,152201981.0,153591076.0,155070101.0,156532141.0,157964929.0,159383179.0,160811932.0,162186147.0,163523103.0,164913055.0,166298024.0,167658854.0,169384897.0,171466990.0,173562364.0,,,,,32.3,,,,,25.1,,,,,,19.5,,,,,,5.9,,,15.5,14.7,14.4,13.8,13.7,13.2,13.3,12.9,14.5,15.2,16.1,15.9,15.6,14.9,14.9,14.4,13.7,12.8,11.9,12.1,11.8,11.9,,
Barbados,44.82415666666666,44.91980433333333,45.939910833333336,46.886777083333335,51.0266015,56.45866891666666,59.75532058333334,66.84715575,70.35534983333334,76.30454958333333,86.852937,92.54156483333333,95.04902975,97.29815741666664,100.02976191666666,108.26553233333334,114.98643916666668,116.80228866666666,123.79004825,133.22332933333334,137.74252325,158.35359266666669,192.173892,198.96708008333331,200.4585376,112.0,112.0,113.0,115.0,117.0,118.0,120.0,122.0,123.0,124.0,125.0,124.0,124.0,124.0,124.0,124.0,124.0,125.0,127.0,128.0,129.0,129.0,128.0,262425.0,264148.0,265776.0,267298.0,268706.0,270002.0,271288.0,272714.0,274123.0,275243.0,276139.0,276938.0,277665.0,278348.0,278990.0,279598.0,280171.0,280711.0,281207.0,281698.0,282147.0,282318.0,282336.0,282467.0,,,,,,,,,,,,,,,,1.7,,,,,,,,,5.9,5.7,6.1,5.7,5.7,4.9,4.9,4.6,3.8,3.0,2.5,2.5,2.5,2.5,2.5,2.5,2.5,2.5,2.9,3.5,3.9,3.5,,
Barbados,58.89451266666666,58.98319899999999,59.913282083333335,60.76875983333333,64.45427725,69.16437825,71.95462841666667,77.78878733333333,80.62380058333333,85.31898066666666,93.36643958333332,97.59906475,99.36961366666668,101.12796233333334,100.00262025,101.28458216666668,106.00463075,109.89904358333332,114.40522283333333,117.71770916666668,121.33608441666668,132.79799375000002,145.80166716666665,145.12772958333332,144.9256554,112.0,112.0,113.0,115.0,117.0,118.0,120.0,122.0,123.0,124.0,125.0,124.0,124.0,124.0,124.0,124.0,124.0,125.0,127.0,128.0,129.0,129.0,128.0,262425.0,264148.0,265776.0,267298.0,268706.0,270002.0,271288.0,272714.0,274123.0,275243.0,276139.0,276938.0,277665.0,278348.0,278990.0,279598.0,280171.0,280711.0,281207.0,281698.0,282147.0,282318.0,282336.0,282467.0,,,,,,,,,,,,,,,,1.7,,,,,,,,,5.9,5.7,6.1,5.7,5.7,4.9,4.9,4.6,3.8,3.0,2.5,2.5,2.5,2.5,2.5,2.5,2.5,2.5,2.9,3.5,3.9,3.5,,
Barbados,3.781125166666667,0.2360062499999999,2.2774006666666664,2.0613786666666667,8.803226,10.675165833333333,5.847337499999999,11.817955,5.367770083333333,8.496012416666666,13.792367,6.66438475,2.7112226666666666,2.360605916666666,2.8060950833333336,8.213818583333333,6.256311333333334,1.6975864166666663,5.970940333333334,7.752833083333333,3.366912,15.000727,21.676784916666666,3.583619,1.0556908,112.0,112.0,113.0,115.0,117.0,118.0,120.0,122.0,123.0,124.0,125.0,124.0,124.0,124.0,124.0,124.0,124.0,125.0,127.0,128.0,129.0,129.0,128.0,262425.0,264148.0,265776.0,267298.0,268706.0,270002.0,271288.0,272714.0,274123.0,275243.0,276139.0,276938.0,277665.0,278348.0,278990.0,279598.0,280171.0,280711.0,281207.0,281698.0,282147.0,282318.0,282336.0,282467.0,,,,,,,,,,,,,,,,1.7,,,,,,,,,5.9,5.7,6.1,5.7,5.7,4.9,4.9,4.6,3.8,3.0,2.5,2.5,2.5,2.5,2.5,2.5,2.5,2.5,2.9,3.5,3.9,3.5,,
Belarus,5.362256666666667,8.126537333333333,10.897121916666668,13.246120166666666,14.956144166666666,15.959345,17.568761499999997,21.023406666666663,24.02541033333333,26.17144808333333,43.16370791666666,68.06959491666667,76.14270941666666,89.00232558333333,100.02501225,110.75864733333331,118.57808016666668,123.33343616666669,131.16693575,136.77348966666668,149.9300481666667,174.8113865833333,182.03347516666668,192.58606875,205.3712751666667,119.0,117.0,114.0,114.0,117.0,121.0,124.0,125.0,124.0,125.0,127.0,129.0,131.0,131.0,131.0,131.0,132.0,133.0,134.0,135.0,135.0,135.0,138.0,9928549.0,9865548.0,9796749.0,9730146.0,9663915.0,9604924.0,9560953.0,9527985.0,9504583.0,9483836.0,9461643.0,9446836.0,9443211.0,9448515.0,9461076.0,9469379.0,9458989.0,9438785.0,9419758.0,9379952.0,9302585.0,9228071.0,9178298.0,9133712.0,14.7,10.4,8.7,4.3,2.4,1.1,1.1,0.5,0.5,0.2,0.1,0.1,0.0,0.0,0.0,0.0,0.0,0.0,0.0,0.0,,,,,2.5,2.8,3.3,3.4,2.5,2.5,2.5,2.5,2.5,2.5,2.5,2.5,2.5,2.5,2.5,2.5,2.5,2.5,2.5,2.5,2.5,2.5,,
Belarus,6.685336499999999,9.529114833333333,12.23517775,14.450753416666666,15.940409833333334,17.055780833333333,18.493029166666663,21.237002,23.98627133333333,25.84178891666667,39.59703666666667,63.046297333333335,74.59149991666666,88.10714725000001,100.032,111.8723685,118.62032791666668,124.3998685,131.36396725,138.65222875,151.76912316666667,174.85271383333335,183.59639725,194.21803466666665,204.236386,119.0,117.0,114.0,114.0,117.0,121.0,124.0,125.0,124.0,125.0,127.0,129.0,131.0,131.0,131.0,131.0,132.0,133.0,134.0,135.0,135.0,135.0,138.0,9928549.0,9865548.0,9796749.0,9730146.0,9663915.0,9604924.0,9560953.0,9527985.0,9504583.0,9483836.0,9461643.0,9446836.0,9443211.0,9448515.0,9461076.0,9469379.0,9458989.0,9438785.0,9419758.0,9379952.0,9302585.0,9228071.0,9178298.0,9133712.0,14.7,10.4,8.7,4.3,2.4,1.1,1.1,0.5,0.5,0.2,0.1,0.1,0.0,0.0,0.0,0.0,0.0,0.0,0.0,0.0,,,,,2.5,2.8,3.3,3.4,2.5,2.5,2.5,2.5,2.5,2.5,2.5,2.5,2.5,2.5,2.5,2.5,2.5,2.5,2.5,2.5,2.5,2.5,,
Belarus,78.53656458333333,52.05157866666667,34.23610408333334,21.78699391666667,12.987424083333332,6.719827,10.044056666666666,19.690731166666662,14.444889166666668,8.921685666666667,63.43305175,68.77925116666667,12.007812416666669,16.853573583333333,12.549782333333331,10.731933083333333,7.096388166666666,4.011571083333333,6.3625,4.271934166666667,9.604611166666666,16.598523166666666,4.259944666666667,5.799068666666667,7.472669166666667,119.0,117.0,114.0,114.0,117.0,121.0,124.0,125.0,124.0,125.0,127.0,129.0,131.0,131.0,131.0,131.0,132.0,133.0,134.0,135.0,135.0,135.0,138.0,9928549.0,9865548.0,9796749.0,9730146.0,9663915.0,9604924.0,9560953.0,9527985.0,9504583.0,9483836.0,9461643.0,9446836.0,9443211.0,9448515.0,9461076.0,9469379.0,9458989.0,9438785.0,9419758.0,9379952.0,9302585.0,9228071.0,9178298.0,9133712.0,14.7,10.4,8.7,4.3,2.4,1.1,1.1,0.5,0.5,0.2,0.1,0.1,0.0,0.0,0.0,0.0,0.0,0.0,0.0,0.0,,,,,2.5,2.8,3.3,3.4,2.5,2.5,2.5,2.5,2.5,2.5,2.5,2.5,2.5,2.5,2.5,2.5,2.5,2.5,2.5,2.5,2.5,2.5,,
Belgium,72.59456791666666,74.306955,75.83270399999999,76.78698,78.14255266666667,80.13996058333333,83.27097033333332,88.33034458333333,89.07838141666667,90.55792416666668,93.02189975,95.905768,99.1872115,98.814433,100.00219983333334,102.24300408333332,103.53161133333332,105.76745633333331,106.58575091666668,109.65724825,109.22495733333334,118.8312385,134.92767,137.27014125,141.01115233333334,146.0,146.0,146.0,145.0,145.0,145.0,145.0,145.0,146.0,147.0,147.0,147.0,148.0,149.0,150.0,149.0,149.0,150.0,151.0,152.0,153.0,153.0,153.0,10286570.0,10332785.0,10376133.0,10421137.0,10478617.0,10547958.0,10625700.0,10709973.0,10796493.0,10895586.0,11038264.0,11106932.0,11159407.0,11209057.0,11274196.0,11331422.0,11375158.0,11427054.0,11488980.0,11538604.0,11586195.0,11680210.0,11787423.0,11876844.0,,,0.4,0.1,0.3,0.2,0.2,0.1,0.1,0.1,0.2,0.2,0.1,0.1,0.1,0.1,0.2,0.1,0.1,0.1,0.0,0.0,0.1,,2.5,2.5,2.5,2.5,2.5,2.5,2.5,2.5,2.5,2.5,2.5,2.5,2.5,2.5,2.5,2.5,2.5,2.5,2.5,2.5,2.5,2.5,,
Belgium,76.8053515,78.06896408333334,79.30945191666667,80.97279566666667,83.22499958333333,84.715732,86.2601475,90.13274866666666,90.084847,92.05707383333332,95.30860525,98.015049,99.1060505,99.44301391666666,100.00131575,101.9751945,104.14315733333332,106.28138825,107.80846,108.60709633333332,111.25737933333332,121.93531933333333,126.87249366666668,130.8607195,133.7909795,146.0,146.0,146.0,145.0,145.0,145.0,145.0,145.0,146.0,147.0,147.0,147.0,148.0,149.0,150.0,149.0,149.0,150.0,151.0,152.0,153.0,153.0,153.0,10286570.0,10332785.0,10376133.0,10421137.0,10478617.0,10547958.0,10625700.0,10709973.0,10796493.0,10895586.0,11038264.0,11106932.0,11159407.0,11209057.0,11274196.0,11331422.0,11375158.0,11427054.0,11488980.0,11538604.0,11586195.0,11680210.0,11787423.0,11876844.0,,,0.4,0.1,0.3,0.2,0.2,0.1,0.1,0.1,0.2,0.2,0.1,0.1,0.1,0.1,0.2,0.1,0.1,0.1,0.0,0.0,0.1,,2.5,2.5,2.5,2.5,2.5,2.5,2.5,2.5,2.5,2.5,2.5,2.5,2.5,2.5,2.5,2.5,2.5,2.5,2.5,2.5,2.5,2.5,,
Belgium,4.622696416666667,2.39376425,2.055088583333333,1.2638576666666668,1.7640113333333334,2.5624306666666667,3.9094089166666666,6.087733583333333,0.862912,1.6706046666666667,2.7198604166666667,3.1006313333333337,3.4286655833333337,-0.3728730833333333,1.20960375,2.240757083333333,1.2667025,2.1608040833333333,0.7756588333333334,2.8805745833333334,-0.3858474999999999,8.792769916666666,13.670940916666666,1.7675769166666668,2.644859,146.0,146.0,146.0,145.0,145.0,145.0,145.0,145.0,146.0,147.0,147.0,147.0,148.0,149.0,150.0,149.0,149.0,150.0,151.0,152.0,153.0,153.0,153.0,10286570.0,10332785.0,10376133.0,10421137.0,10478617.0,10547958.0,10625700.0,10709973.0,10796493.0,10895586.0,11038264.0,11106932.0,11159407.0,11209057.0,11274196.0,11331422.0,11375158.0,11427054.0,11488980.0,11538604.0,11586195.0,11680210.0,11787423.0,11876844.0,,,0.4,0.1,0.3,0.2,0.2,0.1,0.1,0.1,0.2,0.2,0.1,0.1,0.1,0.1,0.2,0.1,0.1,0.1,0.0,0.0,0.1,,2.5,2.5,2.5,2.5,2.5,2.5,2.5,2.5,2.5,2.5,2.5,2.5,2.5,2.5,2.5,2.5,2.5,2.5,2.5,2.5,2.5,2.5,,
Belgium-Luxembourg (FAO),,,,,,,,,,,,,,,,,,,,,,,,,,,,,,,,,,,,,,,,,,,,,,,,,,,,,,,,,,,,,,,,,,,,,,,,,,,,,,,,,,,,,,,,,,,,,,,,,,,,,,,,,,,,,,,,,,,,,,,,
Belize,72.41051716666666,72.77210966666667,74.99209741666667,76.26863858333333,79.00282,81.65381166666667,86.31971733333334,98.24567958333334,99.45394825,95.46060858333334,95.74212491666668,98.16929975,99.60690858333334,100.38402075,100.00079983333336,100.07471075,98.94247633333332,98.43179291666668,99.067268,100.17992266666666,104.99361025,113.21906475,127.21993108333334,134.29300916666668,135.23979916666667,121.0,122.0,122.0,122.0,123.0,123.0,123.0,123.0,124.0,123.0,122.0,121.0,120.0,119.0,119.0,120.0,120.0,121.0,122.0,122.0,122.0,120.0,117.0,248379.0,256009.0,263780.0,271688.0,279731.0,287878.0,296100.0,304361.0,312614.0,320245.0,327298.0,334414.0,341627.0,348923.0,356333.0,364705.0,373202.0,380226.0,385829.0,390812.0,395346.0,402733.0,411106.0,417072.0,,,,,,,,,,,,,,,,,,1.0,,,,,,,5.8,5.3,5.2,5.1,5.2,5.2,5.9,6.3,5.9,5.4,4.9,5.3,5.8,6.1,6.3,6.0,5.6,4.9,4.5,4.4,4.3,4.6,,
Belize,75.93242149999999,77.60877216666667,79.64091666666667,82.06126508333334,85.09423641666666,88.67292400000001,90.75374366666668,96.46393841666666,95.52025525,96.39066708333333,97.89308891666668,99.1662675,99.67176541666667,100.86922158333334,100.00014866666668,100.66357675,101.81884583333334,102.09373883333336,102.284725,102.40893416666668,105.72251491666668,112.35860441666668,117.29096758333333,121.149324,121.99866033333336,121.0,122.0,122.0,122.0,123.0,123.0,123.0,123.0,124.0,123.0,122.0,121.0,120.0,119.0,119.0,120.0,120.0,121.0,122.0,122.0,122.0,120.0,117.0,248379.0,256009.0,263780.0,271688.0,279731.0,287878.0,296100.0,304361.0,312614.0,320245.0,327298.0,334414.0,341627.0,348923.0,356333.0,364705.0,373202.0,380226.0,385829.0,390812.0,395346.0,402733.0,411106.0,417072.0,,,,,,,,,,,,,,,,,,1.0,,,,,,,5.8,5.3,5.2,5.1,5.2,5.2,5.9,6.3,5.9,5.4,4.9,5.3,5.8,6.1,6.3,6.0,5.6,4.9,4.5,4.4,4.3,4.6,,
Belize,-0.9526875833333334,0.4984289166666666,3.0539970000000003,1.6991014166666665,3.5883936666666667,3.3532275,5.723292916666666,13.78177175,1.561119,-3.9912833333333335,0.3206499166666666,2.566610416666667,1.4621259166666667,0.7925828333333333,-0.3801856666666667,0.076421,-1.1272569166666666,-0.51593475,0.6458391666666666,1.1200885833333334,4.806981,7.804407833333333,12.431710166666669,5.584377,2.3271101666666665,121.0,122.0,122.0,122.0,123.0,123.0,123.0,123.0,124.0,123.0,122.0,121.0,120.0,119.0,119.0,120.0,120.0,121.0,122.0,122.0,122.0,120.0,117.0,248379.0,256009.0,263780.0,271688.0,279731.0,287878.0,296100.0,304361.0,312614.0,320245.0,327298.0,334414.0,341627.0,348923.0,356333.0,364705.0,373202.0,380226.0,385829.0,390812.0,395346.0,402733.0,411106.0,417072.0,,,,,,,,,,,,,,,,,,1.0,,,,,,,5.8,5.3,5.2,5.1,5.2,5.2,5.9,6.3,5.9,5.4,4.9,5.3,5.8,6.1,6.3,6.0,5.6,4.9,4.5,4.4,4.3,4.6,,
Benin,63.76918583333333,67.25610916666666,65.61227366666667,65.13074625,71.25776866666666,70.86756533333333,70.37773566666667,82.62526825,85.06091808333333,88.50653208333334,93.50957825,97.89651558333333,100.40412783333332,99.62292083333334,100.0380885,99.58002016666669,99.39250291666669,100.65564441666668,100.00828175,102.98046866666664,109.07480066666666,108.25950858333331,108.58625533333333,109.30694325,114.01853616666666,112.0,114.0,116.0,118.0,120.0,121.0,121.0,122.0,121.0,120.0,119.0,119.0,120.0,120.0,120.0,120.0,120.0,120.0,121.0,123.0,123.0,122.0,121.0,7445596.0,7675426.0,7913070.0,8159094.0,8426144.0,8693242.0,8953969.0,9228466.0,9509423.0,9797484.0,10093623.0,10397657.0,10708834.0,11030004.0,11360681.0,11697842.0,12039780.0,12383347.0,12726755.0,13070169.0,13413417.0,13759501.0,14111034.0,14462724.0,,,70.5,,,,,,,,68.4,,,,65.8,,,37.2,,,27.2,,,,17.2,15.5,13.7,12.8,11.4,11.1,10.8,10.4,10.2,9.8,9.6,9.5,9.3,9.3,9.2,9.7,10.6,11.4,11.5,10.8,10.4,10.3,,
Benin,72.00969283333333,73.80213108333334,74.89974758333334,75.55428975,79.60741516666667,82.61830875,83.6907505,88.37464849999999,89.16654933333332,91.13519983333332,93.59971358333333,99.91271716666668,100.34123158333334,99.79060158333334,100.00892916666668,99.21554841666666,99.25847383333333,100.17082875,100.90492991666667,103.95500466666668,105.757106,107.18565041666666,110.1211445,111.399575,112.7881535,112.0,114.0,116.0,118.0,120.0,121.0,121.0,122.0,121.0,120.0,119.0,119.0,120.0,120.0,120.0,120.0,120.0,120.0,121.0,123.0,123.0,122.0,121.0,7445596.0,7675426.0,7913070.0,8159094.0,8426144.0,8693242.0,8953969.0,9228466.0,9509423.0,9797484.0,10093623.0,10397657.0,10708834.0,11030004.0,11360681.0,11697842.0,12039780.0,12383347.0,12726755.0,13070169.0,13413417.0,13759501.0,14111034.0,14462724.0,,,70.5,,,,,,,,68.4,,,,65.8,,,37.2,,,27.2,,,,17.2,15.5,13.7,12.8,11.4,11.1,10.8,10.4,10.2,9.8,9.6,9.5,9.3,9.3,9.2,9.7,10.6,11.4,11.5,10.8,10.4,10.3,,
Benin,2.4010435,5.492017,-2.302641,-0.71651925,9.446672333333334,-0.477085,-0.6432395,17.603649916666665,3.1956655,4.136368166666666,5.798033583333333,4.70909625,2.6616771666666668,-0.7898140000000001,0.5229321666666669,-0.386677,-0.04734425,1.3322064166666667,-0.5711458333333331,3.090071833333333,5.90310925,-0.5114839166666665,0.3857833333333333,0.8146945,2.484411833333333,112.0,114.0,116.0,118.0,120.0,121.0,121.0,122.0,121.0,120.0,119.0,119.0,120.0,120.0,120.0,120.0,120.0,120.0,121.0,123.0,123.0,122.0,121.0,7445596.0,7675426.0,7913070.0,8159094.0,8426144.0,8693242.0,8953969.0,9228466.0,9509423.0,9797484.0,10093623.0,10397657.0,10708834.0,11030004.0,11360681.0,11697842.0,12039780.0,12383347.0,12726755.0,13070169.0,13413417.0,13759501.0,14111034.0,14462724.0,,,70.5,,,,,,,,68.4,,,,65.8,,,37.2,,,27.2,,,,17.2,15.5,13.7,12.8,11.4,11.1,10.8,10.4,10.2,9.8,9.6,9.5,9.3,9.3,9.2,9.7,10.6,11.4,11.5,10.8,10.4,10.3,,
Bermuda,65.7000145,66.8201025,67.99926683333334,69.54470483333334,71.46114225000001,73.192898,75.64742416666667,79.81498733333333,84.11056333333333,86.601875,88.57189008333334,91.66936058333334,94.42132058333334,97.33694316666669,100.00101016666667,101.87804083333332,104.15343883333333,106.32088008333334,109.19419283333332,112.45781116666666,114.59203483333332,123.62719208333334,131.74886841666668,136.39931683333333,137.78614733333333,,,,,,,,,,,,,,,,,,,,,,,,61867.0,62142.0,62386.0,62555.0,62711.0,62834.0,63010.0,63300.0,63565.0,63725.0,63733.0,63646.0,63574.0,63529.0,63464.0,63449.0,63578.0,63831.0,64107.0,64382.0,64648.0,64749.0,64698.0,64636.0,,,,,,,,,,,,,,,,,,,,,,,,,,,,,,,,,,,,,,,,,,,,,,,,
Bermuda,70.30905841666667,72.1162225,74.14782916666667,76.64818125000001,79.17440491666666,80.26579791666667,82.43274466666666,86.45977025,88.01855599999999,90.151979,92.58262783333332,94.82833633333333,96.5060125,98.44128483333331,100.00268291666669,101.39322825,103.30002366666668,104.74052866666666,105.71474283333332,105.69808975,107.305127,111.49341583333334,115.25704725,117.54686725,118.67096066666666,,,,,,,,,,,,,,,,,,,,,,,,61867.0,62142.0,62386.0,62555.0,62711.0,62834.0,63010.0,63300.0,63565.0,63725.0,63733.0,63646.0,63574.0,63529.0,63464.0,63449.0,63578.0,63831.0,64107.0,64382.0,64648.0,64749.0,64698.0,64636.0,,,,,,,,,,,,,,,,,,,,,,,,,,,,,,,,,,,,,,,,,,,,,,,,
Bermuda,2.108452833333333,1.7057586666666669,1.7640060833333333,2.271973666666667,2.754672166666667,2.425874666666666,3.35272475,5.497268833333333,5.433333333333334,2.9609175000000003,2.273284333333333,3.5049251666666668,3.0044595,3.085925916666667,2.7433531666666666,1.8776489166666668,2.23320075,2.0831486666666668,2.703462,2.9884956666666667,1.8977015833333333,7.860622416666666,6.64929,3.53334225,2.1937200000000003,,,,,,,,,,,,,,,,,,,,,,,,61867.0,62142.0,62386.0,62555.0,62711.0,62834.0,63010.0,63300.0,63565.0,63725.0,63733.0,63646.0,63574.0,63529.0,63464.0,63449.0,63578.0,63831.0,64107.0,64382.0,64648.0,64749.0,64698.0,64636.0,,,,,,,,,,,,,,,,,,,,,,,,,,,,,,,,,,,,,,,,,,,,,,,,
Bhutan,38.3248505,39.00775541666666,39.610754416666666,40.54968091666667,42.659198,44.70676283333333,48.17972641666668,53.83109775,58.8031415,64.39768216666667,70.97156458333333,80.57995366666667,87.96873699999999,96.83696516666669,100.00814733333333,104.027745,111.78707033333336,117.3118735,121.584109,135.389702,147.389767,153.51642633333333,159.537607,166.89227458333335,174.7688658333333,,,,,,,,,,,,,,,,,,,,,,,,610794.0,624409.0,637663.0,650544.0,661865.0,670799.0,678641.0,686351.0,693988.0,701632.0,709377.0,717279.0,725273.0,733139.0,740618.0,747866.0,754335.0,759759.0,764824.0,770006.0,775442.0,780914.0,786385.0,791524.0,,,23.1,,,,12.0,,,,,3.6,,,,,2.6,,,,,0.0,,,,,,,,,,,,,,,,,,,,,,,,,,
Bhutan,43.413822583333335,44.56388925,45.60155591666666,47.66876075,50.14996716666667,52.64238533333333,55.378103083333336,59.80009925,62.642330750000006,66.78851266666668,72.73253225,80.6205215,88.34871425,95.65609016666669,100.00666691666667,103.22676833333333,108.34174108333332,111.292931,114.32725516666666,120.76315408333332,129.63539883333334,136.94575508333332,142.73766241666667,146.67909991666667,150.9761435,,,,,,,,,,,,,,,,,,,,,,,,610794.0,624409.0,637663.0,650544.0,661865.0,670799.0,678641.0,686351.0,693988.0,701632.0,709377.0,717279.0,725273.0,733139.0,740618.0,747866.0,754335.0,759759.0,764824.0,770006.0,775442.0,780914.0,786385.0,791524.0,,,23.1,,,,12.0,,,,,3.6,,,,,2.6,,,,,0.0,,,,,,,,,,,,,,,,,,,,,,,,,,
Bhutan,1.26304175,1.7812895833333335,1.5465083333333334,2.368395083333333,5.204064666666667,4.795200666666667,7.741431250000001,11.6986525,9.241412583333334,9.594571,10.22784225,13.509929083333333,9.210662333333334,10.175730916666668,3.296970416666667,4.008950166666667,7.466797333333333,4.964176916666667,3.6408031666666663,11.324192833333331,9.082768583333332,4.181219,3.927500583333333,4.62061525,6.094113833333334,,,,,,,,,,,,,,,,,,,,,,,,610794.0,624409.0,637663.0,650544.0,661865.0,670799.0,678641.0,686351.0,693988.0,701632.0,709377.0,717279.0,725273.0,733139.0,740618.0,747866.0,754335.0,759759.0,764824.0,770006.0,775442.0,780914.0,786385.0,791524.0,,,23.1,,,,12.0,,,,,3.6,,,,,2.6,,,,,0.0,,,,,,,,,,,,,,,,,,,,,,,,,,
Bolivia,,,,,,,,,,,,,,,,,,,,,,,,,,,,,,,,,,,,,,,,,,,,,,,,,8752736.0,8900355.0,9050700.0,9204287.0,9360754.0,9521689.0,9685960.0,9850858.0,10016275.0,10182345.0,10348929.0,10515807.0,10682608.0,10848888.0,11014705.0,11180020.0,11344587.0,11508368.0,11671386.0,11816299.0,11937360.0,12077154.0,12244159.0,12413315.0,22.3,23.9,,13.2,18.7,15.9,12.1,10.6,10.0,,6.9,7.9,6.8,5.6,6.2,7.2,6.4,4.7,3.1,4.2,3.1,3.3,2.8,,26.4,25.6,26.5,27.1,27.5,25.9,24.4,22.9,21.4,20.1,19.2,18.6,18.6,17.8,16.8,15.6,14.9,14.5,14.5,16.9,20.3,23.0,,
Bolivia (Plurinational State of),37.58439633333334,37.237100833333336,38.54166025,40.84387875,43.1898095,45.71844608333333,52.38309775,65.79782208333334,66.64100716666667,68.60568341666666,78.16820958333334,81.2314145,88.41869408333334,95.60046258333334,100.01111016666664,105.52487858333336,109.05560108333331,111.83131466666669,115.5944335,114.83718816666668,115.534591,118.11571491666666,123.853701,133.47451008333334,161.84826033333334,96.0,97.0,96.0,95.0,95.0,96.0,97.0,98.0,99.0,100.0,101.0,101.0,101.0,102.0,103.0,105.0,105.0,106.0,106.0,106.0,105.0,104.0,104.0,,,,,,,,,,,,,,,,,,,,,,,,,,,,,,,,,,,,,,,,,,,,,,,,,,,,,,,,,,,,,,,,,,,,,,,,
Bolivia (Plurinational State of),47.612070916666674,48.050336833333326,49.65608341666667,51.858460666666666,54.653206833333336,56.99367333333333,61.95531991666667,70.63328441666667,72.99699483333333,74.82431125000001,82.22029341666666,85.93303533333334,90.86249833333332,96.10217558333332,100.00354975,103.62689258333334,106.55202908333332,108.97295516666668,110.97756158333334,112.02157425,112.84760308333334,114.81829333333332,117.77703225,123.78338466666666,140.16728766666665,96.0,97.0,96.0,95.0,95.0,96.0,97.0,98.0,99.0,100.0,101.0,101.0,101.0,102.0,103.0,105.0,105.0,106.0,106.0,106.0,105.0,104.0,104.0,,,,,,,,,,,,,,,,,,,,,,,,,,,,,,,,,,,,,,,,,,,,,,,,,,,,,,,,,,,,,,,,,,,,,,,,
Bolivia (Plurinational State of),0.6693858333333335,-0.9120085,3.496399583333333,5.980424916666667,5.744959833333334,5.852867583333333,14.48312625,25.77176633333333,1.6147574166666665,2.970806333333333,14.089226333333334,3.916728833333333,8.809734583333332,8.250037416666666,4.65739625,5.527262833333334,3.3705769166666664,2.5791073333333334,3.3635324166666667,-0.58687925,0.6119122499999999,2.2388901666666667,4.88312625,7.727939666666667,25.986932,96.0,97.0,96.0,95.0,95.0,96.0,97.0,98.0,99.0,100.0,101.0,101.0,101.0,102.0,103.0,105.0,105.0,106.0,106.0,106.0,105.0,104.0,104.0,,,,,,,,,,,,,,,,,,,,,,,,,,,,,,,,,,,,,,,,,,,,,,,,,,,,,,,,,,,,,,,,,,,,,,,,
Bosnia and Herzegovina,72.88899500000001,74.03514466666667,75.18129449999999,76.3274445,78.09835883333334,84.55256283333334,86.98785158333334,97.47110408333332,96.63211291666666,95.8687405,101.64024641666668,103.41623083333332,103.46917425,100.70930491666668,100.0,98.66883333333334,99.97550833333332,100.581575,101.671375,102.71139166666669,106.34513333333332,129.17626666666666,142.82287499999998,145.88579166666668,157.06361666666666,118.0,119.0,121.0,123.0,125.0,125.0,125.0,126.0,125.0,124.0,124.0,125.0,126.0,128.0,131.0,132.0,133.0,133.0,134.0,134.0,135.0,135.0,137.0,4179438.0,4188002.0,4178523.0,4140987.0,4096493.0,4063272.0,4013424.0,3947544.0,3879794.0,3811472.0,3741798.0,3670113.0,3610859.0,3564829.0,3518541.0,3473003.0,3428682.0,3387000.0,3345533.0,3299349.0,3244907.0,3204802.0,3185073.0,3164253.0,0.6,,,0.4,,,0.2,,,,0.2,,,,,,,,,,,,,,3.5,3.3,2.8,2.5,2.5,2.5,2.5,2.5,2.5,2.5,2.5,2.5,2.5,2.5,2.5,2.5,2.5,2.5,2.5,2.5,2.5,2.5,,
Bosnia and Herzegovina,77.1889375,78.43859125,78.78397958333333,79.10155766666666,82.04105875,87.066538,88.37321266666667,94.93672941666668,94.57457966666668,96.46248908333332,100.00386808333332,102.05662216666668,101.96166283333334,101.046869,99.99999991666668,98.4159,99.2132,100.61915833333336,101.185425,100.12166666666668,102.10571666666664,116.4218,123.5304,125.62069166666669,129.85913333333335,118.0,119.0,121.0,123.0,125.0,125.0,125.0,126.0,125.0,124.0,124.0,125.0,126.0,128.0,131.0,132.0,133.0,133.0,134.0,134.0,135.0,135.0,137.0,4179438.0,4188002.0,4178523.0,4140987.0,4096493.0,4063272.0,4013424.0,3947544.0,3879794.0,3811472.0,3741798.0,3670113.0,3610859.0,3564829.0,3518541.0,3473003.0,3428682.0,3387000.0,3345533.0,3299349.0,3244907.0,3204802.0,3185073.0,3164253.0,0.6,,,0.4,,,0.2,,,,0.2,,,,,,,,,,,,,,3.5,3.3,2.8,2.5,2.5,2.5,2.5,2.5,2.5,2.5,2.5,2.5,2.5,2.5,2.5,2.5,2.5,2.5,2.5,2.5,2.5,2.5,,
Bosnia and Herzegovina,1.5976146666666666,1.5724918333333333,1.5481466666666668,1.5245440833333337,2.322166,8.263499083333334,2.91293975,12.1132295,-0.8288603333333334,-0.7551670833333333,6.024952333333334,1.7530345833333332,0.0568399999999999,-2.6368973333333336,-0.7075223333333334,-1.3273740833333332,1.3302789166666666,0.6044845833333333,1.0827303333333334,1.0245326666666668,3.5631688333333336,21.40092725,10.920793333333334,2.14650875,8.472589833333334,118.0,119.0,121.0,123.0,125.0,125.0,125.0,126.0,125.0,124.0,124.0,125.0,126.0,128.0,131.0,132.0,133.0,133.0,134.0,134.0,135.0,135.0,137.0,4179438.0,4188002.0,4178523.0,4140987.0,4096493.0,4063272.0,4013424.0,3947544.0,3879794.0,3811472.0,3741798.0,3670113.0,3610859.0,3564829.0,3518541.0,3473003.0,3428682.0,3387000.0,3345533.0,3299349.0,3244907.0,3204802.0,3185073.0,3164253.0,0.6,,,0.4,,,0.2,,,,0.2,,,,,,,,,,,,,,3.5,3.3,2.8,2.5,2.5,2.5,2.5,2.5,2.5,2.5,2.5,2.5,2.5,2.5,2.5,2.5,2.5,2.5,2.5,2.5,2.5,2.5,,
Botswana,33.63255175,36.53846983333333,40.04040066666666,41.916756416666665,44.171826333333335,49.68039383333333,55.30946125,66.49873925,76.00962525,78.77509841666667,84.19329116666667,90.88189725,95.78710441666668,98.68684891666668,100.00029808333332,102.69347108333334,106.22928291666666,105.682945,107.160076,111.15950258333334,119.09338266666668,130.91742441666665,146.2376755,153.320818,159.82170183333332,95.0,95.0,95.0,96.0,97.0,98.0,98.0,99.0,101.0,103.0,105.0,107.0,108.0,109.0,109.0,109.0,109.0,109.0,109.0,110.0,111.0,111.0,109.0,1712254.0,1744763.0,1775736.0,1807146.0,1839877.0,1874516.0,1911201.0,1949970.0,1990673.0,2033111.0,2073535.0,2108617.0,2140682.0,2172044.0,2203273.0,2234776.0,2266747.0,2299141.0,2332083.0,2365894.0,2401441.0,2439892.0,2480244.0,2521139.0,,34.8,,,,,,,21.1,,,,,,21.4,,,,,,,,,,23.7,24.1,24.7,23.9,22.9,22.7,22.5,22.3,22.3,22.0,21.8,21.2,20.8,20.0,20.3,20.9,22.0,22.0,22.7,22.9,24.2,24.3,,
Botswana,35.31297791666667,38.14959758333333,41.65550841666667,44.548776833333335,48.384526666666666,53.97546458333333,57.797466500000006,65.1390095,70.36791141666667,75.25763933333333,81.62433983333334,87.77628666666668,92.94157633333332,97.03309958333334,100.00428383333332,102.81936225,106.22091566666668,109.66036541666666,112.70109866666668,114.83155416666666,123.1464815,137.51221733333333,144.48080775,148.5527845833333,151.26041766666663,95.0,95.0,95.0,96.0,97.0,98.0,98.0,99.0,101.0,103.0,105.0,107.0,108.0,109.0,109.0,109.0,109.0,109.0,109.0,110.0,111.0,111.0,109.0,1712254.0,1744763.0,1775736.0,1807146.0,1839877.0,1874516.0,1911201.0,1949970.0,1990673.0,2033111.0,2073535.0,2108617.0,2140682.0,2172044.0,2203273.0,2234776.0,2266747.0,2299141.0,2332083.0,2365894.0,2401441.0,2439892.0,2480244.0,2521139.0,,34.8,,,,,,,21.1,,,,,,21.4,,,,,,,,,,23.7,24.1,24.7,23.9,22.9,22.7,22.5,22.3,22.3,22.0,21.8,21.2,20.8,20.0,20.3,20.9,22.0,22.0,22.7,22.9,24.2,24.3,,
Botswana,2.7293594166666666,8.618514166666666,9.632258333333333,4.6934466666666665,5.363876083333333,12.507787333333331,11.277241916666666,20.136788,14.692717,3.6383995,6.861026249999999,7.958012583333333,5.4232465,3.0309079166666666,1.334066083333333,2.6914634166666667,3.452783333333333,-0.51226775,1.4015651666666666,3.7303901666666666,7.13566625,9.936127666666666,11.938615583333332,4.848956333333334,5.5815988333333335,95.0,95.0,95.0,96.0,97.0,98.0,98.0,99.0,101.0,103.0,105.0,107.0,108.0,109.0,109.0,109.0,109.0,109.0,109.0,110.0,111.0,111.0,109.0,1712254.0,1744763.0,1775736.0,1807146.0,1839877.0,1874516.0,1911201.0,1949970.0,1990673.0,2033111.0,2073535.0,2108617.0,2140682.0,2172044.0,2203273.0,2234776.0,2266747.0,2299141.0,2332083.0,2365894.0,2401441.0,2439892.0,2480244.0,2521139.0,,34.8,,,,,,,21.1,,,,,,21.4,,,,,,,,,,23.7,24.1,24.7,23.9,22.9,22.7,22.5,22.3,22.3,22.0,21.8,21.2,20.8,20.0,20.3,20.9,22.0,22.0,22.7,22.9,24.2,24.3,,
Brazil,33.764919166666665,37.04002233333333,44.58024475,46.36618391666667,47.79357058333333,47.80317566666667,51.04458425000001,57.706009916666666,61.05503100000001,64.77700341666667,70.50730175,76.23897216666667,84.74411908333333,91.11484966666669,100.03939475,112.53072425,113.52739666666668,114.5154415,120.06637991666666,130.93069758333334,147.14188416666667,164.82632491666666,171.49104383333335,179.413155,190.8753923333333,122.0,124.0,127.0,129.0,130.0,131.0,132.0,133.0,134.0,136.0,136.0,136.0,136.0,136.0,135.0,135.0,135.0,136.0,136.0,137.0,138.0,139.0,140.0,176301203.0,178503484.0,180622688.0,182675143.0,184688101.0,186653106.0,188552320.0,190367302.0,192079951.0,193701929.0,195284734.0,196876111.0,198478299.0,200085127.0,201675532.0,203218114.0,204703445.0,206107261.0,207455459.0,208660842.0,209550294.0,210306415.0,211140729.0,211998573.0,17.5,16.2,17.1,15.3,13.7,11.4,10.8,9.1,8.4,,7.1,6.4,5.4,4.7,5.4,6.5,6.9,6.9,7.0,2.8,7.5,4.9,3.8,,10.4,9.0,7.6,6.6,6.2,5.9,5.4,4.9,4.1,3.5,3.0,2.8,2.6,2.5,2.5,2.5,2.5,2.5,2.5,3.4,4.2,3.9,,
Brazil,40.56924883333333,43.99741716666667,50.47160183333333,53.801306583333336,57.4972075,59.90264224999999,62.08386108333334,65.60935141666667,68.81635933333332,72.28382766666667,77.0809075,81.24597366666667,86.28672625,91.74784783333332,100.03258783333332,108.77457916666668,112.52335733333332,116.64716975,121.00158075,124.88787091666666,135.25563716666667,147.80750375,154.59713441666668,161.34910875,168.05953916666667,122.0,124.0,127.0,129.0,130.0,131.0,132.0,133.0,134.0,136.0,136.0,136.0,136.0,136.0,135.0,135.0,135.0,136.0,136.0,137.0,138.0,139.0,140.0,176301203.0,178503484.0,180622688.0,182675143.0,184688101.0,186653106.0,188552320.0,190367302.0,192079951.0,193701929.0,195284734.0,196876111.0,198478299.0,200085127.0,201675532.0,203218114.0,204703445.0,206107261.0,207455459.0,208660842.0,209550294.0,210306415.0,211140729.0,211998573.0,17.5,16.2,17.1,15.3,13.7,11.4,10.8,9.1,8.4,,7.1,6.4,5.4,4.7,5.4,6.5,6.9,6.9,7.0,2.8,7.5,4.9,3.8,,10.4,9.0,7.6,6.6,6.2,5.9,5.4,4.9,4.1,3.5,3.0,2.8,2.6,2.5,2.5,2.5,2.5,2.5,2.5,3.4,4.2,3.9,,
Brazil,6.69945825,9.639483333333333,20.67498475,4.017603916666666,3.092524583333333,0.0251135833333333,6.778239833333333,13.048822916666666,5.887485083333334,6.087872583333333,8.868263083333334,8.109441833333333,11.2062425,7.512645333333334,9.778075416666669,12.515182666666666,0.9492783333333334,0.8947260833333335,4.8572300833333335,9.03345625,12.459082333333331,12.01333225,4.149130166666667,4.6265141666666665,7.280246833333333,122.0,124.0,127.0,129.0,130.0,131.0,132.0,133.0,134.0,136.0,136.0,136.0,136.0,136.0,135.0,135.0,135.0,136.0,136.0,137.0,138.0,139.0,140.0,176301203.0,178503484.0,180622688.0,182675143.0,184688101.0,186653106.0,188552320.0,190367302.0,192079951.0,193701929.0,195284734.0,196876111.0,198478299.0,200085127.0,201675532.0,203218114.0,204703445.0,206107261.0,207455459.0,208660842.0,209550294.0,210306415.0,211140729.0,211998573.0,17.5,16.2,17.1,15.3,13.7,11.4,10.8,9.1,8.4,,7.1,6.4,5.4,4.7,5.4,6.5,6.9,6.9,7.0,2.8,7.5,4.9,3.8,,10.4,9.0,7.6,6.6,6.2,5.9,5.4,4.9,4.1,3.5,3.0,2.8,2.6,2.5,2.5,2.5,2.5,2.5,2.5,3.4,4.2,3.9,,
British Virgin Islands,75.74441833333333,77.61667833333333,78.68966975,79.82561700000001,81.76466525,85.0199775,86.29087916666667,87.57674616666667,89.36198108333333,90.95614141666664,92.22704283333331,93.54546991666666,97.10871116666664,98.657509,100.00957766666666,101.147114,99.617363,100.627543,101.52430808333332,102.44688875,104.69774841666668,,,,,,,,,,,,,,,,,,,,,,,,,,,,20796.0,21430.0,22134.0,22881.0,23665.0,24493.0,25366.0,26288.0,27218.0,27675.0,28710.0,30345.0,31703.0,32962.0,34498.0,33878.0,32699.0,34657.0,36395.0,37135.0,37809.0,38319.0,38985.0,39471.0,,,,,,,,,,,,,,,,,,,,,,,,,,,,,,,,,,,,,,,,,,,,,,,,
British Virgin Islands,73.47393783333332,74.08433858333333,74.69467408333334,75.29860991666666,76.3922265,78.21235158333333,80.23832175,84.4419685,88.64885216666666,91.01631083333332,93.25053816666669,95.83586458333332,97.16254583333334,98.8319385,100.00045866666666,101.05674241666668,102.25447441666668,104.37315166666669,105.67234391666666,105.90400308333334,108.936402,,,,,,,,,,,,,,,,,,,,,,,,,,,,20796.0,21430.0,22134.0,22881.0,23665.0,24493.0,25366.0,26288.0,27218.0,27675.0,28710.0,30345.0,31703.0,32962.0,34498.0,33878.0,32699.0,34657.0,36395.0,37135.0,37809.0,38319.0,38985.0,39471.0,,,,,,,,,,,,,,,,,,,,,,,,,,,,,,,,,,,,,,,,,,,,,,,,
British Virgin Islands,2.4311018333333334,2.48292675,1.3818661666666667,1.4441888333333337,2.426882833333333,3.98369225,1.4978035,1.50148275,2.042347583333333,1.78589925,1.3998605,1.4390470833333335,3.81014775,1.60351975,1.368157,1.1532435833333332,-1.5093197500000002,1.0248775,0.89133725,0.908597,2.1952898333333333,,,,,,,,,,,,,,,,,,,,,,,,,,,,20796.0,21430.0,22134.0,22881.0,23665.0,24493.0,25366.0,26288.0,27218.0,27675.0,28710.0,30345.0,31703.0,32962.0,34498.0,33878.0,32699.0,34657.0,36395.0,37135.0,37809.0,38319.0,38985.0,39471.0,,,,,,,,,,,,,,,,,,,,,,,,,,,,,,,,,,,,,,,,,,,,,,,,
Brunei,,,,,,,,,,,,,,,,,,,,,,,,,,,,,,,,,,,,,,,,,,,,,,,,,,,,,,,,,,,,,,,,,,,,,,,,,,,,,,,,,,,,,,,,,,,,,,,,,,,,,,,,,,,,,,,,,,,,,,,,
Brunei Darussalam,94.89010158333332,92.07899116666668,92.39427875,93.39031858333334,94.89905025,95.08570891666666,96.26630041666664,98.85089641666669,100.16364541666668,99.2158365,99.22505816666668,99.22359833333331,99.32808341666669,99.10505825,100.0007755,99.48785891666668,99.762541,101.66450108333332,100.95014375,103.48012225,105.94485358333333,111.39622608333332,114.42795616666666,115.04601041666666,114.787039,,,,,,,,,,,,,,,,,,,,,,,,333345.0,340099.0,346637.0,352911.0,358916.0,364663.0,370873.0,377793.0,384952.0,392332.0,399389.0,405557.0,411202.0,416750.0,422212.0,427564.0,432772.0,437810.0,442680.0,447404.0,451721.0,455370.0,458949.0,462721.0,,,,,,,,,,,,,,,,,,,,,,,,,,,,,,,,,,,,,,,,,,,,,,,,
Brunei Darussalam,95.70993016666668,93.49427166666668,93.74358966666668,94.53049983333334,95.71874583333332,95.86540591666666,96.7915955,98.81056108333333,99.83239858333332,100.0591675,100.19716058333334,100.30914741666668,100.69955566666664,100.49099808333334,100.00025283333332,99.72155875,98.46456308333336,99.47387575,99.0854085,101.00798225,102.75886866666669,106.5427075,106.92313333333334,106.50755083333333,106.10954183333332,,,,,,,,,,,,,,,,,,,,,,,,333345.0,340099.0,346637.0,352911.0,358916.0,364663.0,370873.0,377793.0,384952.0,392332.0,399389.0,405557.0,411202.0,416750.0,422212.0,427564.0,432772.0,437810.0,442680.0,447404.0,451721.0,455370.0,458949.0,462721.0,,,,,,,,,,,,,,,,,,,,,,,,,,,,,,,,,,,,,,,,,,,,,,,,
Brunei Darussalam,0.7733135833333332,-2.9502404166666665,0.3476631666666667,1.0828655833333334,1.61769225,0.1971289166666666,1.24350275,2.683541333333334,1.3345263333333337,-0.9457230833333332,0.0092988333333333,-0.0015004166666666,0.1057441666666666,-0.2245829166666666,0.9061280833333332,-0.509942,0.280608,1.9140986666666664,-0.7024511666666666,2.509169583333333,2.3876694166666668,5.1489975,2.7348571666666666,0.5473298333333334,-0.7036938333333334,,,,,,,,,,,,,,,,,,,,,,,,333345.0,340099.0,346637.0,352911.0,358916.0,364663.0,370873.0,377793.0,384952.0,392332.0,399389.0,405557.0,411202.0,416750.0,422212.0,427564.0,432772.0,437810.0,442680.0,447404.0,451721.0,455370.0,458949.0,462721.0,,,,,,,,,,,,,,,,,,,,,,,,,,,,,,,,,,,,,,,,,,,,,,,,
Bulgaria,58.56424033333334,58.54579475,57.97688566666667,61.85886125,64.34903841666666,67.84099275,76.96294891666666,89.82465808333335,89.25558975,88.92013049999998,95.08594525,97.94143175,100.67358341666666,99.68242925,100.00659875,99.77315558333332,103.751652,106.0309215,111.53415208333332,117.51797316666666,120.77808225,147.33302991666667,167.50663216666666,171.80809733333334,180.89035916666668,110.0,109.0,108.0,107.0,107.0,106.0,107.0,107.0,108.0,108.0,109.0,110.0,111.0,111.0,111.0,111.0,113.0,114.0,116.0,117.0,120.0,122.0,124.0,8009142.0,7837161.0,7775327.0,7716860.0,7658972.0,7601022.0,7545338.0,7492561.0,7444443.0,7395599.0,7348328.0,7305888.0,7160005.0,7073572.0,6984225.0,6894139.0,6803468.0,6710798.0,6616726.0,6550696.0,6507301.0,6465097.0,6446596.0,6444366.0,4.7,,2.2,,,8.0,2.5,1.9,1.8,2.7,3.4,3.0,3.3,2.7,4.6,3.1,2.0,1.5,1.6,0.7,1.2,1.1,1.0,,4.2,4.4,4.7,5.1,5.0,5.2,4.8,4.6,4.6,4.8,5.1,4.6,4.1,4.1,4.0,4.1,3.4,3.0,3.0,2.9,2.5,2.5,,
Bulgaria,56.4984905,59.781134,61.185178666666665,64.94631166666666,68.21885108333333,73.17262758333334,79.32098233333333,89.11610825000001,91.56965491666666,93.80303016666666,97.7614275,100.64985575,101.5457335,100.10562841666666,100.00088458333332,99.20222775,101.24737683333336,104.09702975,107.32791983333334,109.122916,112.72151075,129.99637433333334,142.27172566666667,145.752431,150.9319265,110.0,109.0,108.0,107.0,107.0,106.0,107.0,107.0,108.0,108.0,109.0,110.0,111.0,111.0,111.0,111.0,113.0,114.0,116.0,117.0,120.0,122.0,124.0,8009142.0,7837161.0,7775327.0,7716860.0,7658972.0,7601022.0,7545338.0,7492561.0,7444443.0,7395599.0,7348328.0,7305888.0,7160005.0,7073572.0,6984225.0,6894139.0,6803468.0,6710798.0,6616726.0,6550696.0,6507301.0,6465097.0,6446596.0,6444366.0,4.7,,2.2,,,8.0,2.5,1.9,1.8,2.7,3.4,3.0,3.3,2.7,4.6,3.1,2.0,1.5,1.6,0.7,1.2,1.1,1.0,,4.2,4.4,4.7,5.1,5.0,5.2,4.8,4.6,4.6,4.8,5.1,4.6,4.1,4.1,4.0,4.1,3.4,3.0,3.0,2.9,2.5,2.5,,
Bulgaria,6.687698583333334,-0.0495509166666666,-0.7702330833333334,6.76733375,4.059991166666666,5.424196166666667,13.582918166666667,17.182942833333332,-0.6092150833333333,-0.3161604166666668,6.960694083333333,3.02150825,2.8247664166666664,-0.9733680833333332,0.3246463333333333,-0.2195819166666667,3.989343,2.1992505,5.188106333333333,5.38517075,2.793370916666666,21.90039408333333,14.062467166666666,2.57493875,5.768636999999999,110.0,109.0,108.0,107.0,107.0,106.0,107.0,107.0,108.0,108.0,109.0,110.0,111.0,111.0,111.0,111.0,113.0,114.0,116.0,117.0,120.0,122.0,124.0,8009142.0,7837161.0,7775327.0,7716860.0,7658972.0,7601022.0,7545338.0,7492561.0,7444443.0,7395599.0,7348328.0,7305888.0,7160005.0,7073572.0,6984225.0,6894139.0,6803468.0,6710798.0,6616726.0,6550696.0,6507301.0,6465097.0,6446596.0,6444366.0,4.7,,2.2,,,8.0,2.5,1.9,1.8,2.7,3.4,3.0,3.3,2.7,4.6,3.1,2.0,1.5,1.6,0.7,1.2,1.1,1.0,,4.2,4.4,4.7,5.1,5.0,5.2,4.8,4.6,4.6,4.8,5.1,4.6,4.1,4.1,4.0,4.1,3.4,3.0,3.0,2.9,2.5,2.5,,
Burkina Faso,63.55087941666667,65.52270225,64.22162241666666,61.11842583333333,70.581559,70.36336566666667,69.42594166666667,85.64580058333333,88.63666783333333,89.92805008333333,95.44511333333332,100.58478258333334,100.22355141666668,96.973276,100.033642,101.0074315,102.34083625,105.7608175,99.00085933333332,102.67216716666668,109.67617875,135.94425275,134.07182916666667,142.46904675,142.760749,108.0,111.0,113.0,115.0,115.0,116.0,117.0,117.0,118.0,118.0,119.0,120.0,120.0,120.0,120.0,119.0,119.0,119.0,119.0,118.0,119.0,120.0,121.0,12295001.0,12680897.0,13082532.0,13500533.0,13932123.0,14373707.0,14816307.0,15258093.0,15710066.0,16176498.0,16661908.0,17172287.0,17695409.0,18229461.0,18777487.0,19334856.0,19894407.0,20438288.0,20961952.0,21478690.0,21995243.0,22509038.0,23025776.0,23548781.0,,,69.6,,,,,,67.2,,,,,58.7,,,,47.7,,,42.1,,,,22.7,20.7,18.8,17.7,17.3,16.8,16.2,15.7,15.2,15.1,14.5,14.0,13.5,13.4,13.5,13.9,14.0,14.5,14.4,15.1,15.1,15.4,,
Burkina Faso,73.01588716666667,74.60448983333333,76.12236733333334,75.81770391666667,80.68144016666666,82.56382558333333,82.37341091666667,91.15424983333332,93.53171375,92.8246505,95.33844191666668,98.98924083333333,99.55387683333332,99.28316091666666,100.01022675,100.45884175,101.94391241666666,103.916272,100.574863,102.469875,106.19802116666666,121.43048766666668,122.336606,127.46350958333332,126.5711684,108.0,111.0,113.0,115.0,115.0,116.0,117.0,117.0,118.0,118.0,119.0,120.0,120.0,120.0,120.0,119.0,119.0,119.0,119.0,118.0,119.0,120.0,121.0,12295001.0,12680897.0,13082532.0,13500533.0,13932123.0,14373707.0,14816307.0,15258093.0,15710066.0,16176498.0,16661908.0,17172287.0,17695409.0,18229461.0,18777487.0,19334856.0,19894407.0,20438288.0,20961952.0,21478690.0,21995243.0,22509038.0,23025776.0,23548781.0,,,69.6,,,,,,67.2,,,,,58.7,,,,47.7,,,42.1,,,,22.7,20.7,18.8,17.7,17.3,16.8,16.2,15.7,15.2,15.1,14.5,14.0,13.5,13.4,13.5,13.9,14.0,14.5,14.4,15.1,15.1,15.4,,
Burkina Faso,8.906949416666667,3.1773484166666663,-1.968851,-4.696872416666666,15.398127416666668,0.1309528333333332,-1.299689916666667,23.234063416666668,3.976546583333333,1.48629425,6.1270628333333335,5.374056416666666,-0.2186185,-3.230130583333333,3.1554215833333337,0.9977101666666668,1.3309973333333334,3.3728553333333333,-6.345065166666667,3.731529833333333,6.808462416666667,23.98162758333333,-1.0506473333333333,6.221415333333333,7.235737,108.0,111.0,113.0,115.0,115.0,116.0,117.0,117.0,118.0,118.0,119.0,120.0,120.0,120.0,120.0,119.0,119.0,119.0,119.0,118.0,119.0,120.0,121.0,12295001.0,12680897.0,13082532.0,13500533.0,13932123.0,14373707.0,14816307.0,15258093.0,15710066.0,16176498.0,16661908.0,17172287.0,17695409.0,18229461.0,18777487.0,19334856.0,19894407.0,20438288.0,20961952.0,21478690.0,21995243.0,22509038.0,23025776.0,23548781.0,,,69.6,,,,,,67.2,,,,,58.7,,,,47.7,,,42.1,,,,22.7,20.7,18.8,17.7,17.3,16.8,16.2,15.7,15.2,15.1,14.5,14.0,13.5,13.4,13.5,13.9,14.0,14.5,14.4,15.1,15.1,15.4,,
Burundi,28.01120033333333,26.407898916666667,30.05990775,33.32721058333333,39.267477416666665,39.47398208333333,42.98893941666666,57.69910475,64.08695999999999,68.06122091666667,74.29081958333333,84.46482308333333,92.48727916666668,94.61901925,100.09477566666668,107.2789425,132.98341225,118.36493525,114.63197108333333,128.501159,141.85263641666668,176.65730425,242.0159655,286.62079958333334,378.4008541666667,,,,,,,,,,,,,,,,,,,,,,,,6634365.0,6824132.0,7043154.0,7310656.0,7587299.0,7865547.0,8161874.0,8505637.0,8947646.0,9376444.0,9717978.0,10071028.0,10439341.0,10799785.0,11047580.0,11239451.0,11506762.0,11859446.0,12255336.0,12617036.0,12965481.0,13321097.0,13689450.0,14047786.0,,,,,,81.5,,,,,,,75.8,,,,,,,74.2,,,,,,,,,,,,,,,,,,,,,,,,,,,,
Burundi,29.77126816666667,29.36468783333333,32.491282500000004,35.147909250000005,39.805734666666666,40.89856933333333,44.33898266666667,55.1607765,60.98323658333334,64.94304041666668,71.17248475000001,84.09815183333333,90.773828,94.77273483333332,100.02758816666666,105.58681091666666,122.53617108333331,119.08714808333332,118.26929066666666,126.92791125,137.59561641666667,163.46480116666666,207.50464383333332,249.4465043333333,326.8940435,,,,,,,,,,,,,,,,,,,,,,,,6634365.0,6824132.0,7043154.0,7310656.0,7587299.0,7865547.0,8161874.0,8505637.0,8947646.0,9376444.0,9717978.0,10071028.0,10439341.0,10799785.0,11047580.0,11239451.0,11506762.0,11859446.0,12255336.0,12617036.0,12965481.0,13321097.0,13689450.0,14047786.0,,,,,,81.5,,,,,,,75.8,,,,,,,74.2,,,,,,,,,,,,,,,,,,,,,,,,,,,,
Burundi,0.8984915000000001,-5.59044575,13.835004916666668,10.864653583333334,18.449286583333333,0.7813655,8.9915685,34.10168816666667,12.140113583333331,6.234882,9.153489083333334,13.88057625,9.546064916666667,2.353796,5.781085,7.228952,24.19886125,-10.881251333333331,-2.8264831666666663,12.086101666666666,10.437486416666667,24.33702883333333,37.638089,18.33221383333333,41.63387766666667,,,,,,,,,,,,,,,,,,,,,,,,6634365.0,6824132.0,7043154.0,7310656.0,7587299.0,7865547.0,8161874.0,8505637.0,8947646.0,9376444.0,9717978.0,10071028.0,10439341.0,10799785.0,11047580.0,11239451.0,11506762.0,11859446.0,12255336.0,12617036.0,12965481.0,13321097.0,13689450.0,14047786.0,,,,,,81.5,,,,,,,75.8,,,,,,,74.2,,,,,,,,,,,,,,,,,,,,,,,,,,,,
Cabo Verde,71.76460633333333,72.276698,72.54905258333334,71.48572833333334,72.15138625,76.83671808333334,80.69032316666667,88.02764141666667,89.76949791666668,91.740015,96.52171366666666,99.08271283333332,99.74986375,98.56957191666667,100.00340841666667,99.35716,99.17128791666666,99.61626316666668,101.00092866666668,102.64708741666668,103.22403225,119.449861,130.03242841666668,131.28427316666668,132.159236,106.0,106.0,108.0,110.0,110.0,110.0,109.0,108.0,107.0,108.0,108.0,108.0,107.0,106.0,105.0,106.0,107.0,107.0,109.0,109.0,109.0,108.0,108.0,460293.0,467046.0,473383.0,479370.0,485115.0,490728.0,496190.0,501355.0,506141.0,509784.0,511447.0,511955.0,512225.0,512326.0,512394.0,512554.0,512893.0,513415.0,514104.0,514679.0,516649.0,519741.0,522331.0,524877.0,37.1,,,,,,26.2,,,,,,,,14.6,,,,,,,,,,14.9,14.9,13.5,11.6,11.1,11.5,12.4,13.3,14.0,14.1,13.9,14.4,15.2,16.3,16.8,16.7,15.9,15.2,14.0,13.2,12.6,12.6,,
Cabo Verde,75.21044183333333,76.62780833333333,77.53827725000001,76.07216675,76.40208224999999,80.10181833333333,83.63510708333332,89.3009135,90.18597791666669,92.060642,96.17932783333332,98.62266391666668,100.108457,99.86941966666666,100.00043641666667,98.59261383333336,99.36598916666668,100.6150155,101.7284885,102.34475525,104.25057125,112.51861025,116.7092255,117.93253658333332,119.79274366666668,106.0,106.0,108.0,110.0,110.0,110.0,109.0,108.0,107.0,108.0,108.0,108.0,107.0,106.0,105.0,106.0,107.0,107.0,109.0,109.0,109.0,108.0,108.0,460293.0,467046.0,473383.0,479370.0,485115.0,490728.0,496190.0,501355.0,506141.0,509784.0,511447.0,511955.0,512225.0,512326.0,512394.0,512554.0,512893.0,513415.0,514104.0,514679.0,516649.0,519741.0,522331.0,524877.0,37.1,,,,,,26.2,,,,,,,,14.6,,,,,,,,,,14.9,14.9,13.5,11.6,11.1,11.5,12.4,13.3,14.0,14.1,13.9,14.4,15.2,16.3,16.8,16.7,15.9,15.2,14.0,13.2,12.6,12.6,,
Cabo Verde,-1.76761075,0.713515,0.3772655,-1.4655373333333337,0.9531014166666668,6.514368666666667,5.030611333333334,9.076019583333332,2.083294833333333,2.199626333333333,5.21380775,2.6468112500000003,0.7211475833333334,-1.1778259166666667,1.4603796666666666,-0.64207275,-0.1840599166666666,0.45293325,1.3903021666666666,1.6585111666666668,0.5810109999999999,15.684738666666666,8.99953675,0.9731945833333334,1.764791166666667,106.0,106.0,108.0,110.0,110.0,110.0,109.0,108.0,107.0,108.0,108.0,108.0,107.0,106.0,105.0,106.0,107.0,107.0,109.0,109.0,109.0,108.0,108.0,460293.0,467046.0,473383.0,479370.0,485115.0,490728.0,496190.0,501355.0,506141.0,509784.0,511447.0,511955.0,512225.0,512326.0,512394.0,512554.0,512893.0,513415.0,514104.0,514679.0,516649.0,519741.0,522331.0,524877.0,37.1,,,,,,26.2,,,,,,,,14.6,,,,,,,,,,14.9,14.9,13.5,11.6,11.1,11.5,12.4,13.3,14.0,14.1,13.9,14.4,15.2,16.3,16.8,16.7,15.9,15.2,14.0,13.2,12.6,12.6,,
Cambodia,38.81849875,39.830471333333335,40.3759585,43.55421175,47.720583,51.38666741666666,58.53134416666666,77.86229591666667,77.02883683333333,80.32037749999999,85.52864941666667,88.239713,91.66408266666669,96.144921,100.01284533333336,105.606004,109.183888,111.86396708333332,114.18010925,119.48582441666667,122.76763833333332,128.84268675,132.97235141666667,132.42728557142857,,104.0,106.0,106.0,106.0,107.0,108.0,109.0,111.0,112.0,114.0,115.0,116.0,116.0,117.0,118.0,119.0,120.0,121.0,121.0,122.0,121.0,120.0,120.0,12658484.0,12855241.0,13050968.0,13244731.0,13439202.0,13639028.0,13841770.0,14053479.0,14276810.0,14500726.0,14722584.0,14945085.0,15170208.0,15396772.0,15623251.0,15852803.0,16073372.0,16274522.0,16481304.0,16725474.0,16974305.0,17201724.0,17423880.0,17638801.0,,,,,,,,,,,,,,,,,,,,,,,,,24.1,21.7,20.0,19.3,18.0,16.5,15.0,13.5,12.3,10.7,9.7,8.9,8.7,8.1,7.5,7.0,6.2,5.1,4.6,4.9,5.0,4.6,,
Cambodia,51.60293158333334,51.71205458333333,52.19905075,54.45370375,58.05595725,61.4294065,66.77918758333334,82.8708695,81.84184741666667,85.11257116666667,89.77541875000001,92.40971325,95.1280605,98.79590216666666,100.00509691666667,103.02439058333334,106.02511558333332,108.6323635,110.7426285,113.99878883333334,117.328391,123.5980715,126.22758058333334,125.75172285714288,,104.0,106.0,106.0,106.0,107.0,108.0,109.0,111.0,112.0,114.0,115.0,116.0,116.0,117.0,118.0,119.0,120.0,121.0,121.0,122.0,121.0,120.0,120.0,12658484.0,12855241.0,13050968.0,13244731.0,13439202.0,13639028.0,13841770.0,14053479.0,14276810.0,14500726.0,14722584.0,14945085.0,15170208.0,15396772.0,15623251.0,15852803.0,16073372.0,16274522.0,16481304.0,16725474.0,16974305.0,17201724.0,17423880.0,17638801.0,,,,,,,,,,,,,,,,,,,,,,,,,24.1,21.7,20.0,19.3,18.0,16.5,15.0,13.5,12.3,10.7,9.7,8.9,8.7,8.1,7.5,7.0,6.2,5.1,4.6,4.9,5.0,4.6,,
Cambodia,-3.950139333333333,2.633175,1.4036868333333334,7.862858166666666,9.584247416666669,7.812020749999999,13.78019725,33.628242666666665,-0.7937115833333331,4.34402925,6.474133583333333,3.2437319166666665,3.8704925,4.905246833333333,4.02601175,5.587769916666667,3.416926,2.454740416666666,2.07048325,4.644016333333333,2.749886,4.95549675,3.206336583333333,0.4312004285714285,,104.0,106.0,106.0,106.0,107.0,108.0,109.0,111.0,112.0,114.0,115.0,116.0,116.0,117.0,118.0,119.0,120.0,121.0,121.0,122.0,121.0,120.0,120.0,12658484.0,12855241.0,13050968.0,13244731.0,13439202.0,13639028.0,13841770.0,14053479.0,14276810.0,14500726.0,14722584.0,14945085.0,15170208.0,15396772.0,15623251.0,15852803.0,16073372.0,16274522.0,16481304.0,16725474.0,16974305.0,17201724.0,17423880.0,17638801.0,,,,,,,,,,,,,,,,,,,,,,,,,24.1,21.7,20.0,19.3,18.0,16.5,15.0,13.5,12.3,10.7,9.7,8.9,8.7,8.1,7.5,7.0,6.2,5.1,4.6,4.9,5.0,4.6,,
Cameroon,69.16836366666666,71.3907185,71.89434975,72.08499075,73.73074808333332,78.016579,78.830652,83.61104491666667,86.49647391666667,87.74691616666667,90.67269258333332,94.21025383333334,97.27700608333332,98.0134935,100.0061095,101.08407283333334,101.11051208333332,102.35077716666666,105.29699741666668,109.04811275,113.68429833333332,128.183357,142.125552,149.93545858333334,155.269425,99.0,101.0,103.0,106.0,109.0,112.0,115.0,119.0,122.0,124.0,126.0,127.0,127.0,126.0,125.0,124.0,124.0,124.0,125.0,126.0,127.0,127.0,127.0,15309490.0,15725528.0,16160340.0,16610487.0,17074594.0,17550407.0,18049896.0,18574056.0,19113974.0,19668066.0,20232304.0,20809529.0,21402376.0,22059893.0,22763414.0,23454161.0,24128601.0,24806383.0,25506095.0,26210558.0,26915758.0,27632771.0,28372687.0,29123744.0,30.8,,,,,,36.0,,,,,,,29.0,,,,,,,26.7,,,,22.6,20.4,19.1,17.4,15.7,14.0,12.4,11.1,8.3,6.2,4.3,4.1,4.2,4.4,4.8,5.3,5.9,6.2,6.1,5.9,5.8,5.7,,
Cameroon,71.80682341666666,73.84213241666667,74.3022895,74.475895,75.97549658333334,79.86360191666667,80.599467,84.90171025,87.4857945,88.60157125,91.20619116666668,93.70095133333332,95.622146,97.39583966666667,100.00238166666666,100.87659275,101.52261566666668,102.6077485,105.12451341666667,107.68703791666668,110.13353391666668,117.0143215,125.65327125,131.34613425,133.998284,99.0,101.0,103.0,106.0,109.0,112.0,115.0,119.0,122.0,124.0,126.0,127.0,127.0,126.0,125.0,124.0,124.0,124.0,125.0,126.0,127.0,127.0,127.0,15309490.0,15725528.0,16160340.0,16610487.0,17074594.0,17550407.0,18049896.0,18574056.0,19113974.0,19668066.0,20232304.0,20809529.0,21402376.0,22059893.0,22763414.0,23454161.0,24128601.0,24806383.0,25506095.0,26210558.0,26915758.0,27632771.0,28372687.0,29123744.0,30.8,,,,,,36.0,,,,,,,29.0,,,,,,,26.7,,,,22.6,20.4,19.1,17.4,15.7,14.0,12.4,11.1,8.3,6.2,4.3,4.1,4.2,4.4,4.8,5.3,5.9,6.2,6.1,5.9,5.8,5.7,,
Cameroon,5.012813833333333,3.2371421666666667,0.70976375,0.2637085833333333,2.2815073333333333,5.828729083333333,1.05953525,6.0621876666666665,3.476991166666666,1.4472918333333336,3.33474225,3.8963249166666665,3.26338475,0.7653228333333333,2.0330039166666665,1.08714625,0.0260172499999999,1.2280471666666666,2.8797122500000003,3.561567833333333,4.241535666666667,12.713865333333333,10.94939275,5.494477166666666,7.900815,99.0,101.0,103.0,106.0,109.0,112.0,115.0,119.0,122.0,124.0,126.0,127.0,127.0,126.0,125.0,124.0,124.0,124.0,125.0,126.0,127.0,127.0,127.0,15309490.0,15725528.0,16160340.0,16610487.0,17074594.0,17550407.0,18049896.0,18574056.0,19113974.0,19668066.0,20232304.0,20809529.0,21402376.0,22059893.0,22763414.0,23454161.0,24128601.0,24806383.0,25506095.0,26210558.0,26915758.0,27632771.0,28372687.0,29123744.0,30.8,,,,,,36.0,,,,,,,29.0,,,,,,,26.7,,,,22.6,20.4,19.1,17.4,15.7,14.0,12.4,11.1,8.3,6.2,4.3,4.1,4.2,4.4,4.8,5.3,5.9,6.2,6.1,5.9,5.8,5.7,,
Canada,69.080451,70.82753025,71.84862691666666,73.12352249999999,74.79977416666667,76.49963475,78.51231708333334,81.59921708333333,86.06725349999999,86.88177025,90.56480183333332,92.69552991666669,93.70482225,96.05983766666668,100.00257025,101.01776483333332,99.99666791666668,100.80528225,104.51192291666666,107.02039791666664,109.369511,120.04676125,129.46092058333332,132.35304466666665,135.53574083333334,141.0,141.0,141.0,141.0,140.0,139.0,139.0,139.0,140.0,141.0,143.0,143.0,142.0,141.0,142.0,143.0,144.0,143.0,144.0,144.0,144.0,144.0,145.0,31020855.0,31359199.0,31642461.0,31938807.0,32242732.0,32571193.0,32888886.0,33247298.0,33630069.0,34005902.0,34339221.0,34713395.0,35080992.0,35434066.0,35704498.0,36110803.0,36545075.0,37072620.0,37618495.0,38028638.0,38239864.0,38935934.0,40083484.0,41288599.0,0.2,0.2,0.2,0.2,0.2,0.2,0.2,0.2,0.2,0.2,0.2,0.2,0.5,0.2,0.5,0.5,0.5,0.2,0.2,0.2,0.2,,,,2.5,2.5,2.5,2.5,2.5,2.5,2.5,2.5,2.5,2.5,2.5,2.5,2.5,2.5,2.5,2.5,2.5,2.5,2.5,2.5,2.5,2.5,,
Canada,77.2602365,79.0050775,81.18448233333334,82.6922885,84.522725,86.21489174999999,88.05849716666667,90.14572175,90.41567825,92.02224891666668,94.70206091666668,96.1374395,97.03948933333334,98.889679,100.00242658333332,101.43122066666666,103.05096,105.38838816666669,107.44269141666666,108.21305508333334,111.88709741666666,119.49855408333332,124.13390491666668,127.09025808333332,129.03921216666666,141.0,141.0,141.0,141.0,140.0,139.0,139.0,139.0,140.0,141.0,143.0,143.0,142.0,141.0,142.0,143.0,144.0,143.0,144.0,144.0,144.0,144.0,145.0,31020855.0,31359199.0,31642461.0,31938807.0,32242732.0,32571193.0,32888886.0,33247298.0,33630069.0,34005902.0,34339221.0,34713395.0,35080992.0,35434066.0,35704498.0,36110803.0,36545075.0,37072620.0,37618495.0,38028638.0,38239864.0,38935934.0,40083484.0,41288599.0,0.2,0.2,0.2,0.2,0.2,0.2,0.2,0.2,0.2,0.2,0.2,0.2,0.5,0.2,0.5,0.5,0.5,0.2,0.2,0.2,0.2,,,,2.5,2.5,2.5,2.5,2.5,2.5,2.5,2.5,2.5,2.5,2.5,2.5,2.5,2.5,2.5,2.5,2.5,2.5,2.5,2.5,2.5,2.5,,
Canada,4.850791583333334,2.53774075,1.4433429166666667,1.7807110833333333,2.300270166666667,2.2769645,2.6377618333333337,3.95898125,5.545554083333333,0.95151625,4.237978583333334,2.366075,1.089986583333333,2.513568583333333,4.108405083333333,1.0294129166666666,-0.9751888333333332,0.8120894166666667,3.6783765,2.4049255833333336,2.205456,9.746202083333332,7.898827666666667,2.2356808333333333,2.9571085000000004,141.0,141.0,141.0,141.0,140.0,139.0,139.0,139.0,140.0,141.0,143.0,143.0,142.0,141.0,142.0,143.0,144.0,143.0,144.0,144.0,144.0,144.0,145.0,31020855.0,31359199.0,31642461.0,31938807.0,32242732.0,32571193.0,32888886.0,33247298.0,33630069.0,34005902.0,34339221.0,34713395.0,35080992.0,35434066.0,35704498.0,36110803.0,36545075.0,37072620.0,37618495.0,38028638.0,38239864.0,38935934.0,40083484.0,41288599.0,0.2,0.2,0.2,0.2,0.2,0.2,0.2,0.2,0.2,0.2,0.2,0.2,0.5,0.2,0.5,0.5,0.5,0.2,0.2,0.2,0.2,,,,2.5,2.5,2.5,2.5,2.5,2.5,2.5,2.5,2.5,2.5,2.5,2.5,2.5,2.5,2.5,2.5,2.5,2.5,2.5,2.5,2.5,2.5,,
Cape Verde,,,,,,,,,,,,,,,,,,,,,,,,,,,,,,,,,,,,,,,,,,,,,,,,,,,,,,,,,,,,,,,,,,,,,,,,,,,,,,,,,,,,,,,,,,,,,,,,,,,,,,,,,,,,,,,,,,,,,,,,
Caribbean,62.40212016666666,62.673911333333336,63.09427441666667,65.29436983333333,67.52995783333334,70.649004,74.94334841666667,82.713582,86.71341666666666,88.55968741666668,91.28580091666667,93.829599,96.43634983333334,98.20671333333333,99.88541075,100.33049125,101.07821483333332,103.722424,105.20537966666666,108.01413883333332,108.86637875,119.8568505,129.440321,133.1992304166667,134.37967316666666,,,,,,,,,,,,,,,,,,,,,,,,,,,,,,,,,,,,,,,,,,,,,,,,,,,,,,,,,,,,,,,,,,,,,,,,,,,,,,,,,,,,,,,,,,,,,,,
Caribbean,44.155607,45.42524816666667,49.218920833333335,58.156527833333335,59.82412966666666,62.57111858333334,66.17749591666667,74.56677908333334,77.67823741666666,80.55589925,84.42715325,88.611497,91.980027,95.33844941666666,100.03314108333332,102.91945616666668,105.45560908333331,109.12401758333334,113.71145025,120.78624566666667,129.95891500000002,148.84726874999998,168.86007266666667,188.10724616666667,203.93913966666665,,,,,,,,,,,,,,,,,,,,,,,,,,,,,,,,,,,,,,,,,,,,,,,,,,,,,,,,,,,,,,,,,,,,,,,,,,,,,,,,,,,,,,,,,,,,,,,
Caribbean,72.2665135,73.1933075,74.08369891666666,75.08559008333333,77.95193008333334,81.38227991666666,84.03341558333334,88.51233075,90.326034,92.44962383333336,94.87176366666668,97.80391966666669,99.0530325,100.03859758333331,99.903723,99.91462116666666,101.54226775,103.50466291666667,105.34614808333332,105.06276408333332,107.06902358333332,112.34800933333332,116.73562425,118.45203241666668,119.13227383333331,,,,,,,,,,,,,,,,,,,,,,,,,,,,,,,,,,,,,,,,,,,,,,,,,,,,,,,,,,,,,,,,,,,,,,,,,,,,,,,,,,,,,,,,,,,,,,,
Caribbean,50.87667025,51.92987925,55.901805583333335,63.5520655,67.25514816666667,71.42702475,75.10769575,81.529551,82.82690316666667,86.73548366666667,90.64636733333332,93.63567816666666,96.5952885,98.94887258333334,100.00804608333334,101.63608858333332,104.85340983333332,108.27552816666666,111.68463366666668,116.19799525,123.47504258333332,137.51586033333334,151.60354366666667,163.656564,174.7846655,,,,,,,,,,,,,,,,,,,,,,,,,,,,,,,,,,,,,,,,,,,,,,,,,,,,,,,,,,,,,,,,,,,,,,,,,,,,,,,,,,,,,,,,,,,,,,,
Caribbean,3.3928984166666667,2.330326,2.426161083333333,3.45413775,3.595863916666667,4.275549333333333,5.459429083333333,10.465120416666666,4.226286,2.51850675,4.134356749999999,4.128374916666666,2.5562274166666668,1.8143096666666665,1.9151575,0.3703575833333333,1.10790575,2.3441165833333333,1.645681,2.1701164166666667,2.0671126666666666,9.19364425,8.000378750000001,3.23920325,2.557582333333333,,,,,,,,,,,,,,,,,,,,,,,,,,,,,,,,,,,,,,,,,,,,,,,,,,,,,,,,,,,,,,,,,,,,,,,,,,,,,,,,,,,,,,,,,,,,,,,
Caribbean,4.495109,4.09189725,12.713163916666666,25.930909166666662,4.9887685,5.816196833333333,6.521368166666666,14.247129666666666,4.91151175,4.592171166666667,5.176288916666667,5.436459,4.039458916666667,3.751904833333333,4.9965063333333335,2.9412524166666665,2.374660583333333,3.309046083333333,3.6524163333333335,5.043116583333333,6.47295275,12.292246916666665,10.307837916666664,6.155653916666666,5.794250166666667,,,,,,,,,,,,,,,,,,,,,,,,,,,,,,,,,,,,,,,,,,,,,,,,,,,,,,,,,,,,,,,,,,,,,,,,,,,,,,,,,,,,,,,,,,,,,,,
Caribbean (FAO),,,,,,,,,,,,,,,,,,,,,,,,,,,,,,,,,,,,,,,,,,,,,,,,,,,,,,,,,,,,,,,,,,,,,,,,,,,,,,,,,,,,,,,,,,,,,,,,,,,,,,,,,,,,,,,,,,,,,,,,
Caribbean small states,,,,,,,,,,,,,,,,,,,,,,,,,,,,,,,,,,,,,,,,,,,,,,,,,3987087.0,4018796.0,4050990.0,4080569.0,4049468.0,4072929.0,4098855.0,4124966.0,4146899.0,4173335.0,4201107.0,4228445.0,4257682.0,4286546.0,4314191.0,4341333.0,4366140.0,4407658.0,4443134.0,4459302.0,4479167.0,4497310.0,4519904.0,4539060.0,,,,,,,,,,,,,,,,,,,,,,,,,8.39321114634572,8.45065051448278,8.61440894460893,8.70103518919176,8.43561120489344,8.00081710964291,7.95456239024976,7.71552760399059,7.68054570199328,7.37581973219501,7.04789589365468,6.68698021536582,6.41407901664574,6.27409204384671,6.22382430123834,6.13707790590613,6.08421757877168,5.96085011322995,6.68057395808822,7.5324592328874,8.20521442949268,8.12741989488963,,
Cayman Islands,62.32762208333333,63.60955033333334,65.67760891666667,68.47819783333334,70.5060565,72.23018316666666,75.98663525,80.40633266666667,83.98310833333333,86.1774285,89.01423191666667,92.93019350000002,95.98888516666666,98.30012133333334,100.00051741666664,100.16214391666666,100.89657266666666,105.08530258333332,107.43876433333334,112.69266966666667,117.00375075,126.97897358333334,135.64431875,138.06975158333333,141.26527766666666,,,,,,,,,,,,,,,,,,,,,,,,41089.0,42514.0,43934.0,45352.0,46788.0,48232.0,49687.0,51151.0,52618.0,54099.0,55606.0,57136.0,58655.0,60160.0,61642.0,63100.0,64535.0,65941.0,67327.0,68684.0,70108.0,71591.0,73038.0,74457.0,,,,,,,,,,,,,,,,,,,,,,,,,,,,,,,,,,,,,,,,,,,,,,,,
Cayman Islands,78.15899458333332,79.967545,80.57568333333333,83.44186558333332,90.3482015,90.924611,93.579267,97.25456133333334,96.17716191666666,96.3123315,97.46316533333334,98.602245,100.76573116666668,102.14398783333333,100.00623366666667,99.11992725,100.91754225,104.3077705,109.64638883333332,111.56508,114.50332725,125.53379575,130.59143408333333,133.995305,135.41626066666666,,,,,,,,,,,,,,,,,,,,,,,,41089.0,42514.0,43934.0,45352.0,46788.0,48232.0,49687.0,51151.0,52618.0,54099.0,55606.0,57136.0,58655.0,60160.0,61642.0,63100.0,64535.0,65941.0,67327.0,68684.0,70108.0,71591.0,73038.0,74457.0,,,,,,,,,,,,,,,,,,,,,,,,,,,,,,,,,,,,,,,,,,,,,,,,
Cayman Islands,3.524173166666667,2.0565241666666667,3.261864,4.26169875,2.973550916666667,2.4448205,5.2079622500000005,5.79743475,4.560538083333333,2.6136985,3.2940714166666667,4.408368333333333,3.2934027500000003,2.409298833333333,1.7338578333333334,0.1615401666666666,0.7357388333333333,4.150249666666666,2.240786,4.88665225,3.8313059166666665,8.485966166666666,7.009464333333334,1.78911075,3.175387,,,,,,,,,,,,,,,,,,,,,,,,41089.0,42514.0,43934.0,45352.0,46788.0,48232.0,49687.0,51151.0,52618.0,54099.0,55606.0,57136.0,58655.0,60160.0,61642.0,63100.0,64535.0,65941.0,67327.0,68684.0,70108.0,71591.0,73038.0,74457.0,,,,,,,,,,,,,,,,,,,,,,,,,,,,,,,,,,,,,,,,,,,,,,,,
Central African Republic,56.66079225000001,57.98201841666667,60.37940616666666,59.13172241666666,60.836798,64.89108016666667,65.51398125,71.57988866666666,74.10040425,75.20525883333333,76.10356725,80.272746,85.88284241666666,98.67825591666669,100.06268233333331,105.011215,109.40144341666668,111.16516625,114.15036625,116.10251633333333,121.04774541666666,127.80604341666668,131.61356241666667,133.55793691666668,136.403073,93.0,92.0,92.0,92.0,94.0,95.0,97.0,98.0,100.0,101.0,101.0,99.0,98.0,97.0,99.0,101.0,102.0,103.0,102.0,101.0,99.0,98.0,98.0,3919487.0,4006077.0,4103086.0,4192826.0,4288810.0,4377579.0,4462770.0,4558984.0,4529047.0,4492995.0,4565021.0,4610848.0,4642419.0,4623182.0,4629320.0,4713663.0,4793511.0,4878657.0,4944703.0,5026628.0,5112100.0,5098039.0,5152421.0,5330690.0,,,,,,,,67.3,,,,,,,,,,,,,71.6,,,,38.2,39.2,39.7,39.6,38.7,36.8,34.7,32.3,27.9,24.7,21.8,23.7,25.0,25.7,24.0,22.6,21.7,21.4,21.4,21.8,22.7,23.5,,
Central America,45.40686408333334,47.14420283333334,49.30156616666667,52.75396858333334,56.77586575,58.876807750000005,63.59756333333333,73.04352383333334,77.72289133333334,79.9308985,84.549775,88.50043649999999,92.42966666666666,97.08820575,99.96518275,100.9924635,101.69496608333333,104.20546533333334,105.90385441666666,108.960596,111.59886066666668,127.64294008333331,138.26409791666666,143.80423025000002,146.324116,,,,,,,,,,,,,,,,,,,,,,,,,,,,,,,,,,,,,,,,,,,,,,,,,,,,,,,,,,,,,,,,,,,,,,,,,,,,,,,,,,,,,,,,,,,,,,,
Central America,45.43274508333334,47.26338583333333,49.79074,53.42336358333333,56.66862291666666,58.97874408333333,63.1801395,69.19892933333334,74.76865625,77.23118516666666,80.95893558333334,87.12489216666665,91.70586241666666,96.13768833333334,100.0037495,104.29343125,110.97553016666669,116.0633265,121.03830091666669,128.43171241666667,136.99274766666667,154.66821933333333,167.205058,176.5533255,181.43466566666663,,,,,,,,,,,,,,,,,,,,,,,,,,,,,,,,,,,,,,,,,,,,,,,,,,,,,,,,,,,,,,,,,,,,,,,,,,,,,,,,,,,,,,,,,,,,,,,
Central America,51.041616,54.31792458333334,57.04867975,60.473678500000005,64.32598141666666,67.33926208333334,70.98321283333333,76.9883905,79.70247483333334,82.85392158333333,87.02822408333333,90.48905558333333,94.68326675,98.37481483333332,100.03277983333334,101.70679758333334,104.40736591666666,107.63915791666666,111.14259783333334,113.45515316666666,117.1178535,126.31516575,131.12221208333332,134.31264191666665,135.550246,,,,,,,,,,,,,,,,,,,,,,,,,,,,,,,,,,,,,,,,,,,,,,,,,,,,,,,,,,,,,,,,,,,,,,,,,,,,,,,,,,,,,,,,,,,,,,,
Central America,55.094095,57.88435091666667,60.52021616666667,63.50836691666667,66.40679358333334,69.086101,72.11127316666666,76.47532808333334,80.28686516666666,83.59572283333334,86.76808158333334,90.35752391666666,93.85445,97.562828,100.00266233333332,102.70558491666668,108.35353391666666,113.28804491666666,117.19238958333334,120.84132391666668,127.2774795,137.17114591666666,144.49596316666666,150.74190783333333,154.77776433333335,,,,,,,,,,,,,,,,,,,,,,,,,,,,,,,,,,,,,,,,,,,,,,,,,,,,,,,,,,,,,,,,,,,,,,,,,,,,,,,,,,,,,,,,,,,,,,,
Central America,6.751428,3.738481666666667,4.375326416666667,7.220541999999999,8.782161416666666,5.244511583333334,8.708075666666668,15.502716,3.9842565,3.078376833333333,5.9614605,5.100529333333333,4.92630075,5.18761075,2.878765,1.0643265,1.2530466666666669,2.524653583333333,1.9438903333333333,2.698584666666666,3.7114104166666655,11.809448083333336,9.15713175,4.466098916666667,2.3872986666666667,,,,,,,,,,,,,,,,,,,,,,,,,,,,,,,,,,,,,,,,,,,,,,,,,,,,,,,,,,,,,,,,,,,,,,,,,,,,,,,,,,,,,,,,,,,,,,,
Central America,5.576383833333334,4.260721833333333,5.451216416666667,7.458380666666667,6.3820855,4.196415916666667,7.221299083333334,9.624485083333331,8.157494166666668,3.32985225,4.866374416666667,7.654969666666667,5.3236350833333335,4.850035916666667,4.064915333333333,4.290249916666666,6.375280583333333,4.57108275,4.238296666666667,6.021686083333333,6.568499500000001,12.863636916666666,8.138413416666667,5.462586416666666,4.1150538333333335,,,,,,,,,,,,,,,,,,,,,,,,,,,,,,,,,,,,,,,,,,,,,,,,,,,,,,,,,,,,,,,,,,,,,,,,,,,,,,,,,,,,,,,,,,,,,,,
Central America (FAO),,,,,,,,,,,,,,,,,,,,,,,,,,,,,,,,,,,,,,,,,,,,,,,,,,,,,,,,,,,,,,,,,,,,,,,,,,,,,,,,,,,,,,,,,,,,,,,,,,,,,,,,,,,,,,,,,,,,,,,,
Central Asia,28.406216166666667,33.48224166666667,35.87156066666667,37.48167958333334,40.403848333333336,44.72233483333333,49.89692458333334,62.721143833333336,65.02911558333334,68.97253716666667,81.12723100000001,83.55026725,88.03034525,94.3622445,99.71807225,105.03699333333331,117.99344916666666,123.22432233333332,134.884012,149.73963416666666,165.588795,187.619787,205.98016225,214.40713183333327,226.37334116666668,,,,,,,,,,,,,,,,,,,,,,,,,,,,,,,,,,,,,,,,,,,,,,,,,,,,,,,,,,,,,,,,,,,,,,,,,,,,,,,,,,,,,,,,,,,,,,,
Central Asia,29.202489,33.549830750000005,36.68846533333333,38.75448225,42.07700208333333,46.12216908333334,51.22520875,61.67875825,65.66637325,70.38218016666667,79.02866541666667,83.44004966666667,88.23347425000001,94.23679591666668,100.03624691666666,109.3131865,121.76944808333332,133.5598675,148.68809216666668,168.2382905,189.02961791666667,221.07303750000003,250.18678916666667,262.1960718333333,278.2912258333333,,,,,,,,,,,,,,,,,,,,,,,,,,,,,,,,,,,,,,,,,,,,,,,,,,,,,,,,,,,,,,,,,,,,,,,,,,,,,,,,,,,,,,,,,,,,,,,
Central Asia,31.257573166666663,34.96126641666667,37.5675355,39.20070941666666,41.44134408333333,44.88845075,50.055554916666665,60.92369391666667,65.16151533333333,69.81572133333333,78.97294266666667,82.39246416666667,87.56366208333333,93.78151858333332,99.7977875,107.08118575,117.771011,124.38263116666668,132.47887633333332,142.62276975,154.62063408333333,171.60286758333334,187.65119716666663,199.88640958333332,212.39053733333333,,,,,,,,,,,,,,,,,,,,,,,,,,,,,,,,,,,,,,,,,,,,,,,,,,,,,,,,,,,,,,,,,,,,,,,,,,,,,,,,,,,,,,,,,,,,,,,
Central Asia,31.588573666666665,35.34323375,38.108330333333335,40.04537358333334,42.919913666666666,46.592035333333335,50.91888591666666,58.30741033333334,62.6221895,67.67621466666667,74.74062983333333,80.35826416666667,86.61358833333333,93.23074833333334,100.058254,111.54296875,122.02025475,133.968186,145.51906325000002,158.78578516666667,173.38534366666667,196.6025843333333,221.00106425,240.81584016666667,259.54744266666665,,,,,,,,,,,,,,,,,,,,,,,,,,,,,,,,,,,,,,,,,,,,,,,,,,,,,,,,,,,,,,,,,,,,,,,,,,,,,,,,,,,,,,,,,,,,,,,
Central Asia,20.274812166666667,10.144635333333332,9.858024083333332,6.032667333333333,8.282999666666667,9.88362275,12.454395833333336,25.761647083333333,5.831171333333334,6.5149160833333335,14.867348916666666,3.968043833333333,5.4810555,7.233865000000001,6.149297083333334,5.026414916666667,8.905742083333333,3.744468833333333,9.52437175,12.082515916666669,12.854759833333333,15.320268916666668,10.037881,3.320634333333333,5.986887333333333,,,,,,,,,,,,,,,,,,,,,,,,,,,,,,,,,,,,,,,,,,,,,,,,,,,,,,,,,,,,,,,,,,,,,,,,,,,,,,,,,,,,,,,,,,,,,,,
Central Asia,19.855115416666667,16.8584155,9.649894833333333,5.688873416666667,8.571427083333333,9.66506875,11.03607175,20.592945083333333,6.7585145833333335,7.316499,12.267530833333334,5.78522225,5.852111833333333,6.824113166666667,6.169503333333334,9.31012575,11.495145,9.601084833333331,10.922953916666666,12.783023583333334,12.20765125,17.08907825,13.500072416666669,4.8354965000000005,6.3456201666666665,,,,,,,,,,,,,,,,,,,,,,,,,,,,,,,,,,,,,,,,,,,,,,,,,,,,,,,,,,,,,,,,,,,,,,,,,,,,,,,,,,,,,,,,,,,,,,,
Central Asia (FAO),,,,,,,,,,,,,,,,,,,,,,,,,,,,,,,,,,,,,,,,,,,,,,,,,,,,,,,,,,,,,,,,,,,,,,,,,,,,,,,,,,,,,,,,,,,,,,,,,,,,,,,,,,,,,,,,,,,,,,,,
Central Europe and the Baltics,,,,,,,,,,,,,,,,,,,,,,,,,,,,,,,,,,,,,,,,,,,,,,,,,107660041.0,106959751.0,106624167.0,106331716.0,106041911.0,105772481.0,105378748.0,105001883.0,104800475.0,104421447.0,104174038.0,103929494.0,103570062.0,103280478.0,102973167.0,102647939.0,102337501.0,102074201.0,101864274.0,101215763.0,100205732.0,100071871.0,100175859.0,100050066.0,,,,,,,,,,,,,,,,,,,,,,,,,3.05298547396986,2.95322821759374,2.90829373232055,2.88988713395729,2.83763189820297,2.85658171051126,2.81769350116021,2.78304619927625,2.77252457300408,2.80230124372822,2.88228355706054,2.81932586432106,2.77264178233281,2.77747152758143,2.77028886758431,2.75560042467097,2.64487252722734,2.5755608736041,2.54854113130969,2.54206782000942,2.53261637966978,2.55970636044169,,
Chad,70.47759775,74.77645958333333,73.23933583333333,68.6807425,75.04827,82.17675725,73.59016258333334,82.5163455,92.16600025,90.20932983333334,91.92690183333332,102.74760475,100.86441,103.42236516666668,100.03911591666667,95.9859935,92.35055175,90.58471991666666,85.85857516666665,93.96334525,92.43359766666669,103.93473683333332,119.41843808333334,132.24965958333334,126.73474966666669,94.0,95.0,95.0,97.0,99.0,102.0,104.0,107.0,108.0,109.0,109.0,110.0,109.0,108.0,107.0,107.0,108.0,107.0,105.0,103.0,101.0,99.0,98.0,8804124.0,9116192.0,9487833.0,9920036.0,10328092.0,10706424.0,11081660.0,11476296.0,11893754.0,12312575.0,12754997.0,13210998.0,13691079.0,14188678.0,14647621.0,15114655.0,15622759.0,16156531.0,16685223.0,17224679.0,17828273.0,18455316.0,19319064.0,20299123.0,,,66.7,,,,,,,,45.2,,,,,,,41.9,,,,39.5,,,38.4,37.2,37.7,36.1,34.6,32.2,30.0,28.1,26.2,25.1,23.8,23.3,23.7,25.1,25.8,26.1,26.6,28.0,29.7,31.8,33.6,35.1,,
Chad,69.58400408333334,73.19667958333334,71.913857,68.06258191666667,73.43296858333333,79.33425416666667,72.2142115,79.65009133333334,87.57720525,85.73594425,87.47573291666667,94.0509545,94.26037916666668,95.84581341666666,100.04110625,99.24833983333332,97.722794,101.900074,100.90966725,105.4144205,104.59973116666669,110.65399158333334,122.644853,133.55964066666667,127.71702966666668,94.0,95.0,95.0,97.0,99.0,102.0,104.0,107.0,108.0,109.0,109.0,110.0,109.0,108.0,107.0,107.0,108.0,107.0,105.0,103.0,101.0,99.0,98.0,8804124.0,9116192.0,9487833.0,9920036.0,10328092.0,10706424.0,11081660.0,11476296.0,11893754.0,12312575.0,12754997.0,13210998.0,13691079.0,14188678.0,14647621.0,15114655.0,15622759.0,16156531.0,16685223.0,17224679.0,17828273.0,18455316.0,19319064.0,20299123.0,,,66.7,,,,,,,,45.2,,,,,,,41.9,,,,39.5,,,38.4,37.2,37.7,36.1,34.6,32.2,30.0,28.1,26.2,25.1,23.8,23.3,23.7,25.1,25.8,26.1,26.6,28.0,29.7,31.8,33.6,35.1,,
Chad,15.038809166666669,6.15015025,-1.6312163333333334,-5.993083666666666,9.359735666666667,9.31186475,-9.688703833333332,12.105828416666666,11.916424833333332,-2.1400886666666668,1.870333083333333,12.064483416666668,-1.6190470833333337,2.5210329166666665,-3.220664333333333,-3.992807833333333,-3.7181115833333336,-1.8589758333333333,-5.195646583333334,9.45086975,-1.5818545833333333,12.36557275,15.010881666666668,10.766681916666668,0.1320503333333333,94.0,95.0,95.0,97.0,99.0,102.0,104.0,107.0,108.0,109.0,109.0,110.0,109.0,108.0,107.0,107.0,108.0,107.0,105.0,103.0,101.0,99.0,98.0,8804124.0,9116192.0,9487833.0,9920036.0,10328092.0,10706424.0,11081660.0,11476296.0,11893754.0,12312575.0,12754997.0,13210998.0,13691079.0,14188678.0,14647621.0,15114655.0,15622759.0,16156531.0,16685223.0,17224679.0,17828273.0,18455316.0,19319064.0,20299123.0,,,66.7,,,,,,,,45.2,,,,,,,41.9,,,,39.5,,,38.4,37.2,37.7,36.1,34.6,32.2,30.0,28.1,26.2,25.1,23.8,23.3,23.7,25.1,25.8,26.1,26.6,28.0,29.7,31.8,33.6,35.1,,
Channel Islands,,,,,,,,,,,,,,,,,,,,,,,,,,,,,,,,,,,,,,,,,,,,,,,,,148850.0,149881.0,150960.0,152039.0,153126.0,154214.0,155309.0,156408.0,157511.0,158621.0,159706.0,160767.0,161777.0,162726.0,163454.0,163883.0,164319.0,164949.0,165639.0,166235.0,166741.0,167215.0,167691.0,168126.0,,,,,,,,,,,,,,,,,,,,,,,,,,,,,,,,,,,,,,,,,,,,,,,,
Chile,48.74224475,49.72444541666667,51.34773425,50.359488166666665,51.806175333333336,53.15186141666667,58.2328065,68.235635,71.22114175,72.78400616666666,77.65729641666667,83.57870391666667,87.28265958333333,93.37450041666666,100.02138741666666,103.84109175,105.92912391666664,109.16370541666667,111.968103,119.51363675,125.97459675,148.29858608333333,166.41361258333333,174.27843833333336,178.44525425,122.0,122.0,123.0,123.0,123.0,123.0,123.0,122.0,121.0,120.0,120.0,121.0,121.0,121.0,121.0,122.0,122.0,123.0,124.0,126.0,126.0,126.0,126.0,15683849.0,15857925.0,16024752.0,16187322.0,16348778.0,16509195.0,16671581.0,16838988.0,17009731.0,17181464.0,17351816.0,17519119.0,17687006.0,17864195.0,18047625.0,18267221.0,18558868.0,18893191.0,19197744.0,19370624.0,19456334.0,19553036.0,19658835.0,19764771.0,,,7.9,,,3.3,,,2.6,,1.7,,0.8,,0.7,,0.5,,,1.7,,0.5,,,3.2,3.1,3.0,3.1,3.0,3.0,3.0,3.3,3.6,3.7,3.8,3.5,3.4,3.3,3.3,3.2,3.1,3.0,2.7,2.5,2.5,2.5,,
Chile,64.45111341666667,66.05555833333334,67.91183766666667,68.62813,70.72305608333333,73.12199425,76.34506516666667,82.99950608333334,83.29253183333333,84.46754875,87.28979316666666,89.91498849999999,91.52406708333332,95.84279075,100.01077641666666,103.79737816666666,106.06298275,108.64549933333332,111.42415666666666,114.81756916666666,120.01256866666668,133.98667208333333,144.14511616666667,150.33995274999998,155.58510633333333,122.0,122.0,123.0,123.0,123.0,123.0,123.0,122.0,121.0,120.0,120.0,121.0,121.0,121.0,121.0,122.0,122.0,123.0,124.0,126.0,126.0,126.0,126.0,15683849.0,15857925.0,16024752.0,16187322.0,16348778.0,16509195.0,16671581.0,16838988.0,17009731.0,17181464.0,17351816.0,17519119.0,17687006.0,17864195.0,18047625.0,18267221.0,18558868.0,18893191.0,19197744.0,19370624.0,19456334.0,19553036.0,19658835.0,19764771.0,,,7.9,,,3.3,,,2.6,,1.7,,0.8,,0.7,,0.5,,,1.7,,0.5,,,3.2,3.1,3.0,3.1,3.0,3.0,3.0,3.3,3.6,3.7,3.8,3.5,3.4,3.3,3.3,3.2,3.1,3.0,2.7,2.5,2.5,2.5,,
Chile,0.5192198333333333,2.00326125,3.328145166666667,-1.9201850833333332,2.8633238333333337,2.6367025,9.496744666666666,17.2800005,4.683356000000001,2.198366,6.685152166666666,7.652049583333333,4.443135916666667,6.950699750000001,7.170680833333333,3.828262666666667,2.0303074166666666,3.05432425,2.565002916666667,6.730710916666666,5.414570166666667,17.641929583333333,12.564305833333334,4.736518916666667,3.83536475,122.0,122.0,123.0,123.0,123.0,123.0,123.0,122.0,121.0,120.0,120.0,121.0,121.0,121.0,121.0,122.0,122.0,123.0,124.0,126.0,126.0,126.0,126.0,15683849.0,15857925.0,16024752.0,16187322.0,16348778.0,16509195.0,16671581.0,16838988.0,17009731.0,17181464.0,17351816.0,17519119.0,17687006.0,17864195.0,18047625.0,18267221.0,18558868.0,18893191.0,19197744.0,19370624.0,19456334.0,19553036.0,19658835.0,19764771.0,,,7.9,,,3.3,,,2.6,,1.7,,0.8,,0.7,,0.5,,,1.7,,0.5,,,3.2,3.1,3.0,3.1,3.0,3.0,3.0,3.3,3.6,3.7,3.8,3.5,3.4,3.3,3.3,3.2,3.1,3.0,2.7,2.5,2.5,2.5,,
China,,,,,,,,,,,,,,,,,,,,,,,,,,116.0,116.0,116.0,116.0,117.0,117.0,119.0,120.0,122.0,124.0,126.0,127.0,128.0,130.0,132.0,133.0,134.0,135.0,136.0,137.0,139.0,140.0,140.0,1271850000.0,1280400000.0,1288400000.0,1296075000.0,1303720000.0,1311020000.0,1317885000.0,1324655000.0,1331260000.0,1337705000.0,1345035000.0,1354190000.0,1363240000.0,1371860000.0,1379860000.0,1387790000.0,1396215000.0,1402760000.0,1407745000.0,1411100000.0,1412360000.0,1412175000.0,1410710000.0,1408975000.0,,48.1,,,33.1,,,26.2,,20.6,15.7,13.2,6.2,4.7,3.0,2.2,1.7,0.8,0.0,0.0,0.0,0.0,,,10.3,9.7,8.9,8.1,7.2,6.2,5.1,4.0,2.9,2.5,2.5,2.5,2.5,2.5,2.5,2.5,2.5,2.5,2.5,2.5,2.5,2.5,,
China (FAO),,,,,,,,,,,,,,,,,,,,,,,,,,,,,,,,,,,,,,,,,,,,,,,,,,,,,,,,,,,,,,,,,,,,,,,,,,,,,,,,,,,,,,,,,,,,,,,,,,,,,,,,,,,,,,,,,,,,,,,,
"China, Hong Kong SAR",57.16305725,55.98096833333333,55.12675825,55.70074366666666,57.14089258333333,58.58357441666666,62.72994925,73.29893041666666,73.99355525,76.55832325,84.11370208333334,89.59589333333334,93.49647816666668,96.8306765,100.00457666666668,103.61662491666668,104.7493975,109.2804875,119.90290141666668,129.24293125,131.0703285,136.915862,137.59980025000002,137.17233883333333,136.31741616666667,129.0,130.0,131.0,131.0,130.0,129.0,128.0,127.0,126.0,126.0,126.0,125.0,125.0,125.0,125.0,126.0,128.0,130.0,129.0,128.0,125.0,124.0,123.0,,,,,,,,,,,,,,,,,,,,,,,,,,,,,,,,,,,,,,,,,,,,,,,,,,,,,,,,,,,,,,,,,,,,,,,,
"China, Hong Kong SAR",76.73364516666668,74.39531708333332,72.46329441666667,72.19969133333333,72.82447275,74.28114533333333,75.79278708333334,79.05426791666666,79.51234125,81.33547225,85.65052150000001,89.12271625,92.98885366666669,97.102351,100.00653475,102.41599966666666,103.94596391666666,106.4470435,109.51613375,109.79097775,111.51333258333334,113.61130791666666,115.99328833333334,117.999649,119.26393083333332,129.0,130.0,131.0,131.0,130.0,129.0,128.0,127.0,126.0,126.0,126.0,125.0,125.0,125.0,125.0,126.0,128.0,130.0,129.0,128.0,125.0,124.0,123.0,,,,,,,,,,,,,,,,,,,,,,,,,,,,,,,,,,,,,,,,,,,,,,,,,,,,,,,,,,,,,,,,,,,,,,,,
"China, Hong Kong SAR",-0.8378136666666666,-2.0666198333333337,-1.524005,1.0438974166666666,2.585313166666667,2.5279717500000003,7.057347249999999,16.911312916666667,1.0596779166666666,3.47903075,9.86627175,6.5764185,4.358827833333334,3.569327416666667,3.2791635,3.614321916666667,1.1279650833333337,4.3300735,9.703533916666666,7.99614825,1.413303,4.456052000000001,0.5305599166666667,-0.3045509999999999,-0.990192,129.0,130.0,131.0,131.0,130.0,129.0,128.0,127.0,126.0,126.0,126.0,125.0,125.0,125.0,125.0,126.0,128.0,130.0,129.0,128.0,125.0,124.0,123.0,,,,,,,,,,,,,,,,,,,,,,,,,,,,,,,,,,,,,,,,,,,,,,,,,,,,,,,,,,,,,,,,,,,,,,,,
"China, Macao SAR",48.08693266666666,47.06703841666667,46.471195916666666,47.51279016666667,49.40972133333333,51.23974441666667,55.43867108333333,64.9839055,68.57613975,71.81755925,77.66025191666667,84.28052325,89.86643400000001,95.35831175,100.00570266666666,102.88364908333334,104.46412366666668,107.34659091666668,111.44063508333332,115.19200158333332,115.45886741666668,117.482792,120.57483983333331,121.80478825,122.34285333333334,105.0,106.0,107.0,109.0,111.0,113.0,114.0,116.0,117.0,120.0,121.0,123.0,125.0,127.0,129.0,129.0,130.0,130.0,127.0,124.0,120.0,120.0,118.0,,,,,,,,,,,,,,,,,,,,,,,,,,,,,,,,,,,,,,,,,,,,,,,,,,,,,,,,,,,,,,,,,,,,,,,,
"China, Macao SAR",60.09779658333333,58.512707,57.598474,58.16335866666666,60.7201575,63.84722958333333,67.40447583333334,73.20868800000001,74.06454641666666,76.14536925,80.566557,85.48707033333334,90.18935308333332,95.6442165,100.00613166666666,102.37523458333334,103.63252933333332,106.74613033333333,109.68370991666666,110.57369516666668,110.60294675,111.7587785,112.29118,113.03594483333336,113.20074683333333,105.0,106.0,107.0,109.0,111.0,113.0,114.0,116.0,117.0,120.0,121.0,123.0,125.0,127.0,129.0,129.0,130.0,130.0,127.0,124.0,120.0,120.0,118.0,,,,,,,,,,,,,,,,,,,,,,,,,,,,,,,,,,,,,,,,,,,,,,,,,,,,,,,,,,,,,,,,,,,,,,,,
"China, Macao SAR",-1.4488190833333334,-2.115075583333333,-1.2625325833333332,2.2435620833333334,3.9990089166666665,3.704233833333333,8.174595583333334,17.221520833333333,5.625724583333334,4.724438583333334,8.119923583333334,8.550987583333333,6.62977175,6.115952750000001,4.878257166666667,2.8881183333333333,1.5376006666666668,2.759108916666667,3.808533333333333,3.3953339166666665,0.2356433333333333,1.7526648333333332,2.631640833333333,1.0221868333333333,0.4811843333333334,105.0,106.0,107.0,109.0,111.0,113.0,114.0,116.0,117.0,120.0,121.0,123.0,125.0,127.0,129.0,129.0,130.0,130.0,127.0,124.0,120.0,120.0,118.0,,,,,,,,,,,,,,,,,,,,,,,,,,,,,,,,,,,,,,,,,,,,,,,,,,,,,,,,,,,,,,,,,,,,,,,,
"China, Taiwan Province of",,,,,,,,,,,,,,,,,,,,,,,,,,125.0,123.0,122.0,122.0,121.0,120.0,119.0,119.0,119.0,119.0,118.0,118.0,118.0,118.0,118.0,118.0,118.0,119.0,119.0,119.0,119.0,119.0,120.0,,,,,,,,,,,,,,,,,,,,,,,,,,,,,,,,,,,,,,,,,,,,,,,,,,,,,,,,,,,,,,,,,,,,,,,,
"China, mainland",46.64092,46.34051,47.93116833333334,52.61064916666667,54.10104166666667,55.42160166666667,62.285180833333335,71.2772775,71.77005833333334,77.04192833333333,86.19932166666666,90.43896833333334,94.68020416666668,97.60192333333332,100.0000075,104.48813333333334,103.08004166666666,104.97030833333334,114.79800833333331,127.05224166666666,124.87944166666666,128.196025,127.77990833333332,126.96165,125.01323333333332,116.0,116.0,116.0,116.0,117.0,117.0,119.0,120.0,122.0,124.0,126.0,127.0,128.0,130.0,132.0,133.0,134.0,135.0,136.0,137.0,139.0,140.0,140.0,,,,,,,,,,,,,,,,,,,,,,,,,,,,,,,,,,,,,,,,,,,,,,,,,,,,,,,,,,,,,,,,,,,,,,,,
"China, mainland",70.96373083333333,70.44429691666666,71.23862933333334,73.96324858333334,75.27714208333333,76.51878649999999,80.204519,84.95683816666667,84.33821191666667,87.01622400000001,91.84901733333334,94.2550245,96.72549591666666,98.58421325,100.00089191666666,102.0009115,103.62592466666666,105.77594575,108.84263791666666,111.4760005,112.569597,114.79124308333331,115.06081508333334,115.31179625,115.16490716666668,116.0,116.0,116.0,116.0,117.0,117.0,119.0,120.0,122.0,124.0,126.0,127.0,128.0,130.0,132.0,133.0,134.0,135.0,136.0,137.0,139.0,140.0,140.0,,,,,,,,,,,,,,,,,,,,,,,,,,,,,,,,,,,,,,,,,,,,,,,,,,,,,,,,,,,,,,,,,,,,,,,,
"China, mainland",0.0423089999999999,-0.6384355833333334,3.42670625,9.862824916666666,2.84735925,2.452262333333333,12.414040916666666,14.69726825,0.7292926666666667,7.345628,11.918540083333331,4.954934833333334,4.697390416666667,3.091379666666666,2.45753775,4.48475,-1.3139891666666663,1.8293475833333328,9.380855333333333,11.018536166666664,-1.69452375,2.777778833333333,-0.2828865833333333,-0.5977186666666666,-0.848674,116.0,116.0,116.0,116.0,117.0,117.0,119.0,120.0,122.0,124.0,126.0,127.0,128.0,130.0,132.0,133.0,134.0,135.0,136.0,137.0,139.0,140.0,140.0,,,,,,,,,,,,,,,,,,,,,,,,,,,,,,,,,,,,,,,,,,,,,,,,,,,,,,,,,,,,,,,,,,,,,,,,
Colombia,45.96100875,50.44919433333334,54.516806,57.98262091666667,61.675477666666666,65.11803841666666,70.59987858333334,79.35194266666666,82.18928958333333,82.35957266666666,86.12013066666667,89.06757641666667,89.4361755,92.09024666666666,100.04082725,113.15525316666668,113.93417041666667,114.87995391666668,120.48917525,127.17815966666667,139.54718616666665,174.37978758333335,200.10512941666664,206.4326528333333,214.80011733333333,123.0,123.0,122.0,122.0,121.0,122.0,123.0,122.0,121.0,120.0,121.0,124.0,126.0,129.0,130.0,130.0,130.0,129.0,130.0,130.0,131.0,131.0,132.0,39709262.0,40324680.0,40937429.0,41543171.0,42128977.0,42691084.0,43235374.0,43758808.0,44271541.0,44777319.0,45259614.0,45715810.0,46151584.0,46565429.0,46969940.0,47437512.0,48131078.0,49024465.0,49907985.0,50629997.0,51188173.0,51737944.0,52321152.0,52886363.0,29.6,21.2,19.8,19.2,16.8,,,16.6,15.0,13.1,11.2,10.9,9.9,9.0,8.1,8.0,7.3,7.4,8.8,13.5,11.2,9.3,7.7,,8.6,8.9,9.6,10.4,11.1,11.3,10.9,11.1,11.2,11.3,10.1,8.7,7.2,5.9,5.1,4.6,4.3,4.3,4.3,4.4,4.2,4.2,,
Colombia,53.4601295,56.85565341666666,60.90934133333334,64.50544108333334,67.76362350000001,70.67300291666668,74.59138633333333,79.81045966666666,83.1645075,85.054007,87.95862975,90.74630441666666,92.57665025,95.26029725,100.01362525,107.52810933333332,112.16720866666668,115.802065,119.881794,122.91076958333332,127.2065715,140.15267866666667,156.60086316666667,166.95074883333334,173.96157633333334,123.0,123.0,122.0,122.0,121.0,122.0,123.0,122.0,121.0,120.0,121.0,124.0,126.0,129.0,130.0,130.0,130.0,129.0,130.0,130.0,131.0,131.0,132.0,39709262.0,40324680.0,40937429.0,41543171.0,42128977.0,42691084.0,43235374.0,43758808.0,44271541.0,44777319.0,45259614.0,45715810.0,46151584.0,46565429.0,46969940.0,47437512.0,48131078.0,49024465.0,49907985.0,50629997.0,51188173.0,51737944.0,52321152.0,52886363.0,29.6,21.2,19.8,19.2,16.8,,,16.6,15.0,13.1,11.2,10.9,9.9,9.0,8.1,8.0,7.3,7.4,8.8,13.5,11.2,9.3,7.7,,8.6,8.9,9.6,10.4,11.1,11.3,10.9,11.1,11.2,11.3,10.1,8.7,7.2,5.9,5.1,4.6,4.3,4.3,4.3,4.4,4.2,4.2,,
Colombia,9.846038333333334,9.762291416666669,8.134168833333334,6.363911416666666,6.363723416666667,5.584916166666666,8.415094,12.381496666666663,3.7473871666666665,0.22459975,4.576678916666666,3.431684333333333,0.4140166666666666,2.969387083333333,8.622782833333334,13.197974916666666,0.7220053333333333,0.8333199166666666,4.8820525833333335,5.564600333333334,9.7079115,24.895166083333333,15.111730916666666,3.16782925,4.559436,123.0,123.0,122.0,122.0,121.0,122.0,123.0,122.0,121.0,120.0,121.0,124.0,126.0,129.0,130.0,130.0,130.0,129.0,130.0,130.0,131.0,131.0,132.0,39709262.0,40324680.0,40937429.0,41543171.0,42128977.0,42691084.0,43235374.0,43758808.0,44271541.0,44777319.0,45259614.0,45715810.0,46151584.0,46565429.0,46969940.0,47437512.0,48131078.0,49024465.0,49907985.0,50629997.0,51188173.0,51737944.0,52321152.0,52886363.0,29.6,21.2,19.8,19.2,16.8,,,16.6,15.0,13.1,11.2,10.9,9.9,9.0,8.1,8.0,7.3,7.4,8.8,13.5,11.2,9.3,7.7,,8.6,8.9,9.6,10.4,11.1,11.3,10.9,11.1,11.2,11.3,10.1,8.7,7.2,5.9,5.1,4.6,4.3,4.3,4.3,4.4,4.2,4.2,,
Comoros,70.201548,74.959151,77.38365008333334,79.93275849999999,81.21816291666666,83.79638166666668,89.56088008333334,93.88614308333332,87.11159975,89.3610845,91.1729705,96.04192758333332,96.42660575,98.41558566666669,100.02926758333332,102.61666141666666,103.45515966666666,106.00992116666669,111.21091633333332,111.50129133333331,111.37538108333332,125.92506766666668,134.00907108333334,,,99.0,103.0,105.0,107.0,107.0,107.0,107.0,108.0,108.0,108.0,107.0,108.0,108.0,109.0,110.0,111.0,111.0,111.0,111.0,110.0,109.0,108.0,109.0,547220.0,558923.0,569798.0,580704.0,592677.0,604753.0,616927.0,629307.0,641947.0,654836.0,668056.0,681630.0,696192.0,711503.0,726682.0,741741.0,756669.0,771590.0,786578.0,802163.0,818174.0,834188.0,850387.0,866628.0,,,,27.9,,,,,,,,,,31.4,,,,,,,,,,,24.9,20.9,18.0,16.6,16.6,17.4,18.6,19.9,18.7,17.3,15.7,15.4,14.8,14.4,13.9,13.5,13.1,13.1,13.4,13.9,15.7,16.9,,
Comoros,70.483853,72.97104108333333,75.83313016666666,79.24831933333333,81.63902966666667,84.728047,88.155775,92.42375866666669,89.70827541666667,93.159053,94.76345508333333,98.59298958333332,99.08021983333332,99.10488058333334,100.01005075,100.80734566666666,100.89851691666668,102.618091,106.4148925,107.26242016666669,107.08270408333334,120.67336308333334,130.78936166666668,,,99.0,103.0,105.0,107.0,107.0,107.0,107.0,108.0,108.0,108.0,107.0,108.0,108.0,109.0,110.0,111.0,111.0,111.0,111.0,110.0,109.0,108.0,109.0,547220.0,558923.0,569798.0,580704.0,592677.0,604753.0,616927.0,629307.0,641947.0,654836.0,668056.0,681630.0,696192.0,711503.0,726682.0,741741.0,756669.0,771590.0,786578.0,802163.0,818174.0,834188.0,850387.0,866628.0,,,,27.9,,,,,,,,,,31.4,,,,,,,,,,,24.9,20.9,18.0,16.6,16.6,17.4,18.6,19.9,18.7,17.3,15.7,15.4,14.8,14.4,13.9,13.5,13.1,13.1,13.4,13.9,15.7,16.9,,
Comoros,3.54470175,6.877656333333333,3.2920565,3.402377083333333,1.6235434166666665,3.16464225,7.00299,4.811600166666667,-6.9460115,2.668522083333334,2.05851675,5.463833999999999,0.4339620833333333,2.0645924166666667,1.6511676666666666,2.613750083333333,0.8197485833333333,2.48692675,4.909286333333333,0.56737825,0.14390775,12.98604575,6.95609725,,,99.0,103.0,105.0,107.0,107.0,107.0,107.0,108.0,108.0,108.0,107.0,108.0,108.0,109.0,110.0,111.0,111.0,111.0,111.0,110.0,109.0,108.0,109.0,547220.0,558923.0,569798.0,580704.0,592677.0,604753.0,616927.0,629307.0,641947.0,654836.0,668056.0,681630.0,696192.0,711503.0,726682.0,741741.0,756669.0,771590.0,786578.0,802163.0,818174.0,834188.0,850387.0,866628.0,,,,27.9,,,,,,,,,,31.4,,,,,,,,,,,24.9,20.9,18.0,16.6,16.6,17.4,18.6,19.9,18.7,17.3,15.7,15.4,14.8,14.4,13.9,13.5,13.1,13.1,13.4,13.9,15.7,16.9,,
Congo,69.85963966666667,72.20729383333334,71.85425024999999,73.19890333333333,74.89037741666667,78.89305225,80.66834250000001,81.762843,84.68616008333333,84.34457216666667,86.64827366666667,94.10430316666668,99.43449341666668,97.1464905,100.00938333333332,100.49512291666667,99.26198616666666,99.25674183333332,99.04517908333334,101.265598,104.25748758333332,110.72389425,115.45281241666667,118.21675691666668,118.87861475,100.0,100.0,100.0,99.0,98.0,96.0,95.0,93.0,91.0,89.0,89.0,90.0,93.0,95.0,96.0,96.0,96.0,96.0,97.0,97.0,98.0,98.0,98.0,,,,,,,,,,,,,,,,,,,,,,,,,,,,,,,,,,,,,,,,,,,,,,,,,,,,,,,,,,,,,,,,,,,,,,,,
Congo,65.24368666666668,68.100551,67.670261,69.31448999999999,71.39933433333333,76.07441683333333,78.09392366666667,81.96640675,85.58522691666667,85.92031425,87.43215691666667,91.81267225,96.06508275,96.9413305,100.01349616666666,103.20448858333332,103.66897458333334,104.86404883333334,107.17742625,109.10165908333332,110.97345375,114.35086825,119.26995158333334,122.95710616666668,127.28128525,100.0,100.0,100.0,99.0,98.0,96.0,95.0,93.0,91.0,89.0,89.0,90.0,93.0,95.0,96.0,96.0,96.0,96.0,97.0,97.0,98.0,98.0,98.0,,,,,,,,,,,,,,,,,,,,,,,,,,,,,,,,,,,,,,,,,,,,,,,,,,,,,,,,,,,,,,,,,,,,,,,,
Congo,0.11879675,3.3982916666666667,-0.4588522500000001,1.8972884166666668,2.313916083333333,5.340143833333333,2.2979385,1.3707134166666666,3.97762825,-0.3625918333333333,2.7590376666666665,8.605777416666667,5.7392130833333335,-2.2443085833333334,2.94991175,0.5207513333333335,-1.17933925,0.0111945833333333,-0.2002605833333333,2.281404833333333,3.0468950833333337,6.2075396666666665,4.281323416666667,2.3861726666666665,2.56823875,100.0,100.0,100.0,99.0,98.0,96.0,95.0,93.0,91.0,89.0,89.0,90.0,93.0,95.0,96.0,96.0,96.0,96.0,97.0,97.0,98.0,98.0,98.0,,,,,,,,,,,,,,,,,,,,,,,,,,,,,,,,,,,,,,,,,,,,,,,,,,,,,,,,,,,,,,,,,,,,,,,,
"Congo, Dem. Rep.",,,,,,,,,,,,,,,,,,,,,,,,,,,,,,,,,,,,,,,,,,,,,,,,,52132646.0,53750524.0,55343867.0,56997741.0,58775724.0,60615908.0,62477752.0,64390664.0,66412044.0,68563038.0,70849311.0,73254618.0,75789395.0,78403242.0,81035531.0,83956415.0,87083398.0,90047644.0,92947442.0,95989998.0,99148932.0,102396968.0,105789731.0,109276265.0,,,,94.9,,,,,,,,78.9,,,,,,,,85.3,,,,,30.4,30.9,30.9,31.8,31.7,31.7,30.9,30.9,30.4,29.6,29.5,30.3,30.6,30.9,31.5,32.1,32.4,32.3,33.8,35.0,35.7,37.0,,
"Congo, Rep.",,,,,,,,,,,,,,,,,,,,,,,,,,,,,,,,,,,,,,,,,,,,,,,,,3272537.0,3350771.0,3445753.0,3565554.0,3696393.0,3837409.0,3980430.0,4113517.0,4281219.0,4462290.0,4609724.0,4740450.0,4857099.0,4975880.0,5097581.0,5222536.0,5351011.0,5483118.0,5616661.0,5752791.0,5892183.0,6035104.0,6182885.0,6332961.0,,,,,54.5,,,,,,39.2,,,,,,,,,,,,,,26.9,26.4,26.5,27.8,29.1,31.1,33.2,35.6,38.1,40.5,40.3,37.2,32.5,29.5,29.3,29.5,30.2,29.8,29.1,27.8,27.1,26.8,,
Cook Islands,70.22125316666667,75.81402241666667,79.218059,80.52009375,81.33433666666667,82.79851975,83.77852066666667,86.53189058333334,90.25410850000002,92.63870466666668,94.61829633333332,96.86853541666666,98.72440266666666,99.82245733333332,100.00031116666666,100.95144316666666,101.593264,102.19642083333332,103.44139825,105.96228475,108.86980991666668,125.12411358333333,143.23428441666667,148.36111758333334,150.634555,,,,,,,,,,,,,,,,,,,,,,,,,,,,,,,,,,,,,,,,,,,,,,,,,,,,,,,,,,,,,,,,,,,,,,,,,,,,,,,,,,,,,,,,,,,,,,,
Cook Islands,66.80692775,70.626237,72.46576775,73.49316508333334,74.79127366666667,76.97327025,79.1813595,83.5127365,90.26993291666668,91.83699133333334,93.91236025,95.89583108333332,98.00183283333332,98.85189166666667,100.00061966666668,99.75555783333334,99.38796475,99.45688858333334,99.801507,100.87365316666668,102.56611266666664,112.5753645,122.5156925,126.42902683333334,127.493515,,,,,,,,,,,,,,,,,,,,,,,,,,,,,,,,,,,,,,,,,,,,,,,,,,,,,,,,,,,,,,,,,,,,,,,,,,,,,,,,,,,,,,,,,,,,,,,
Cook Islands,6.633707583333333,7.982490166666667,4.5134785,1.6472505,1.011036,1.7990636666666668,1.1877133333333334,3.2854839166666667,4.315078166666667,2.64613275,2.1356722500000003,2.380672416666666,1.9168613333333333,1.111861,0.1842445833333333,0.9517015833333334,0.6358730833333334,0.5936336666666666,1.2179295,2.435775083333333,2.74936175,14.887112166666666,14.824418416666669,3.5917816666666664,2.5057036666666668,,,,,,,,,,,,,,,,,,,,,,,,,,,,,,,,,,,,,,,,,,,,,,,,,,,,,,,,,,,,,,,,,,,,,,,,,,,,,,,,,,,,,,,,,,,,,,,
Costa Rica,28.034696333333333,30.88434325,33.58919191666667,38.592053416666666,45.460238,50.73133116666667,58.393618,72.34471599999999,78.25245533333333,81.88085408333333,86.4655685,89.521596,92.94711533333331,96.91780541666668,100.00318766666668,99.19023391666668,100.86084683333333,102.50686275,103.32430491666666,103.82351366666668,106.15052208333331,122.60668475,126.72722991666666,125.24683533333332,129.70166316666666,116.0,115.0,115.0,115.0,117.0,118.0,119.0,118.0,118.0,117.0,117.0,117.0,117.0,118.0,120.0,121.0,123.0,123.0,124.0,123.0,122.0,121.0,121.0,4008947.0,4075705.0,4138784.0,4200078.0,4261240.0,4321340.0,4380248.0,4440056.0,4499791.0,4555962.0,4609833.0,4663934.0,4716147.0,4767119.0,4818038.0,4866998.0,4913177.0,4957818.0,4999553.0,5034320.0,5059988.0,5081765.0,5105525.0,5129910.0,7.6,6.6,6.9,6.6,5.0,5.2,3.1,3.4,3.6,2.2,2.7,2.6,2.6,2.4,2.4,2.4,1.7,2.3,1.7,3.4,2.2,1.6,1.5,1.3,4.3,4.4,4.4,4.0,3.4,2.9,2.7,2.7,2.8,3.0,3.2,3.1,2.9,2.7,2.5,2.5,2.5,2.5,2.5,2.5,2.5,2.5,,
Costa Rica,34.206719666666665,37.34262775,40.87060275,45.903741833333335,52.237675583333335,58.22964875,63.67833933333333,72.22681483333334,77.89134858333334,82.30214633333334,86.3168435,90.19717683333332,94.91569433333332,99.2051255,100.00073275,99.98325366666668,101.60888841666667,103.86573833333334,106.04281225,106.81152883333334,108.65560575,117.64661266666668,118.264485,117.7762265,118.45208033333334,116.0,115.0,115.0,115.0,117.0,118.0,119.0,118.0,118.0,117.0,117.0,117.0,117.0,118.0,120.0,121.0,123.0,123.0,124.0,123.0,122.0,121.0,121.0,4008947.0,4075705.0,4138784.0,4200078.0,4261240.0,4321340.0,4380248.0,4440056.0,4499791.0,4555962.0,4609833.0,4663934.0,4716147.0,4767119.0,4818038.0,4866998.0,4913177.0,4957818.0,4999553.0,5034320.0,5059988.0,5081765.0,5105525.0,5129910.0,7.6,6.6,6.9,6.6,5.0,5.2,3.1,3.4,3.6,2.2,2.7,2.6,2.6,2.4,2.4,2.4,1.7,2.3,1.7,3.4,2.2,1.6,1.5,1.3,4.3,4.4,4.4,4.0,3.4,2.9,2.7,2.7,2.8,3.0,3.2,3.1,2.9,2.7,2.5,2.5,2.5,2.5,2.5,2.5,2.5,2.5,,
Costa Rica,10.6002615,10.163296583333333,8.775162583333334,14.870571,17.785106416666668,11.636131583333333,15.033584500000002,23.829246416666667,8.644353083333334,4.6614725,5.6341525,3.549020333333333,3.830443333333333,4.267765333333333,3.258766416666667,-0.8127721666666666,1.6986613333333331,1.6394373333333334,0.8018714166666667,0.4876091666666666,2.23726675,15.47946425,3.83565925,-1.139674,3.685790833333333,116.0,115.0,115.0,115.0,117.0,118.0,119.0,118.0,118.0,117.0,117.0,117.0,117.0,118.0,120.0,121.0,123.0,123.0,124.0,123.0,122.0,121.0,121.0,4008947.0,4075705.0,4138784.0,4200078.0,4261240.0,4321340.0,4380248.0,4440056.0,4499791.0,4555962.0,4609833.0,4663934.0,4716147.0,4767119.0,4818038.0,4866998.0,4913177.0,4957818.0,4999553.0,5034320.0,5059988.0,5081765.0,5105525.0,5129910.0,7.6,6.6,6.9,6.6,5.0,5.2,3.1,3.4,3.6,2.2,2.7,2.6,2.6,2.4,2.4,2.4,1.7,2.3,1.7,3.4,2.2,1.6,1.5,1.3,4.3,4.4,4.4,4.0,3.4,2.9,2.7,2.7,2.8,3.0,3.2,3.1,2.9,2.7,2.5,2.5,2.5,2.5,2.5,2.5,2.5,2.5,,
Cote d'Ivoire,,,,,,,,,,,,,,,,,,,,,,,,,,,,,,,,,,,,,,,,,,,,,,,,,18178913.0,18654771.0,19125542.0,19595000.0,20068458.0,20546802.0,21030558.0,21514439.0,21997940.0,22488065.0,22982000.0,23467078.0,23939775.0,24527395.0,25246342.0,25989405.0,26733372.0,27464173.0,28193009.0,28915449.0,29639736.0,30395002.0,31165654.0,31934230.0,,44.7,,,,,,47.9,,,,,,,47.5,,,22.7,,,20.9,,,,20.2,20.9,20.7,20.0,19.3,18.9,18.5,18.1,17.6,16.6,15.6,14.6,14.6,13.9,13.2,11.9,11.0,10.2,9.5,8.8,9.1,9.6,,
Croatia,72.63333333333334,72.77499999999999,73.97500000000001,75.02499999999999,78.45,80.425,83.10000000000001,91.4,92.88333333333333,91.45833333333331,94.69166666666666,98.2,101.85,99.61666666666667,100.00833333333333,99.53333333333336,102.43333333333334,103.45,103.325,105.31666666666666,107.025,124.01666666666668,139.75,145.225,150.9,105.0,109.0,112.0,114.0,117.0,119.0,121.0,121.0,120.0,119.0,119.0,120.0,120.0,121.0,122.0,124.0,125.0,126.0,128.0,129.0,131.0,132.0,134.0,4299642.0,4302174.0,4303399.0,4304600.0,4310145.0,4311159.0,4310217.0,4309705.0,4305181.0,4295427.0,4280622.0,4260368.0,4233922.0,4201598.0,4151725.0,4106867.0,4041407.0,3988775.0,3949390.0,3914206.0,3878981.0,3855641.0,3859686.0,3866300.0,0.0,,,0.0,,,,0.0,1.0,1.4,1.0,1.1,1.2,1.2,0.7,0.9,0.6,0.5,0.4,0.4,0.3,0.4,0.3,,7.0,4.7,3.7,3.1,2.5,2.5,2.5,2.5,2.5,2.5,2.8,2.5,2.5,2.5,2.5,2.5,2.5,2.5,2.5,2.5,2.5,2.5,,
Croatia,73.27499999999999,74.5,75.81666666666666,77.375,79.94166666666666,82.49166666666666,84.88333333333334,90.04166666666667,92.18333333333334,93.13333333333333,95.25,98.5,100.68333333333334,100.46666666666664,100.0,98.875,99.99166666666667,101.49166666666667,102.275,102.43333333333334,105.05,116.375,125.61666666666667,129.35,132.79999999999998,105.0,109.0,112.0,114.0,117.0,119.0,121.0,121.0,120.0,119.0,119.0,120.0,120.0,121.0,122.0,124.0,125.0,126.0,128.0,129.0,131.0,132.0,134.0,4299642.0,4302174.0,4303399.0,4304600.0,4310145.0,4311159.0,4310217.0,4309705.0,4305181.0,4295427.0,4280622.0,4260368.0,4233922.0,4201598.0,4151725.0,4106867.0,4041407.0,3988775.0,3949390.0,3914206.0,3878981.0,3855641.0,3859686.0,3866300.0,0.0,,,0.0,,,,0.0,1.0,1.4,1.0,1.1,1.2,1.2,0.7,0.9,0.6,0.5,0.4,0.4,0.3,0.4,0.3,,7.0,4.7,3.7,3.1,2.5,2.5,2.5,2.5,2.5,2.5,2.8,2.5,2.5,2.5,2.5,2.5,2.5,2.5,2.5,2.5,2.5,2.5,,
Croatia,2.526314166666667,0.2099866666666666,1.6731905833333334,1.4240050833333333,4.580556416666667,2.524078916666667,3.365011833333333,10.0432655,1.6557999166666668,-1.5074055833333333,3.535929916666667,3.707541833333333,3.739474166666666,-2.18519925,0.3950673333333334,-0.4688489166666666,2.9142507500000003,0.9930450833333334,-0.1165933333333333,1.93326475,1.64549725,15.817972916666667,12.865091916666666,3.939644166666667,5.143340333333334,105.0,109.0,112.0,114.0,117.0,119.0,121.0,121.0,120.0,119.0,119.0,120.0,120.0,121.0,122.0,124.0,125.0,126.0,128.0,129.0,131.0,132.0,134.0,4299642.0,4302174.0,4303399.0,4304600.0,4310145.0,4311159.0,4310217.0,4309705.0,4305181.0,4295427.0,4280622.0,4260368.0,4233922.0,4201598.0,4151725.0,4106867.0,4041407.0,3988775.0,3949390.0,3914206.0,3878981.0,3855641.0,3859686.0,3866300.0,0.0,,,0.0,,,,0.0,1.0,1.4,1.0,1.1,1.2,1.2,0.7,0.9,0.6,0.5,0.4,0.4,0.3,0.4,0.3,,7.0,4.7,3.7,3.1,2.5,2.5,2.5,2.5,2.5,2.5,2.8,2.5,2.5,2.5,2.5,2.5,2.5,2.5,2.5,2.5,2.5,2.5,,
Cuba,,,,,,,,,,,,,,,,,,,,,,,,,,127.0,130.0,134.0,135.0,135.0,134.0,,,,,,,,,,,,,,,,,,11144132.0,11177418.0,11209383.0,11238756.0,11262554.0,11278550.0,11287272.0,11291762.0,11294719.0,11297409.0,11301571.0,11303175.0,11298167.0,11285775.0,11275065.0,11265612.0,11247829.0,11227118.0,11202846.0,11176354.0,11122168.0,11059820.0,11019931.0,10979783.0,,,,,,,,,,,,,,,,,,,,,,,,,2.5,2.5,2.5,2.5,2.5,2.5,2.5,2.5,2.5,2.5,2.5,2.5,2.5,2.5,2.5,2.5,2.5,2.5,2.5,2.5,2.5,2.5,,
Curacao,,,,,,,,,,,,,,,,,,,,,,,,,,,,,,,,,,,,,,,,,,,,,,,,,129047.0,129205.0,131897.0,134192.0,137658.0,141239.0,144056.0,145880.0,146833.0,148703.0,150831.0,152088.0,153822.0,155909.0,157980.0,159664.0,160175.0,159336.0,157441.0,154947.0,152369.0,149996.0,155800.0,155900.0,,,,,,,,,,,,,,,,,,,,,,,,,,,,,,,,,,,,,,,,,,,,,,,,
Curaçao,40.56760875,40.950420916666666,42.86855908333333,44.48335683333334,49.503759,53.96286216666667,58.44865166666667,70.11761108333333,74.01841524999999,79.80693533333333,85.04624441666667,92.68279991666668,96.11758233333336,99.2465435,100.0018615,101.530391,103.24581475,107.7980285,114.32598358333333,121.69496333333332,130.10544791666666,145.30935358333332,165.50311491666668,,,,,,,,,,,,,,,,,,,,,,,,,,,,,,,,,,,,,,,,,,,,,,,,,,,,,,,,,,,,,,,,,,,,,,,,,,,,,,,,,,,,,,,,,,,,,,,,,
Curaçao,72.3715845,72.65483925,73.8418115,74.86017966666667,77.94226116666667,80.37015866666667,82.77782408333333,88.46989533333334,90.02105216666666,92.52313575,94.68126691666669,97.69590658333334,98.99752958333332,100.48124475,100.00240941666668,99.9552005,101.54007816666667,104.16355633333336,106.89494133333334,109.23663358333332,113.29457966666666,121.683344,125.9779595,129.30879241666665,130.85084475,,,,,,,,,,,,,,,,,,,,,,,,,,,,,,,,,,,,,,,,,,,,,,,,,,,,,,,,,,,,,,,,,,,,,,,,,,,,,,,,,,,,,,,,,,,,,,,
Curaçao,5.237386833333333,0.91748575,4.78616025,3.758378833333333,11.274168833333334,9.081621666666669,8.2913245,19.8507925,5.822215,7.882638416666666,6.547941916666667,9.02537825,3.736269,3.3029880833333336,0.7992211666666665,1.53108575,1.6886931666666667,4.407790833333333,6.0468780833333335,6.447032833333334,6.911641,11.63169475,13.972992916666668,,,,,,,,,,,,,,,,,,,,,,,,,,,,,,,,,,,,,,,,,,,,,,,,,,,,,,,,,,,,,,,,,,,,,,,,,,,,,,,,,,,,,,,,,,,,,,,,,
Cyprus,67.093605,70.16977833333333,73.75443941666667,76.68266166666668,77.90010325,81.80410725,86.35177958333334,92.90755691666668,96.335712,96.56664083333334,100.50544158333334,101.32572675,101.53714041666666,100.06049683333332,100.00000016666668,99.74,99.44916666666668,100.17166666666668,100.70916666666666,101.93833333333332,101.5459835,110.57416666666668,119.13,123.10666666666668,122.46952666666668,106.0,105.0,105.0,106.0,108.0,110.0,112.0,114.0,116.0,117.0,117.0,117.0,116.0,116.0,116.0,117.0,117.0,118.0,119.0,120.0,120.0,119.0,119.0,964127.0,981440.0,999590.0,1017875.0,1036151.0,1054418.0,1072714.0,1091026.0,1109371.0,1127816.0,1146493.0,1165397.0,1183895.0,1201801.0,1219502.0,1237112.0,1254275.0,1270737.0,1286671.0,1302247.0,1317309.0,1331370.0,1344976.0,1358282.0,,,,0.1,0.1,0.0,0.0,0.0,0.1,0.1,0.0,0.0,0.1,0.1,0.0,0.1,0.1,0.1,0.2,0.0,0.0,0.0,0.0,,5.8,6.3,6.8,7.6,8.4,8.4,7.8,7.4,5.5,3.6,2.5,2.5,2.5,2.5,2.5,2.5,2.5,2.5,2.5,2.5,2.5,2.5,,
Cyprus,77.69804883333333,79.87449158333334,83.180549,85.08223675,87.26047941666667,89.2715605,91.389664,95.65665508333332,95.96876041666668,98.30084041666667,101.534397,103.96010866666666,103.54493591666666,102.1419135,100.0,98.57083333333333,99.095,100.5175,100.76916666666666,100.12583333333332,102.575,111.18666666666668,115.12416666666668,117.19666666666669,117.18914083333334,106.0,105.0,105.0,106.0,108.0,110.0,112.0,114.0,116.0,117.0,117.0,117.0,116.0,116.0,116.0,117.0,117.0,118.0,119.0,120.0,120.0,119.0,119.0,964127.0,981440.0,999590.0,1017875.0,1036151.0,1054418.0,1072714.0,1091026.0,1109371.0,1127816.0,1146493.0,1165397.0,1183895.0,1201801.0,1219502.0,1237112.0,1254275.0,1270737.0,1286671.0,1302247.0,1317309.0,1331370.0,1344976.0,1358282.0,,,,0.1,0.1,0.0,0.0,0.0,0.1,0.1,0.0,0.0,0.1,0.1,0.0,0.1,0.1,0.1,0.2,0.0,0.0,0.0,0.0,,5.8,6.3,6.8,7.6,8.4,8.4,7.8,7.4,5.5,3.6,2.5,2.5,2.5,2.5,2.5,2.5,2.5,2.5,2.5,2.5,2.5,2.5,,
Cyprus,4.092051583333333,4.69629175,5.124677916666667,4.00284175,1.5945501666666668,5.0155795,5.582823416666667,7.583096999999999,3.7937256666666666,0.2944699166666665,4.150764833333334,0.8414195000000001,0.2274419166666667,-1.4411388333333333,-0.0466350833333332,-0.1831716666666667,-0.2194382499999999,0.7678394166666666,0.604154,1.22369075,-0.3400475,8.929902583333334,7.801311083333334,3.332997666666667,2.156368833333333,106.0,105.0,105.0,106.0,108.0,110.0,112.0,114.0,116.0,117.0,117.0,117.0,116.0,116.0,116.0,117.0,117.0,118.0,119.0,120.0,120.0,119.0,119.0,964127.0,981440.0,999590.0,1017875.0,1036151.0,1054418.0,1072714.0,1091026.0,1109371.0,1127816.0,1146493.0,1165397.0,1183895.0,1201801.0,1219502.0,1237112.0,1254275.0,1270737.0,1286671.0,1302247.0,1317309.0,1331370.0,1344976.0,1358282.0,,,,0.1,0.1,0.0,0.0,0.0,0.1,0.1,0.0,0.0,0.1,0.1,0.0,0.1,0.1,0.1,0.2,0.0,0.0,0.0,0.0,,5.8,6.3,6.8,7.6,8.4,8.4,7.8,7.4,5.5,3.6,2.5,2.5,2.5,2.5,2.5,2.5,2.5,2.5,2.5,2.5,2.5,2.5,,
Czechia,76.7,75.20833333333333,73.56666666666666,76.075,75.88333333333334,76.53333333333333,80.15833333333333,86.65833333333335,83.21666666666667,84.44166666666666,88.35000000000001,94.45833333333331,99.1,101.1,99.98333333333332,99.05,104.18333333333334,105.55,108.525,113.45,114.35833333333332,133.45000000000002,148.8166666666667,145.40833333333333,151.83333333333334,123.0,126.0,128.0,129.0,128.0,128.0,127.0,127.0,128.0,129.0,129.0,129.0,128.0,127.0,126.0,128.0,130.0,131.0,132.0,133.0,134.0,134.0,135.0,10216605.0,10196916.0,10193998.0,10197101.0,10211216.0,10238905.0,10298828.0,10384603.0,10443936.0,10474410.0,10496088.0,10510785.0,10514272.0,10525347.0,10546059.0,10566332.0,10594438.0,10629928.0,10671870.0,10697858.0,10505772.0,10672118.0,10864042.0,10882164.0,,0.0,,0.0,0.0,0.1,0.1,0.1,0.0,0.0,0.1,0.1,0.0,0.0,0.0,0.0,0.0,0.0,0.0,0.0,0.1,0.0,0.0,,2.5,2.5,2.5,2.5,2.5,2.5,2.5,2.5,2.5,2.5,2.5,2.5,2.5,2.5,2.5,2.5,2.5,2.5,2.5,2.5,2.5,2.5,,
Czechia,75.75833333333334,77.2,77.29166666666667,79.425,80.9,82.95,85.31666666666666,90.74166666666667,91.66666666666669,93.01666666666668,94.8,97.91666666666669,99.325,99.66666666666669,99.975,100.65833333333336,103.125,105.34166666666664,108.34166666666664,111.76666666666668,116.05833333333334,133.58333333333334,147.82500000000002,151.425,154.54999999999998,123.0,126.0,128.0,129.0,128.0,128.0,127.0,127.0,128.0,129.0,129.0,129.0,128.0,127.0,126.0,128.0,130.0,131.0,132.0,133.0,134.0,134.0,135.0,10216605.0,10196916.0,10193998.0,10197101.0,10211216.0,10238905.0,10298828.0,10384603.0,10443936.0,10474410.0,10496088.0,10510785.0,10514272.0,10525347.0,10546059.0,10566332.0,10594438.0,10629928.0,10671870.0,10697858.0,10505772.0,10672118.0,10864042.0,10882164.0,,0.0,,0.0,0.0,0.1,0.1,0.1,0.0,0.0,0.1,0.1,0.0,0.0,0.0,0.0,0.0,0.0,0.0,0.0,0.1,0.0,0.0,,2.5,2.5,2.5,2.5,2.5,2.5,2.5,2.5,2.5,2.5,2.5,2.5,2.5,2.5,2.5,2.5,2.5,2.5,2.5,2.5,2.5,2.5,,
Czechia,5.085830916666667,-1.9142113333333333,-2.08064925,3.4241095,-0.2505767499999999,0.8663560833333334,4.738501666666667,8.217607333333333,-3.979755833333333,1.5478786666666666,4.627055416666667,6.9232959166666665,4.914723416666667,2.03226275,-1.1038042499999998,-0.9148445,5.18512975,1.3266573333333331,2.826165583333333,4.55661175,0.8181943333333334,16.694992583333335,12.03212775,-2.2530634166666665,5.174172166666667,123.0,126.0,128.0,129.0,128.0,128.0,127.0,127.0,128.0,129.0,129.0,129.0,128.0,127.0,126.0,128.0,130.0,131.0,132.0,133.0,134.0,134.0,135.0,10216605.0,10196916.0,10193998.0,10197101.0,10211216.0,10238905.0,10298828.0,10384603.0,10443936.0,10474410.0,10496088.0,10510785.0,10514272.0,10525347.0,10546059.0,10566332.0,10594438.0,10629928.0,10671870.0,10697858.0,10505772.0,10672118.0,10864042.0,10882164.0,,0.0,,0.0,0.0,0.1,0.1,0.1,0.0,0.0,0.1,0.1,0.0,0.0,0.0,0.0,0.0,0.0,0.0,0.0,0.1,0.0,0.0,,2.5,2.5,2.5,2.5,2.5,2.5,2.5,2.5,2.5,2.5,2.5,2.5,2.5,2.5,2.5,2.5,2.5,2.5,2.5,2.5,2.5,2.5,,
Czechoslovakia,,,,,,,,,,,,,,,,,,,,,,,,,,,,,,,,,,,,,,,,,,,,,,,,,,,,,,,,,,,,,,,,,,,,,,,,,,,,,,,,,,,,,,,,,,,,,,,,,,,,,,,,,,,,,,,,,,,,,,,,
Côte d'Ivoire,62.56470158333334,65.7907525,68.25227166666666,65.85061083333333,67.465469,69.49076758333334,73.23994166666667,81.73362,84.49280558333334,89.38860083333333,98.52167425,98.23280958333334,100.13257383333332,98.02394525,100.019474,103.079717,103.43389608333332,102.93760408333333,99.24540016666668,103.40025625,111.34032508333333,121.16219308333332,129.08683766666667,134.83747358333332,136.09761849999998,117.0,118.0,119.0,119.0,120.0,120.0,120.0,120.0,119.0,120.0,120.0,121.0,120.0,121.0,122.0,125.0,126.0,127.0,128.0,129.0,130.0,130.0,130.0,,,,,,,,,,,,,,,,,,,,,,,,,,,,,,,,,,,,,,,,,,,,,,,,,,,,,,,,,,,,,,,,,,,,,,,,
Côte d'Ivoire,70.80321816666667,72.98202058333334,75.38809725,76.48724700000001,79.45941166666667,81.41982758333333,82.96029583333333,88.19386908333333,89.0930095,90.18569625,94.616009,95.85028541666668,98.32434458333334,98.76550841666666,100.00155833333334,100.72474791666669,101.41560008333332,101.78009666666668,100.65353025,103.09438475,107.31295741666668,112.97496866666668,117.93131275,122.01925208333334,121.76871333333334,117.0,118.0,119.0,119.0,120.0,120.0,120.0,120.0,119.0,120.0,120.0,121.0,120.0,121.0,122.0,125.0,126.0,127.0,128.0,129.0,130.0,130.0,130.0,,,,,,,,,,,,,,,,,,,,,,,,,,,,,,,,,,,,,,,,,,,,,,,,,,,,,,,,,,,,,,,,,,,,,,,,
Côte d'Ivoire,5.553357916666666,5.18805625,3.8227235833333335,-3.4541204166666666,2.4683852500000003,2.994053916666666,5.410232583333333,11.57757825,3.5761980833333333,5.872499833333333,10.318749333333333,-0.0215501666666666,1.9592833333333333,-2.1031026666666666,2.0441718333333334,3.055290833333333,0.417166,-0.4521490000000001,-3.5682174166666667,4.1936747500000005,7.685164,8.844921166666667,6.546112083333333,4.476994416666667,1.752930833333333,117.0,118.0,119.0,119.0,120.0,120.0,120.0,120.0,119.0,120.0,120.0,121.0,120.0,121.0,122.0,125.0,126.0,127.0,128.0,129.0,130.0,130.0,130.0,,,,,,,,,,,,,,,,,,,,,,,,,,,,,,,,,,,,,,,,,,,,,,,,,,,,,,,,,,,,,,,,,,,,,,,,
Democratic People's Republic of Korea,,,,,,,,,,,,,,,,,,,,,,,,,,90.0,91.0,92.0,92.0,91.0,90.0,88.0,87.0,87.0,86.0,86.0,86.0,86.0,85.0,85.0,85.0,84.0,84.0,,,,,,,,,,,,,,,,,,,,,,,,,,,,,,,,,,,,,,,,,,,,,,,,,,,,,,,,,,,,,,,,,,,,,,,,,,,,,
Democratic Republic of Congo,,,,,,,,,,,,,,,,,,,,,,,,,,,,,,,,,,,,,,,,,,,,,,,,,,,,,,,,,,,,,,,,,,,,,,,,,,,,,,,,,,,,,,,,,,,,,,,,,,,,,,,,,,,,,,,,,,,,,,,,
Democratic Republic of the Congo,24.40206158333333,32.06536283333333,36.17665241666666,37.61597658333333,45.60033175,51.528031,60.223445,70.59876725,94.66138308333336,77.70041416666668,89.551891,97.11325941666666,97.81495333333334,99.16938541666669,100.00045991666668,103.02765541666668,113.3370115,,,,,,,,,106.0,106.0,106.0,106.0,106.0,106.0,106.0,105.0,105.0,105.0,105.0,104.0,104.0,104.0,103.0,102.0,102.0,102.0,101.0,100.0,99.0,99.0,98.0,,,,,,,,,,,,,,,,,,,,,,,,,,,,,,,,,,,,,,,,,,,,,,,,,,,,,,,,,,,,,,,,,,,,,,,,
Democratic Republic of the Congo,24.292203416666663,31.94973333333333,36.062931,37.50342308333333,45.497959,51.43666891666667,60.15266408333333,70.55990808333333,94.71615708333331,77.685612,89.584341,97.25679825,98.04285008333332,99.26156108333332,100.00026441666668,102.88612316666666,126.77976075,163.57788975,187.2319398333333,,,,,,,106.0,106.0,106.0,106.0,106.0,106.0,106.0,105.0,105.0,105.0,105.0,104.0,104.0,104.0,103.0,102.0,102.0,102.0,101.0,100.0,99.0,99.0,98.0,,,,,,,,,,,,,,,,,,,,,,,,,,,,,,,,,,,,,,,,,,,,,,,,,,,,,,,,,,,,,,,,,,,,,,,,
Democratic Republic of the Congo,427.6445863333333,45.93424533333334,12.982963833333336,3.987322583333333,21.17403708333333,13.08522825,17.096791083333333,17.11844208333333,34.455227,-17.721620083333335,15.2195705,8.677450333333333,0.7233336666666667,1.3845634166666667,0.8383605,3.020490416666666,12.576948,,,,,,,,,106.0,106.0,106.0,106.0,106.0,106.0,106.0,105.0,105.0,105.0,105.0,104.0,104.0,104.0,103.0,102.0,102.0,102.0,101.0,100.0,99.0,99.0,98.0,,,,,,,,,,,,,,,,,,,,,,,,,,,,,,,,,,,,,,,,,,,,,,,,,,,,,,,,,,,,,,,,,,,,,,,,
Denmark,76.72500000000001,78.39999999999999,79.51666666666667,78.70833333333333,79.21666666666667,81.375,85.00833333333334,91.44166666666666,91.35833333333332,91.7,95.33333333333331,99.425,99.85,98.98333333333332,100.00833333333333,100.10833333333332,102.91666666666669,102.95833333333331,104.39166666666668,105.05833333333334,105.66666666666669,117.83333333333331,127.725,129.93333333333334,134.46666666666667,131.0,132.0,133.0,133.0,134.0,134.0,133.0,133.0,132.0,133.0,134.0,134.0,135.0,135.0,134.0,134.0,136.0,138.0,140.0,141.0,141.0,141.0,140.0,5358783.0,5375931.0,5390574.0,5404523.0,5419432.0,5437272.0,5461438.0,5493621.0,5523095.0,5547683.0,5570572.0,5591572.0,5614932.0,5643475.0,5683483.0,5728010.0,5764980.0,5793636.0,5814422.0,5831404.0,5856733.0,5903037.0,5946952.0,5976992.0,,,0.4,0.3,0.3,0.2,0.1,0.3,0.6,0.1,0.0,0.0,0.3,0.2,0.2,0.3,0.1,0.2,0.3,0.2,0.2,0.2,0.4,,2.5,2.5,2.5,2.5,2.5,2.5,2.5,2.5,2.5,2.5,2.5,2.5,2.5,2.5,2.5,2.5,2.5,2.5,2.5,2.5,2.5,2.5,,
Denmark,78.02499999999999,79.91666666666667,81.575,82.51666666666667,84.01666666666667,85.63333333333333,87.08333333333333,90.05833333333334,91.23333333333332,93.34166666666664,95.91666666666669,98.21666666666664,98.99166666666667,99.55,100.0,100.25,101.4,102.225,103.0,103.43333333333334,105.35,113.45833333333331,117.20833333333331,118.81666666666666,120.33333333333331,131.0,132.0,133.0,133.0,134.0,134.0,133.0,133.0,132.0,133.0,134.0,134.0,135.0,135.0,134.0,134.0,136.0,138.0,140.0,141.0,141.0,141.0,140.0,5358783.0,5375931.0,5390574.0,5404523.0,5419432.0,5437272.0,5461438.0,5493621.0,5523095.0,5547683.0,5570572.0,5591572.0,5614932.0,5643475.0,5683483.0,5728010.0,5764980.0,5793636.0,5814422.0,5831404.0,5856733.0,5903037.0,5946952.0,5976992.0,,,0.4,0.3,0.3,0.2,0.1,0.3,0.6,0.1,0.0,0.0,0.3,0.2,0.2,0.3,0.1,0.2,0.3,0.2,0.2,0.2,0.4,,2.5,2.5,2.5,2.5,2.5,2.5,2.5,2.5,2.5,2.5,2.5,2.5,2.5,2.5,2.5,2.5,2.5,2.5,2.5,2.5,2.5,2.5,,
Denmark,3.854464666666667,2.18936475,1.424218,-1.0151321666666666,0.64971775,2.72315075,4.467441666666667,7.597882833333333,-0.0679897499999999,0.3916251666666666,3.95934725,4.304187083333333,0.43455075,-0.8664941666666666,1.03582075,0.1012345833333333,2.804291166666667,0.0502534166666666,1.3922165,0.6389550833333334,0.5815975,11.483987416666666,8.604280833333332,1.7417538333333331,4.8753063333333335,131.0,132.0,133.0,133.0,134.0,134.0,133.0,133.0,132.0,133.0,134.0,134.0,135.0,135.0,134.0,134.0,136.0,138.0,140.0,141.0,141.0,141.0,140.0,5358783.0,5375931.0,5390574.0,5404523.0,5419432.0,5437272.0,5461438.0,5493621.0,5523095.0,5547683.0,5570572.0,5591572.0,5614932.0,5643475.0,5683483.0,5728010.0,5764980.0,5793636.0,5814422.0,5831404.0,5856733.0,5903037.0,5946952.0,5976992.0,,,0.4,0.3,0.3,0.2,0.1,0.3,0.6,0.1,0.0,0.0,0.3,0.2,0.2,0.3,0.1,0.2,0.3,0.2,0.2,0.2,0.4,,2.5,2.5,2.5,2.5,2.5,2.5,2.5,2.5,2.5,2.5,2.5,2.5,2.5,2.5,2.5,2.5,2.5,2.5,2.5,2.5,2.5,2.5,,
Djibouti,47.33207733333333,47.842703916666665,49.453259,52.02572141666667,53.43630066666666,57.11570233333333,62.76651583333334,78.59729066666667,83.38561133333333,86.53817049999999,93.61230891666666,97.63160941666666,96.73772375,96.98991208333332,100.01963875,106.04841708333332,108.02163683333332,108.21199983333334,114.3635705,119.86519508333332,121.94036958333334,135.0247505,138.3216165,141.74310041666666,138.81824283333333,89.0,89.0,91.0,94.0,98.0,102.0,104.0,106.0,106.0,107.0,108.0,109.0,112.0,114.0,116.0,116.0,116.0,117.0,117.0,117.0,117.0,116.0,116.0,771313.0,795574.0,813519.0,826124.0,839167.0,855764.0,874528.0,892734.0,911527.0,930251.0,948558.0,966747.0,984824.0,1002717.0,1020313.0,1037653.0,1054841.0,1071882.0,1088709.0,1105188.0,1121248.0,1137096.0,1152944.0,1168722.0,,32.3,,,,,,,,,,26.4,31.2,,,,25.4,,,,,,,,41.9,40.5,37.8,34.0,30.1,25.7,23.2,21.2,20.8,19.9,19.0,17.5,16.0,14.3,13.2,12.8,12.7,12.2,11.9,11.9,12.3,12.9,,
Djibouti,63.38865725,63.79283575,65.05718883333333,67.08844491666666,69.1715185,71.58104408333334,75.13574191666667,84.12094033333334,85.53038316666668,88.90890058333333,93.41543866666666,96.90096433333332,99.52313566666668,100.85860175,100.00393633333331,102.74245633333334,103.32614866666668,103.47904116666666,106.91377316666666,108.814067,110.10015966666668,115.80313708333334,117.534473,119.97513966666666,118.84593916666668,89.0,89.0,91.0,94.0,98.0,102.0,104.0,106.0,106.0,107.0,108.0,109.0,112.0,114.0,116.0,116.0,116.0,117.0,117.0,117.0,117.0,116.0,116.0,771313.0,795574.0,813519.0,826124.0,839167.0,855764.0,874528.0,892734.0,911527.0,930251.0,948558.0,966747.0,984824.0,1002717.0,1020313.0,1037653.0,1054841.0,1071882.0,1088709.0,1105188.0,1121248.0,1137096.0,1152944.0,1168722.0,,32.3,,,,,,,,,,26.4,31.2,,,,25.4,,,,,,,,41.9,40.5,37.8,34.0,30.1,25.7,23.2,21.2,20.8,19.9,19.0,17.5,16.0,14.3,13.2,12.8,12.7,12.2,11.9,11.9,12.3,12.9,,
Djibouti,2.96836725,1.0804841666666667,3.3683299166666667,5.209248083333333,2.73692625,6.88921225,9.861616666666666,25.07839216666667,6.65597025,3.7638199166666655,8.155602166666666,4.475625,-0.8866130833333333,0.3142314999999999,3.226432083333333,6.037828,1.9944661666666663,0.2172296666666665,5.681296166666667,4.83381325,1.76981525,10.69797475,2.7001905,2.537180333333333,-2.3194456666666667,89.0,89.0,91.0,94.0,98.0,102.0,104.0,106.0,106.0,107.0,108.0,109.0,112.0,114.0,116.0,116.0,116.0,117.0,117.0,117.0,117.0,116.0,116.0,771313.0,795574.0,813519.0,826124.0,839167.0,855764.0,874528.0,892734.0,911527.0,930251.0,948558.0,966747.0,984824.0,1002717.0,1020313.0,1037653.0,1054841.0,1071882.0,1088709.0,1105188.0,1121248.0,1137096.0,1152944.0,1168722.0,,32.3,,,,,,,,,,26.4,31.2,,,,25.4,,,,,,,,41.9,40.5,37.8,34.0,30.1,25.7,23.2,21.2,20.8,19.9,19.0,17.5,16.0,14.3,13.2,12.8,12.7,12.2,11.9,11.9,12.3,12.9,,
Dominica,62.3090935,63.26776633333333,63.510136,65.28476641666667,66.89800208333334,69.40008091666667,73.35569925,81.91634291666666,85.93988641666665,90.25957416666668,93.19322741666667,96.68323075,98.22198758333332,99.28921658333331,100.00117541666668,100.09283983333334,99.86743583333332,102.02605358333334,103.94486116666668,107.95116991666669,108.585306,111.7612465,122.11404591666668,127.66874866666666,133.790717,124.0,123.0,122.0,121.0,120.0,122.0,123.0,125.0,124.0,123.0,122.0,123.0,123.0,123.0,123.0,122.0,120.0,120.0,120.0,121.0,121.0,124.0,127.0,68288.0,68367.0,68531.0,68649.0,68734.0,68806.0,68847.0,68854.0,68864.0,68859.0,69053.0,69118.0,69715.0,70373.0,70410.0,69606.0,68496.0,68174.0,67880.0,67573.0,67202.0,66826.0,66510.0,66205.0,,,,,,,,,,,,,,,,,,,,,,,,,2.5,2.5,2.5,2.5,2.7,2.5,2.5,2.5,2.8,3.8,4.8,5.6,6.1,6.4,7.0,8.0,9.4,10.1,11.9,13.4,14.0,13.4,,
Dominica,79.53842974999999,79.673689,80.83164091666667,82.76683916666667,84.1588955,86.01240374999999,89.13656441666666,94.80558008333333,94.81151833333332,97.65526308333334,98.75997008333331,100.09991733333334,100.05345916666666,100.85313683333334,100.00211075,100.14393008333332,100.44060925,101.43415891666666,102.96036116666666,104.21674983333332,106.53965083333333,109.61321566666668,115.18899308333332,118.172087,118.668454,124.0,123.0,122.0,121.0,120.0,122.0,123.0,125.0,124.0,123.0,122.0,123.0,123.0,123.0,123.0,122.0,120.0,120.0,120.0,121.0,121.0,124.0,127.0,68288.0,68367.0,68531.0,68649.0,68734.0,68806.0,68847.0,68854.0,68864.0,68859.0,69053.0,69118.0,69715.0,70373.0,70410.0,69606.0,68496.0,68174.0,67880.0,67573.0,67202.0,66826.0,66510.0,66205.0,,,,,,,,,,,,,,,,,,,,,,,,,2.5,2.5,2.5,2.5,2.7,2.5,2.5,2.5,2.8,3.8,4.8,5.6,6.1,6.4,7.0,8.0,9.4,10.1,11.9,13.4,14.0,13.4,,
Dominica,2.187830583333333,1.5420209166666667,0.383627,2.803717916666667,2.468436833333333,3.738897083333333,5.684289916666667,11.699161916666666,4.942428916666667,5.0472115,3.24616075,3.752768916666666,1.5953849166666665,1.0894164166666669,0.7174408333333333,0.0930761666666666,-0.2249243333333333,2.16279775,1.882,3.8585549166666655,0.59075225,2.92354925,9.267650166666668,4.544518833333333,7.567959,124.0,123.0,122.0,121.0,120.0,122.0,123.0,125.0,124.0,123.0,122.0,123.0,123.0,123.0,123.0,122.0,120.0,120.0,120.0,121.0,121.0,124.0,127.0,68288.0,68367.0,68531.0,68649.0,68734.0,68806.0,68847.0,68854.0,68864.0,68859.0,69053.0,69118.0,69715.0,70373.0,70410.0,69606.0,68496.0,68174.0,67880.0,67573.0,67202.0,66826.0,66510.0,66205.0,,,,,,,,,,,,,,,,,,,,,,,,,2.5,2.5,2.5,2.5,2.7,2.5,2.5,2.5,2.8,3.8,4.8,5.6,6.1,6.4,7.0,8.0,9.4,10.1,11.9,13.4,14.0,13.4,,
Dominican Republic,26.104478,27.304899833333334,34.897482000000004,59.73524175,58.061865,59.96390658333333,62.4832195,72.35151516666666,74.70981708333333,77.82362375000001,82.091081,86.19942933333334,90.20755833333334,93.7334825,100.04761458333331,102.19864583333332,104.56292325,108.33667383333334,112.40179658333334,119.54280566666668,131.34571441666665,145.9436965,157.336421,163.63557775,168.68876016666667,101.0,99.0,98.0,97.0,99.0,101.0,103.0,106.0,108.0,110.0,112.0,114.0,116.0,117.0,119.0,121.0,123.0,126.0,128.0,130.0,132.0,135.0,137.0,8720283.0,8852235.0,8980620.0,9104892.0,9225034.0,9341183.0,9455658.0,9573130.0,9695265.0,9820175.0,9945621.0,10070411.0,10193833.0,10315528.0,10434829.0,10551430.0,10666843.0,10782053.0,10894043.0,11008300.0,11123476.0,11230734.0,11331265.0,11427557.0,6.6,9.0,10.7,14.6,9.9,8.1,7.8,7.1,6.3,5.5,5.3,5.4,4.4,4.1,3.3,3.0,1.5,1.1,1.0,1.3,1.3,1.0,1.3,0.8,20.5,22.7,23.7,23.2,19.3,16.5,16.4,16.2,15.5,13.5,11.7,10.4,9.2,8.4,7.4,6.7,6.0,5.8,6.3,6.2,5.8,4.6,,
Dominican Republic,29.031556666666663,30.54798166666667,38.93331491666667,58.96873358333334,61.43964291666666,66.0923475,70.15277491666667,77.62027183333333,78.73967366666666,83.72384166666667,88.57711858333334,91.84959758333332,96.28680666666666,99.17410341666668,100.00393916666668,101.61816883333334,104.95079466666668,108.6916965,110.65967258333336,114.84375,124.31032441666666,135.26342141666666,141.73660525,146.4170785,150.38103033333334,101.0,99.0,98.0,97.0,99.0,101.0,103.0,106.0,108.0,110.0,112.0,114.0,116.0,117.0,119.0,121.0,123.0,126.0,128.0,130.0,132.0,135.0,137.0,8720283.0,8852235.0,8980620.0,9104892.0,9225034.0,9341183.0,9455658.0,9573130.0,9695265.0,9820175.0,9945621.0,10070411.0,10193833.0,10315528.0,10434829.0,10551430.0,10666843.0,10782053.0,10894043.0,11008300.0,11123476.0,11230734.0,11331265.0,11427557.0,6.6,9.0,10.7,14.6,9.9,8.1,7.8,7.1,6.3,5.5,5.3,5.4,4.4,4.1,3.3,3.0,1.5,1.1,1.0,1.3,1.3,1.0,1.3,0.8,20.5,22.7,23.7,23.2,19.3,16.5,16.4,16.2,15.5,13.5,11.7,10.4,9.2,8.4,7.4,6.7,6.0,5.8,6.3,6.2,5.8,4.6,,
Dominican Republic,4.41804025,4.5837761666666665,27.466666916666668,73.36009975,-2.3091249166666667,3.2801166666666663,4.199216916666667,15.79487225,3.46672525,4.187824083333333,5.4698405,5.036153916666667,4.67180975,3.9032006666666663,6.722769833333333,2.2568651666666666,2.3334215833333336,3.6292325833333337,3.7684608333333336,6.3371363333333335,9.901536083333331,11.124932416666669,7.837251999999999,4.021412083333334,4.021971166666667,101.0,99.0,98.0,97.0,99.0,101.0,103.0,106.0,108.0,110.0,112.0,114.0,116.0,117.0,119.0,121.0,123.0,126.0,128.0,130.0,132.0,135.0,137.0,8720283.0,8852235.0,8980620.0,9104892.0,9225034.0,9341183.0,9455658.0,9573130.0,9695265.0,9820175.0,9945621.0,10070411.0,10193833.0,10315528.0,10434829.0,10551430.0,10666843.0,10782053.0,10894043.0,11008300.0,11123476.0,11230734.0,11331265.0,11427557.0,6.6,9.0,10.7,14.6,9.9,8.1,7.8,7.1,6.3,5.5,5.3,5.4,4.4,4.1,3.3,3.0,1.5,1.1,1.0,1.3,1.3,1.0,1.3,0.8,20.5,22.7,23.7,23.2,19.3,16.5,16.4,16.2,15.5,13.5,11.7,10.4,9.2,8.4,7.4,6.7,6.0,5.8,6.3,6.2,5.8,4.6,,
Early-demographic dividend,,,,,,,,,,,,,,,,,,,,,,,,,,,,,,,,,,,,,,,,,,,,,,,,,2556335424.0,2601917557.0,2647109296.0,2693184997.0,2738846905.0,2784726644.0,2830531957.0,2875943965.0,2921563644.0,2967104472.0,3013476947.0,3058869436.0,3103677284.0,3146800078.0,3190318707.0,3233033717.0,3274060446.0,3314245247.0,3355014793.0,3396051187.0,3432026092.0,3470644834.0,3511607650.0,3552278604.0,,,,,,,,,,,,,,,,,,,,,,,,,17.2700852644045,17.8344745585837,18.31856909567,18.1521899021575,17.4964799242657,16.0572251135789,14.6125550088458,13.6928153985006,13.3028015464017,12.8328869819533,12.3714777832124,11.8060330312612,11.2514508667225,10.9646788638453,10.6976553883174,10.3382407929532,9.88754638575709,9.80579250382306,10.5958429114796,11.5460860685502,12.2806001020066,12.3535657115609,,
East Asia & Pacific,,,,,,,,,,,,,,,,,,,,,,,,,,,,,,,,,,,,,,,,,,,,,,,,,2068682053.0,2086144389.0,2102761941.0,2118747885.0,2134573057.0,2150688938.0,2167046538.0,2183472438.0,2199148703.0,2214613815.0,2230826576.0,2249081393.0,2267072102.0,2284385542.0,2300844269.0,2317076058.0,2333475520.0,2347576325.0,2359771090.0,2369438682.0,2375144416.0,2379648196.0,2384479340.0,2388378491.0,44.2,40.2,36.5,33.1,29.0,27.8,25.2,23.5,21.5,18.8,15.5,13.5,9.1,7.8,6.1,5.1,4.2,3.3,2.6,2.7,2.6,2.4,2.2,2.0,12.2520082397634,11.7148649965911,10.9692874286759,10.3462121987659,9.65389661768226,8.87297920110894,7.96993156835725,7.04873284547403,6.14742842426647,5.62303403906763,5.29230882515032,5.03458221450976,4.78742812136604,4.65896437050804,4.47420889610747,4.31400597858418,4.14432763477145,4.03128429942649,3.54716077305706,3.56425116430785,3.64412200949764,3.7109790751141,,
East Asia & Pacific (IDA & IBRD countries),,,,,,,,,,,,,,,,,,,,,,,,,,,,,,,,,,,,,,,,,,,,,,,,,1812475067.0,1828744767.0,1844349334.0,1859450104.0,1874487158.0,1889507244.0,1904568042.0,1919570287.0,1934167856.0,1948643347.0,1964036970.0,1981382735.0,1998548872.0,2014960984.0,2030504270.0,2045816761.0,2061449949.0,2074796982.0,2086281644.0,2095759417.0,2102350702.0,2107261123.0,2111139152.0,2114653077.0,,,,,,,,,,,,,,,,,,,,,,,,,13.1444912734289,12.530615507037,11.7086287806512,10.9941794853723,10.1837395704517,9.26180820010321,8.20311857184482,7.1391551636164,6.0731440300447,5.46328703657582,5.10856808889785,4.834119097289,4.56244110252039,4.40944703174651,4.18129979449148,3.98954257566728,3.77981764995304,3.66756430174172,3.63160732664522,3.64513227453686,3.71528853059802,3.77865282364357,,
East Asia & Pacific (excluding high income),,,,,,,,,,,,,,,,,,,,,,,,,,,,,,,,,,,,,,,,,,,,,,,,,1836260943.0,1852659155.0,1868409996.0,1883675167.0,1898853723.0,1914002124.0,1929185103.0,1944305887.0,1959017463.0,1973602166.0,1989106668.0,2006566431.0,2023850158.0,2040383789.0,2056050896.0,2071486140.0,2087238522.0,2100698838.0,2112289891.0,2121866294.0,2128553744.0,2133560408.0,2137527754.0,2141122258.0,,,,,,,,,,,,,,,,,,,,,,,,,13.4409600609277,12.8249336286796,11.9819008027406,11.2801526686867,10.4962002753208,9.61599373007305,8.59789999854218,7.56413297104561,6.52056711699377,5.92086881746054,5.56906896270257,5.29864532504117,5.02855069893276,4.88713884698822,4.66796482637959,4.48844900991255,4.29964628676342,4.18154390803236,3.63160732664522,3.64513227453686,3.71528853059802,3.77865282364357,,
East Timor,,,,,,,,,,,,,,,,,,,,,,,,,,,,,,,,,,,,,,,,,,,,,,,,,,,,,,,,,,,,,,,,,,,,,,,,,,,,,,,,,,,,,,,,,,,,,,,,,,,,,,,,,,,,,,,,,,,,,,,,
Eastern Africa,30.295575166666666,31.054715833333333,34.12511858333333,39.038480166666666,44.257443333333335,47.35671908333333,51.15452783333333,59.24786341666667,66.84119975,71.91652033333334,79.21394191666667,86.085845,90.90815233333336,94.25589275,99.91821341666667,106.48848108333334,116.50558058333333,119.29422858333334,124.33270083333332,134.8053935,139.39508466666666,166.57767108333334,192.40510016666667,204.08244025,214.641889,,,,,,,,,,,,,,,,,,,,,,,,,,,,,,,,,,,,,,,,,,,,,,,,,,,,,,,,,,,,,,,,,,,,,,,,,,,,,,,,,,,,,,,,,,,,,,,
Eastern Africa,24.507609833333333,25.922299166666665,28.82375783333333,31.73879375,35.38132125,38.55779891666666,42.35015908333333,51.43049741666667,57.026176666666665,59.99183191666666,70.99121125,80.883358,86.05838808333334,91.57287508333332,100.09117575,109.65338775,121.55634675,126.86417258333334,137.34339266666666,152.64340516666667,174.07047191666666,209.6528165,247.84985383333333,282.1785225,307.512492,,,,,,,,,,,,,,,,,,,,,,,,,,,,,,,,,,,,,,,,,,,,,,,,,,,,,,,,,,,,,,,,,,,,,,,,,,,,,,,,,,,,,,,,,,,,,,,
Eastern Africa,36.48880008333333,36.54387533333333,40.426115333333335,44.30662633333333,45.64898975,49.951262750000005,55.09023166666666,61.196705083333335,68.064773,74.8016745,80.95437791666667,87.708626,92.29643975,95.50770958333334,99.89279991666666,105.38611516666668,112.49017516666667,115.53178316666668,119.72678675000002,129.05352266666668,134.23526,151.95037033333332,168.55773200000002,178.57590033333335,186.2730615,,,,,,,,,,,,,,,,,,,,,,,,,,,,,,,,,,,,,,,,,,,,,,,,,,,,,,,,,,,,,,,,,,,,,,,,,,,,,,,,,,,,,,,,,,,,,,,
Eastern Africa,28.708242416666668,30.1242495,32.876970166666666,35.5723145,38.80482558333333,42.80245183333333,46.814182,55.73862016666666,60.94121016666667,64.45125258333333,73.86106191666667,82.92290816666666,88.34989083333333,93.67899108333334,100.04084741666668,107.27942133333332,115.89853641666669,123.299619,131.9538900833333,143.85831475,160.67936391666666,187.0098605,217.62660058333333,245.20103000000003,265.028991,,,,,,,,,,,,,,,,,,,,,,,,,,,,,,,,,,,,,,,,,,,,,,,,,,,,,,,,,,,,,,,,,,,,,,,,,,,,,,,,,,,,,,,,,,,,,,,
Eastern Africa,5.043951416666666,3.6223755833333335,7.555609083333334,6.7302264166666665,8.872210749999999,7.006359666666666,7.636023166666667,14.826483166666668,8.486319416666666,4.5509855833333335,7.114102583333334,6.615901999999999,5.315964833333333,4.220840333333333,6.342939250000001,6.8089095,8.0795615,3.124662333333333,4.722464583333333,6.949413166666666,7.87000275,12.535162083333333,10.771302666666664,6.452835916666667,6.620098333333334,,,,,,,,,,,,,,,,,,,,,,,,,,,,,,,,,,,,,,,,,,,,,,,,,,,,,,,,,,,,,,,,,,,,,,,,,,,,,,,,,,,,,,,,,,,,,,,
Eastern Africa,2.9890725833333334,5.475274916666667,13.223813,9.79774225,12.012031083333332,9.5836155,10.849198666666666,24.75293125,11.792468333333332,5.145705333333333,19.937614916666664,15.322747,6.6966435833333335,6.623349083333333,9.42568075,9.61657425,10.8713095,4.488930083333334,7.928960916666667,10.455603083333331,12.04372925,18.06651683333333,15.268119583333332,9.657946,9.031674166666669,,,,,,,,,,,,,,,,,,,,,,,,,,,,,,,,,,,,,,,,,,,,,,,,,,,,,,,,,,,,,,,,,,,,,,,,,,,,,,,,,,,,,,,,,,,,,,,
Eastern Africa (FAO),,,,,,,,,,,,,,,,,,,,,,,,,,,,,,,,,,,,,,,,,,,,,,,,,,,,,,,,,,,,,,,,,,,,,,,,,,,,,,,,,,,,,,,,,,,,,,,,,,,,,,,,,,,,,,,,,,,,,,,,
Eastern Asia,52.38244916666667,51.54755741666667,51.59588133333333,54.15569641666667,55.620967,57.002588,62.50756508333333,72.24820658333333,72.88180691666666,76.80012583333333,85.15651175,90.01439008333334,93.18302166666666,97.11453008333332,100.11720091666666,102.64248025,104.05541616666666,107.40017566666668,112.72818425,120.91102933333332,122.52108316666666,127.79150441666668,130.8851515,132.41745441666666,134.30775616666668,,,,,,,,,,,,,,,,,,,,,,,,,,,,,,,,,,,,,,,,,,,,,,,,,,,,,,,,,,,,,,,,,,,,,,,,,,,,,,,,,,,,,,,,,,,,,,,
Eastern Asia,62.326635083333336,62.07637458333334,63.1573915,66.569689,67.25599791666667,68.21617283333333,72.38340333333333,78.82875475,79.71108958333333,83.11786483333333,88.92129041666668,91.84317591666668,94.30817608333332,97.32321691666668,100.00045275,103.4608985,103.30551175,105.309806,111.0489615,118.91181766666666,118.44653666666666,122.85517583333336,126.27882966666664,128.05538575,129.57046616666665,,,,,,,,,,,,,,,,,,,,,,,,,,,,,,,,,,,,,,,,,,,,,,,,,,,,,,,,,,,,,,,,,,,,,,,,,,,,,,,,,,,,,,,,,,,,,,,
Eastern Asia,70.12164991666667,70.81877441666667,71.79098958333333,73.08146991666666,74.05080741666667,75.39996608333333,77.99865291666667,81.88240499999999,81.92527666666666,84.17584816666667,88.74976933333333,91.68887025,94.7123705,97.66051241666666,99.97980783333333,101.61471491666668,103.54879316666668,106.0777,109.11916216666668,110.144748,111.05813975,113.62479375,115.52705183333336,116.65572258333331,117.214419,,,,,,,,,,,,,,,,,,,,,,,,,,,,,,,,,,,,,,,,,,,,,,,,,,,,,,,,,,,,,,,,,,,,,,,,,,,,,,,,,,,,,,,,,,,,,,,
Eastern Asia,79.77549549999999,79.32397433333334,79.87561533333333,81.62257375,82.48638058333333,83.4650885,85.75074166666667,89.27438625,88.75934633333333,90.31086966666668,93.36082975,94.97903275,96.67810758333331,98.81097066666666,100.00086225,101.21872683333332,102.50709166666668,104.23441591666666,106.19858858333332,107.69839258333332,108.5377185,111.20196275,112.94112141666666,114.37112916666666,115.49351383333334,,,,,,,,,,,,,,,,,,,,,,,,,,,,,,,,,,,,,,,,,,,,,,,,,,,,,,,,,,,,,,,,,,,,,,,,,,,,,,,,,,,,,,,,,,,,,,,
Eastern Asia,-0.41807625,-1.1313738333333334,1.4133085833333334,4.802191333333334,3.040899416666667,2.2403726666666666,7.596461000000001,15.17818475,2.618261583333333,5.388521333333333,9.002710083333334,5.8905631666666665,4.528109,4.086075083333333,3.106878416666667,2.573273,1.4751336666666666,2.9244375,5.592984749999999,4.904694916666666,1.1024424166666666,4.717763916666667,4.248988916666667,2.4713142500000003,1.5421963333333333,,,,,,,,,,,,,,,,,,,,,,,,,,,,,,,,,,,,,,,,,,,,,,,,,,,,,,,,,,,,,,,,,,,,,,,,,,,,,,,,,,,,,,,,,,,,,,,
Eastern Asia,0.3089286666666667,-0.2764606666666667,2.2546835,6.612626250000001,1.5419392500000002,1.652640916666667,7.382022916666667,9.996172416666669,1.2291418333333337,4.691589666666666,7.488988166666666,3.3842313333333336,2.736454416666667,3.222939916666667,2.757203833333333,3.46122875,-0.1117166666666666,1.9361725833333332,5.475374083333333,7.093361000000001,-0.2913519999999999,3.85098375,3.03933875,1.4801903333333335,2.092762,,,,,,,,,,,,,,,,,,,,,,,,,,,,,,,,,,,,,,,,,,,,,,,,,,,,,,,,,,,,,,,,,,,,,,,,,,,,,,,,,,,,,,,,,,,,,,,
Eastern Asia (FAO),,,,,,,,,,,,,,,,,,,,,,,,,,,,,,,,,,,,,,,,,,,,,,,,,,,,,,,,,,,,,,,,,,,,,,,,,,,,,,,,,,,,,,,,,,,,,,,,,,,,,,,,,,,,,,,,,,,,,,,,
Eastern Europe,50.69003241666667,55.51246558333333,57.01029875,60.55025141666667,62.2864505,66.49369133333333,74.62584058333333,82.92992650000001,83.40488066666667,85.10694408333333,90.26230175,95.7563065,99.41454466666666,99.46763291666667,99.89360116666668,100.66652616666666,104.908947,107.60918491666666,112.87009708333332,119.515416,123.53613075,148.07369516666668,165.39446325,174.48394475,188.8281721666667,,,,,,,,,,,,,,,,,,,,,,,,,,,,,,,,,,,,,,,,,,,,,,,,,,,,,,,,,,,,,,,,,,,,,,,,,,,,,,,,,,,,,,,,,,,,,,,
Eastern Europe,40.5253935,43.02519916666666,45.463846,49.2339055,52.27142333333333,54.719600750000005,58.46021658333333,66.33539158333333,70.44194391666666,73.53055591666667,79.61264316666667,82.96164241666666,86.43387241666666,90.47852966666666,100.02372216666669,103.36715091666667,107.29206716666664,110.15304141666668,116.01811308333332,121.16719108333332,129.36268383333334,151.80109566666667,166.30780666666666,176.4013045833333,191.41998366666667,,,,,,,,,,,,,,,,,,,,,,,,,,,,,,,,,,,,,,,,,,,,,,,,,,,,,,,,,,,,,,,,,,,,,,,,,,,,,,,,,,,,,,,,,,,,,,,
Eastern Europe,46.95375808333333,52.68943733333333,57.1880135,62.22940566666667,66.48039816666666,70.38950333333334,74.92564791666666,80.16498916666667,84.07898,88.67148633333333,92.97023691666668,96.7667085,99.42958333333333,99.734547,99.92538725,100.534503,102.93986041666666,105.51257591666666,108.87632641666666,112.32209183333332,117.73416,135.28207566666666,153.16963708333333,160.15892366666665,166.52101966666666,,,,,,,,,,,,,,,,,,,,,,,,,,,,,,,,,,,,,,,,,,,,,,,,,,,,,,,,,,,,,,,,,,,,,,,,,,,,,,,,,,,,,,,,,,,,,,,
Eastern Europe,41.624871500000005,44.91455075,47.95692616666667,51.437654083333335,54.98774791666667,58.09785758333334,61.5747415,67.45408991666666,72.30158783333333,75.85328975,80.75321541666666,84.59037166666667,88.07628383333333,91.8766085,100.03632358333334,104.18414058333332,107.87912116666666,111.3455425,115.80554508333334,119.56718925,126.846269,145.21686875,157.688163,167.6913965,177.86153849999997,,,,,,,,,,,,,,,,,,,,,,,,,,,,,,,,,,,,,,,,,,,,,,,,,,,,,,,,,,,,,,,,,,,,,,,,,,,,,,,,,,,,,,,,,,,,,,,
Eastern Europe,11.186553666666669,2.955391166666667,4.529920583333333,7.934134166666666,5.832523666666667,4.95867375,7.919329,12.824888583333331,3.3532246666666663,3.20242575,6.9841991666666665,4.399580666666666,3.731400833333333,0.8622584166666667,0.5819191666666667,0.96465325,4.384492416666666,3.5119325000000003,5.079164666666666,4.698668416666666,3.630793333333333,19.44186566666667,14.38330525,3.2576968333333336,6.312958166666667,,,,,,,,,,,,,,,,,,,,,,,,,,,,,,,,,,,,,,,,,,,,,,,,,,,,,,,,,,,,,,,,,,,,,,,,,,,,,,,,,,,,,,,,,,,,,,,
Eastern Europe,19.009758666666663,11.214496583333334,9.42086725,9.878794,8.547908666666666,5.9813415,7.504870749999999,15.967486666666666,7.599786083333334,4.9590085833333335,9.545174166666667,4.880835083333333,4.446032083333333,5.561922,12.074502583333333,3.40624275,3.78497475,2.6417815,5.286423916666666,4.470828,6.632811666666666,17.20655875,9.995192166666667,6.104496916666666,9.7998365,,,,,,,,,,,,,,,,,,,,,,,,,,,,,,,,,,,,,,,,,,,,,,,,,,,,,,,,,,,,,,,,,,,,,,,,,,,,,,,,,,,,,,,,,,,,,,,
Eastern Europe (FAO),,,,,,,,,,,,,,,,,,,,,,,,,,,,,,,,,,,,,,,,,,,,,,,,,,,,,,,,,,,,,,,,,,,,,,,,,,,,,,,,,,,,,,,,,,,,,,,,,,,,,,,,,,,,,,,,,,,,,,,,
Ecuador,39.52867458333333,47.21838808333334,52.99512083333334,55.210307666666665,56.446182,59.65205158333333,61.59329725,71.96455566666667,76.20012775,79.87993408333334,85.25234041666667,90.20660975,91.81465575,95.9656265,100.00578141666666,102.54158041666666,103.05209891666668,101.37294116666668,101.41793483333332,102.18900516666667,101.31683258333334,106.63893816666666,112.56501675,115.01600141666668,115.56420066666664,100.0,99.0,99.0,100.0,103.0,105.0,108.0,110.0,112.0,113.0,114.0,113.0,113.0,113.0,113.0,112.0,110.0,110.0,109.0,110.0,110.0,111.0,112.0,12910740.0,13138472.0,13372306.0,13608701.0,13846163.0,14086131.0,14328773.0,14575202.0,14825954.0,15076695.0,15326227.0,15572194.0,15807128.0,16035124.0,16266225.0,16505139.0,16759519.0,17049547.0,17340021.0,17546065.0,17682454.0,17823897.0,17980083.0,18135478.0,,,18.9,19.4,15.4,10.9,10.9,9.8,9.3,7.8,6.4,6.0,4.5,4.0,4.8,5.0,4.3,4.7,4.6,8.4,5.3,4.4,4.7,7.3,20.1,21.9,21.9,21.8,21.5,21.9,21.2,20.3,15.2,11.5,7.7,8.1,8.2,8.2,8.5,9.1,10.1,11.1,12.6,13.6,14.0,13.9,,
Ecuador,51.79746058333333,58.26364758333333,62.88358458333334,64.60862733333333,66.00952124999999,68.18700933333334,69.73907158333334,75.59722058333334,79.49801316666667,82.32367241666667,86.00727224999999,90.39512383333332,92.85547641666666,96.188264,100.00371225,101.73204066666666,102.15660483333332,101.92766858333334,102.19880908333332,101.85248533333332,101.98820533333333,105.52328966666666,107.861356,109.530322,109.513287,100.0,99.0,99.0,100.0,103.0,105.0,108.0,110.0,112.0,113.0,114.0,113.0,113.0,113.0,113.0,112.0,110.0,110.0,109.0,110.0,110.0,111.0,112.0,12910740.0,13138472.0,13372306.0,13608701.0,13846163.0,14086131.0,14328773.0,14575202.0,14825954.0,15076695.0,15326227.0,15572194.0,15807128.0,16035124.0,16266225.0,16505139.0,16759519.0,17049547.0,17340021.0,17546065.0,17682454.0,17823897.0,17980083.0,18135478.0,,,18.9,19.4,15.4,10.9,10.9,9.8,9.3,7.8,6.4,6.0,4.5,4.0,4.8,5.0,4.3,4.7,4.6,8.4,5.3,4.4,4.7,7.3,20.1,21.9,21.9,21.8,21.5,21.9,21.2,20.3,15.2,11.5,7.7,8.1,8.2,8.2,8.5,9.1,10.1,11.1,12.6,13.6,14.0,13.9,,
Ecuador,67.95078366666667,19.626166583333333,12.293418083333334,4.197561833333333,2.236511166666667,5.6925678333333325,3.2590551666666667,16.815805833333332,6.082366749999999,4.833498416666667,6.720655833333333,5.817890083333334,1.8008996666666668,4.5254614166666665,4.2124685,2.5422165,0.4987414166666666,-1.6191844166666665,0.0468960833333333,0.7628183333333333,-0.8222608333333334,5.2548710000000005,5.556416166666668,2.23210175,0.3750856666666666,100.0,99.0,99.0,100.0,103.0,105.0,108.0,110.0,112.0,113.0,114.0,113.0,113.0,113.0,113.0,112.0,110.0,110.0,109.0,110.0,110.0,111.0,112.0,12910740.0,13138472.0,13372306.0,13608701.0,13846163.0,14086131.0,14328773.0,14575202.0,14825954.0,15076695.0,15326227.0,15572194.0,15807128.0,16035124.0,16266225.0,16505139.0,16759519.0,17049547.0,17340021.0,17546065.0,17682454.0,17823897.0,17980083.0,18135478.0,,,18.9,19.4,15.4,10.9,10.9,9.8,9.3,7.8,6.4,6.0,4.5,4.0,4.8,5.0,4.3,4.7,4.6,8.4,5.3,4.4,4.7,7.3,20.1,21.9,21.9,21.8,21.5,21.9,21.2,20.3,15.2,11.5,7.7,8.1,8.2,8.2,8.5,9.1,10.1,11.1,12.6,13.6,14.0,13.9,,
Egypt,20.73356825,21.6088085,23.041020250000003,26.256000333333333,26.4797525,29.16041875,32.93384666666667,40.83996425,47.43145666666667,56.801235,65.60027083333334,71.63736391666667,80.53009441666667,90.43964091666668,100.092886,116.77015741666666,161.89542866666667,183.43500191666664,196.40511966666668,196.04647491666665,205.008864,253.38389275,415.0245005,551.7447688333333,584.3266483333333,141.0,140.0,138.0,137.0,137.0,139.0,140.0,141.0,141.0,140.0,140.0,138.0,136.0,135.0,135.0,135.0,135.0,136.0,135.0,133.0,132.0,131.0,131.0,,,,,,,,,,,,,,,,,,,,,,,,,,,,,,,,,,,,,,,,,,,,,,,,,,,,,,,,,,,,,,,,,,,,,,,,
Egypt,29.415169916666667,30.220333166666663,31.582599666666667,35.142152833333334,36.85336375,39.67062875,43.36752241666667,51.3110785,57.425307,63.81191425,70.23453641666667,75.2294265,82.35344241666667,90.64661158333332,100.04710958333334,113.86722333333334,147.46557900000002,168.70278391666668,184.14381166666664,193.43374325,203.51947441666667,231.7998504166667,310.3447111666667,398.0809920833333,443.6352208333333,141.0,140.0,138.0,137.0,137.0,139.0,140.0,141.0,141.0,140.0,140.0,138.0,136.0,135.0,135.0,135.0,135.0,136.0,135.0,133.0,132.0,131.0,131.0,,,,,,,,,,,,,,,,,,,,,,,,,,,,,,,,,,,,,,,,,,,,,,,,,,,,,,,,,,,,,,,,,,,,,,,,
Egypt,1.0604234166666666,4.218250416666667,6.6140455,14.001145333333334,0.9209175833333332,10.060583666666666,13.074853083333332,23.933655,16.05606825,19.861096166666663,15.787069166666669,9.26321425,12.373355416666667,12.430954166666666,10.649620583333332,16.56344891666667,38.895038750000005,13.291871,7.512105833333333,-0.1467216666666666,4.5956725,23.443311833333336,63.56819375,33.81743791666667,9.1759055,141.0,140.0,138.0,137.0,137.0,139.0,140.0,141.0,141.0,140.0,140.0,138.0,136.0,135.0,135.0,135.0,135.0,136.0,135.0,133.0,132.0,131.0,131.0,,,,,,,,,,,,,,,,,,,,,,,,,,,,,,,,,,,,,,,,,,,,,,,,,,,,,,,,,,,,,,,,,,,,,,,,
"Egypt, Arab Rep.",,,,,,,,,,,,,,,,,,,,,,,,,,,,,,,,,,,,,,,,,,,,,,,,,74652029.0,76239137.0,77853548.0,79477443.0,81101004.0,82700403.0,84276225.0,85864789.0,87501636.0,89196072.0,91093059.0,93161001.0,95333553.0,97528654.0,99597342.0,101644589.0,103696057.0,105682094.0,107553158.0,109315124.0,110957008.0,112618250.0,114535772.0,116538258.0,,,,4.1,,,,3.7,,1.5,,1.2,,,1.2,,3.1,,2.0,,1.4,,,,4.8,5.0,5.5,5.8,5.9,5.5,5.2,5.1,5.0,5.2,5.3,5.5,5.8,6.0,6.3,6.5,6.9,6.8,6.7,6.9,7.6,8.5,,
El Salvador,57.05007791666666,58.56363533333333,60.329820833333336,64.1720705,68.47631258333332,72.424855,77.166261,85.22161783333333,86.16908233333334,87.05152816666667,93.09037475,93.36622583333332,95.59526966666664,98.64491841666668,100.00054966666666,99.43575783333334,99.59611483333332,100.12262716666667,101.28024041666669,102.88364766666666,105.21560416666668,118.04438883333334,127.29277883333332,129.82512858333334,128.635564,119.0,119.0,118.0,116.0,115.0,115.0,114.0,114.0,114.0,115.0,115.0,115.0,115.0,115.0,116.0,117.0,119.0,121.0,121.0,121.0,121.0,122.0,123.0,5968060.0,5986631.0,5998599.0,6004671.0,6005578.0,6002319.0,6009824.0,6029297.0,6048279.0,6068249.0,6090127.0,6113975.0,6138839.0,6162955.0,6183676.0,6200800.0,6213533.0,6219807.0,6222318.0,6234673.0,6255782.0,6280319.0,6309624.0,6338193.0,19.4,19.5,20.9,16.3,16.4,12.6,9.2,12.6,12.4,11.4,10.1,8.5,7.1,7.0,5.3,5.8,4.5,4.1,3.0,,5.1,5.2,4.6,,6.7,6.6,7.3,8.1,8.6,8.8,9.1,9.4,9.3,9.2,9.1,9.2,9.3,9.5,9.2,8.5,7.6,6.9,6.9,6.6,7.1,6.8,,
El Salvador,68.52382083333333,69.80214991666666,71.28222833333334,74.45567316666667,77.94835075,81.09522183333333,84.80818025,90.96311075,91.35470833333332,92.43208716666668,97.17285833333334,98.853691,99.60267508333334,100.739485,100.002692,100.60675741666668,101.62525391666668,102.7333045,102.8106875,102.42865291666668,105.97977841666666,113.60885575,118.20495558333334,119.21416866666668,118.971873,119.0,119.0,118.0,116.0,115.0,115.0,114.0,114.0,114.0,115.0,115.0,115.0,115.0,115.0,116.0,117.0,119.0,121.0,121.0,121.0,121.0,122.0,123.0,5968060.0,5986631.0,5998599.0,6004671.0,6005578.0,6002319.0,6009824.0,6029297.0,6048279.0,6068249.0,6090127.0,6113975.0,6138839.0,6162955.0,6183676.0,6200800.0,6213533.0,6219807.0,6222318.0,6234673.0,6255782.0,6280319.0,6309624.0,6338193.0,19.4,19.5,20.9,16.3,16.4,12.6,9.2,12.6,12.4,11.4,10.1,8.5,7.1,7.0,5.3,5.8,4.5,4.1,3.0,,5.1,5.2,4.6,,6.7,6.6,7.3,8.1,8.6,8.8,9.1,9.4,9.3,9.2,9.1,9.2,9.3,9.5,9.2,8.5,7.6,6.9,6.9,6.6,7.1,6.8,,
El Salvador,5.375468000000001,2.6541014166666668,3.0203805,6.36291875,6.714274583333334,5.771651166666667,6.552241666666667,10.445259083333331,1.2444986666666666,1.1112835833333332,6.974425166666666,0.3215818333333333,2.3884683333333334,3.19022725,1.4135148333333334,-0.5627865833333333,0.1812959999999999,0.5327079166666667,1.1592075,1.5811786666666665,2.291265,12.17692625,7.931113499999999,1.9985121666666668,-0.5255165,119.0,119.0,118.0,116.0,115.0,115.0,114.0,114.0,114.0,115.0,115.0,115.0,115.0,115.0,116.0,117.0,119.0,121.0,121.0,121.0,121.0,122.0,123.0,5968060.0,5986631.0,5998599.0,6004671.0,6005578.0,6002319.0,6009824.0,6029297.0,6048279.0,6068249.0,6090127.0,6113975.0,6138839.0,6162955.0,6183676.0,6200800.0,6213533.0,6219807.0,6222318.0,6234673.0,6255782.0,6280319.0,6309624.0,6338193.0,19.4,19.5,20.9,16.3,16.4,12.6,9.2,12.6,12.4,11.4,10.1,8.5,7.1,7.0,5.3,5.8,4.5,4.1,3.0,,5.1,5.2,4.6,,6.7,6.6,7.3,8.1,8.6,8.8,9.1,9.4,9.3,9.2,9.1,9.2,9.3,9.5,9.2,8.5,7.6,6.9,6.9,6.6,7.1,6.8,,
Equatorial Guinea,44.177736583333335,48.3603685,52.77529808333333,55.54589491666667,59.43708941666667,62.70162775,64.88200783333333,70.18187766666667,74.28138983333334,81.05228525,86.80333608333335,90.2264915,94.39301841666666,98.54854066666668,100.00128091666666,95.94437875,97.47553733333332,98.07466458333332,98.86014291666667,103.45763241666668,102.19287633333332,107.88744833333334,110.65320208333333,114.99774041666666,116.23080566666664,,,,,,,,,,,,,,,,,,,,,,,,749836.0,797957.0,847862.0,899917.0,947367.0,990343.0,1036044.0,1084530.0,1135673.0,1189085.0,1241835.0,1293483.0,1346218.0,1399828.0,1453923.0,1508186.0,1562396.0,1616422.0,1670177.0,1716468.0,1758786.0,1803545.0,1847549.0,1892516.0,,,,,,,,,,,,,,,,,,,,,,8.8,,,,,,,,,,,,,,,,,,,,,,,,,,
Equatorial Guinea,51.38207116666667,55.28324383333333,59.33193658333334,61.835559,65.31791108333333,68.20228475,70.11449808333333,74.70823675,78.21284916666666,84.30497749999999,88.35615991666667,91.58700941666666,94.28779733333332,98.35160041666666,100.00059333333331,101.412541,102.16741008333334,103.25046033333332,104.83047658333334,109.82742583333334,109.72078258333332,114.97280608333334,117.88814275,121.71531108333332,124.110052,,,,,,,,,,,,,,,,,,,,,,,,749836.0,797957.0,847862.0,899917.0,947367.0,990343.0,1036044.0,1084530.0,1135673.0,1189085.0,1241835.0,1293483.0,1346218.0,1399828.0,1453923.0,1508186.0,1562396.0,1616422.0,1670177.0,1716468.0,1758786.0,1803545.0,1847549.0,1892516.0,,,,,,,,,,,,,,,,,,,,,,8.8,,,,,,,,,,,,,,,,,,,,,,,,,,
Equatorial Guinea,11.031174416666666,9.514866333333332,9.18681725,5.234407583333334,7.066643583333334,5.490969416666666,3.497060083333333,8.163378083333333,5.822939666666667,9.174708416666666,7.092462833333333,3.9651491666666665,4.610589166666666,4.443781666666667,1.4773473333333331,-4.051505666666666,1.6056715,0.6237864166666666,0.8095685,4.721644583333334,-1.1969355000000002,5.575588916666667,2.580596083333333,3.9372825,2.0429026666666665,,,,,,,,,,,,,,,,,,,,,,,,749836.0,797957.0,847862.0,899917.0,947367.0,990343.0,1036044.0,1084530.0,1135673.0,1189085.0,1241835.0,1293483.0,1346218.0,1399828.0,1453923.0,1508186.0,1562396.0,1616422.0,1670177.0,1716468.0,1758786.0,1803545.0,1847549.0,1892516.0,,,,,,,,,,,,,,,,,,,,,,8.8,,,,,,,,,,,,,,,,,,,,,,,,,,
Eritrea,,,,,,,,,,,,,,,,,,,,,,,,,,,,,,,,,,,,,,,,,,,,,,,,,2312079.0,2392978.0,2493903.0,2598284.0,2661215.0,2703502.0,2743222.0,2816327.0,2887885.0,2945186.0,2998485.0,3036988.0,3074360.0,3095173.0,3105546.0,3124698.0,3150347.0,3192760.0,3240194.0,3291271.0,3350183.0,3409447.0,3470390.0,3535603.0,,,,,,,,,,,,,,,,,,,,,,,,,,,,,,,,,,,,,,,,,,,,,,,,
Estonia,59.830202750000005,61.63459866666667,60.5742375,63.11375758333333,65.35031758333334,68.64723833333333,75.05841275,85.70657608333333,82.25817516666667,84.7575975,92.96425725,96.52849583333334,100.52935408333332,100.54717516666666,100.00496533333336,100.04372625,105.76432966666664,108.95432325,112.25569941666669,114.65710533333332,116.76446141666666,140.01477941666667,162.14613141666666,167.38556225,176.787044,116.0,116.0,116.0,118.0,120.0,121.0,123.0,125.0,127.0,127.0,126.0,125.0,125.0,124.0,123.0,122.0,123.0,125.0,127.0,128.0,129.0,129.0,129.0,1388115.0,1379350.0,1370720.0,1362550.0,1354775.0,1346810.0,1340680.0,1337090.0,1334515.0,1331475.0,1327439.0,1322696.0,1317997.0,1314545.0,1315407.0,1315790.0,1317384.0,1321977.0,1326898.0,1329522.0,1330932.0,1348840.0,1370286.0,1371986.0,3.0,2.9,3.6,1.6,1.1,1.1,0.6,0.6,0.8,1.0,1.2,1.0,1.1,1.0,0.7,0.6,0.5,0.4,0.7,0.4,0.3,0.5,0.3,,3.6,3.5,3.4,2.9,2.5,2.5,2.5,2.5,2.5,2.5,2.5,2.5,2.5,2.5,2.5,2.5,2.5,2.5,2.5,2.5,2.5,2.5,,
Estonia,63.03879716666666,65.290488,66.16211033333333,68.17880508333333,70.96030524999999,74.10925441666667,79.00144791666666,87.18786058333335,87.11949816666667,89.708729,94.17792925,97.88232391666666,100.604007,100.49719058333334,100.002417,100.15110533333336,103.5735045,107.13262866666666,109.57231641666668,109.08523341666668,114.16115125,136.30643191666667,148.79104483333333,154.02932375,159.91209,116.0,116.0,116.0,118.0,120.0,121.0,123.0,125.0,127.0,127.0,126.0,125.0,125.0,124.0,123.0,122.0,123.0,125.0,127.0,128.0,129.0,129.0,129.0,1388115.0,1379350.0,1370720.0,1362550.0,1354775.0,1346810.0,1340680.0,1337090.0,1334515.0,1331475.0,1327439.0,1322696.0,1317997.0,1314545.0,1315407.0,1315790.0,1317384.0,1321977.0,1326898.0,1329522.0,1330932.0,1348840.0,1370286.0,1371986.0,3.0,2.9,3.6,1.6,1.1,1.1,0.6,0.6,0.8,1.0,1.2,1.0,1.1,1.0,0.7,0.6,0.5,0.4,0.7,0.4,0.3,0.5,0.3,,3.6,3.5,3.4,2.9,2.5,2.5,2.5,2.5,2.5,2.5,2.5,2.5,2.5,2.5,2.5,2.5,2.5,2.5,2.5,2.5,2.5,2.5,,
Estonia,8.278985333333333,3.0878848333333333,-1.6924366666666666,4.2071336666666665,3.581756,5.044084916666667,9.306917416666666,14.367575833333332,-3.99137975,3.17581775,9.770352666666666,3.840556333333333,4.164393333333334,0.0272202499999999,-0.535034,0.0461074166666666,5.719707583333334,3.0337379166666665,3.0291971666666666,2.1425110833333334,1.85188525,19.8184445,16.344044999999998,3.251352333333333,6.478598333333333,116.0,116.0,116.0,118.0,120.0,121.0,123.0,125.0,127.0,127.0,126.0,125.0,125.0,124.0,123.0,122.0,123.0,125.0,127.0,128.0,129.0,129.0,129.0,1388115.0,1379350.0,1370720.0,1362550.0,1354775.0,1346810.0,1340680.0,1337090.0,1334515.0,1331475.0,1327439.0,1322696.0,1317997.0,1314545.0,1315407.0,1315790.0,1317384.0,1321977.0,1326898.0,1329522.0,1330932.0,1348840.0,1370286.0,1371986.0,3.0,2.9,3.6,1.6,1.1,1.1,0.6,0.6,0.8,1.0,1.2,1.0,1.1,1.0,0.7,0.6,0.5,0.4,0.7,0.4,0.3,0.5,0.3,,3.6,3.5,3.4,2.9,2.5,2.5,2.5,2.5,2.5,2.5,2.5,2.5,2.5,2.5,2.5,2.5,2.5,2.5,2.5,2.5,2.5,2.5,,
Eswatini,28.05264141666667,33.77099883333333,37.87468608333334,40.02994925,43.216708833333335,46.53750358333334,54.296180666666665,64.54459458333334,71.0207925,71.30832933333333,75.55745399999999,85.45615225,90.29174283333332,96.02667783333334,100.01010083333334,115.08096025,124.21573741666668,124.16286033333334,126.83199625,132.2573390833333,138.55121775,150.33578058333333,169.35628566666665,175.96445175,179.940365,113.0,114.0,114.0,113.0,110.0,107.0,104.0,101.0,98.0,97.0,98.0,101.0,104.0,105.0,105.0,105.0,106.0,107.0,108.0,109.0,110.0,109.0,109.0,1051064.0,1059441.0,1066700.0,1073159.0,1079022.0,1084436.0,1090705.0,1098091.0,1105153.0,1111650.0,1117833.0,1123863.0,1129990.0,1136299.0,1142813.0,1149507.0,1158195.0,1168929.0,1179874.0,1192729.0,1206593.0,1218917.0,1230506.0,1242822.0,,,,,,,,,58.2,,,,,,,44.5,,,,,,,,,10.4,9.7,8.4,8.6,9.5,10.6,11.3,11.5,17.0,21.0,23.8,20.2,17.3,15.8,15.8,15.9,14.7,13.2,11.6,11.3,11.6,12.4,,
Eswatini,39.37995933333333,44.1133185,47.329179333333336,48.95982791666666,51.35811933333333,54.01830233333333,58.380868166666666,65.77040341666667,70.66913691666666,73.85577583333334,78.3664635,85.37214866666666,90.1711785,95.29411766666668,100.012363,107.86060775,114.57102083333332,120.08768625,123.20758383333332,127.98419866666666,132.74636083333334,139.10412891666667,145.99437308333333,151.85161325,155.90908333333334,113.0,114.0,114.0,113.0,110.0,107.0,104.0,101.0,98.0,97.0,98.0,101.0,104.0,105.0,105.0,105.0,106.0,107.0,108.0,109.0,110.0,109.0,109.0,1051064.0,1059441.0,1066700.0,1073159.0,1079022.0,1084436.0,1090705.0,1098091.0,1105153.0,1111650.0,1117833.0,1123863.0,1129990.0,1136299.0,1142813.0,1149507.0,1158195.0,1168929.0,1179874.0,1192729.0,1206593.0,1218917.0,1230506.0,1242822.0,,,,,,,,,58.2,,,,,,,44.5,,,,,,,,,10.4,9.7,8.4,8.6,9.5,10.6,11.3,11.5,17.0,21.0,23.8,20.2,17.3,15.8,15.8,15.9,14.7,13.2,11.6,11.3,11.6,12.4,,
Eswatini,10.856092583333334,20.38696183333333,12.301706583333331,5.6978655,7.956718666666667,7.665758166666666,16.5934995,18.914398916666663,10.234928833333331,0.4238740833333334,5.95699625,13.10736575,5.686037583333333,6.347094583333333,4.152780416666666,15.02473725,8.110502833333333,-0.0341239166666666,2.1510545000000003,4.27441725,4.766825333333333,8.478627916666666,12.79576925,3.9103853333333336,3.4218351666666664,113.0,114.0,114.0,113.0,110.0,107.0,104.0,101.0,98.0,97.0,98.0,101.0,104.0,105.0,105.0,105.0,106.0,107.0,108.0,109.0,110.0,109.0,109.0,1051064.0,1059441.0,1066700.0,1073159.0,1079022.0,1084436.0,1090705.0,1098091.0,1105153.0,1111650.0,1117833.0,1123863.0,1129990.0,1136299.0,1142813.0,1149507.0,1158195.0,1168929.0,1179874.0,1192729.0,1206593.0,1218917.0,1230506.0,1242822.0,,,,,,,,,58.2,,,,,,,44.5,,,,,,,,,10.4,9.7,8.4,8.6,9.5,10.6,11.3,11.5,17.0,21.0,23.8,20.2,17.3,15.8,15.8,15.9,14.7,13.2,11.6,11.3,11.6,12.4,,
Ethiopia,13.0434685,13.248527,16.570338083333333,17.12670825,19.32524833333333,21.955055833333333,26.77536483333333,42.84307033333334,44.25600941666666,44.92524541666666,62.52401708333334,80.09890483333334,84.70673358333333,89.30423166666667,100.122957,106.6888255,118.771207,133.61347808333332,158.91062708333334,195.61390325,257.78806391666666,352.55138908333333,456.21801525,562.1751445,610.6898205,86.0,88.0,88.0,90.0,91.0,93.0,96.0,98.0,100.0,101.0,102.0,104.0,106.0,109.0,111.0,112.0,112.0,112.0,112.0,113.0,114.0,114.0,114.0,69487762.0,71635517.0,73832663.0,76077206.0,78367470.0,80703490.0,83103217.0,85543668.0,88007636.0,90538514.0,93149970.0,95798767.0,98438751.0,101115610.0,103867135.0,106718162.0,109666481.0,112664152.0,115737383.0,118917671.0,122138588.0,125384287.0,128691692.0,132059767.0,,,,41.3,,,,,,37.4,,,,,33.0,,,,,,38.6,,,,46.6,43.7,42.2,39.7,37.0,33.3,29.9,26.8,23.9,21.9,20.3,18.8,17.2,15.5,14.4,14.0,15.4,17.9,20.9,23.0,23.5,22.2,,
Ethiopia,16.646117333333333,16.758493333333334,19.05005733333333,19.683923333333336,21.64640483333333,24.308799333333337,28.49973358333333,41.141271,44.63154991666666,48.26869283333334,64.318014,79.49733383333333,85.43103241666667,91.31724708333331,100.05530283333331,106.68710175,118.08887491666668,134.42415108333333,155.67611491666665,187.36608483333336,237.65424666666664,318.19498516666664,414.34977975,501.5196344166666,552.2654233333334,86.0,88.0,88.0,90.0,91.0,93.0,96.0,98.0,100.0,101.0,102.0,104.0,106.0,109.0,111.0,112.0,112.0,112.0,112.0,113.0,114.0,114.0,114.0,69487762.0,71635517.0,73832663.0,76077206.0,78367470.0,80703490.0,83103217.0,85543668.0,88007636.0,90538514.0,93149970.0,95798767.0,98438751.0,101115610.0,103867135.0,106718162.0,109666481.0,112664152.0,115737383.0,118917671.0,122138588.0,125384287.0,128691692.0,132059767.0,,,,41.3,,,,,,37.4,,,,,33.0,,,,,,38.6,,,,46.6,43.7,42.2,39.7,37.0,33.3,29.9,26.8,23.9,21.9,20.3,18.8,17.2,15.5,14.4,14.0,15.4,17.9,20.9,23.0,23.5,22.2,,
Ethiopia,-15.708249,2.031457416666667,25.53807925,3.399657583333333,12.805423333333332,13.574014750000002,21.847843416666667,59.070985500000006,7.068407083333334,1.525855416666667,38.93758425,29.37344183333333,5.844725583333333,5.4536375,12.052069833333334,6.659914916666666,11.285757666666669,12.587501333333334,18.775685666666664,23.17645125,31.309827833333333,37.30116016666667,29.53579141666667,23.633333333333336,13.05,86.0,88.0,88.0,90.0,91.0,93.0,96.0,98.0,100.0,101.0,102.0,104.0,106.0,109.0,111.0,112.0,112.0,112.0,112.0,113.0,114.0,114.0,114.0,69487762.0,71635517.0,73832663.0,76077206.0,78367470.0,80703490.0,83103217.0,85543668.0,88007636.0,90538514.0,93149970.0,95798767.0,98438751.0,101115610.0,103867135.0,106718162.0,109666481.0,112664152.0,115737383.0,118917671.0,122138588.0,125384287.0,128691692.0,132059767.0,,,,41.3,,,,,,37.4,,,,,33.0,,,,,,38.6,,,,46.6,43.7,42.2,39.7,37.0,33.3,29.9,26.8,23.9,21.9,20.3,18.8,17.2,15.5,14.4,14.0,15.4,17.9,20.9,23.0,23.5,22.2,,
Ethiopia (former),,,,,,,,,,,,,,,,,,,,,,,,,,,,,,,,,,,,,,,,,,,,,,,,,,,,,,,,,,,,,,,,,,,,,,,,,,,,,,,,,,,,,,,,,,,,,,,,,,,,,,,,,,,,,,,,,,,,,,,,
Euro area,,,,,,,,,,,,,,,,,,,,,,,,,,,,,,,,,,,,,,,,,,,,,,,,,326861195.0,328469678.0,330286340.0,332140117.0,333897752.0,335499702.0,337282985.0,338978475.0,340136844.0,341002804.0,340367367.0,341100659.0,341639530.0,342228563.0,343180482.0,344132977.0,344810179.0,345864630.0,346496601.0,346986142.0,347207191.0,348700885.0,350292725.0,351125804.0,,,,,,,,,,,,,,,,,,,,,,,,,2.65021824937035,2.61360574780361,2.59302987432057,2.58004060075646,2.56819151211297,2.56979093829419,2.56466157846652,2.55703026777733,2.54779102201583,2.54632646129209,2.56087060925556,2.55231596664843,2.54912054029579,2.55066694798353,2.55057444729622,2.54418708876017,2.52523931058311,2.51259861929218,2.50472225151784,2.50471963546025,2.50941325031485,2.51713482086517,,
Europe,72.43225466666667,73.47324966666666,74.73613191666666,76.11375308333334,77.473906,79.07835783333333,81.88370783333333,88.37835666666666,88.96716775,89.63317191666665,93.31224041666668,96.33732558333332,99.36052666666666,99.24234425,99.96399708333333,100.487836,103.03844308333332,105.01897425,107.4129185,110.459983,111.42935275,125.04064175,140.221056,144.51591016666666,149.62850783333332,,,,,,,,,,,,,,,,,,,,,,,,,,,,,,,,,,,,,,,,,,,,,,,,,,,,,,,,,,,,,,,,,,,,,,,,,,,,,,,,,,,,,,,,,,,,,,,
Europe,71.58668675,73.3770695,74.84092708333334,75.85002633333333,76.69024691666667,78.48295316666666,81.193224,86.917605,88.34704991666666,89.50029741666667,92.609512,95.31681291666666,98.09774808333331,98.70019866666668,100.00532916666668,100.51829458333332,102.63487316666668,104.57846416666666,106.63457433333332,108.83529825,110.853941,123.44358516666668,137.72078141666665,141.59853391666667,146.38609633333334,,,,,,,,,,,,,,,,,,,,,,,,,,,,,,,,,,,,,,,,,,,,,,,,,,,,,,,,,,,,,,,,,,,,,,,,,,,,,,,,,,,,,,,,,,,,,,,
Europe,74.42572691666668,76.33086516666667,77.80424641666667,79.30736191666666,81.27686625,83.51561208333334,85.31924641666667,89.51588141666667,90.76015491666668,92.17925008333332,95.122409,97.93909375,99.38390075,99.8573275,99.98435525,100.37843458333332,102.15054933333332,103.91028558333332,105.8197445,107.29435208333332,109.74578125,120.15917441666666,127.70318675,131.59317341666667,133.86792516666668,,,,,,,,,,,,,,,,,,,,,,,,,,,,,,,,,,,,,,,,,,,,,,,,,,,,,,,,,,,,,,,,,,,,,,,,,,,,,,,,,,,,,,,,,,,,,,,
Europe,73.52423541666667,75.3090555,76.9801925,78.706949,80.5929945,82.52332616666666,84.56303991666667,87.86279774999998,88.99765708333332,90.802311,93.65667458333331,95.9948155,97.65337791666668,98.74978775,100.00071275,100.96095366666668,102.87831908333334,104.8823645,106.63367733333332,107.479175,110.6308675,120.04899808333332,127.30400891666666,131.18621199999998,134.51208716666667,,,,,,,,,,,,,,,,,,,,,,,,,,,,,,,,,,,,,,,,,,,,,,,,,,,,,,,,,,,,,,,,,,,,,,,,,,,,,,,,,,,,,,,,,,,,,,,
Europe,5.105654166666667,2.955820333333333,1.9111314166666664,1.9413244166666663,1.51580875,2.6254803333333334,3.83231725,7.606276583333333,1.2944865,0.92817,4.28486475,3.118365333333333,3.1320065,0.0380729166666666,0.7367296666666667,0.5705789166666667,2.45870225,1.8676666666666664,2.03817675,2.28366975,1.7111540833333334,12.200255333333333,11.88926675,2.464999,3.779133833333333,,,,,,,,,,,,,,,,,,,,,,,,,,,,,,,,,,,,,,,,,,,,,,,,,,,,,,,,,,,,,,,,,,,,,,,,,,,,,,,,,,,,,,,,,,,,,,,
Europe,6.701112083333332,3.4616819166666666,2.74919425,2.021767333333333,1.7685948333333332,2.672189416666667,3.76985925,7.772634916666667,2.1193714166666666,1.5271666666666668,3.82354675,3.05648325,2.992332083333333,0.8200551666666667,1.6663554166666668,0.5228200833333333,2.100657,1.8868580833333333,1.9302846666666669,2.026469333333333,1.742128,11.115491416666666,11.81365975,2.719307166666667,3.684496333333333,,,,,,,,,,,,,,,,,,,,,,,,,,,,,,,,,,,,,,,,,,,,,,,,,,,,,,,,,,,,,,,,,,,,,,,,,,,,,,,,,,,,,,,,,,,,,,,
Europe & Central Asia,,,,,,,,,,,,,,,,,,,,,,,,,,,,,,,,,,,,,,,,,,,,,,,,,866590696.0,868234843.0,870529446.0,873069464.0,875563919.0,878166933.0,880656346.0,884224673.0,887741128.0,890990371.0,893009595.0,896554203.0,899985362.0,903676408.0,907676898.0,911765648.0,915290996.0,918947897.0,922218554.0,923973838.0,924702975.0,925061269.0,925640799.0,928465742.0,6.9,6.2,5.9,5.1,5.0,4.4,4.0,3.7,3.7,3.8,3.6,3.6,1.1,1.2,1.2,1.0,1.0,0.8,0.8,0.8,0.8,0.7,0.6,0.5,4.22850004589033,4.10982394339647,3.99766991855593,3.80344063090384,3.61037032566147,3.3792774644903,3.20181453230999,3.06840730293099,2.96620845507886,2.88400991419317,2.83041912305329,2.78984538709291,2.76602109492835,2.74369667391146,2.71916101561367,2.695853491087,2.66936880735544,2.65639463410541,2.68241135320306,2.71142329380111,2.7642570784521,2.77351076831441,,
Europe & Central Asia (IDA & IBRD countries),,,,,,,,,,,,,,,,,,,,,,,,,,,,,,,,,,,,,,,,,,,,,,,,,438100368.0,437806951.0,437905932.0,438136036.0,438333196.0,438714358.0,438680283.0,439732746.0,441304973.0,442936599.0,444846366.0,446980794.0,449206794.0,451547765.0,453811483.0,456099634.0,458235497.0,460205526.0,462219596.0,463151657.0,463426293.0,461268322.0,458932506.0,459954508.0,,,,,,,,,,,,,,,,,,,,,,,,,5.85590285305509,5.63335746447221,5.42304593645446,5.04614901976977,4.66902382072956,4.20899752458724,3.86101924602199,3.60046328597108,3.40218248085986,3.2377321085745,3.12036516679169,3.04210272270641,2.99621272532212,2.94982950436608,2.90054486317317,2.85857178132308,2.81968574565601,2.80320090572503,2.86086778878051,2.91878198243093,3.02088961729838,3.036221577397,,
Europe & Central Asia (excluding high income),,,,,,,,,,,,,,,,,,,,,,,,,,,,,,,,,,,,,,,,,,,,,,,,,219435056.0,220400259.0,221399692.0,222413290.0,223360135.0,224417513.0,225016072.0,226524480.0,228250911.0,230106440.0,231988438.0,233914892.0,235983340.0,238114658.0,240232789.0,242410814.0,244533821.0,246659127.0,248863066.0,250660609.0,252189631.0,250840400.0,249053262.0,250485944.0,,,,,,,,,,,,,,,,,,,,,,,,,8.00324169403598,8.04027390722284,7.94033080385408,7.43344866180263,6.68730794802087,5.76202147842212,5.08609015673196,4.57451972449963,4.18193719068802,3.85092051274501,3.60542818878528,3.47363175991276,3.39912560371209,3.30823036482953,3.21538335406877,3.13115322851108,3.07590038076598,3.05392193353481,3.15909861846144,3.26581852756505,3.46030424680238,3.48924662454642,,
Europe (FAO),,,,,,,,,,,,,,,,,,,,,,,,,,,,,,,,,,,,,,,,,,,,,,,,,,,,,,,,,,,,,,,,,,,,,,,,,,,,,,,,,,,,,,,,,,,,,,,,,,,,,,,,,,,,,,,,,,,,,,,,
European Union,,,,,,,,,,,,,,,,,,,,,,,,,,,,,,,,,,,,,,,,,,,,,,,,,429909307.0,430924112.0,432512916.0,434193248.0,435789139.0,437263803.0,438796003.0,440270719.0,441388573.0,442088310.0,441414078.0,442069839.0,442425741.0,442920819.0,443793218.0,444676652.0,445321060.0,446329890.0,446910453.0,446870959.0,446227358.0,447703403.0,449425965.0,450185396.0,,,,,,,,,,,,,,,,,,,,,,,,,2.64588206600514,2.62115044817914,2.61059141665032,2.60743725452866,2.59618510157501,2.60048304501436,2.5892522432571,2.57964738463563,2.57224658645615,2.57420990367287,2.59021919278252,2.57507269795893,2.56382432956133,2.56470093698621,2.56271502035437,2.55900210114922,2.53329259209075,2.51728052719033,2.51106397728406,2.50952831329547,2.50732440120805,2.513345726568,,
European Union (27),,,,,,,,,,,,,,,,,,,,,,,,,,,,,,,,,,,,,,,,,,,,,,,,,,,,,,,,,,,,,,,,,,,,,,,,,,,,,,,,,,,,,,,,,,,,,,,,,,,,,,,,,,,,,,,,,,,,,,,,
European Union (27) (FAO),,,,,,,,,,,,,,,,,,,,,,,,,,,,,,,,,,,,,,,,,,,,,,,,,,,,,,,,,,,,,,,,,,,,,,,,,,,,,,,,,,,,,,,,,,,,,,,,,,,,,,,,,,,,,,,,,,,,,,,,
Faroe Islands,,,,,,,,,,,,,,,,,,,,,,,,,,,,,,,,,,,,,,,,,,,,,,,,,46635.0,47335.0,48032.0,48384.0,48359.0,48335.0,48378.0,48547.0,48791.0,48657.0,48543.0,48291.0,48246.0,48428.0,48901.0,49464.0,50180.0,50996.0,51793.0,52567.0,53305.0,53927.0,54439.0,54719.0,,,,,,,,,,,,,,,,,,,,,,,,,,,,,,,,,,,,,,,,,,,,,,,,
Fiji,52.4291355,52.959313083333335,55.90679516666666,58.01121483333333,59.83617275,61.82017283333334,65.7853825,72.89649,75.36135433333332,78.40794491666666,86.70453475,90.46703425,93.64089766666666,95.46248825,100.00453316666666,105.99430508333334,103.7033965,107.26703233333336,112.50112258333333,109.82044108333334,116.96362208333332,124.13066641666668,133.47725641666668,142.86361883333333,142.6249825,124.0,125.0,124.0,123.0,122.0,120.0,119.0,117.0,116.0,115.0,115.0,115.0,115.0,116.0,115.0,115.0,115.0,117.0,119.0,120.0,122.0,123.0,124.0,849596.0,858049.0,866286.0,874366.0,882379.0,890365.0,897832.0,903399.0,907239.0,910419.0,912989.0,914918.0,916352.0,917585.0,918578.0,919166.0,918759.0,917180.0,914899.0,914963.0,916711.0,919422.0,924145.0,928784.0,,5.4,,,,,,3.8,,,,,1.6,,,,,,4.7,,,,,,4.0,3.8,3.7,3.7,3.5,3.5,3.6,3.7,5.0,6.1,7.3,7.2,7.1,6.9,7.1,7.5,7.2,6.3,5.5,6.2,6.9,7.8,,
Fiji,62.86071558333333,63.33973458333333,65.98274175,67.84839416666667,69.45352733333333,71.18350116666666,74.60294758333333,80.371455,82.887914,85.94565941666667,92.20088583333334,95.35726791666669,98.13554208333332,98.64516658333334,100.00142433333332,103.86470466666668,107.34165725,111.7227815,113.70374025,110.75285158333332,110.92546608333332,115.939511,118.43009383333332,123.7729285,124.54558466666668,124.0,125.0,124.0,123.0,122.0,120.0,119.0,117.0,116.0,115.0,115.0,115.0,115.0,116.0,115.0,115.0,115.0,117.0,119.0,120.0,122.0,123.0,124.0,849596.0,858049.0,866286.0,874366.0,882379.0,890365.0,897832.0,903399.0,907239.0,910419.0,912989.0,914918.0,916352.0,917585.0,918578.0,919166.0,918759.0,917180.0,914899.0,914963.0,916711.0,919422.0,924145.0,928784.0,,5.4,,,,,,3.8,,,,,1.6,,,,,,4.7,,,,,,4.0,3.8,3.7,3.7,3.5,3.5,3.6,3.7,5.0,6.1,7.3,7.2,7.1,6.9,7.1,7.5,7.2,6.3,5.5,6.2,6.9,7.8,,
Fiji,5.715538333333334,1.0124186666666668,5.569406083333334,3.7623479166666662,3.151199416666667,3.3128885,6.426968916666667,10.84565875,3.3813211666666665,4.052879083333333,10.581941666666667,4.401368833333334,3.5386848333333334,1.9491239166666663,4.761326,6.01645575,-2.0799749166666666,3.527687,4.91380075,-2.34926525,6.530714,6.15878275,7.54129675,7.077578166666666,0.4199404999999999,124.0,125.0,124.0,123.0,122.0,120.0,119.0,117.0,116.0,115.0,115.0,115.0,115.0,116.0,115.0,115.0,115.0,117.0,119.0,120.0,122.0,123.0,124.0,849596.0,858049.0,866286.0,874366.0,882379.0,890365.0,897832.0,903399.0,907239.0,910419.0,912989.0,914918.0,916352.0,917585.0,918578.0,919166.0,918759.0,917180.0,914899.0,914963.0,916711.0,919422.0,924145.0,928784.0,,5.4,,,,,,3.8,,,,,1.6,,,,,,4.7,,,,,,4.0,3.8,3.7,3.7,3.5,3.5,3.6,3.7,5.0,6.1,7.3,7.2,7.1,6.9,7.1,7.5,7.2,6.3,5.5,6.2,6.9,7.8,,
Finland,74.42083000000001,76.56361583333333,77.02269833333334,77.62075333333333,78.05975833333333,79.12792083333333,80.76594250000001,87.70964666666667,89.48167916666667,86.42298583333333,91.85282416666666,96.5919625,101.74739416666668,101.90080833333332,99.99583333333334,98.85,97.94583333333333,99.8375,101.0475,102.725,103.31,114.165,124.45416666666668,124.44583333333333,126.83333333333331,123.0,123.0,123.0,124.0,125.0,126.0,127.0,127.0,125.0,125.0,126.0,127.0,127.0,127.0,127.0,128.0,129.0,130.0,131.0,131.0,131.0,131.0,132.0,5188008.0,5200598.0,5213014.0,5228172.0,5246096.0,5266268.0,5288720.0,5313399.0,5338871.0,5363352.0,5388272.0,5413971.0,5438972.0,5461512.0,5479531.0,5495303.0,5508214.0,5515525.0,5521606.0,5529543.0,5541017.0,5556106.0,5583911.0,5637214.0,,,0.0,0.0,0.1,0.1,0.1,0.1,0.1,0.1,0.1,0.1,0.1,0.1,0.1,0.0,0.1,0.1,0.0,0.0,0.0,0.1,0.2,,2.5,2.5,2.5,2.5,2.5,2.5,2.5,2.5,2.5,2.5,2.5,2.5,2.5,2.5,2.5,2.5,2.5,2.5,2.5,2.5,2.5,2.5,,
Finland,81.1656375,82.44092833333333,83.16429833333333,83.31991583333333,83.8397275,85.15321416666667,87.29112666666667,90.84034333333334,90.8403425,91.916015,95.05660833333332,97.7261175,99.17078916666668,100.20335166666666,99.995,100.35166666666667,101.10833333333332,102.20416666666668,103.25083333333332,103.55083333333332,105.82333333333334,113.36166666666666,120.4475,122.33333333333331,122.84833333333334,123.0,123.0,123.0,124.0,125.0,126.0,127.0,127.0,125.0,125.0,126.0,127.0,127.0,127.0,127.0,128.0,129.0,130.0,131.0,131.0,131.0,131.0,132.0,5188008.0,5200598.0,5213014.0,5228172.0,5246096.0,5266268.0,5288720.0,5313399.0,5338871.0,5363352.0,5388272.0,5413971.0,5438972.0,5461512.0,5479531.0,5495303.0,5508214.0,5515525.0,5521606.0,5529543.0,5541017.0,5556106.0,5583911.0,5637214.0,,,0.0,0.0,0.1,0.1,0.1,0.1,0.1,0.1,0.1,0.1,0.1,0.1,0.1,0.0,0.1,0.1,0.0,0.0,0.0,0.1,0.2,,2.5,2.5,2.5,2.5,2.5,2.5,2.5,2.5,2.5,2.5,2.5,2.5,2.5,2.5,2.5,2.5,2.5,2.5,2.5,2.5,2.5,2.5,,
Finland,4.42711525,2.9088111666666667,0.613526,0.7776600833333333,0.5645976666666667,1.3783094166666665,2.0700873333333334,8.598697916666667,2.0901705,-3.31502275,6.289372749999999,5.15957975,5.348543500000001,0.16192525,-1.869569,-1.1410175,-0.9126086666666668,1.9338005833333332,1.2134725833333333,1.66416025,0.57063575,10.497343833333334,9.230620833333331,-0.0016811666666666,2.023835333333333,123.0,123.0,123.0,124.0,125.0,126.0,127.0,127.0,125.0,125.0,126.0,127.0,127.0,127.0,127.0,128.0,129.0,130.0,131.0,131.0,131.0,131.0,132.0,5188008.0,5200598.0,5213014.0,5228172.0,5246096.0,5266268.0,5288720.0,5313399.0,5338871.0,5363352.0,5388272.0,5413971.0,5438972.0,5461512.0,5479531.0,5495303.0,5508214.0,5515525.0,5521606.0,5529543.0,5541017.0,5556106.0,5583911.0,5637214.0,,,0.0,0.0,0.1,0.1,0.1,0.1,0.1,0.1,0.1,0.1,0.1,0.1,0.1,0.0,0.1,0.1,0.0,0.0,0.0,0.1,0.2,,2.5,2.5,2.5,2.5,2.5,2.5,2.5,2.5,2.5,2.5,2.5,2.5,2.5,2.5,2.5,2.5,2.5,2.5,2.5,2.5,2.5,2.5,,
Fragile and conflict affected situations,,,,,,,,,,,,,,,,,,,,,,,,,,,,,,,,,,,,,,,,,,,,,,,,,635481068.0,651226758.0,667644273.0,684007365.0,700820603.0,717975893.0,735110300.0,753058095.0,772015937.0,791371804.0,810972272.0,831065598.0,851404936.0,871345375.0,890869511.0,910836458.0,931222867.0,951851595.0,973035228.0,994901090.0,1016906998.0,1036390026.0,1057033168.0,1081767572.0,51.5,51.1,50.0,47.0,45.2,44.0,42.6,41.4,40.5,38.8,38.5,37.6,36.9,36.5,36.6,37.0,36.9,36.9,,39.5,40.8,40.8,41.5,41.7,24.4334043179716,23.7117243739637,23.0044489971775,22.0793268431509,21.0568234192044,19.9453910383819,18.6611272040809,17.682092833961,16.7025861773905,16.2419937074456,15.9657382427808,16.1444561696259,15.7847647730889,16.0133217237802,16.7330089251237,17.3738587727565,18.0660555826973,18.4639637990867,19.4788428673216,20.3503215415328,21.1701184586241,21.7397779726341,,
France,81.86666666666666,84.10083333333334,86.0175,86.43583333333333,86.57166666666667,88.02083333333333,89.29833333333333,93.82083333333333,93.89416666666666,94.63083333333331,96.51083333333334,99.29916666666666,100.44083333333332,99.59833333333334,100.0,100.55416666666667,101.6475,103.6475,106.18583333333332,108.3325,108.99833333333332,116.93083333333334,131.38333333333333,133.12,134.30499999999998,148.0,148.0,147.0,145.0,145.0,144.0,144.0,144.0,144.0,143.0,142.0,141.0,140.0,140.0,140.0,140.0,141.0,141.0,141.0,142.0,143.0,143.0,144.0,61364377.0,61812142.0,62249855.0,62707588.0,63180854.0,63622342.0,64016890.0,64375116.0,64706436.0,65026211.0,65340830.0,65657659.0,65997932.0,66312067.0,66548272.0,66724104.0,66918020.0,67158348.0,67382061.0,67601110.0,67842811.0,68065015.0,68287487.0,68516699.0,0.0,0.0,0.2,0.1,0.1,0.0,0.0,0.0,0.1,0.1,0.0,0.1,0.1,0.0,0.1,0.1,0.0,0.0,0.1,0.1,0.1,0.1,0.1,,2.5,2.5,2.5,2.5,2.5,2.5,2.5,2.5,2.5,2.5,2.5,2.5,2.5,2.5,2.5,2.5,2.5,2.5,2.5,2.5,2.5,2.5,,
France,81.23583333333333,82.79833333333333,84.53583333333334,86.34666666666668,87.85416666666667,89.32583333333334,90.655,93.205,93.28666666666668,94.715,96.715,98.605,99.45666666666666,99.96166666666666,99.99916666666668,100.1825,101.21666666666664,103.09,104.2325,104.72916666666669,106.44916666666668,112.00833333333333,117.4725,119.82083333333333,120.66666666666669,148.0,148.0,147.0,145.0,145.0,144.0,144.0,144.0,144.0,143.0,142.0,141.0,140.0,140.0,140.0,140.0,141.0,141.0,141.0,142.0,143.0,143.0,144.0,61364377.0,61812142.0,62249855.0,62707588.0,63180854.0,63622342.0,64016890.0,64375116.0,64706436.0,65026211.0,65340830.0,65657659.0,65997932.0,66312067.0,66548272.0,66724104.0,66918020.0,67158348.0,67382061.0,67601110.0,67842811.0,68065015.0,68287487.0,68516699.0,0.0,0.0,0.2,0.1,0.1,0.0,0.0,0.0,0.1,0.1,0.0,0.1,0.1,0.0,0.1,0.1,0.0,0.0,0.1,0.1,0.1,0.1,0.1,,2.5,2.5,2.5,2.5,2.5,2.5,2.5,2.5,2.5,2.5,2.5,2.5,2.5,2.5,2.5,2.5,2.5,2.5,2.5,2.5,2.5,2.5,,
France,5.511969,2.758226666666667,2.281826833333333,0.491338,0.1602085,1.6770858333333332,1.4506474166666667,5.069889166666667,0.0863915,0.7867969166666667,1.9902529166666667,2.894216416666667,1.152793416666667,-0.83551975,0.4042034166666666,0.5549391666666667,1.0885883333333333,1.9665671666666664,2.451185333333333,2.025674833333333,0.6192115,7.270286916666667,12.482628916666668,1.3463056666666668,0.8986033333333333,148.0,148.0,147.0,145.0,145.0,144.0,144.0,144.0,144.0,143.0,142.0,141.0,140.0,140.0,140.0,140.0,141.0,141.0,141.0,142.0,143.0,143.0,144.0,61364377.0,61812142.0,62249855.0,62707588.0,63180854.0,63622342.0,64016890.0,64375116.0,64706436.0,65026211.0,65340830.0,65657659.0,65997932.0,66312067.0,66548272.0,66724104.0,66918020.0,67158348.0,67382061.0,67601110.0,67842811.0,68065015.0,68287487.0,68516699.0,0.0,0.0,0.2,0.1,0.1,0.0,0.0,0.0,0.1,0.1,0.0,0.1,0.1,0.0,0.1,0.1,0.0,0.0,0.1,0.1,0.1,0.1,0.1,,2.5,2.5,2.5,2.5,2.5,2.5,2.5,2.5,2.5,2.5,2.5,2.5,2.5,2.5,2.5,2.5,2.5,2.5,2.5,2.5,2.5,2.5,,
French Guiana,79.84894791666666,81.21970533333334,82.59046291666667,83.96122025,85.33197783333334,86.70273516666667,88.07349275,89.44425008333333,90.0789985,91.18845808333332,92.86784541666668,95.30713675,98.46073758333334,99.94255,100.00334225,100.76324616666666,101.41296375,101.88030475,103.74206908333332,105.63422975,107.19583191666668,112.53415625,123.18800775,129.1608515833333,131.402568,,,,,,,,,,,,,,,,,,,,,,,,,,,,,,,,,,,,,,,,,,,,,,,,,,,,,,,,,,,,,,,,,,,,,,,,,,,,,,,,,,,,,,,,,,,,,,,
French Guiana,88.1775415,88.97490549999999,89.7722695,90.56963258333332,91.36699649999998,92.1643605,92.9617245,93.75908783333334,94.61756608333332,94.870512,96.79131975,98.23785391666668,99.57372425,100.08752066666666,100.0005705,99.88990666666666,100.67641025,101.81071458333334,102.7592615,102.62488391666666,104.93696741666668,108.32407083333334,111.54122616666666,114.92437725,116.08634733333334,,,,,,,,,,,,,,,,,,,,,,,,,,,,,,,,,,,,,,,,,,,,,,,,,,,,,,,,,,,,,,,,,,,,,,,,,,,,,,,,,,,,,,,,,,,,,,,
French Guiana,1.7467171666666663,1.71673,1.687755,1.6597420833333334,1.6326438333333335,1.60641625,1.5810178333333331,1.5564101666666668,0.7128450000000001,1.2377763333333334,1.844704916666667,2.628455833333333,3.3113016666666666,1.5113934166666667,0.0616635833333333,0.7661695833333333,0.6447186666666667,0.4614196666666667,1.8275919166666668,1.8242770833333333,1.4789133333333335,4.969577666666667,9.469703666666666,4.897293833333333,2.343353833333333,,,,,,,,,,,,,,,,,,,,,,,,,,,,,,,,,,,,,,,,,,,,,,,,,,,,,,,,,,,,,,,,,,,,,,,,,,,,,,,,,,,,,,,,,,,,,,,
French Polynesia,66.87467291666667,70.53748075,71.07650600000001,72.73346491666666,74.60338925,77.11545591666668,79.48838133333334,84.393132,85.9055135,88.45213224999999,91.33729475,93.51940391666666,96.613776,97.45963283333332,100.00402016666668,102.26770833333336,104.123891,100.96087291666667,102.143814,104.93665216666666,107.50934525,116.23596341666666,124.61281341666668,125.14168766666668,128.41441633333332,113.0,113.0,114.0,114.0,115.0,115.0,115.0,115.0,116.0,117.0,118.0,118.0,118.0,117.0,116.0,115.0,114.0,114.0,115.0,116.0,117.0,118.0,121.0,244097.0,247775.0,251637.0,255654.0,259507.0,263223.0,266438.0,268379.0,269481.0,270580.0,271727.0,273084.0,274728.0,276387.0,277866.0,279178.0,280087.0,279815.0,279034.0,279209.0,279792.0,280378.0,281118.0,281807.0,,,,,,,,,,,,,,,,,,,,,,,,,4.1,4.0,3.9,3.9,3.9,4.0,4.0,3.9,4.1,4.5,4.8,4.9,5.1,5.3,5.7,6.1,6.6,6.4,5.8,5.2,5.0,5.4,,
French Polynesia,83.25315908333333,85.67850766666668,86.03583925,86.40376458333333,87.253437,89.65923624999999,91.43891233333332,94.38312858333336,94.48745858333332,95.72471425,97.51666183333332,98.65069866666666,100.08000925,100.35284041666668,100.00060591666666,99.50160775,99.95004925,99.29004566666669,99.58754741666668,99.47316091666666,99.927969,106.33011383333331,109.85080433333331,111.16866658333332,112.63008333333332,113.0,113.0,114.0,114.0,115.0,115.0,115.0,115.0,116.0,117.0,118.0,118.0,118.0,117.0,116.0,115.0,114.0,114.0,115.0,116.0,117.0,118.0,121.0,244097.0,247775.0,251637.0,255654.0,259507.0,263223.0,266438.0,268379.0,269481.0,270580.0,271727.0,273084.0,274728.0,276387.0,277866.0,279178.0,280087.0,279815.0,279034.0,279209.0,279792.0,280378.0,281118.0,281807.0,,,,,,,,,,,,,,,,,,,,,,,,,4.1,4.0,3.9,3.9,3.9,4.0,4.0,3.9,4.1,4.5,4.8,4.9,5.1,5.3,5.7,6.1,6.6,6.4,5.8,5.2,5.0,5.4,,
French Polynesia,2.3728565,5.498175666666668,0.7658055,2.3304045833333333,2.571045583333333,3.375548833333333,3.079689833333333,6.174986416666666,1.81465125,2.9652679166666664,3.2702760000000004,2.3947806666666667,3.31691725,0.8787874166666666,2.615350333333333,2.267014666666667,1.816801,-3.030996416666667,1.2077621666666667,2.7431412500000003,2.45825775,8.10424575,7.308606916666666,0.4240793333333333,2.053832666666666,113.0,113.0,114.0,114.0,115.0,115.0,115.0,115.0,116.0,117.0,118.0,118.0,118.0,117.0,116.0,115.0,114.0,114.0,115.0,116.0,117.0,118.0,121.0,244097.0,247775.0,251637.0,255654.0,259507.0,263223.0,266438.0,268379.0,269481.0,270580.0,271727.0,273084.0,274728.0,276387.0,277866.0,279178.0,280087.0,279815.0,279034.0,279209.0,279792.0,280378.0,281118.0,281807.0,,,,,,,,,,,,,,,,,,,,,,,,,4.1,4.0,3.9,3.9,3.9,4.0,4.0,3.9,4.1,4.5,4.8,4.9,5.1,5.3,5.7,6.1,6.6,6.4,5.8,5.2,5.0,5.4,,
Gabon,68.88354091666666,68.91694825,71.00511266666666,71.394815,74.99089066666666,73.56807808333333,78.61417933333333,84.24726058333333,86.39108800000001,86.252696,89.72590774999999,94.81990191666668,94.42531191666666,97.2568585,100.00922083333334,99.91451991666666,99.18327983333334,102.79691958333336,105.94739216666666,107.9341285,109.39564991666668,115.87532375,122.72456,125.57764283333334,126.77452033333331,120.0,119.0,118.0,118.0,118.0,118.0,119.0,119.0,119.0,119.0,120.0,121.0,121.0,120.0,119.0,117.0,116.0,115.0,115.0,113.0,112.0,111.0,110.0,1309589.0,1345135.0,1382350.0,1421609.0,1463495.0,1508337.0,1556237.0,1607175.0,1661556.0,1719879.0,1781985.0,1846889.0,1913059.0,1978399.0,2040989.0,2100306.0,2156900.0,2212318.0,2267706.0,2322539.0,2376722.0,2430747.0,2484789.0,2538952.0,,,,,9.2,,,,,,,,,,,,3.8,,,,,,,,10.8,12.1,13.3,14.1,14.6,14.8,14.8,14.7,14.6,14.1,13.5,13.1,13.1,13.3,14.1,15.3,16.5,17.6,18.8,19.7,20.1,20.1,,
Gabon,76.45485466666666,76.48290033333333,78.19256341666666,78.51174958333333,81.42322675,80.27564683333334,84.31376766666666,88.75229875000001,90.42590741666667,91.74032066666666,92.89929191666666,95.36336958333334,95.84537516666666,100.34096183333334,100.00101158333332,102.10774008333334,104.81556141666664,109.79332225,112.49925283333332,114.021099,115.26040275,120.13735633333332,124.49715933333331,125.95766041666668,127.31023966666667,120.0,119.0,118.0,118.0,118.0,118.0,119.0,119.0,119.0,119.0,120.0,121.0,121.0,120.0,119.0,117.0,116.0,115.0,115.0,113.0,112.0,111.0,110.0,1309589.0,1345135.0,1382350.0,1421609.0,1463495.0,1508337.0,1556237.0,1607175.0,1661556.0,1719879.0,1781985.0,1846889.0,1913059.0,1978399.0,2040989.0,2100306.0,2156900.0,2212318.0,2267706.0,2322539.0,2376722.0,2430747.0,2484789.0,2538952.0,,,,,9.2,,,,,,,,,,,,3.8,,,,,,,,10.8,12.1,13.3,14.1,14.6,14.8,14.8,14.7,14.6,14.1,13.5,13.1,13.1,13.3,14.1,15.3,16.5,17.6,18.8,19.7,20.1,20.1,,
Gabon,2.901148833333333,0.05621575,3.0340020833333337,0.5688650000000001,5.03749625,-1.8933888333333333,6.8494166666666665,7.179810333333333,2.5948866666666666,-0.1711384999999999,4.069263333333333,5.690013166666667,-0.3683780833333333,3.0572355000000004,2.86396875,-0.0784088333333333,-0.7159374166666667,3.655608916666667,3.1011454166666668,1.8756634166666668,1.3546610833333332,5.906220833333333,5.960862916666667,2.344805833333333,1.198305,120.0,119.0,118.0,118.0,118.0,118.0,119.0,119.0,119.0,119.0,120.0,121.0,121.0,120.0,119.0,117.0,116.0,115.0,115.0,113.0,112.0,111.0,110.0,1309589.0,1345135.0,1382350.0,1421609.0,1463495.0,1508337.0,1556237.0,1607175.0,1661556.0,1719879.0,1781985.0,1846889.0,1913059.0,1978399.0,2040989.0,2100306.0,2156900.0,2212318.0,2267706.0,2322539.0,2376722.0,2430747.0,2484789.0,2538952.0,,,,,9.2,,,,,,,,,,,,3.8,,,,,,,,10.8,12.1,13.3,14.1,14.6,14.8,14.8,14.7,14.6,14.1,13.5,13.1,13.1,13.3,14.1,15.3,16.5,17.6,18.8,19.7,20.1,20.1,,
Gambia,33.63416758333333,37.176157833333335,44.97572325,52.713947,55.45751066666667,56.47221366666667,60.93884658333334,64.59094008333334,68.02293508333334,72.52982008333333,77.17320358333333,81.06390108333333,86.50859583333333,92.38951641666668,100.02580758333332,108.26675925,117.67871583333331,125.13550625,133.64540225,142.4117325,156.07942825,178.0052945,217.07123583333336,249.534674,265.8855058333333,108.0,105.0,104.0,105.0,106.0,109.0,111.0,114.0,116.0,118.0,118.0,117.0,115.0,114.0,113.0,112.0,111.0,110.0,108.0,107.0,107.0,107.0,108.0,,,,,,,,,,,,,,,,,,,,,,,,,,,,,,,,,,,,,,,,,,,,,,,,,,,,,,,,,,,,,,,,,,,,,,,,
Gambia,40.76531833333333,44.274855333333335,51.81613241666667,59.17236449999999,62.0408935,63.31676658333333,66.71632933333333,69.68097266666666,72.85947508333334,76.53864591666667,80.20934966666667,83.62171366666666,88.38742358333333,93.644707,100.02046466666668,107.25073683333332,115.86746441666666,123.42314508333334,132.20553641666666,140.0470121666667,150.36896383333334,167.68112291666668,196.14367375,218.81994825,231.71060416666668,108.0,105.0,104.0,105.0,106.0,109.0,111.0,114.0,116.0,118.0,118.0,117.0,115.0,114.0,113.0,112.0,111.0,110.0,108.0,107.0,107.0,107.0,108.0,,,,,,,,,,,,,,,,,,,,,,,,,,,,,,,,,,,,,,,,,,,,,,,,,,,,,,,,,,,,,,,,,,,,,,,,
Gambia,5.4640605,10.48768425,20.959678666666665,17.432116666666666,5.23404975,1.8479718333333333,7.903133749999999,6.014501083333333,5.39318025,6.6143755833333335,6.420263583333333,5.040003333333334,6.711516499999999,6.78565825,8.275404916666666,8.232805749999999,8.716364083333334,6.335005083333333,6.792273583333333,6.563570250000001,9.60285825,14.006735999999998,21.868046250000003,15.138164916666668,9.544504333333334,108.0,105.0,104.0,105.0,106.0,109.0,111.0,114.0,116.0,118.0,118.0,117.0,115.0,114.0,113.0,112.0,111.0,110.0,108.0,107.0,107.0,107.0,108.0,,,,,,,,,,,,,,,,,,,,,,,,,,,,,,,,,,,,,,,,,,,,,,,,,,,,,,,,,,,,,,,,,,,,,,,,
"Gambia, The",,,,,,,,,,,,,,,,,,,,,,,,,,,,,,,,,,,,,,,,,,,,,,,,,1495011.0,1535691.0,1577611.0,1621312.0,1667037.0,1715275.0,1765774.0,1817852.0,1871422.0,1926630.0,1983784.0,2043094.0,2103820.0,2164528.0,2224529.0,2283769.0,2342189.0,2399632.0,2456844.0,2515733.0,2576010.0,2636470.0,2697845.0,2759988.0,,,55.2,,,,,,,34.2,,,,,17.1,,,,,22.0,,,,,17.9,19.7,20.4,19.4,17.6,15.2,13.1,11.3,9.7,8.9,8.8,9.5,10.4,11.2,11.9,12.1,13.4,14.2,15.9,17.1,19.3,20.5,,
Georgia,37.63111816666667,40.45781925,43.04640058333334,46.324103666666666,51.32916583333333,58.01498516666667,65.21327808333334,73.17346558333334,74.30064241666666,82.99507316666667,96.3075915,91.98479383333334,91.33426475,96.017745,100.01002183333333,101.65770191666668,108.54414783333334,110.9425875,119.96046416666668,132.57663983333333,146.90887691666666,173.19868233333332,179.62792249999998,179.51549158333333,191.77188383333336,119.0,123.0,125.0,124.0,122.0,120.0,118.0,116.0,115.0,114.0,114.0,115.0,115.0,117.0,118.0,118.0,119.0,121.0,124.0,125.0,126.0,127.0,128.0,4014373.0,3978515.0,3951736.0,3927340.0,3902469.0,3880347.0,3860158.0,3848449.0,3814419.0,3786695.0,3756441.0,3728874.0,3717668.0,3719414.0,3725276.0,3727505.0,3728004.0,3726549.0,3720161.0,3722716.0,3708610.0,3712502.0,3715483.0,3673850.0,36.7,22.3,22.3,20.9,22.3,22.5,23.9,21.7,21.1,23.6,21.6,18.8,14.9,12.0,10.6,10.5,11.1,11.0,9.7,12.0,10.8,7.7,5.8,4.2,7.3,5.7,4.6,3.9,4.0,4.0,4.0,3.6,5.1,6.8,8.3,7.9,7.5,6.7,6.6,6.7,6.6,5.5,5.4,5.2,5.2,4.0,,
Georgia,48.22562133333333,50.92039066666666,53.34645075,56.36750983333334,61.02443291666666,66.61485983333334,72.77333541666667,80.05029616666667,81.43317666666667,87.22322116666668,94.67464291666666,93.78123733333332,93.3010225,96.1642555,100.01426683333334,102.14949858333334,108.31454483333334,111.14723533333334,116.54109725,122.60410716666668,134.33353708333334,150.3167635,154.05628466666667,155.76587433333333,160.52241816666665,119.0,123.0,125.0,124.0,122.0,120.0,118.0,116.0,115.0,114.0,114.0,115.0,115.0,117.0,118.0,118.0,119.0,121.0,124.0,125.0,126.0,127.0,128.0,4014373.0,3978515.0,3951736.0,3927340.0,3902469.0,3880347.0,3860158.0,3848449.0,3814419.0,3786695.0,3756441.0,3728874.0,3717668.0,3719414.0,3725276.0,3727505.0,3728004.0,3726549.0,3720161.0,3722716.0,3708610.0,3712502.0,3715483.0,3673850.0,36.7,22.3,22.3,20.9,22.3,22.5,23.9,21.7,21.1,23.6,21.6,18.8,14.9,12.0,10.6,10.5,11.1,11.0,9.7,12.0,10.8,7.7,5.8,4.2,7.3,5.7,4.6,3.9,4.0,4.0,4.0,3.6,5.1,6.8,8.3,7.9,7.5,6.7,6.6,6.7,6.6,5.5,5.4,5.2,5.2,4.0,,
Georgia,6.277252916666666,7.508388583333333,6.409215583333332,7.614751833333333,10.825659,13.21615175,12.453289916666668,12.317295916666666,1.5615903333333334,11.711845166666668,16.759654166666667,-4.3393750833333335,-0.6710098333333333,5.155957916666666,4.1902435,1.6507374166666668,6.792273916666667,2.2138115,8.158461833333334,10.591505583333332,10.888147416666667,17.938822416666667,3.924904083333333,-0.0140643333333333,6.435349666666667,119.0,123.0,125.0,124.0,122.0,120.0,118.0,116.0,115.0,114.0,114.0,115.0,115.0,117.0,118.0,118.0,119.0,121.0,124.0,125.0,126.0,127.0,128.0,4014373.0,3978515.0,3951736.0,3927340.0,3902469.0,3880347.0,3860158.0,3848449.0,3814419.0,3786695.0,3756441.0,3728874.0,3717668.0,3719414.0,3725276.0,3727505.0,3728004.0,3726549.0,3720161.0,3722716.0,3708610.0,3712502.0,3715483.0,3673850.0,36.7,22.3,22.3,20.9,22.3,22.5,23.9,21.7,21.1,23.6,21.6,18.8,14.9,12.0,10.6,10.5,11.1,11.0,9.7,12.0,10.8,7.7,5.8,4.2,7.3,5.7,4.6,3.9,4.0,4.0,4.0,3.6,5.1,6.8,8.3,7.9,7.5,6.7,6.6,6.7,6.6,5.5,5.4,5.2,5.2,4.0,,
Germany,79.09752316666668,79.76614041666666,79.64727574999999,79.37982833333334,79.42440258333333,81.03651825,84.11215700000001,89.22336975,88.05700441666666,89.15651075,91.61554083333333,94.7357585,98.39087108333332,99.40865425,100.00123241666668,100.80957791666668,103.5929435,105.9596415,107.23465708333332,109.52993716666668,112.91623758333331,127.1003645,142.66274291666667,145.4557565,148.7781645,137.0,138.0,139.0,139.0,140.0,141.0,142.0,142.0,141.0,141.0,141.0,141.0,140.0,140.0,140.0,141.0,141.0,142.0,143.0,143.0,143.0,142.0,142.0,82349925.0,82488495.0,82534176.0,82516260.0,82469422.0,82376451.0,82266372.0,82110097.0,81902307.0,81776930.0,80274983.0,80425823.0,80645605.0,80982500.0,81686611.0,82348669.0,82657002.0,82905782.0,83092962.0,83160871.0,83196078.0,83797985.0,83901923.0,83510950.0,0.0,0.0,0.2,0.0,0.0,0.0,0.0,0.0,0.0,0.0,0.0,0.0,0.0,0.0,0.0,0.0,0.2,0.0,0.2,0.2,,,,,2.5,2.5,2.5,2.5,2.5,2.5,2.5,2.5,2.5,2.5,2.5,2.5,2.5,2.5,2.5,2.5,2.5,2.5,2.5,2.5,2.5,2.5,,
Germany,81.53104433333333,82.68944258333333,83.54463525,84.93626891666666,86.25015758333335,87.61068999999999,89.62428533333333,91.97995191666666,92.26760916666667,93.28606858333336,95.22191583333334,97.13443725,98.59604166666666,99.49010475,100.00190783333332,100.49366425,102.010611,103.777607,105.277878,105.43040241666668,108.66360141666668,116.13158841666666,123.03727958333332,125.8136135,127.85193466666664,137.0,138.0,139.0,139.0,140.0,141.0,142.0,142.0,141.0,141.0,141.0,141.0,140.0,140.0,140.0,141.0,141.0,142.0,143.0,143.0,143.0,142.0,142.0,82349925.0,82488495.0,82534176.0,82516260.0,82469422.0,82376451.0,82266372.0,82110097.0,81902307.0,81776930.0,80274983.0,80425823.0,80645605.0,80982500.0,81686611.0,82348669.0,82657002.0,82905782.0,83092962.0,83160871.0,83196078.0,83797985.0,83901923.0,83510950.0,0.0,0.0,0.2,0.0,0.0,0.0,0.0,0.0,0.0,0.0,0.0,0.0,0.0,0.0,0.0,0.0,0.2,0.0,0.2,0.2,,,,,2.5,2.5,2.5,2.5,2.5,2.5,2.5,2.5,2.5,2.5,2.5,2.5,2.5,2.5,2.5,2.5,2.5,2.5,2.5,2.5,2.5,2.5,,
Germany,4.454756083333334,0.8741959166666667,-0.1293760833333333,-0.3358663333333334,0.056917,2.039395333333333,3.7908676666666663,6.11591075,-1.30487975,1.2634901666666667,2.7595915000000004,3.405027,3.861147583333333,1.042304583333333,0.5985060833333333,0.8097333333333333,2.7624946666666665,2.2909701666666664,1.2042586666666666,2.1456465833333334,3.110339,12.533633333333333,12.545725,1.9634920833333331,2.826760333333333,137.0,138.0,139.0,139.0,140.0,141.0,142.0,142.0,141.0,141.0,141.0,141.0,140.0,140.0,140.0,141.0,141.0,142.0,143.0,143.0,143.0,142.0,142.0,82349925.0,82488495.0,82534176.0,82516260.0,82469422.0,82376451.0,82266372.0,82110097.0,81902307.0,81776930.0,80274983.0,80425823.0,80645605.0,80982500.0,81686611.0,82348669.0,82657002.0,82905782.0,83092962.0,83160871.0,83196078.0,83797985.0,83901923.0,83510950.0,0.0,0.0,0.2,0.0,0.0,0.0,0.0,0.0,0.0,0.0,0.0,0.0,0.0,0.0,0.0,0.0,0.2,0.0,0.2,0.2,,,,,2.5,2.5,2.5,2.5,2.5,2.5,2.5,2.5,2.5,2.5,2.5,2.5,2.5,2.5,2.5,2.5,2.5,2.5,2.5,2.5,2.5,2.5,,
Ghana,24.689035333333333,26.135309666666668,33.52132825,39.491565916666666,44.85192908333334,49.29094583333333,53.95866566666666,62.13969925,71.89116033333333,76.26918975,79.34252258333333,81.21679508333334,87.13346525000001,93.054683,100.01463466666668,108.65263416666666,116.54837025,125.67548925,135.07091383333332,150.12340491666666,165.51718383333335,222.10537283333332,328.19694641666666,408.81527516666665,477.7136298333333,113.0,115.0,117.0,118.0,120.0,122.0,124.0,127.0,130.0,130.0,129.0,128.0,127.0,125.0,124.0,124.0,126.0,129.0,132.0,134.0,135.0,136.0,136.0,20167069.0,20729388.0,21296705.0,21868298.0,22449438.0,23040702.0,23642279.0,24249946.0,24862664.0,25474995.0,26095088.0,26734268.0,27386193.0,28041592.0,28696068.0,29356742.0,30008354.0,30637585.0,31258945.0,31887809.0,32518665.0,33149152.0,33787914.0,34427414.0,,,,,60.9,,,,,,,41.8,,,,39.0,,,,,,,,,14.9,13.5,12.6,12.1,11.1,10.4,9.2,8.1,6.9,7.0,7.4,7.9,8.2,8.9,9.7,9.8,9.0,7.8,6.9,6.0,5.9,6.2,,
Ghana,14.894643166666668,16.288920416666667,21.138617666666665,24.952603166666663,28.80503358333333,32.169226333333334,35.622357,41.49813633333333,49.48526116666667,54.79670725,59.5796155,66.24439433333333,73.97259291666667,85.43066341666668,100.08199616666668,117.55094308333332,132.09425358333334,142.40918358333332,152.582383,167.66864508333333,184.38703416666667,242.0188525,334.24489325,410.61426325,467.4970088333334,113.0,115.0,117.0,118.0,120.0,122.0,124.0,127.0,130.0,130.0,129.0,128.0,127.0,125.0,124.0,124.0,126.0,129.0,132.0,134.0,135.0,136.0,136.0,20167069.0,20729388.0,21296705.0,21868298.0,22449438.0,23040702.0,23642279.0,24249946.0,24862664.0,25474995.0,26095088.0,26734268.0,27386193.0,28041592.0,28696068.0,29356742.0,30008354.0,30637585.0,31258945.0,31887809.0,32518665.0,33149152.0,33787914.0,34427414.0,,,,,60.9,,,,,,,41.8,,,,39.0,,,,,,,,,14.9,13.5,12.6,12.1,11.1,10.4,9.2,8.1,6.9,7.0,7.4,7.9,8.2,8.9,9.7,9.8,9.0,7.8,6.9,6.0,5.9,6.2,,
Ghana,46.61445533333333,6.0842335,28.217123583333333,18.101251916666666,13.617653,9.930692416666666,9.457101916666666,15.095422666666666,15.787945083333334,6.12417375,4.0440491666666665,2.3771210000000003,7.288644916666667,6.80415875,7.480176333333333,8.63690925,7.272453416666667,7.828477833333333,7.486011,11.11420225,10.293029833333334,33.73574141666666,48.88458575000001,24.704832,24.5,113.0,115.0,117.0,118.0,120.0,122.0,124.0,127.0,130.0,130.0,129.0,128.0,127.0,125.0,124.0,124.0,126.0,129.0,132.0,134.0,135.0,136.0,136.0,20167069.0,20729388.0,21296705.0,21868298.0,22449438.0,23040702.0,23642279.0,24249946.0,24862664.0,25474995.0,26095088.0,26734268.0,27386193.0,28041592.0,28696068.0,29356742.0,30008354.0,30637585.0,31258945.0,31887809.0,32518665.0,33149152.0,33787914.0,34427414.0,,,,,60.9,,,,,,,41.8,,,,39.0,,,,,,,,,14.9,13.5,12.6,12.1,11.1,10.4,9.2,8.1,6.9,7.0,7.4,7.9,8.2,8.9,9.7,9.8,9.0,7.8,6.9,6.0,5.9,6.2,,
Gibraltar,,,,,,,,,,,,,,,,,,,,,,,,,,,,,,,,,,,,,,,,,,,,,,,,,27657.0,27831.0,28274.0,28715.0,29163.0,29594.0,30006.0,30413.0,30823.0,31248.0,31660.0,32029.0,32407.0,32813.0,33193.0,33658.0,34245.0,34854.0,35494.0,36173.0,36858.0,37609.0,38471.0,39329.0,,,,,,,,,,,,,,,,,,,,,,,,,,,,,,,,,,,,,,,,,,,,,,,,
Greece,74.18513791666666,78.13643566666667,82.02445625,82.44657141666666,82.95361308333334,86.05772891666668,88.84681091666666,93.61294908333332,95.3974435,95.45681266666666,98.42947608333333,99.91129316666668,99.9153435,98.23474991666669,100.00484533333334,99.78379191666666,100.10119983333334,100.50017408333332,100.39127833333332,101.74800133333332,103.13290583333333,115.28815025,128.649366,132.96764425,134.55044466666666,138.0,139.0,140.0,140.0,138.0,137.0,137.0,139.0,140.0,140.0,140.0,140.0,139.0,137.0,135.0,134.0,134.0,135.0,135.0,135.0,135.0,135.0,135.0,10862132.0,10902022.0,10928070.0,10955141.0,10987314.0,11020362.0,11048473.0,11077841.0,11107017.0,11121341.0,11104899.0,11045011.0,10965211.0,10892413.0,10820883.0,10775971.0,10754679.0,10732882.0,10721582.0,10698599.0,10569207.0,10436882.0,10405588.0,10388805.0,,0.2,0.6,0.9,0.4,0.7,0.6,0.4,0.6,1.1,1.5,2.1,1.5,2.0,2.0,1.4,1.1,0.2,1.0,1.1,0.7,0.6,0.6,,2.5,2.5,2.5,2.5,2.5,2.5,2.5,2.5,2.5,2.5,2.5,2.5,2.5,2.5,2.5,2.5,2.5,2.5,2.5,2.5,2.5,2.5,,
Greece,74.06882625,76.75704966666667,79.46707275,81.77070241666667,84.66953325,87.37552666666666,89.90505083333333,93.63862491666669,94.77172058333332,99.23830141666669,102.54279133333334,104.08249891666668,103.12361866666669,101.77036766666669,100.003748,99.17806316666666,100.29010158333334,100.917538,101.17286683333332,99.91024616666668,101.13297266666666,110.88751058333334,114.72954241666666,117.87484216666668,119.86232316666668,138.0,139.0,140.0,140.0,138.0,137.0,137.0,139.0,140.0,140.0,140.0,140.0,139.0,137.0,135.0,134.0,134.0,135.0,135.0,135.0,135.0,135.0,135.0,10862132.0,10902022.0,10928070.0,10955141.0,10987314.0,11020362.0,11048473.0,11077841.0,11107017.0,11121341.0,11104899.0,11045011.0,10965211.0,10892413.0,10820883.0,10775971.0,10754679.0,10732882.0,10721582.0,10698599.0,10569207.0,10436882.0,10405588.0,10388805.0,,0.2,0.6,0.9,0.4,0.7,0.6,0.4,0.6,1.1,1.5,2.1,1.5,2.0,2.0,1.4,1.1,0.2,1.0,1.1,0.7,0.6,0.6,,2.5,2.5,2.5,2.5,2.5,2.5,2.5,2.5,2.5,2.5,2.5,2.5,2.5,2.5,2.5,2.5,2.5,2.5,2.5,2.5,2.5,2.5,,
Greece,5.14571025,5.379241333333333,5.007936333333333,0.52664525,0.640876,3.7553414166666665,3.241581,5.37185325,1.91806225,0.082546,3.114724916666667,1.512169,0.0022009166666666,-1.67668175,1.8106451666666663,-0.2094447499999999,0.3203548333333333,0.4075218333333333,-0.104624,1.3633222500000002,1.3678746666666666,11.746996416666668,11.674414333333331,3.4134165833333334,1.5538641666666664,138.0,139.0,140.0,140.0,138.0,137.0,137.0,139.0,140.0,140.0,140.0,140.0,139.0,137.0,135.0,134.0,134.0,135.0,135.0,135.0,135.0,135.0,135.0,10862132.0,10902022.0,10928070.0,10955141.0,10987314.0,11020362.0,11048473.0,11077841.0,11107017.0,11121341.0,11104899.0,11045011.0,10965211.0,10892413.0,10820883.0,10775971.0,10754679.0,10732882.0,10721582.0,10698599.0,10569207.0,10436882.0,10405588.0,10388805.0,,0.2,0.6,0.9,0.4,0.7,0.6,0.4,0.6,1.1,1.5,2.1,1.5,2.0,2.0,1.4,1.1,0.2,1.0,1.1,0.7,0.6,0.6,,2.5,2.5,2.5,2.5,2.5,2.5,2.5,2.5,2.5,2.5,2.5,2.5,2.5,2.5,2.5,2.5,2.5,2.5,2.5,2.5,2.5,2.5,,
Greenland,65.65349875,68.11909283333334,70.12591483333334,71.34767191666667,72.90185491666666,74.82649049999999,76.9020055,81.159421,84.74611016666667,87.48657516666667,90.97236841666668,93.83325741666664,95.38900825,97.66079525,100.0041855,103.096159,105.354927,105.95379341666668,107.37610108333332,108.91232366666668,109.28987,113.61212333333332,116.81801175,120.07923008333334,122.246866,,,,,,,,,,,,,,,,,,,,,,,,56379.0,56595.0,56751.0,56898.0,56935.0,56775.0,56555.0,56328.0,56323.0,56534.0,56890.0,56810.0,56483.0,56295.0,56114.0,56186.0,56172.0,56023.0,56225.0,56367.0,56653.0,56661.0,56865.0,56836.0,,,,,,,,,,,,,,,,,,,,,,,,,,,,,,,,,,,,,,,,,,,,,,,,
Greenland,69.20194775,71.68058558333333,73.622973,75.27900041666668,76.72430958333334,78.22635066666668,82.08661558333334,86.936218,88.45277399999999,90.16421441666668,92.50991558333334,96.11705125,97.25446808333334,98.60802983333332,100.00056833333332,100.88640716666669,101.77224591666668,101.78996266666668,103.15769766666666,104.82307466666668,104.86559491666668,106.69042275,109.34793916666666,112.43065808333334,114.294463,,,,,,,,,,,,,,,,,,,,,,,,56379.0,56595.0,56751.0,56898.0,56935.0,56775.0,56555.0,56328.0,56323.0,56534.0,56890.0,56810.0,56483.0,56295.0,56114.0,56186.0,56172.0,56023.0,56225.0,56367.0,56653.0,56661.0,56865.0,56836.0,,,,,,,,,,,,,,,,,,,,,,,,,,,,,,,,,,,,,,,,,,,,,,,,
Greenland,3.12395325,3.753590583333333,2.9526931666666667,1.7431321666666666,2.1767906666666668,2.6404675,2.77293225,5.52741875,4.432004249999999,3.2444116666666667,3.9783341666666665,3.1645841666666663,1.6578876666666666,2.380692333333333,2.39832175,3.094825,2.1919690833333334,0.5700824166666667,1.3416235,1.4338980833333332,0.3468057499999999,3.95300175,2.828082666666667,2.78965575,3.573792,,,,,,,,,,,,,,,,,,,,,,,,56379.0,56595.0,56751.0,56898.0,56935.0,56775.0,56555.0,56328.0,56323.0,56534.0,56890.0,56810.0,56483.0,56295.0,56114.0,56186.0,56172.0,56023.0,56225.0,56367.0,56653.0,56661.0,56865.0,56836.0,,,,,,,,,,,,,,,,,,,,,,,,,,,,,,,,,,,,,,,,,,,,,,,,
Grenada,62.11021458333334,61.8150425,62.272060333333336,64.32828375000001,66.9805555,70.75362608333334,75.48279741666667,86.36495425,87.60482,90.45815091666668,94.45580883333334,97.29060241666669,98.1687755,98.97322666666666,100.00133833333332,97.66348916666668,98.26565283333332,99.37069783333334,99.76955308333334,100.80942975,102.50812716666668,108.40305058333333,116.74915091666666,119.80211541666668,120.781032,,,,,,,,,,,,,,,,,,,,,,,,107987.0,108404.0,108884.0,109323.0,109734.0,110135.0,110522.0,110896.0,111254.0,111586.0,112079.0,112775.0,113487.0,114132.0,114676.0,115130.0,115438.0,115691.0,115981.0,116341.0,116688.0,116913.0,117081.0,117207.0,,,,,,,,,,,,,,,,,,0.8,,,,,,,,,,,,,,,,,,,,,,,,,,,,,,
Grenada,73.00649208333333,73.78562875,75.37565591666667,77.11903208333334,79.79954083333332,83.19257983333334,86.40283941666667,93.34381575,93.05570558333334,96.25357333333334,99.17339925,101.564249,101.51956083333334,100.52101125,100.00287775,101.65331508333333,102.576793,103.40161541666669,104.02011191666666,103.249601,104.50874241666668,107.2056315,110.09602666666666,111.29183883333332,111.693799,,,,,,,,,,,,,,,,,,,,,,,,107987.0,108404.0,108884.0,109323.0,109734.0,110135.0,110522.0,110896.0,111254.0,111586.0,112079.0,112775.0,113487.0,114132.0,114676.0,115130.0,115438.0,115691.0,115981.0,116341.0,116688.0,116913.0,117081.0,117207.0,,,,,,,,,,,,,,,,,,0.8,,,,,,,,,,,,,,,,,,,,,,,,,,,,,,
Grenada,4.215285083333334,-0.4728185,0.7421335833333332,3.3012588333333333,4.111143,5.645558666666666,6.644096583333333,14.434870833333331,1.6969181666666664,3.34497525,4.429242666666666,3.0283669166666667,0.9028739166666666,0.8186079999999999,1.0461264166666666,-2.33587575,0.6194030833333334,1.1269285,0.4012086666666667,1.0420825,1.6832156666666669,5.734766083333334,7.738704333333334,2.62854775,1.54654,,,,,,,,,,,,,,,,,,,,,,,,107987.0,108404.0,108884.0,109323.0,109734.0,110135.0,110522.0,110896.0,111254.0,111586.0,112079.0,112775.0,113487.0,114132.0,114676.0,115130.0,115438.0,115691.0,115981.0,116341.0,116688.0,116913.0,117081.0,117207.0,,,,,,,,,,,,,,,,,,0.8,,,,,,,,,,,,,,,,,,,,,,,,,,,,,,
Guadeloupe,74.61126216666666,77.44899875,79.80096908333333,81.57801333333333,83.21055733333334,84.03144116666667,84.85539941666667,87.5455615,89.66810683333334,91.52157308333334,92.60466866666668,95.45732866666668,97.45571625,98.17269525,100.00327908333334,101.1702765,102.65762608333334,105.09840466666668,106.57049933333332,108.671857,109.28967925,114.99881316666666,126.69929583333334,131.00879591666668,132.8698896666667,,,,,,,,,,,,,,,,,,,,,,,,,,,,,,,,,,,,,,,,,,,,,,,,,,,,,,,,,,,,,,,,,,,,,,,,,,,,,,,,,,,,,,,,,,,,,,,
Guadeloupe,77.94877441666667,79.8565,81.56962483333334,82.92864008333333,84.9065495,87.08863033333334,88.51782941666666,90.12248816666666,91.64902758333334,94.20028525,96.63379275,98.44714799999998,99.34990083333332,99.69530175,100.00145283333332,99.8994025,100.71580491666668,101.9011585,102.94521183333332,103.64386383333331,105.40226908333334,109.31158108333334,113.57414391666669,116.53360283333332,117.954457,,,,,,,,,,,,,,,,,,,,,,,,,,,,,,,,,,,,,,,,,,,,,,,,,,,,,,,,,,,,,,,,,,,,,,,,,,,,,,,,,,,,,,,,,,,,,,,
Guadeloupe,2.299569,3.814721083333333,3.035139583333333,2.232654416666666,1.9998109166666669,0.992796,0.98125125,3.166949916666667,2.4362655,2.072270583333333,1.1840483333333334,3.07824575,2.1045231666666666,0.7355713333333332,1.864451,1.168459666666667,1.4687035833333333,2.384910083333333,1.4012589999999998,1.9716248333333333,0.5719946666666667,5.219068916666667,10.19885975,3.4277191666666664,2.7023683333333337,,,,,,,,,,,,,,,,,,,,,,,,,,,,,,,,,,,,,,,,,,,,,,,,,,,,,,,,,,,,,,,,,,,,,,,,,,,,,,,,,,,,,,,,,,,,,,,
Guam,47.70776933333334,50.639711250000005,53.62976883333334,57.75530666666666,62.80368908333333,67.38082058333333,70.48642625000001,74.95588074999999,79.92777466666666,81.08489316666667,83.18061325000001,87.97994691666666,91.55006008333334,95.0966635,100.0068285,99.60044683333332,97.58533116666666,102.2939845,103.32841066666668,107.00263825,112.22850466666668,125.52155058333334,134.502249,135.23440775,,,,,,,,,,,,,,,,,,,,,,,,,161329.0,162315.0,163137.0,163810.0,164365.0,164839.0,165267.0,165693.0,166173.0,166522.0,166543.0,166331.0,165966.0,165486.0,164905.0,164233.0,163490.0,162679.0,161808.0,162158.0,163730.0,165180.0,166506.0,167777.0,,,,,,,,,,,,,,,,,,,,,,,,,,,,,,,,,,,,,,,,,,,,,,,,
Guam,59.95418416666666,59.80651016666667,60.85005675,63.56476416666667,67.93816658333334,74.62544691666666,81.22186958333333,86.45382283333333,90.25554375,92.67790883333332,95.56089133333334,98.60816833333332,99.985115,100.64229433333333,100.00076241666666,105.17213658333333,108.12161916666666,111.047631,112.98005066666668,115.02982383333334,118.98072258333332,127.836994,139.75227808333332,145.14271191666668,,,,,,,,,,,,,,,,,,,,,,,,,161329.0,162315.0,163137.0,163810.0,164365.0,164839.0,165267.0,165693.0,166173.0,166522.0,166543.0,166331.0,165966.0,165486.0,164905.0,164233.0,163490.0,162679.0,161808.0,162158.0,163730.0,165180.0,166506.0,167777.0,,,,,,,,,,,,,,,,,,,,,,,,,,,,,,,,,,,,,,,,,,,,,,,,
Guam,4.02161125,6.1441593333333335,5.907964916666667,7.67577375,8.749099750000001,7.29920975,4.62692875,6.326025333333334,6.662533333333333,1.4715228333333332,2.5922904166666667,5.770877166666666,4.070978333333334,3.869415583333333,5.167019083333334,-0.3909472499999999,-2.0070906666666666,4.845472833333333,1.01567175,3.569744666666667,4.869455916666666,11.908820583333332,7.225406500000001,0.54884875,,,,,,,,,,,,,,,,,,,,,,,,,161329.0,162315.0,163137.0,163810.0,164365.0,164839.0,165267.0,165693.0,166173.0,166522.0,166543.0,166331.0,165966.0,165486.0,164905.0,164233.0,163490.0,162679.0,161808.0,162158.0,163730.0,165180.0,166506.0,167777.0,,,,,,,,,,,,,,,,,,,,,,,,,,,,,,,,,,,,,,,,,,,,,,,,
Guatemala,31.987967,35.35534391666666,37.387051666666665,41.230547666666666,46.67585283333333,50.006452,54.95252725,63.256785,64.53853033333334,66.76182899999999,73.44432908333333,78.57064191666667,85.15803741666667,91.51233591666666,100.038235,109.97972925,119.77319841666667,128.43691341666667,138.48162816666667,147.29960708333334,154.35886766666667,168.72523133333334,185.72371758333333,195.2255765,197.79647516666668,103.0,106.0,108.0,108.0,109.0,111.0,111.0,111.0,112.0,115.0,116.0,115.0,115.0,115.0,116.0,117.0,118.0,119.0,120.0,122.0,124.0,125.0,126.0,11969422.0,12246915.0,12525842.0,12807402.0,13087629.0,13367459.0,13652040.0,13935174.0,14215611.0,14500112.0,14792126.0,15089647.0,15387337.0,15681725.0,15971743.0,16268760.0,16567357.0,16845685.0,17103803.0,17357325.0,17598650.0,17847877.0,18124838.0,18406359.0,,,,,,10.5,,,,,,,,8.0,,,,,,,,,9.7,,22.5,20.2,19.3,19.5,19.3,18.2,18.6,18.1,17.4,15.7,15.2,15.6,16.1,16.1,15.6,14.8,14.4,14.1,14.1,13.6,13.2,12.6,,
Guatemala,45.68446191666666,49.399810333333335,52.16791725,56.12152658333333,61.23344016666667,65.25087583333334,69.70204125,77.61723841666667,79.06022241666666,82.11155891666667,87.21407308333333,90.5123415,94.44362858333334,97.67205333333334,100.0051655,104.45383733333334,109.07543566666668,113.16779516666666,117.35498558333336,121.127292,126.28858775,134.98371908333334,143.36158608333332,147.47595975,149.10183116666667,103.0,106.0,108.0,108.0,109.0,111.0,111.0,111.0,112.0,115.0,116.0,115.0,115.0,115.0,116.0,117.0,118.0,119.0,120.0,122.0,124.0,125.0,126.0,11969422.0,12246915.0,12525842.0,12807402.0,13087629.0,13367459.0,13652040.0,13935174.0,14215611.0,14500112.0,14792126.0,15089647.0,15387337.0,15681725.0,15971743.0,16268760.0,16567357.0,16845685.0,17103803.0,17357325.0,17598650.0,17847877.0,18124838.0,18406359.0,,,,,,10.5,,,,,,,,8.0,,,,,,,,,9.7,,22.5,20.2,19.3,19.5,19.3,18.2,18.6,18.1,17.4,15.7,15.2,15.6,16.1,16.1,15.6,14.8,14.4,14.1,14.1,13.6,13.2,12.6,,
Guatemala,11.844115083333334,10.633782666666669,5.745294,10.249954,13.2035105,7.2115365,9.869874666666666,15.118056333333334,2.200620833333333,3.4612795,9.981939416666666,7.054697083333333,8.378336916666667,7.451313583333333,9.319470083333334,9.96694,8.873343166666666,7.2888625,7.879894166666666,6.365153416666666,4.893379,9.273474,10.201684083333332,5.1379331666666666,3.140138666666666,103.0,106.0,108.0,108.0,109.0,111.0,111.0,111.0,112.0,115.0,116.0,115.0,115.0,115.0,116.0,117.0,118.0,119.0,120.0,122.0,124.0,125.0,126.0,11969422.0,12246915.0,12525842.0,12807402.0,13087629.0,13367459.0,13652040.0,13935174.0,14215611.0,14500112.0,14792126.0,15089647.0,15387337.0,15681725.0,15971743.0,16268760.0,16567357.0,16845685.0,17103803.0,17357325.0,17598650.0,17847877.0,18124838.0,18406359.0,,,,,,10.5,,,,,,,,8.0,,,,,,,,,9.7,,22.5,20.2,19.3,19.5,19.3,18.2,18.6,18.1,17.4,15.7,15.2,15.6,16.1,16.1,15.6,14.8,14.4,14.1,14.1,13.6,13.2,12.6,,
Guinea,9.328452166666668,10.11473325,10.901014416666667,11.575150916666669,17.358137083333332,24.74431725,31.075151583333334,38.41767791666667,41.06401758333333,49.4364375,63.15481474999999,72.89971441666667,82.06131158333334,87.44219908333334,100.03583933333334,111.5291485,126.71238741666669,143.58371624999998,159.8928775,180.200854,208.63197233333332,237.54634858333336,276.0284041666667,318.04025775,332.537212,115.0,115.0,116.0,117.0,117.0,116.0,115.0,114.0,113.0,113.0,113.0,115.0,117.0,118.0,119.0,119.0,121.0,123.0,125.0,127.0,129.0,130.0,131.0,8539960.0,8674066.0,8870781.0,9062726.0,9245844.0,9441171.0,9662281.0,9898870.0,10143534.0,10396086.0,10656810.0,10921581.0,11191873.0,11472924.0,11767070.0,12073030.0,12385659.0,12704774.0,13034346.0,13371183.0,13710513.0,14055137.0,14405468.0,14754785.0,,50.3,,,,,44.0,,,,,21.3,,,,,,11.7,,,,,,,17.9,17.7,16.8,16.3,16.3,16.8,17.2,17.7,18.1,17.4,16.2,14.5,13.3,12.8,12.8,13.2,13.2,12.6,11.7,10.4,9.9,10.3,,
Guinea,12.6004995,13.10916775,14.078367166666666,17.3887735,22.84420575,30.76895108333333,37.79290508333333,44.74835758333333,46.84454475,53.8947745,65.38348416666666,75.33896583333333,84.29495191666666,92.48219375,100.02027875,108.19461708333334,117.83947433333331,129.42028641666667,141.6764009166667,156.69639516666666,176.43589166666666,194.94938233333332,210.16513441666663,227.2371408333333,231.92426825,115.0,115.0,116.0,117.0,117.0,116.0,115.0,114.0,113.0,113.0,113.0,115.0,117.0,118.0,119.0,119.0,121.0,123.0,125.0,127.0,129.0,130.0,131.0,8539960.0,8674066.0,8870781.0,9062726.0,9245844.0,9441171.0,9662281.0,9898870.0,10143534.0,10396086.0,10656810.0,10921581.0,11191873.0,11472924.0,11767070.0,12073030.0,12385659.0,12704774.0,13034346.0,13371183.0,13710513.0,14055137.0,14405468.0,14754785.0,,50.3,,,,,44.0,,,,,21.3,,,,,,11.7,,,,,,,17.9,17.7,16.8,16.3,16.3,16.8,17.2,17.7,18.1,17.4,16.2,14.5,13.3,12.8,12.8,13.2,13.2,12.6,11.7,10.4,9.9,10.3,,
Guinea,9.211160666666666,8.433809416666668,7.77751275,6.164697583333333,49.790822,42.46140691666667,26.24785758333333,24.57882008333333,6.96792975,20.26281225,28.00303783333333,15.5321875,12.594201666666663,6.684358666666667,14.46895,11.462024166666666,13.592702666666668,13.35476675,11.357230166666668,12.695392416666666,15.766694,13.848025333333332,16.262282833333334,15.210485083333332,9.2095715,115.0,115.0,116.0,117.0,117.0,116.0,115.0,114.0,113.0,113.0,113.0,115.0,117.0,118.0,119.0,119.0,121.0,123.0,125.0,127.0,129.0,130.0,131.0,8539960.0,8674066.0,8870781.0,9062726.0,9245844.0,9441171.0,9662281.0,9898870.0,10143534.0,10396086.0,10656810.0,10921581.0,11191873.0,11472924.0,11767070.0,12073030.0,12385659.0,12704774.0,13034346.0,13371183.0,13710513.0,14055137.0,14405468.0,14754785.0,,50.3,,,,,44.0,,,,,21.3,,,,,,11.7,,,,,,,17.9,17.7,16.8,16.3,16.3,16.8,17.2,17.7,18.1,17.4,16.2,14.5,13.3,12.8,12.8,13.2,13.2,12.6,11.7,10.4,9.9,10.3,,
Guinea-Bissau,66.50366416666667,72.11065166666667,70.8902425,71.57747683333334,74.22130783333334,74.5689675,78.93492683333334,88.72437766666667,86.596377,88.21582458333334,94.69846533333332,97.51936016666669,98.24702016666669,97.02050883333334,100.07425491666667,102.52323475,102.23944733333332,103.00834133333336,103.96804383333334,106.95225791666668,112.35311108333332,123.32217941666666,134.98818441666666,139.86512274999998,155.690875,110.0,110.0,108.0,107.0,107.0,106.0,105.0,104.0,103.0,102.0,101.0,100.0,97.0,96.0,98.0,106.0,113.0,116.0,117.0,115.0,113.0,111.0,111.0,1261273.0,1289307.0,1318806.0,1349563.0,1381585.0,1415303.0,1450986.0,1488054.0,1526377.0,1566347.0,1608076.0,1651417.0,1695973.0,1741122.0,1786457.0,1831893.0,1877072.0,1922168.0,1967696.0,2013255.0,2058841.0,2105529.0,2153339.0,2201352.0,,68.2,,,,,,,,75.7,,,,,,,,37.1,,,39.9,,,,15.7,16.0,16.3,16.5,16.4,16.2,16.1,16.1,18.3,21.0,23.5,25.0,26.7,28.7,30.0,28.3,27.9,28.0,30.7,31.7,32.4,32.2,,
Guinea-Bissau,74.66640174999999,77.13048383333334,74.42892266666667,75.08635533333333,77.58613,79.10273483333333,82.75525416666666,91.41151408333332,89.90194691666666,92.16554441666666,96.81631208333332,98.87902808333332,100.07262191666666,98.56228125,100.01777058333334,101.52115825,103.23799741666666,103.63166958333332,103.8872255,105.07154958333332,107.42776716666668,117.51605025,125.86228616666666,130.60170408333332,134.24297140000002,110.0,110.0,108.0,107.0,107.0,106.0,105.0,104.0,103.0,102.0,101.0,100.0,97.0,96.0,98.0,106.0,113.0,116.0,117.0,115.0,113.0,111.0,111.0,1261273.0,1289307.0,1318806.0,1349563.0,1381585.0,1415303.0,1450986.0,1488054.0,1526377.0,1566347.0,1608076.0,1651417.0,1695973.0,1741122.0,1786457.0,1831893.0,1877072.0,1922168.0,1967696.0,2013255.0,2058841.0,2105529.0,2153339.0,2201352.0,,68.2,,,,,,,,75.7,,,,,,,,37.1,,,39.9,,,,15.7,16.0,16.3,16.5,16.4,16.2,16.1,16.1,18.3,21.0,23.5,25.0,26.7,28.7,30.0,28.3,27.9,28.0,30.7,31.7,32.4,32.2,,
Guinea-Bissau,5.084518416666668,8.436783583333334,-1.4973735,0.9894045833333333,3.7222440833333335,0.4779199166666667,5.860971916666667,12.407319083333334,-2.124198583333333,1.9461649166666668,7.428874166666667,2.9948770833333334,0.7875078333333333,-1.2604690833333334,3.1290211666666665,2.509032,-0.2283682499999999,0.7569305000000001,0.950823,2.8880726666666665,5.043368916666666,9.740998416666669,9.614667,3.6239026666666665,14.6504875,110.0,110.0,108.0,107.0,107.0,106.0,105.0,104.0,103.0,102.0,101.0,100.0,97.0,96.0,98.0,106.0,113.0,116.0,117.0,115.0,113.0,111.0,111.0,1261273.0,1289307.0,1318806.0,1349563.0,1381585.0,1415303.0,1450986.0,1488054.0,1526377.0,1566347.0,1608076.0,1651417.0,1695973.0,1741122.0,1786457.0,1831893.0,1877072.0,1922168.0,1967696.0,2013255.0,2058841.0,2105529.0,2153339.0,2201352.0,,68.2,,,,,,,,75.7,,,,,,,,37.1,,,39.9,,,,15.7,16.0,16.3,16.5,16.4,16.2,16.1,16.1,18.3,21.0,23.5,25.0,26.7,28.7,30.0,28.3,27.9,28.0,30.7,31.7,32.4,32.2,,
Guyana,52.96230325,55.79102791666667,59.12787725,61.88824216666666,66.17508366666667,70.59369841666667,79.20623875,85.62354558333334,88.15141025000001,91.44243533333334,95.99419808333332,98.290317,100.1590635,101.01305025,100.00116783333334,100.83718575,102.75778716666667,104.076008,106.24831466666666,107.30371866666668,112.70416,119.59608191666666,122.97001108333336,126.54100133333334,129.13638883333334,123.0,123.0,121.0,120.0,119.0,118.0,116.0,115.0,114.0,114.0,115.0,117.0,119.0,123.0,128.0,131.0,133.0,134.0,135.0,136.0,138.0,141.0,145.0,764477.0,763652.0,763101.0,762418.0,760914.0,758966.0,756861.0,754606.0,752094.0,749256.0,746153.0,746288.0,750021.0,754229.0,758781.0,763548.0,768479.0,791556.0,807665.0,807481.0,815482.0,821637.0,826353.0,831087.0,,,,,,,,,,,,,,,,,,,,,,,,,6.0,5.9,6.2,6.4,6.6,6.6,7.0,7.0,8.1,8.7,8.8,8.0,6.9,5.7,4.4,3.5,3.1,3.0,2.8,2.6,2.5,2.5,,
Haiti,26.84312883333333,28.85678633333333,38.40910758333333,46.380503583333336,52.29877158333333,57.91339875,61.65554408333333,75.09539783333334,73.94069616666667,76.31047008333333,81.91912741666667,86.23265791666667,91.11926108333334,93.52236041666669,100.08088208333334,112.98242683333332,125.53163175,142.93127866666666,174.832574,222.75355041666668,266.53038166666664,361.2504389166666,492.4321090833334,679.1934115833334,818.54889375,86.0,84.0,84.0,85.0,86.0,88.0,89.0,91.0,92.0,93.0,93.0,93.0,93.0,94.0,94.0,94.0,92.0,91.0,90.0,90.0,87.0,84.0,82.0,8455918.0,8607641.0,8759912.0,8910263.0,9061273.0,9216562.0,9373296.0,9530774.0,9689581.0,9803294.0,9914904.0,10069771.0,10222362.0,10373235.0,10523242.0,10671457.0,10817754.0,10962362.0,11105163.0,11243848.0,11374586.0,11503606.0,11637398.0,11772557.0,75.1,,,,,,,,,,,40.4,,,,,,,,,,,,,48.1,50.2,50.8,51.7,50.8,49.7,47.8,46.1,43.2,41.1,40.2,40.3,39.4,38.2,38.3,39.1,40.6,41.6,43.6,45.1,48.2,50.4,,
Haiti,28.32283225,30.314741416666664,39.01494408333333,47.220502333333336,53.81862708333333,59.92446616666666,63.853849833333335,73.61185125,73.90179816666667,77.46929066666667,82.37526166666666,86.50888675,90.63105608333332,93.74710258333334,100.05800816666664,111.56758816666668,123.4831055,138.89553966666668,164.8742595,202.45950908333336,236.55677566666668,316.94806950000003,433.6277984166666,550.4863988333333,667.3449986666667,86.0,84.0,84.0,85.0,86.0,88.0,89.0,91.0,92.0,93.0,93.0,93.0,93.0,94.0,94.0,94.0,92.0,91.0,90.0,90.0,87.0,84.0,82.0,8455918.0,8607641.0,8759912.0,8910263.0,9061273.0,9216562.0,9373296.0,9530774.0,9689581.0,9803294.0,9914904.0,10069771.0,10222362.0,10373235.0,10523242.0,10671457.0,10817754.0,10962362.0,11105163.0,11243848.0,11374586.0,11503606.0,11637398.0,11772557.0,75.1,,,,,,,,,,,40.4,,,,,,,,,,,,,48.1,50.2,50.8,51.7,50.8,49.7,47.8,46.1,43.2,41.1,40.2,40.3,39.4,38.2,38.3,39.1,40.6,41.6,43.6,45.1,48.2,50.4,,
Haiti,12.6134665,7.477857166666666,32.953256833333334,21.11762583333333,12.8599515,10.78468025,6.475339916666667,21.712558916666666,-0.9657820833333334,3.2274216666666664,7.344794333333333,5.27532425,5.695477166666667,2.6353696666666666,6.980141666666667,12.958183583333332,11.094872833333334,13.7993565,22.23317475,27.411681,19.68341875,34.93781391666666,37.42855441666666,38.04274166666666,32.097467,86.0,84.0,84.0,85.0,86.0,88.0,89.0,91.0,92.0,93.0,93.0,93.0,93.0,94.0,94.0,94.0,92.0,91.0,90.0,90.0,87.0,84.0,82.0,8455918.0,8607641.0,8759912.0,8910263.0,9061273.0,9216562.0,9373296.0,9530774.0,9689581.0,9803294.0,9914904.0,10069771.0,10222362.0,10373235.0,10523242.0,10671457.0,10817754.0,10962362.0,11105163.0,11243848.0,11374586.0,11503606.0,11637398.0,11772557.0,75.1,,,,,,,,,,,40.4,,,,,,,,,,,,,48.1,50.2,50.8,51.7,50.8,49.7,47.8,46.1,43.2,41.1,40.2,40.3,39.4,38.2,38.3,39.1,40.6,41.6,43.6,45.1,48.2,50.4,,
Heavily indebted poor countries (HIPC),,,,,,,,,,,,,,,,,,,,,,,,,,,,,,,,,,,,,,,,,,,,,,,,,495197350.0,509679981.0,524773987.0,539803501.0,555358929.0,571454590.0,587432384.0,604007702.0,621337653.0,638796398.0,656783491.0,675397557.0,694622934.0,714769441.0,735429414.0,756895035.0,779389964.0,802020674.0,824649053.0,847743308.0,870930036.0,893906294.0,917304254.0,941413026.0,,,,,,,,,,,,,,,,,,,,,,,,,32.3625908796105,31.5241304923355,30.6846747023038,29.8852371349227,28.7268453061577,27.3939741182786,25.9331773506544,24.776993590751,23.307823951538,22.2262549594152,21.3622937493557,21.1926347538459,20.4929913601685,20.6716868822003,21.1674597966265,21.5181945548054,21.8074007050475,22.0004607047356,22.5395848646636,23.1161660546669,23.5849496500159,23.8743153699814,,
High income,,,,,,,,,,,,,,,,,,,,,,,,,,,,,,,,,,,,,,,,,,,,,,,,,1262093741.0,1268559564.0,1275200577.0,1282168195.0,1289125857.0,1296891494.0,1305578110.0,1314671040.0,1322754052.0,1328657754.0,1334557663.0,1342428400.0,1350149879.0,1357496263.0,1366013616.0,1374284415.0,1380319892.0,1385103279.0,1389779202.0,1393490142.0,1391839631.0,1398530204.0,1408764584.0,1417871275.0,1.3,1.1,1.0,0.9,0.8,0.8,0.6,0.6,0.6,0.6,0.6,0.6,0.6,0.7,0.7,0.6,0.6,0.6,0.5,0.4,0.3,0.6,0.6,0.5,2.90158628591255,2.81142554288615,2.75888781947986,2.71142432050238,2.70819059290413,2.70312899801074,2.70503018984624,2.7129088695346,2.78245654581444,2.81230287273405,2.78643534948266,2.73339214621662,2.68774838650851,2.66743369797019,2.66900633142058,2.66342188401322,2.65024519918925,2.62331775743119,2.63045858493364,2.63105394530038,2.65131341947123,2.65519326905852,,
High-income countries,,,,,,,,,,,,,,,,,,,,,,,,,,,,,,,,,,,,,,,,,,,,,,,,,,,,,,,,,,,,,,,,,,,,,,,,,,,,,,,,,,,,,,,,,,,,,,,,,,,,,,,,,,,,,,,,,,,,,,,,
High-income economies,67.14395508333332,69.06659791666667,70.52180533333333,71.78786316666667,73.09119025,75.79528791666667,79.46158866666667,86.48585183333334,87.641616,88.71940074999999,92.27358925,94.92585916666668,97.81097333333334,98.74299108333334,99.98074058333331,100.68650008333331,102.47456341666668,104.2607465,105.8176345,108.65248691666666,110.29497241666668,121.25718158333332,132.31694858333333,135.7804245,137.40090116666667,,,,,,,,,,,,,,,,,,,,,,,,,,,,,,,,,,,,,,,,,,,,,,,,,,,,,,,,,,,,,,,,,,,,,,,,,,,,,,,,,,,,,,,,,,,,,,,
High-income economies,72.20023024999999,73.38019458333333,74.77266966666666,76.66742741666667,77.7228325,79.31955425,82.1293645,87.35869533333333,88.53672116666667,89.38691891666667,92.89829941666666,95.15954958333332,96.76989116666668,98.53382091666668,100.00118741666668,99.94407291666666,100.77432458333334,102.05738266666668,103.47398,106.40651216666669,109.04238925,120.19498516666664,129.5165399166667,132.42152108333335,136.03493666666665,,,,,,,,,,,,,,,,,,,,,,,,,,,,,,,,,,,,,,,,,,,,,,,,,,,,,,,,,,,,,,,,,,,,,,,,,,,,,,,,,,,,,,,,,,,,,,,
High-income economies,73.4009105,74.41654408333333,75.86419741666667,77.67840766666667,79.71769633333334,81.97506108333333,83.96453033333333,88.45246350000001,90.11324308333332,91.93325508333334,94.81335941666669,97.399798,98.87984816666666,99.71254516666666,99.96058008333334,100.48510075,102.10733583333332,103.93179866666668,105.76386725,106.25113675,108.80935666666666,115.70303708333334,120.39046541666666,122.542005,124.405667,,,,,,,,,,,,,,,,,,,,,,,,,,,,,,,,,,,,,,,,,,,,,,,,,,,,,,,,,,,,,,,,,,,,,,,,,,,,,,,,,,,,,,,,,,,,,,,
High-income economies,75.89582308333333,77.161461,78.68835341666666,80.3919985,82.430618,84.55244541666667,86.64310858333333,89.90225375,90.25244941666666,91.76305175,94.40963516666666,96.32887241666668,97.78413341666668,99.32866483333332,99.99683608333332,101.011527,102.82285525,104.93105675,106.53867383333332,107.50721483333332,111.13765641666669,119.35938133333332,124.98314741666668,128.6017339166667,131.41903349999998,,,,,,,,,,,,,,,,,,,,,,,,,,,,,,,,,,,,,,,,,,,,,,,,,,,,,,,,,,,,,,,,,,,,,,,,,,,,,,,,,,,,,,,,,,,,,,,
High-income economies,3.975412333333333,2.282560166666667,1.915574,2.118496166666666,1.9961268333333333,2.691444,4.04305,7.622501416666666,2.451967833333333,1.6487613333333335,4.191623750000001,3.2042281666666668,2.812655166666667,0.7339215833333333,0.9207286666666666,0.4970495833333333,1.6044405,1.8206480833333332,1.6300559166666666,2.3996346666666666,1.5229554166666668,9.761259,8.967572916666667,2.3217949166666667,3.004245333333333,,,,,,,,,,,,,,,,,,,,,,,,,,,,,,,,,,,,,,,,,,,,,,,,,,,,,,,,,,,,,,,,,,,,,,,,,,,,,,,,,,,,,,,,,,,,,,,
High-income economies,4.076040666666667,2.0319475833333334,2.218468083333333,2.817361333333333,1.6713753333333334,2.212518833333333,3.718399583333333,6.66477575,1.5871328333333334,1.0685766666666667,4.045655,2.472085,1.7243981666666668,1.9097725833333328,1.5962505833333334,-0.0582569166666666,0.82741375,1.2613234166666667,1.3739925833333333,2.8340149166666664,2.4596446666666667,10.167378333333334,7.86590025,2.1962855,3.180683666666667,,,,,,,,,,,,,,,,,,,,,,,,,,,,,,,,,,,,,,,,,,,,,,,,,,,,,,,,,,,,,,,,,,,,,,,,,,,,,,,,,,,,,,,,,,,,,,,
Honduras,44.26552958333334,45.99332141666667,47.63506091666667,50.86159741666666,55.97297483333333,58.34599866666667,63.91969525,74.90220525,77.58236441666666,79.0048855,83.86085558333333,86.38259758333334,90.75685016666668,96.85429325,100.00323758333332,100.9699055,102.56700875,106.181506,108.48340366666667,113.56568375,116.86334658333334,132.67919550000002,147.17921225,153.31545133333333,157.40843266666664,106.0,107.0,107.0,108.0,110.0,111.0,113.0,114.0,115.0,116.0,117.0,117.0,115.0,114.0,114.0,115.0,115.0,115.0,115.0,115.0,115.0,115.0,114.0,6757993.0,6938859.0,7119213.0,7298994.0,7478355.0,7656832.0,7834798.0,8012587.0,8189899.0,8365878.0,8540583.0,8715076.0,8889278.0,9063122.0,9237305.0,9412380.0,9588137.0,9765210.0,9943633.0,10119640.0,10289877.0,10463872.0,10644851.0,10825703.0,26.5,29.0,34.0,33.3,31.3,27.3,22.0,20.9,18.1,19.6,20.1,24.0,20.8,20.6,19.9,19.8,19.3,19.8,18.8,,,,17.0,15.7,21.2,20.5,20.9,21.4,21.5,21.0,20.2,20.0,17.9,15.9,13.8,13.9,14.6,15.0,15.0,14.4,13.9,13.7,14.0,15.8,18.4,20.4,,
Honduras,40.812690833333335,43.95139483333333,47.32429808333333,51.164092583333336,55.67116866666667,58.77636858333333,62.85322333333334,70.020645,73.86921958333333,77.3402535,82.57021775,86.86071983333333,91.34438241666668,96.94310741666668,100.00440708333332,102.72913933333332,106.77087441666669,111.41257733333332,116.2767075,120.30966241666664,125.7005935,137.12632383333334,146.26339625,153.00059683333333,158.38567483333335,106.0,107.0,107.0,108.0,110.0,111.0,113.0,114.0,115.0,116.0,117.0,117.0,115.0,114.0,114.0,115.0,115.0,115.0,115.0,115.0,115.0,115.0,114.0,6757993.0,6938859.0,7119213.0,7298994.0,7478355.0,7656832.0,7834798.0,8012587.0,8189899.0,8365878.0,8540583.0,8715076.0,8889278.0,9063122.0,9237305.0,9412380.0,9588137.0,9765210.0,9943633.0,10119640.0,10289877.0,10463872.0,10644851.0,10825703.0,26.5,29.0,34.0,33.3,31.3,27.3,22.0,20.9,18.1,19.6,20.1,24.0,20.8,20.6,19.9,19.8,19.3,19.8,18.8,,,,17.0,15.7,21.2,20.5,20.9,21.4,21.5,21.0,20.2,20.0,17.9,15.9,13.8,13.9,14.6,15.0,15.0,14.4,13.9,13.7,14.0,15.8,18.4,20.4,,
Honduras,8.733528083333333,3.929184166666667,3.5690028333333337,6.7527791666666666,10.083324,4.2527565,9.524058166666666,17.151643333333332,3.9277158333333335,1.889497,6.191489416666666,3.0126125,5.063854583333334,6.7081817500000005,3.2846734166666667,0.9718786666666668,1.5840041666666669,3.534339166666667,2.1667449166666666,4.6829177500000005,2.9209192500000003,13.490999916666668,11.087729333333334,4.187759916666667,3.467672666666666,106.0,107.0,107.0,108.0,110.0,111.0,113.0,114.0,115.0,116.0,117.0,117.0,115.0,114.0,114.0,115.0,115.0,115.0,115.0,115.0,115.0,115.0,114.0,6757993.0,6938859.0,7119213.0,7298994.0,7478355.0,7656832.0,7834798.0,8012587.0,8189899.0,8365878.0,8540583.0,8715076.0,8889278.0,9063122.0,9237305.0,9412380.0,9588137.0,9765210.0,9943633.0,10119640.0,10289877.0,10463872.0,10644851.0,10825703.0,26.5,29.0,34.0,33.3,31.3,27.3,22.0,20.9,18.1,19.6,20.1,24.0,20.8,20.6,19.9,19.8,19.3,19.8,18.8,,,,17.0,15.7,21.2,20.5,20.9,21.4,21.5,21.0,20.2,20.0,17.9,15.9,13.8,13.9,14.6,15.0,15.0,14.4,13.9,13.7,14.0,15.8,18.4,20.4,,
Hong Kong,,,,,,,,,,,,,,,,,,,,,,,,,,,,,,,,,,,,,,,,,,,,,,,,,,,,,,,,,,,,,,,,,,,,,,,,,,,,,,,,,,,,,,,,,,,,,,,,,,,,,,,,,,,,,,,,,,,,,,,,
"Hong Kong SAR, China",,,,,,,,,,,,,,,,,,,,,,,,,,,,,,,,,,,,,,,,,,,,,,,,,6714300.0,6744100.0,6730800.0,6783500.0,6813200.0,6857100.0,6916300.0,6957800.0,6972800.0,7024200.0,7071600.0,7150100.0,7178900.0,7229500.0,7291300.0,7336600.0,7393200.0,7452600.0,7507900.0,7481000.0,7413100.0,7346100.0,7536100.0,7524100.0,,,,,,,,,,,,,,,,,,,,,,,,,2.5,2.5,2.5,2.5,2.5,2.5,2.5,2.5,2.5,2.5,2.5,2.5,2.5,2.6,2.5,2.5,2.5,2.5,2.5,2.5,2.5,2.5,,
Hungary,52.95428391666667,55.24422975,56.04371208333333,59.24164175000001,60.22386266666667,65.14638983333333,72.92421083333333,80.50216133333333,83.63156358333333,85.95577300000001,92.1746035,97.6796105,100.25508583333334,99.45560333333331,100.00381991666666,100.30648108333332,102.93963316666668,107.0792385,112.54998216666668,120.71041258333332,124.8734315,159.53670141666666,197.42074316666665,198.96260216666667,207.88825133333333,123.0,121.0,120.0,120.0,120.0,120.0,120.0,120.0,120.0,120.0,119.0,119.0,119.0,122.0,124.0,126.0,128.0,130.0,131.0,133.0,135.0,136.0,136.0,10187576.0,10158608.0,10129552.0,10107146.0,10087065.0,10071370.0,10055780.0,10038188.0,10022650.0,10000023.0,9971727.0,9920362.0,9872734.0,9833038.0,9797755.0,9759755.0,9726756.0,9706964.0,9694824.0,9670419.0,9630932.0,9605074.0,9592186.0,9562314.0,0.0,0.1,0.2,0.3,1.0,0.2,0.2,0.1,0.1,0.2,0.2,0.5,0.5,1.0,1.0,1.6,0.9,,,,,,,,2.5,2.5,2.5,2.5,2.5,2.5,2.5,2.5,2.5,2.5,2.5,2.5,2.5,2.5,2.5,2.5,2.5,2.5,2.5,2.5,2.5,2.5,,
Hungary,56.700087,59.685600666666666,62.46755658333333,66.68058516666666,69.05542558333333,71.76952924999999,77.48148375,82.163312,85.62379375,89.78130658333333,93.30964091666668,98.58363716666668,100.29228858333332,100.06405716666666,100.002373,100.39715166666667,102.7547205,105.68348475,109.21181908333334,112.8450165,118.61248633333332,135.9395695,159.21917399999998,165.11618033333335,171.66703983333332,123.0,121.0,120.0,120.0,120.0,120.0,120.0,120.0,120.0,120.0,119.0,119.0,119.0,122.0,124.0,126.0,128.0,130.0,131.0,133.0,135.0,136.0,136.0,10187576.0,10158608.0,10129552.0,10107146.0,10087065.0,10071370.0,10055780.0,10038188.0,10022650.0,10000023.0,9971727.0,9920362.0,9872734.0,9833038.0,9797755.0,9759755.0,9726756.0,9706964.0,9694824.0,9670419.0,9630932.0,9605074.0,9592186.0,9562314.0,0.0,0.1,0.2,0.3,1.0,0.2,0.2,0.1,0.1,0.2,0.2,0.5,0.5,1.0,1.0,1.6,0.9,,,,,,,,2.5,2.5,2.5,2.5,2.5,2.5,2.5,2.5,2.5,2.5,2.5,2.5,2.5,2.5,2.5,2.5,2.5,2.5,2.5,2.5,2.5,2.5,,
Hungary,13.73644375,4.367102916666666,1.4560000000000002,5.722140166666667,1.6550751666666663,8.172385833333333,11.954501166666669,10.514297916666669,3.87225225,2.843525916666666,7.248158249999999,5.988786416666667,2.65088925,-0.7938176666666666,0.5574745833333333,0.3070731666666667,2.6254935,4.022801083333333,5.106916083333333,7.255003916666666,3.457558333333333,27.56542275,25.630904416666667,0.8055414166666667,5.347072666666667,123.0,121.0,120.0,120.0,120.0,120.0,120.0,120.0,120.0,120.0,119.0,119.0,119.0,122.0,124.0,126.0,128.0,130.0,131.0,133.0,135.0,136.0,136.0,10187576.0,10158608.0,10129552.0,10107146.0,10087065.0,10071370.0,10055780.0,10038188.0,10022650.0,10000023.0,9971727.0,9920362.0,9872734.0,9833038.0,9797755.0,9759755.0,9726756.0,9706964.0,9694824.0,9670419.0,9630932.0,9605074.0,9592186.0,9562314.0,0.0,0.1,0.2,0.3,1.0,0.2,0.2,0.1,0.1,0.2,0.2,0.5,0.5,1.0,1.0,1.6,0.9,,,,,,,,2.5,2.5,2.5,2.5,2.5,2.5,2.5,2.5,2.5,2.5,2.5,2.5,2.5,2.5,2.5,2.5,2.5,2.5,2.5,2.5,2.5,2.5,,
IBRD only,,,,,,,,,,,,,,,,,,,,,,,,,,,,,,,,,,,,,,,,,,,,,,,,,4031080605.0,4077229003.0,4122775918.0,4168676771.0,4214082145.0,4258827055.0,4302067550.0,4346234014.0,4391389527.0,4436714947.0,4483152627.0,4532140278.0,4582036746.0,4630723215.0,4676922961.0,4721753602.0,4765998583.0,4807240463.0,4845361414.0,4878606096.0,4905534420.0,4928522353.0,4952554878.0,4979720059.0,,,,,,,,,,,,,,,,,,,,,,,,,12.5826144019522,12.7139987521888,12.7694315348678,12.5332786217888,11.9748329107805,10.9254040339893,9.77073883440598,8.94728347066465,8.34459079364049,7.89354037745713,7.54808900568965,7.180272742807,6.87124568151514,6.73854812830372,6.60083670036265,6.39249832337302,6.08435995785212,5.98719706515827,6.39567908993433,6.90381088503571,7.29589765281416,7.25898111675581,,
IDA & IBRD total,,,,,,,,,,,,,,,,,,,,,,,,,,,,,,,,,,,,,,,,,,,,,,,,,5192348770.0,5267145775.0,5341840046.0,5417128229.0,5492481030.0,5568236362.0,5643505923.0,5720065907.0,5797994405.0,5876645582.0,5956718993.0,6038998236.0,6120535080.0,6201723115.0,6281111240.0,6360340293.0,6440236993.0,6518316997.0,6594502842.0,6666779721.0,6732972939.0,6795050443.0,6858864199.0,6926456321.0,,,,,,,,,,,,,,,,,,,,,,,,,15.1838764542694,15.2119670601357,15.1270262217931,14.7281550503694,14.059736938153,13.0041313271227,11.9153126410443,11.1270053761878,10.5366283043478,10.1027981824179,9.77725258146401,9.50400634669712,9.24066947359537,9.15314531307888,9.12347261610605,9.03890730260316,8.87904890800608,8.86501752405999,9.38696100529554,10.075821218787,10.6816570206117,10.8910097366264,,
IDA blend,,,,,,,,,,,,,,,,,,,,,,,,,,,,,,,,,,,,,,,,,,,,,,,,,404662385.0,414935066.0,425311302.0,436147454.0,447132945.0,458394453.0,470476526.0,482975881.0,495610570.0,508422508.0,520984443.0,532980174.0,544442648.0,555868551.0,567234056.0,578463670.0,590024074.0,601951913.0,614017319.0,626440308.0,639196319.0,651895919.0,664395892.0,676957651.0,,,,,,,,,,,,,,,,,,,,,,,,,18.0775986389675,18.4223736154008,17.9648521948229,16.5246308173007,15.1074859116076,14.0570575144733,13.6194113697311,13.5040964215053,13.499654640359,13.4211062428903,13.31447235155,13.2402563473811,12.8593425593823,12.5852680041393,12.2871165916204,12.2665629653333,12.3788228526281,12.5937102039351,13.9935098501992,15.7991858922194,18.0152307081063,19.3161597662125,,
IDA only,,,,,,,,,,,,,,,,,,,,,,,,,,,,,,,,,,,,,,,,,,,,,,,,,756605780.0,774981706.0,793752826.0,812304004.0,831265940.0,851014854.0,870961847.0,890856012.0,910994308.0,931508127.0,952581923.0,973877784.0,994055686.0,1015131349.0,1036954223.0,1060123021.0,1084214336.0,1109124621.0,1135124109.0,1161733317.0,1188242200.0,1214632171.0,1241913429.0,1269778611.0,,,,,,,,,,,,,,,,,,,,,,,,,28.3413082983415,27.4218003299825,26.5916905984808,25.7399880370087,24.7597339091876,23.5241369917456,22.2638507769829,21.1308715492713,20.128595921282,19.439533893965,18.9509543070799,18.9082716207561,18.4555836499311,18.5680610579475,19.0607769967944,19.3590003911277,19.5547244203375,19.6079218717524,19.9526648886544,20.4992149738367,20.899280769707,21.2942623570987,,
IDA total,,,,,,,,,,,,,,,,,,,,,,,,,,,,,,,,,,,,,,,,,,,,,,,,,1161268165.0,1189916772.0,1219064128.0,1248451458.0,1278398885.0,1309409307.0,1341438373.0,1373831893.0,1406604878.0,1439930635.0,1473566366.0,1506857958.0,1538498334.0,1570999900.0,1604188279.0,1638586691.0,1674238410.0,1711076534.0,1749141428.0,1788173625.0,1827438519.0,1866528090.0,1906309321.0,1946736262.0,57.8,57.1,55.3,51.9,50.0,48.3,46.5,44.3,43.8,41.8,40.8,39.6,37.1,36.3,36.0,35.6,34.7,34.1,33.8,35.3,35.5,35.1,35.2,35.0,24.6095522721738,24.1471499981237,23.450826223186,22.3799834899825,21.2359038272774,20.0643963053245,19.0984216084415,18.3307208265658,17.6883771277983,17.2186823718328,16.8679298085964,16.8123378270119,16.4365433023643,16.4100432510243,16.6198661740534,16.8084123232808,16.9799692266606,17.0961036603126,17.8231326836621,18.8331721290102,19.8785613920767,20.5952280879743,,
Iceland,55.13787058333333,57.460618583333336,55.94480608333333,56.543551916666665,55.08079391666666,59.47664575,58.832425666666666,68.22681625,80.188039,83.58431233333333,86.78144791666666,92.06612383333334,96.75422275,97.24286575,100.00413716666668,101.32497425,98.873105,101.333015,105.18297683333331,110.34792391666667,114.22379125,122.48560091666668,136.98290483333332,144.51143566666667,150.6283665,127.0,128.0,129.0,131.0,133.0,134.0,135.0,134.0,132.0,131.0,131.0,131.0,132.0,134.0,136.0,139.0,141.0,142.0,142.0,143.0,143.0,143.0,141.0,284968.0,287523.0,289521.0,292074.0,296734.0,303782.0,311566.0,317414.0,318499.0,318041.0,319014.0,320716.0,323764.0,327386.0,330815.0,335439.0,343400.0,352721.0,360563.0,366463.0,372520.0,382003.0,393349.0,404610.0,,,0.0,0.2,0.0,0.2,0.1,0.1,0.1,0.1,0.2,0.0,0.1,0.0,0.0,0.0,0.0,0.3,0.1,,,,,,2.5,2.5,2.5,2.5,2.5,2.5,2.5,2.5,2.5,2.5,2.5,2.5,2.5,2.5,2.5,2.5,2.5,2.5,2.5,2.5,2.5,2.5,,
Iceland,49.41957425,51.98792066666667,53.05661708333333,54.732247666666666,56.91444833333333,60.72036258333333,63.78768658333333,71.885147,80.51361458333334,84.85871775,88.25393774999999,92.83069866666666,96.4253625,98.39688975,100.00376566666668,101.70075716666668,103.49111325,106.26769458333332,109.47057283333334,112.58821183333332,117.59190158333332,127.36232483333332,138.48908341666666,146.60016525,150.99462783333334,127.0,128.0,129.0,131.0,133.0,134.0,135.0,134.0,132.0,131.0,131.0,131.0,132.0,134.0,136.0,139.0,141.0,142.0,142.0,143.0,143.0,143.0,141.0,284968.0,287523.0,289521.0,292074.0,296734.0,303782.0,311566.0,317414.0,318499.0,318041.0,319014.0,320716.0,323764.0,327386.0,330815.0,335439.0,343400.0,352721.0,360563.0,366463.0,372520.0,382003.0,393349.0,404610.0,,,0.0,0.2,0.0,0.2,0.1,0.1,0.1,0.1,0.2,0.0,0.1,0.0,0.0,0.0,0.0,0.3,0.1,,,,,,2.5,2.5,2.5,2.5,2.5,2.5,2.5,2.5,2.5,2.5,2.5,2.5,2.5,2.5,2.5,2.5,2.5,2.5,2.5,2.5,2.5,2.5,,
Iceland,6.895244333333333,4.42884925,-2.613297166666667,1.0755958333333333,-2.5869065,8.088218416666667,-0.9712033333333334,16.12520925,18.061461583333333,4.29214875,3.833864833333333,6.096553083333333,5.102722083333333,0.5158604166666666,2.842461166666667,1.3262980000000002,-2.4105456666666667,2.4969113333333333,3.8156255,4.902856750000001,3.5571359166666667,7.222759750000001,11.841401916666667,5.531752666666667,5.234518666666666,127.0,128.0,129.0,131.0,133.0,134.0,135.0,134.0,132.0,131.0,131.0,131.0,132.0,134.0,136.0,139.0,141.0,142.0,142.0,143.0,143.0,143.0,141.0,284968.0,287523.0,289521.0,292074.0,296734.0,303782.0,311566.0,317414.0,318499.0,318041.0,319014.0,320716.0,323764.0,327386.0,330815.0,335439.0,343400.0,352721.0,360563.0,366463.0,372520.0,382003.0,393349.0,404610.0,,,0.0,0.2,0.0,0.2,0.1,0.1,0.1,0.1,0.2,0.0,0.1,0.0,0.0,0.0,0.0,0.3,0.1,,,,,,2.5,2.5,2.5,2.5,2.5,2.5,2.5,2.5,2.5,2.5,2.5,2.5,2.5,2.5,2.5,2.5,2.5,2.5,2.5,2.5,2.5,2.5,,
India,40.08946183333333,41.677640583333336,43.14010108333333,44.63825608333334,46.38532541666667,48.86174333333333,51.73007175,55.70367341666667,61.274839750000005,68.03146541666666,71.97082033333334,78.63889725,88.75530375,95.04458716666666,100.04074633333332,105.38304508333331,107.296607,109.08608091666667,112.99157541666666,122.85327591666668,127.353085,135.77798141666668,144.99312,156.03038741666668,154.75685633333333,104.0,102.0,100.0,100.0,100.0,102.0,104.0,104.0,104.0,104.0,104.0,105.0,106.0,106.0,106.0,107.0,108.0,109.0,109.0,109.0,110.0,112.0,113.0,1077898575.0,1097600380.0,1116803006.0,1135991513.0,1154676322.0,1172878890.0,1190676021.0,1207930964.0,1225524753.0,1243481564.0,1261224954.0,1278674502.0,1295829511.0,1312277191.0,1328024498.0,1343944296.0,1359657400.0,1374659064.0,1389030312.0,1402617695.0,1414203896.0,1425423212.0,1438069596.0,1450935791.0,,,,46.4,,,,,34.6,,27.1,,,,,,,,,,,5.3,,,18.3,19.9,21.5,22.0,21.4,19.2,16.8,15.6,15.3,14.8,14.3,13.5,12.9,12.6,12.2,11.5,10.5,10.3,11.6,13.1,14.0,13.7,,
India,38.42502691666667,40.07620875,41.601452916666666,43.16868408333334,45.001774833333336,47.61031333333333,50.644462,54.8729035,60.84436641666667,68.13923466666667,74.21166241666667,81.24618366666667,89.3853275,95.34344666666668,100.02192441666666,104.9712255,108.46484983333332,112.73709216666668,116.9416285,124.68718341666666,131.08539075000002,139.86684591666668,147.76812416666667,155.08713208333333,156.76623816666665,104.0,102.0,100.0,100.0,100.0,102.0,104.0,104.0,104.0,104.0,104.0,105.0,106.0,106.0,106.0,107.0,108.0,109.0,109.0,109.0,110.0,112.0,113.0,1077898575.0,1097600380.0,1116803006.0,1135991513.0,1154676322.0,1172878890.0,1190676021.0,1207930964.0,1225524753.0,1243481564.0,1261224954.0,1278674502.0,1295829511.0,1312277191.0,1328024498.0,1343944296.0,1359657400.0,1374659064.0,1389030312.0,1402617695.0,1414203896.0,1425423212.0,1438069596.0,1450935791.0,,,,46.4,,,,,34.6,,27.1,,,,,,,,,,,5.3,,,18.3,19.9,21.5,22.0,21.4,19.2,16.8,15.6,15.3,14.8,14.3,13.5,12.9,12.6,12.2,11.5,10.5,10.3,11.6,13.1,14.0,13.7,,
India,3.474244666666667,3.972274,3.514926583333333,3.471624333333333,3.912997333333333,5.329649416666666,5.880773333333333,7.656523666666666,9.955993166666667,11.130931,5.8009976666666665,9.243703916666666,12.831320916666668,7.18347375,5.2842191666666665,5.373304083333333,1.822213,1.7136024166666666,3.574025666666666,8.766756166666667,3.689979166666667,6.63330775,6.7645004166666665,7.623787583333333,2.639555,104.0,102.0,100.0,100.0,100.0,102.0,104.0,104.0,104.0,104.0,104.0,105.0,106.0,106.0,106.0,107.0,108.0,109.0,109.0,109.0,110.0,112.0,113.0,1077898575.0,1097600380.0,1116803006.0,1135991513.0,1154676322.0,1172878890.0,1190676021.0,1207930964.0,1225524753.0,1243481564.0,1261224954.0,1278674502.0,1295829511.0,1312277191.0,1328024498.0,1343944296.0,1359657400.0,1374659064.0,1389030312.0,1402617695.0,1414203896.0,1425423212.0,1438069596.0,1450935791.0,,,,46.4,,,,,34.6,,27.1,,,,,,,,,,,5.3,,,18.3,19.9,21.5,22.0,21.4,19.2,16.8,15.6,15.3,14.8,14.3,13.5,12.9,12.6,12.2,11.5,10.5,10.3,11.6,13.1,14.0,13.7,,
Indonesia,29.78621258333333,33.01067341666667,33.36866916666667,35.33455366666667,38.97412308333333,44.76209191666666,49.66355416666666,58.087874,62.143799,67.99922783333334,73.80996283333333,78.13159108333333,87.36877650000001,93.32558108333332,100.0214585,107.26165258333332,109.30609583333334,113.7726185,115.41338191666668,121.03044083333332,124.4621805,131.90393633333335,138.34081791666668,143.75813866666667,147.96724825,106.0,107.0,107.0,107.0,107.0,108.0,110.0,111.0,113.0,115.0,116.0,118.0,120.0,122.0,124.0,125.0,127.0,127.0,126.0,125.0,125.0,125.0,126.0,219097902.0,222088495.0,225048008.0,227926649.0,230871650.0,233951652.0,237062337.0,240157903.0,243220028.0,246305322.0,249470032.0,252698525.0,255852467.0,258877399.0,261799249.0,264627418.0,267346658.0,269951846.0,272489381.0,274814866.0,276758053.0,278830529.0,281190067.0,283487931.0,62.3,46.8,45.5,45.4,41.1,46.8,41.1,38.0,37.9,34.1,31.2,26.6,27.2,25.7,21.6,18.0,14.8,12.5,10.8,9.8,8.6,7.9,6.7,5.4,18.2,18.2,18.0,18.2,18.4,18.2,17.6,16.5,15.1,13.1,11.3,9.8,8.5,8.0,7.3,6.7,6.0,5.9,6.2,6.3,6.8,7.2,,
Indonesia,37.09868716666666,41.51347558333334,44.31867075,47.0061825,51.91983283333334,58.725832833333335,62.48813925,68.87859266666668,71.89989216666667,75.591381,79.64009216666666,83.04830108333333,88.37376908333333,94.02520858333334,100.00814608333332,103.534238,107.47764833333332,110.91515708333333,114.27653483333334,116.47045616666666,118.28748691666668,123.26675683333332,127.78989075,130.57764341666666,131.99606266666666,106.0,107.0,107.0,107.0,107.0,108.0,110.0,111.0,113.0,115.0,116.0,118.0,120.0,122.0,124.0,125.0,127.0,127.0,126.0,125.0,125.0,125.0,126.0,219097902.0,222088495.0,225048008.0,227926649.0,230871650.0,233951652.0,237062337.0,240157903.0,243220028.0,246305322.0,249470032.0,252698525.0,255852467.0,258877399.0,261799249.0,264627418.0,267346658.0,269951846.0,272489381.0,274814866.0,276758053.0,278830529.0,281190067.0,283487931.0,62.3,46.8,45.5,45.4,41.1,46.8,41.1,38.0,37.9,34.1,31.2,26.6,27.2,25.7,21.6,18.0,14.8,12.5,10.8,9.8,8.6,7.9,6.7,5.4,18.2,18.2,18.0,18.2,18.4,18.2,17.6,16.5,15.1,13.1,11.3,9.8,8.5,8.0,7.3,6.7,6.0,5.9,6.2,6.3,6.8,7.2,,
Indonesia,8.468477583333334,10.878485416666663,1.1046665833333331,5.929216833333334,10.289273083333333,14.993463666666663,10.969682416666666,16.945852833333333,7.1088674166666665,9.391281166666667,8.722155083333332,5.864713166666667,11.799816833333333,6.88167925,7.190918333333333,7.258704833333333,1.926709083333333,4.093303416666667,1.4692061666666667,4.876516916666667,2.837836583333333,5.97966125,4.903434166666667,3.9402551666666663,1.84685725,106.0,107.0,107.0,107.0,107.0,108.0,110.0,111.0,113.0,115.0,116.0,118.0,120.0,122.0,124.0,125.0,127.0,127.0,126.0,125.0,125.0,125.0,126.0,219097902.0,222088495.0,225048008.0,227926649.0,230871650.0,233951652.0,237062337.0,240157903.0,243220028.0,246305322.0,249470032.0,252698525.0,255852467.0,258877399.0,261799249.0,264627418.0,267346658.0,269951846.0,272489381.0,274814866.0,276758053.0,278830529.0,281190067.0,283487931.0,62.3,46.8,45.5,45.4,41.1,46.8,41.1,38.0,37.9,34.1,31.2,26.6,27.2,25.7,21.6,18.0,14.8,12.5,10.8,9.8,8.6,7.9,6.7,5.4,18.2,18.2,18.0,18.2,18.4,18.2,17.6,16.5,15.1,13.1,11.3,9.8,8.5,8.0,7.3,6.7,6.0,5.9,6.2,6.3,6.8,7.2,,
Iran,,,,,,,,,,,,,,,,,,,,,,,,,,,,,,,,,,,,,,,,,,,,,,,,,,,,,,,,,,,,,,,,,,,,,,,,,,,,,,,,,,,,,,,,,,,,,,,,,,,,,,,,,,,,,,,,,,,,,,,,
Iran (Islamic Republic of),7.377234666666666,8.605555833333334,10.252454166666666,12.1721525,14.0171925,15.28320275,18.62583425,24.39119025,27.28753041666667,30.69391783333333,38.3416125,53.020690916666666,79.55335833333334,90.5034785,100.01879016666668,106.58736833333334,119.94022591666668,147.67365783333335,230.10630625,293.8145663333333,465.1904581666667,760.7810819166667,1148.86565375,1456.18689875,1896.7780838333333,129.0,128.0,127.0,126.0,124.0,123.0,122.0,121.0,120.0,118.0,118.0,118.0,121.0,122.0,123.0,122.0,121.0,120.0,121.0,121.0,121.0,120.0,120.0,,,,,,,,,,,,,,,,,,,,,,,,,,,,,,,,,,,,,,,,,,,,,,,,,,,,,,,,,,,,,,,,,,,,,,,,
Iran (Islamic Republic of),10.015233083333332,11.451010333333334,13.336764,15.336933166666666,17.165325749999997,18.884587416666665,22.15937141666667,27.79018058333333,31.556182,34.739999833333336,43.87432208333333,55.83306366666667,76.26965975,88.93542158333334,100.03872566666666,107.28695691666668,115.91811158333331,136.79973750000002,191.39288125,249.94788525,358.39781408333334,514.2595190833333,743.51222525,984.8255970833334,1255.545983,129.0,128.0,127.0,126.0,124.0,123.0,122.0,121.0,120.0,118.0,118.0,118.0,121.0,122.0,123.0,122.0,121.0,120.0,121.0,121.0,121.0,120.0,120.0,,,,,,,,,,,,,,,,,,,,,,,,,,,,,,,,,,,,,,,,,,,,,,,,,,,,,,,,,,,,,,,,,,,,,,,,
Iran (Islamic Republic of),13.064351666666669,16.592649166666664,19.1790445,18.68634225,15.460918916666666,9.246634916666666,21.908817166666665,30.78267758333333,12.332656583333334,12.486801416666664,24.926378416666665,37.84162675,50.54367416666667,14.563940916666668,10.5879785,6.568428333333333,12.545898416666668,22.88843033333333,58.417202,27.43489975,59.31581025,62.45602725,54.32465591666666,26.974173500000003,38.579382333333335,129.0,128.0,127.0,126.0,124.0,123.0,122.0,121.0,120.0,118.0,118.0,118.0,121.0,122.0,123.0,122.0,121.0,120.0,121.0,121.0,121.0,120.0,120.0,,,,,,,,,,,,,,,,,,,,,,,,,,,,,,,,,,,,,,,,,,,,,,,,,,,,,,,,,,,,,,,,,,,,,,,,
"Iran, Islamic Rep.",,,,,,,,,,,,,,,,,,,,,,,,,,,,,,,,,,,,,,,,,,,,,,,,,67452005.0,68011317.0,68769340.0,70256316.0,71828455.0,73392747.0,74602648.0,75514204.0,76457825.0,77420842.0,78383598.0,79370580.0,80414686.0,81502045.0,82619362.0,83812228.0,85026754.0,86117998.0,87051648.0,87723443.0,88455488.0,89524246.0,90608707.0,91567738.0,,,,,4.5,4.5,,,4.9,,2.3,1.8,1.9,3.3,3.0,3.0,2.7,3.2,4.3,4.6,3.7,2.8,2.5,,4.9,5.2,5.2,5.1,5.4,5.8,6.1,5.8,6.4,7.5,8.1,7.8,6.8,6.7,6.7,7.2,7.6,7.6,7.3,6.5,6.5,6.5,,
Iraq,25.76303491666667,28.003200333333336,31.714367166666666,35.520115583333336,41.33638933333334,52.402496000000006,62.9836905,70.6688035,77.96978333333333,85.27085733333332,90.10521316666666,94.58038083333334,97.49367058333333,98.269071,100.02943391666666,99.34775758333336,97.300298,97.75993158333334,97.75993158333334,97.28358383333334,102.01363341666666,108.92485458333334,115.309586,118.45548191666666,118.63699533333332,103.0,104.0,105.0,106.0,108.0,109.0,110.0,111.0,114.0,116.0,116.0,116.0,116.0,116.0,116.0,116.0,116.0,117.0,118.0,118.0,118.0,119.0,119.0,25197840.0,26006559.0,26802659.0,27577878.0,28407448.0,28616515.0,28391607.0,28971036.0,30058206.0,31045366.0,32161424.0,33654842.0,35281989.0,36550059.0,37560535.0,38469627.0,39337353.0,40265624.0,41192171.0,42116605.0,43071211.0,44070551.0,45074049.0,46042015.0,,,,,,0.6,,,,,,0.6,,,,,,,,,,,0.5,,20.1,19.6,18.5,17.8,16.5,16.5,16.4,15.6,14.7,13.7,14.2,14.8,15.4,15.8,16.3,16.6,16.6,16.4,16.1,15.8,16.0,16.1,,
Iraq,16.678211,19.693276583333333,25.144979000000003,32.57330683333333,43.30985483333333,57.6053425,68.10664041666666,76.73088416666667,82.00506991666667,84.36496866666667,89.25936474999999,94.69445341666666,96.47423383333334,98.63137275,100.0056335,100.56218616666666,100.74727983333332,101.11746716666666,100.9162785,101.49570191666668,107.62793508333334,113.00369866666666,117.92879933333334,121.02005516666668,121.90520033333333,103.0,104.0,105.0,106.0,108.0,109.0,110.0,111.0,114.0,116.0,116.0,116.0,116.0,116.0,116.0,116.0,116.0,117.0,118.0,118.0,118.0,119.0,119.0,25197840.0,26006559.0,26802659.0,27577878.0,28407448.0,28616515.0,28391607.0,28971036.0,30058206.0,31045366.0,32161424.0,33654842.0,35281989.0,36550059.0,37560535.0,38469627.0,39337353.0,40265624.0,41192171.0,42116605.0,43071211.0,44070551.0,45074049.0,46042015.0,,,,,,0.6,,,,,,0.6,,,,,,,,,,,0.5,,20.1,19.6,18.5,17.8,16.5,16.5,16.4,15.6,14.7,13.7,14.2,14.8,15.4,15.8,16.3,16.6,16.6,16.4,16.1,15.8,16.0,16.1,,
Iraq,2.967155416666667,8.689488333333333,13.200076333333334,12.09552225,16.281570666666667,26.649163583333333,20.521975,12.232924583333334,10.340399916666668,9.3707825,5.710736916666666,4.958050416666667,3.1119145,0.7939293333333334,1.7953325,-0.6047648333333334,-2.057419916666667,0.5083315,0.0157215,-0.4931075,4.904374916666667,6.80294675,5.886834916666667,2.7508234166666665,1.3036605,103.0,104.0,105.0,106.0,108.0,109.0,110.0,111.0,114.0,116.0,116.0,116.0,116.0,116.0,116.0,116.0,116.0,117.0,118.0,118.0,118.0,119.0,119.0,25197840.0,26006559.0,26802659.0,27577878.0,28407448.0,28616515.0,28391607.0,28971036.0,30058206.0,31045366.0,32161424.0,33654842.0,35281989.0,36550059.0,37560535.0,38469627.0,39337353.0,40265624.0,41192171.0,42116605.0,43071211.0,44070551.0,45074049.0,46042015.0,,,,,,0.6,,,,,,0.6,,,,,,,,,,,0.5,,20.1,19.6,18.5,17.8,16.5,16.5,16.4,15.6,14.7,13.7,14.2,14.8,15.4,15.8,16.3,16.6,16.6,16.4,16.1,15.8,16.0,16.1,,
Ireland,95.6199875,98.91691191666666,100.34955858333336,100.1016005,99.37609358333331,100.73527133333332,103.60056475,110.36890233333334,106.52096008333332,101.67200191666666,102.83832308333332,103.44444291666666,104.51892808333334,102.19546875,100.0005805,98.67813733333334,96.59345258333332,94.655706,94.00366833333334,92.69959225,92.4700015,98.84344291666667,108.54135933333332,111.36991833333332,114.6668425,150.0,148.0,146.0,144.0,142.0,141.0,142.0,142.0,143.0,145.0,146.0,147.0,148.0,150.0,152.0,155.0,157.0,158.0,157.0,156.0,156.0,156.0,155.0,3866243.0,3931947.0,3996521.0,4070262.0,4159914.0,4273591.0,4398942.0,4489544.0,4535375.0,4560155.0,4580084.0,4599533.0,4623816.0,4657740.0,4701957.0,4762722.0,4827445.0,4898022.0,4976456.0,5039747.0,5110585.0,5212836.0,5307600.0,5380257.0,,0.2,0.2,0.1,0.1,0.5,0.1,0.2,0.6,0.7,0.7,0.5,0.7,0.4,0.4,0.3,0.3,0.1,0.1,0.2,0.1,0.2,0.1,,2.5,2.5,2.5,2.5,2.5,2.5,2.5,2.5,2.5,2.5,2.5,2.5,2.5,2.5,2.5,2.5,2.5,2.5,2.5,2.5,2.5,2.5,,
Ireland,78.48767716666667,82.12024783333334,84.98806666666667,86.83957108333334,88.97282591666668,92.47458383333333,96.99265666666668,100.90697775,96.41909266666666,95.53359075,97.96872116666668,99.62903733333332,100.14222625,100.333414,100.00135083333332,100.02147566666667,100.38372658333331,100.85666516666667,101.80254225,101.470479,103.84523441666666,111.97575283333332,119.02958125,121.54521191666667,123.2860285,150.0,148.0,146.0,144.0,142.0,141.0,142.0,142.0,143.0,145.0,146.0,147.0,148.0,150.0,152.0,155.0,157.0,158.0,157.0,156.0,156.0,156.0,155.0,3866243.0,3931947.0,3996521.0,4070262.0,4159914.0,4273591.0,4398942.0,4489544.0,4535375.0,4560155.0,4580084.0,4599533.0,4623816.0,4657740.0,4701957.0,4762722.0,4827445.0,4898022.0,4976456.0,5039747.0,5110585.0,5212836.0,5307600.0,5380257.0,,0.2,0.2,0.1,0.1,0.5,0.1,0.2,0.6,0.7,0.7,0.5,0.7,0.4,0.4,0.3,0.3,0.1,0.1,0.2,0.1,0.2,0.1,,2.5,2.5,2.5,2.5,2.5,2.5,2.5,2.5,2.5,2.5,2.5,2.5,2.5,2.5,2.5,2.5,2.5,2.5,2.5,2.5,2.5,2.5,,
Ireland,6.525089,3.4692341666666664,1.4554034166666667,-0.2463605833333333,-0.7243951666666666,1.3697970833333333,2.8422625,6.56226925,-3.4712449166666666,-4.46592325,1.147547833333333,0.589415,1.044582583333333,-2.223486916666667,-2.1436334166666664,-1.323004,-2.10870325,-2.00569225,-0.68820975,-1.3874685833333331,-0.2420425,6.87568375,9.911187833333331,2.616923083333333,3.3754976666666665,150.0,148.0,146.0,144.0,142.0,141.0,142.0,142.0,143.0,145.0,146.0,147.0,148.0,150.0,152.0,155.0,157.0,158.0,157.0,156.0,156.0,156.0,155.0,3866243.0,3931947.0,3996521.0,4070262.0,4159914.0,4273591.0,4398942.0,4489544.0,4535375.0,4560155.0,4580084.0,4599533.0,4623816.0,4657740.0,4701957.0,4762722.0,4827445.0,4898022.0,4976456.0,5039747.0,5110585.0,5212836.0,5307600.0,5380257.0,,0.2,0.2,0.1,0.1,0.5,0.1,0.2,0.6,0.7,0.7,0.5,0.7,0.4,0.4,0.3,0.3,0.1,0.1,0.2,0.1,0.2,0.1,,2.5,2.5,2.5,2.5,2.5,2.5,2.5,2.5,2.5,2.5,2.5,2.5,2.5,2.5,2.5,2.5,2.5,2.5,2.5,2.5,2.5,2.5,,
Isle of Man,,,,,,,,,,,,,,,,,,,,,,,,,,,,,,,,,,,,,,,,,,,,,,,,,76476.0,77275.0,78049.0,78792.0,79516.0,80294.0,81147.0,82029.0,82939.0,83873.0,84382.0,84335.0,84141.0,83892.0,83593.0,83466.0,83609.0,83805.0,83957.0,84064.0,84106.0,84132.0,84165.0,84160.0,,,,,,,,,,,,,,,,,,,,,,,,,,,,,,,,,,,,,,,,,,,,,,,,
Israel,68.33313791666667,70.2087945,72.1535545,71.69944816666667,72.91368908333334,76.61564324999999,79.79438783333333,89.54780308333333,90.50537516666668,92.71667583333334,95.83618941666668,96.34952691666666,101.34469725,99.96263425,100.01199333333334,98.75826508333334,98.78788066666668,99.70596533333332,101.78893158333334,101.75931583333332,102.79586325,107.23820808333332,112.20376266666666,118.48227691666666,121.34366016666668,159.0,159.0,160.0,158.0,159.0,158.0,156.0,155.0,155.0,156.0,157.0,157.0,158.0,159.0,161.0,162.0,162.0,163.0,163.0,166.0,168.0,168.0,168.0,6439000.0,6570000.0,6689700.0,6809000.0,6930100.0,7053700.0,7180100.0,7308800.0,7485600.0,7623600.0,7765800.0,7910500.0,8059500.0,8215700.0,8380100.0,8546000.0,8713300.0,8882800.0,9054000.0,9215100.0,9371400.0,9557500.0,9849000.0,9974400.0,0.2,0.7,0.9,1.0,1.0,0.5,0.5,0.7,0.7,0.5,0.3,0.7,0.5,0.7,0.5,0.5,0.7,0.7,1.0,0.7,0.7,,,,2.5,2.5,2.5,2.5,2.5,2.5,2.5,2.5,2.5,2.5,2.5,2.5,2.5,2.5,2.5,2.5,2.5,2.5,2.5,2.5,2.5,2.5,,
Israel,76.58713966666666,81.03099025,81.60439033333334,81.26035041666667,82.34981066666667,84.04134066666667,84.43316399999999,88.25583141666668,91.227955,93.69357566666667,96.961956,98.58658958333332,100.1538835,100.62216033333334,100.000977,99.4658035,99.714277,100.517037,101.33891033333332,100.75595366666666,102.24679366666668,106.75754108333332,111.26828875,114.68957566666666,117.35588616666666,159.0,159.0,160.0,158.0,159.0,158.0,156.0,155.0,155.0,156.0,157.0,157.0,158.0,159.0,161.0,162.0,162.0,163.0,163.0,166.0,168.0,168.0,168.0,6439000.0,6570000.0,6689700.0,6809000.0,6930100.0,7053700.0,7180100.0,7308800.0,7485600.0,7623600.0,7765800.0,7910500.0,8059500.0,8215700.0,8380100.0,8546000.0,8713300.0,8882800.0,9054000.0,9215100.0,9371400.0,9557500.0,9849000.0,9974400.0,0.2,0.7,0.9,1.0,1.0,0.5,0.5,0.7,0.7,0.5,0.3,0.7,0.5,0.7,0.5,0.5,0.7,0.7,1.0,0.7,0.7,,,,2.5,2.5,2.5,2.5,2.5,2.5,2.5,2.5,2.5,2.5,2.5,2.5,2.5,2.5,2.5,2.5,2.5,2.5,2.5,2.5,2.5,2.5,,
Israel,2.32539425,2.7401321666666667,2.8160615,-0.6166955833333333,1.7026096666666666,5.090570416666666,4.1482573333333335,12.254306416666669,1.08867725,2.440319083333333,3.4432659166666664,0.5609211666666667,5.1933438333333335,-1.3360823333333334,0.072166,-1.2299549166666666,0.0336131666666666,0.9429513333333334,2.1207620833333336,-0.0264702499999999,1.0239424166666666,4.32580525,4.626160666666666,5.599504083333333,4.153561166666667,159.0,159.0,160.0,158.0,159.0,158.0,156.0,155.0,155.0,156.0,157.0,157.0,158.0,159.0,161.0,162.0,162.0,163.0,163.0,166.0,168.0,168.0,168.0,6439000.0,6570000.0,6689700.0,6809000.0,6930100.0,7053700.0,7180100.0,7308800.0,7485600.0,7623600.0,7765800.0,7910500.0,8059500.0,8215700.0,8380100.0,8546000.0,8713300.0,8882800.0,9054000.0,9215100.0,9371400.0,9557500.0,9849000.0,9974400.0,0.2,0.7,0.9,1.0,1.0,0.5,0.5,0.7,0.7,0.5,0.3,0.7,0.5,0.7,0.5,0.5,0.7,0.7,1.0,0.7,0.7,,,,2.5,2.5,2.5,2.5,2.5,2.5,2.5,2.5,2.5,2.5,2.5,2.5,2.5,2.5,2.5,2.5,2.5,2.5,2.5,2.5,2.5,2.5,,
Italy,74.793895,77.51782666666666,79.9688075,81.70120333333334,81.66221,83.0826625,85.46122916666667,90.0791,91.72794333333331,91.87834416666668,94.15594333333333,96.53799083333332,98.820465,98.935355,100.01530333333334,100.20833333333331,102.09166666666664,103.34166666666664,104.13333333333333,105.59166666666664,106.2,115.90833333333336,127.51666666666668,130.57500000000002,133.83333333333334,146.0,146.0,145.0,144.0,145.0,145.0,146.0,146.0,146.0,146.0,146.0,145.0,143.0,142.0,140.0,140.0,141.0,142.0,144.0,146.0,146.0,146.0,147.0,56976981.0,57089824.0,57399184.0,57828179.0,58166682.0,58399861.0,58756247.0,59211181.0,59555454.0,59819407.0,60026841.0,60191247.0,60311613.0,60320707.0,60229605.0,60115223.0,60002252.0,60148658.0,59729081.0,59438851.0,59133173.0,59013667.0,58993475.0,58986023.0,,1.7,0.9,0.8,0.8,0.8,0.8,0.9,1.1,1.4,1.3,1.4,1.6,1.4,2.1,1.8,1.5,1.7,1.0,0.9,0.9,0.7,0.9,,2.5,2.5,2.5,2.5,2.5,2.5,2.5,2.5,2.5,2.5,2.5,2.5,2.5,2.5,2.5,2.5,2.5,2.5,2.5,2.5,2.5,2.5,,
Italy,77.14786333333333,79.0498075,81.1624575,82.95349916666667,84.60036916666667,86.36923083333333,87.94956416666666,90.89396833333336,91.59818583333332,92.99553083333336,95.581395,98.4883725,99.68992416666669,99.93022416666668,99.9689875,99.875,101.1,102.25,102.875,102.73333333333332,104.65833333333336,113.24166666666667,119.60833333333332,120.78333333333336,122.38333333333333,146.0,146.0,145.0,144.0,145.0,145.0,146.0,146.0,146.0,146.0,146.0,145.0,143.0,142.0,140.0,140.0,141.0,142.0,144.0,146.0,146.0,146.0,147.0,56976981.0,57089824.0,57399184.0,57828179.0,58166682.0,58399861.0,58756247.0,59211181.0,59555454.0,59819407.0,60026841.0,60191247.0,60311613.0,60320707.0,60229605.0,60115223.0,60002252.0,60148658.0,59729081.0,59438851.0,59133173.0,59013667.0,58993475.0,58986023.0,,1.7,0.9,0.8,0.8,0.8,0.8,0.9,1.1,1.4,1.3,1.4,1.6,1.4,2.1,1.8,1.5,1.7,1.0,0.9,0.9,0.7,0.9,,2.5,2.5,2.5,2.5,2.5,2.5,2.5,2.5,2.5,2.5,2.5,2.5,2.5,2.5,2.5,2.5,2.5,2.5,2.5,2.5,2.5,2.5,,
Italy,4.107043333333333,3.648018,3.159240333333333,2.18410375,-0.0464555833333333,1.7396895833333332,2.859526833333333,5.4066145,1.8435748333333333,0.1645110833333333,2.4783214166666667,2.530058083333333,2.3669866666666666,0.1182150833333333,1.0924413333333334,0.19412675,1.8801685833333333,1.2306518333333334,0.7669153333333334,1.401002,0.5813208333333334,9.1272115,10.106413833333333,2.4135940833333334,2.816936333333333,146.0,146.0,145.0,144.0,145.0,145.0,146.0,146.0,146.0,146.0,146.0,145.0,143.0,142.0,140.0,140.0,141.0,142.0,144.0,146.0,146.0,146.0,147.0,56976981.0,57089824.0,57399184.0,57828179.0,58166682.0,58399861.0,58756247.0,59211181.0,59555454.0,59819407.0,60026841.0,60191247.0,60311613.0,60320707.0,60229605.0,60115223.0,60002252.0,60148658.0,59729081.0,59438851.0,59133173.0,59013667.0,58993475.0,58986023.0,,1.7,0.9,0.8,0.8,0.8,0.8,0.9,1.1,1.4,1.3,1.4,1.6,1.4,2.1,1.8,1.5,1.7,1.0,0.9,0.9,0.7,0.9,,2.5,2.5,2.5,2.5,2.5,2.5,2.5,2.5,2.5,2.5,2.5,2.5,2.5,2.5,2.5,2.5,2.5,2.5,2.5,2.5,2.5,2.5,,
Jamaica,20.750869833333333,22.121569583333336,24.136545916666662,27.595374000000003,32.932768333333335,34.99901116666667,39.18426216666666,51.18537916666667,57.864991583333335,63.711151666666666,68.60993375,76.03305808333333,85.53681541666667,92.8822505,100.06274083333334,104.04784558333334,108.69094341666666,113.13239825,120.29603508333334,130.55401091666667,138.96080041666667,156.68406325,172.49373475000002,182.4824815833333,187.85256016666665,114.0,115.0,115.0,114.0,114.0,114.0,113.0,112.0,112.0,112.0,113.0,113.0,113.0,114.0,113.0,114.0,114.0,116.0,115.0,115.0,115.0,116.0,117.0,2624403.0,2640572.0,2656623.0,2672225.0,2687066.0,2700968.0,2713800.0,2725635.0,2736995.0,2748568.0,2760494.0,2772430.0,2783687.0,2793749.0,2802534.0,2809915.0,2815764.0,2820097.0,2823271.0,2830739.0,2837682.0,2839144.0,2839786.0,2839175.0,,6.4,,4.5,,,,,,,,,,,,,,0.4,,,1.4,,,,7.2,6.8,7.0,7.2,7.5,7.7,8.4,9.0,9.0,8.5,8.0,7.7,7.8,7.5,7.9,7.6,7.2,6.2,6.7,7.0,7.6,7.3,,
Jamaica,25.7688575,27.592351833333336,30.3755805,34.49283933333333,39.685,43.08245858333333,47.065354500000005,57.43048158333334,62.93935458333333,70.8763545,76.23167016666666,81.47181775,89.08250833333334,96.45326508333332,100.01387833333332,102.36522641666666,106.84718416666668,110.83967766666666,115.16807791666666,121.18765741666668,128.29262591666665,141.57035983333333,150.73581933333335,158.89355816666668,163.42350233333335,114.0,115.0,115.0,114.0,114.0,114.0,113.0,112.0,112.0,112.0,113.0,113.0,113.0,114.0,113.0,114.0,114.0,116.0,115.0,115.0,115.0,116.0,117.0,2624403.0,2640572.0,2656623.0,2672225.0,2687066.0,2700968.0,2713800.0,2725635.0,2736995.0,2748568.0,2760494.0,2772430.0,2783687.0,2793749.0,2802534.0,2809915.0,2815764.0,2820097.0,2823271.0,2830739.0,2837682.0,2839144.0,2839786.0,2839175.0,,6.4,,4.5,,,,,,,,,,,,,,0.4,,,1.4,,,,7.2,6.8,7.0,7.2,7.5,7.7,8.4,9.0,9.0,8.5,8.0,7.7,7.8,7.5,7.9,7.6,7.2,6.2,6.7,7.0,7.6,7.3,,
Jamaica,3.2362168333333337,6.587872999999999,9.058087833333332,14.312045666666668,19.50545633333333,6.372167083333333,11.888749916666669,30.70814675,13.287936,10.080943333333332,7.71014475,10.779327833333332,12.599549916666668,8.5519855,7.752894583333333,4.088915916666667,4.45721175,4.094857333333334,6.31293225,8.530116666666666,6.414031416666667,12.781096083333331,10.142493666666669,5.783461249999999,6.671032,114.0,115.0,115.0,114.0,114.0,114.0,113.0,112.0,112.0,112.0,113.0,113.0,113.0,114.0,113.0,114.0,114.0,116.0,115.0,115.0,115.0,116.0,117.0,2624403.0,2640572.0,2656623.0,2672225.0,2687066.0,2700968.0,2713800.0,2725635.0,2736995.0,2748568.0,2760494.0,2772430.0,2783687.0,2793749.0,2802534.0,2809915.0,2815764.0,2820097.0,2823271.0,2830739.0,2837682.0,2839144.0,2839786.0,2839175.0,,6.4,,4.5,,,,,,,,,,,,,,0.4,,,1.4,,,,7.2,6.8,7.0,7.2,7.5,7.7,8.4,9.0,9.0,8.5,8.0,7.7,7.8,7.5,7.9,7.6,7.2,6.2,6.7,7.0,7.6,7.3,,
Japan,90.96524166666666,89.953845,89.8153375,90.82913416666666,89.64082916666666,90.13061166666668,90.49856583333332,93.15840416666668,93.20231916666668,92.96769,92.59031333333331,92.78598416666668,92.61006083333332,96.57162166666669,100.0,102.08935833333334,102.79415,104.47415833333334,104.66611666666668,105.965425,105.92018333333334,111.15774008333334,120.11502333333334,125.34870758333334,132.29809616666668,,,,,,,,,,,,,,,,,,,,,,,,127149000.0,127445000.0,127718000.0,127761000.0,127773000.0,127854000.0,128001000.0,128063000.0,128047000.0,128070000.0,127833000.0,127629000.0,127445000.0,127276000.0,127141000.0,127076000.0,126972000.0,126811000.0,126633000.0,126261000.0,125681593.0,125124989.0,124516650.0,123975371.0,,,,,,,,1.0,0.9,0.7,0.5,1.5,1.0,0.7,0.4,0.7,0.6,1.0,1.2,1.2,,,,,2.5,2.5,2.5,2.5,2.5,2.5,2.5,2.5,3.0,3.2,2.9,2.6,2.5,2.5,2.7,2.7,2.7,2.6,2.8,2.9,3.2,3.4,,
Japan,98.37219633333332,97.463735,97.21369983333334,97.20536533333336,96.9303265,97.17202725,97.23036875,98.5722245,97.23870325,96.530569,96.267566,96.22514625,96.547537,99.21150233333331,100.00051141666668,99.87325191666666,100.35683791666666,101.34946175,101.82456391666666,101.79911208333333,101.56156108333332,104.09826708333333,107.50033733333332,110.44427375,113.36275816666668,,,,,,,,,,,,,,,,,,,,,,,,127149000.0,127445000.0,127718000.0,127761000.0,127773000.0,127854000.0,128001000.0,128063000.0,128047000.0,128070000.0,127833000.0,127629000.0,127445000.0,127276000.0,127141000.0,127076000.0,126972000.0,126811000.0,126633000.0,126261000.0,125681593.0,125124989.0,124516650.0,123975371.0,,,,,,,,1.0,0.9,0.7,0.5,1.5,1.0,0.7,0.4,0.7,0.6,1.0,1.2,1.2,,,,,2.5,2.5,2.5,2.5,2.5,2.5,2.5,2.5,3.0,3.2,2.9,2.6,2.5,2.5,2.7,2.7,2.7,2.6,2.8,2.9,3.2,3.4,,
Japan,-0.6346230833333334,-1.0839314166666667,-0.1485520833333333,1.1363093333333334,-1.2972254166666666,0.5584625833333333,0.4126234166666666,2.9385256666666666,0.0740586666666666,-0.24070725,-0.4031720833333334,0.2112553333333333,-0.16622725,4.286178083333334,3.5562314999999995,2.0950658333333334,0.6982633333333332,1.6402193333333337,0.19863625,1.24550775,-0.0361050833333333,4.938798,8.060768916666666,4.361290833333333,7.140184666666666,,,,,,,,,,,,,,,,,,,,,,,,127149000.0,127445000.0,127718000.0,127761000.0,127773000.0,127854000.0,128001000.0,128063000.0,128047000.0,128070000.0,127833000.0,127629000.0,127445000.0,127276000.0,127141000.0,127076000.0,126972000.0,126811000.0,126633000.0,126261000.0,125681593.0,125124989.0,124516650.0,123975371.0,,,,,,,,1.0,0.9,0.7,0.5,1.5,1.0,0.7,0.4,0.7,0.6,1.0,1.2,1.2,,,,,2.5,2.5,2.5,2.5,2.5,2.5,2.5,2.5,3.0,3.2,2.9,2.6,2.5,2.5,2.7,2.7,2.7,2.6,2.8,2.9,3.2,3.4,,
Jordan,51.08901816666667,52.29618908333333,53.247545,55.698563166666666,58.43448783333333,62.224483,68.15330708333333,81.64077383333334,83.02576225,86.78491824999999,90.450025,94.57324,98.57613225,98.892837,100.0046375,96.52760283333332,96.131541,99.23940025,99.51465258333332,101.82909391666668,101.92889708333333,105.32885075,105.94117825,107.48811591666669,109.6964245,116.0,120.0,123.0,124.0,124.0,123.0,122.0,121.0,119.0,117.0,116.0,116.0,118.0,119.0,119.0,118.0,116.0,113.0,111.0,109.0,109.0,109.0,108.0,5498894.0,5616066.0,5741828.0,5882061.0,6029587.0,6427371.0,6827227.0,6989866.0,7141753.0,7297043.0,7480424.0,7587127.0,7991809.0,8791710.0,9544729.0,10006367.0,10234226.0,10462306.0,10671891.0,10865228.0,11066356.0,11256263.0,11439213.0,11552876.0,,1.0,,,,0.3,,0.1,,0.1,,,,,,,,,,,,,,,8.9,7.0,5.9,5.3,5.2,5.5,5.9,6.4,6.3,6.2,6.1,6.3,6.3,6.5,7.0,7.8,9.1,10.7,13.1,15.8,17.3,17.9,,
Jordan,59.12358366666666,60.20146625,61.177783250000005,63.23605516666667,65.445324,69.15325966666667,72.43382558333333,82.55372266666667,81.94359308333334,85.91418525,89.49031308333333,93.53100633333334,98.043525,100.88627625,100.00165358333334,99.22321016666666,102.52128525,107.09610383333334,107.91165566666666,108.27131908333332,109.72875258333332,114.36935225,116.7538045,118.57118975,120.53579983333331,116.0,120.0,123.0,124.0,124.0,123.0,122.0,121.0,119.0,117.0,116.0,116.0,118.0,119.0,119.0,118.0,116.0,113.0,111.0,109.0,109.0,109.0,108.0,5498894.0,5616066.0,5741828.0,5882061.0,6029587.0,6427371.0,6827227.0,6989866.0,7141753.0,7297043.0,7480424.0,7587127.0,7991809.0,8791710.0,9544729.0,10006367.0,10234226.0,10462306.0,10671891.0,10865228.0,11066356.0,11256263.0,11439213.0,11552876.0,,1.0,,,,0.3,,0.1,,0.1,,,,,,,,,,,,,,,8.9,7.0,5.9,5.3,5.2,5.5,5.9,6.4,6.3,6.2,6.1,6.3,6.3,6.5,7.0,7.8,9.1,10.7,13.1,15.8,17.3,17.9,,
Jordan,2.4732351666666665,2.3688925,1.8407913333333332,4.602844416666667,4.945165083333333,6.599772000000001,9.595928916666669,19.81113125,1.8956675,4.531722666666666,4.257410416666667,4.55206575,4.2576835,0.3262784166666667,1.1333779166666669,-3.468404083333333,-0.3925328333333334,3.241543916666666,0.2891089166666666,2.331774916666667,0.113337,3.338539583333333,0.5853287500000001,1.4692567500000002,2.361971666666667,116.0,120.0,123.0,124.0,124.0,123.0,122.0,121.0,119.0,117.0,116.0,116.0,118.0,119.0,119.0,118.0,116.0,113.0,111.0,109.0,109.0,109.0,108.0,5498894.0,5616066.0,5741828.0,5882061.0,6029587.0,6427371.0,6827227.0,6989866.0,7141753.0,7297043.0,7480424.0,7587127.0,7991809.0,8791710.0,9544729.0,10006367.0,10234226.0,10462306.0,10671891.0,10865228.0,11066356.0,11256263.0,11439213.0,11552876.0,,1.0,,,,0.3,,0.1,,0.1,,,,,,,,,,,,,,,8.9,7.0,5.9,5.3,5.2,5.5,5.9,6.4,6.3,6.2,6.1,6.3,6.3,6.5,7.0,7.8,9.1,10.7,13.1,15.8,17.3,17.9,,
Kazakhstan,32.167340583333335,34.23939158333334,36.67264266666667,39.459190416666665,42.897945416666666,46.63759833333333,52.54612041666667,65.77496633333332,69.0950055,73.16102533333334,82.39834083333334,86.02862,89.45690266666666,94.60438458333334,100.05366508333331,112.99387291666666,122.65820383333332,128.5011824166667,138.83578058333333,153.29118433333335,169.67121108333333,201.9236869166667,232.24005075,245.19912325,263.17001150000004,116.0,118.0,119.0,121.0,122.0,125.0,127.0,128.0,128.0,129.0,130.0,132.0,132.0,132.0,132.0,133.0,136.0,138.0,140.0,140.0,141.0,142.0,143.0,15575550.0,15656677.0,15747380.0,15850159.0,15968117.0,16103716.0,16257214.0,16426525.0,16619846.0,16836810.0,17066002.0,17306106.0,17556502.0,17816285.0,18084169.0,18363600.0,18651931.0,18932727.0,19209555.0,19482117.0,19743603.0,20034609.0,20330104.0,20592571.0,20.7,16.2,12.3,7.6,14.6,2.4,1.1,0.8,0.8,0.5,0.2,0.1,0.1,0.1,0.1,0.2,0.1,0.1,0.1,0.0,0.0,,,,6.5,6.6,7.1,7.4,7.3,6.3,5.1,4.3,3.8,3.2,2.7,2.5,2.5,2.5,2.5,2.5,2.5,2.5,2.5,2.5,2.5,2.5,,
Kazakhstan,34.42642858333333,36.43587316666667,38.781694,41.45067158333333,44.64873866666667,48.542864916666666,53.80823,63.03090666666666,67.64229725,72.64814091666666,78.78901908333333,82.88264708333334,87.80822925000001,93.82260975,100.08835175,114.46213433333332,122.98116558333334,130.56130958333333,137.52487675,146.76412025,158.34361741666666,182.3953168333333,209.25313541666665,227.99116216666667,247.1738905,116.0,118.0,119.0,121.0,122.0,125.0,127.0,128.0,128.0,129.0,130.0,132.0,132.0,132.0,132.0,133.0,136.0,138.0,140.0,140.0,141.0,142.0,143.0,15575550.0,15656677.0,15747380.0,15850159.0,15968117.0,16103716.0,16257214.0,16426525.0,16619846.0,16836810.0,17066002.0,17306106.0,17556502.0,17816285.0,18084169.0,18363600.0,18651931.0,18932727.0,19209555.0,19482117.0,19743603.0,20034609.0,20330104.0,20592571.0,20.7,16.2,12.3,7.6,14.6,2.4,1.1,0.8,0.8,0.5,0.2,0.1,0.1,0.1,0.1,0.2,0.1,0.1,0.1,0.0,0.0,,,,6.5,6.6,7.1,7.4,7.3,6.3,5.1,4.3,3.8,3.2,2.7,2.5,2.5,2.5,2.5,2.5,2.5,2.5,2.5,2.5,2.5,2.5,,
Kazakhstan,9.252928583333334,6.4377755,7.1093244166666665,7.595791333333334,8.717732499999999,8.736008,12.618680416666663,25.70558683333333,5.1176745,5.8805448333333326,12.64663625,4.417055583333333,3.9953649166666665,5.748338749999999,5.7578138333333335,12.997889,8.570095916666666,4.768509666666667,8.034346666666666,10.397348833333334,10.691848416666666,18.89007175,15.394263916666668,5.59456425,7.899364166666667,116.0,118.0,119.0,121.0,122.0,125.0,127.0,128.0,128.0,129.0,130.0,132.0,132.0,132.0,132.0,133.0,136.0,138.0,140.0,140.0,141.0,142.0,143.0,15575550.0,15656677.0,15747380.0,15850159.0,15968117.0,16103716.0,16257214.0,16426525.0,16619846.0,16836810.0,17066002.0,17306106.0,17556502.0,17816285.0,18084169.0,18363600.0,18651931.0,18932727.0,19209555.0,19482117.0,19743603.0,20034609.0,20330104.0,20592571.0,20.7,16.2,12.3,7.6,14.6,2.4,1.1,0.8,0.8,0.5,0.2,0.1,0.1,0.1,0.1,0.2,0.1,0.1,0.1,0.0,0.0,,,,6.5,6.6,7.1,7.4,7.3,6.3,5.1,4.3,3.8,3.2,2.7,2.5,2.5,2.5,2.5,2.5,2.5,2.5,2.5,2.5,2.5,2.5,,
Kenya,23.00570491666667,23.606976333333336,26.71948433333333,30.979831,35.08685033333334,37.91274825,40.07277316666667,48.284627416666666,54.95608241666667,58.13063708333333,70.05171158333333,77.04202641666667,82.63218825,89.82820991666667,100.05638991666666,110.14473291666668,124.87691033333331,126.59011725,136.94177666666667,149.34021525,162.03378216666667,182.62932225,200.29338791666663,211.150496,223.02436066666667,93.0,92.0,92.0,94.0,96.0,97.0,96.0,96.0,98.0,100.0,101.0,102.0,102.0,101.0,100.0,99.0,99.0,100.0,101.0,99.0,96.0,93.0,92.0,31619170.0,32629808.0,33652223.0,34713455.0,35796484.0,36904008.0,38036349.0,39206351.0,40408891.0,41598567.0,42758461.0,43888303.0,44986791.0,46051440.0,47088526.0,48139687.0,49197766.0,50207107.0,51202827.0,52217334.0,53219166.0,54252461.0,55339003.0,56432944.0,,,,,44.6,,,,,,,,,,37.7,,,,,44.4,46.4,46.9,,,31.9,33.4,34.7,31.8,28.2,26.0,26.9,26.9,24.4,21.7,19.8,18.9,18.7,18.8,20.5,21.8,23.2,22.6,23.4,26.0,31.1,34.5,,
Kenya,26.821071416666665,27.347115083333332,30.0314235,33.52228683333333,36.97936608333333,42.32426541666667,46.45463966666667,58.644252,64.05984675,66.597128,75.93570466666667,83.05678041666667,87.80554641666667,93.84494791666668,100.02196741666668,106.32060016666668,114.832255,120.2176655,126.51663608333332,133.35506516666666,141.50030716666666,152.3390365,164.02556783333333,171.38996908333334,176.67401316666667,93.0,92.0,92.0,94.0,96.0,97.0,96.0,96.0,98.0,100.0,101.0,102.0,102.0,101.0,100.0,99.0,99.0,100.0,101.0,99.0,96.0,93.0,92.0,31619170.0,32629808.0,33652223.0,34713455.0,35796484.0,36904008.0,38036349.0,39206351.0,40408891.0,41598567.0,42758461.0,43888303.0,44986791.0,46051440.0,47088526.0,48139687.0,49197766.0,50207107.0,51202827.0,52217334.0,53219166.0,54252461.0,55339003.0,56432944.0,,,,,44.6,,,,,,,,,,37.7,,,,,44.4,46.4,46.9,,,31.9,33.4,34.7,31.8,28.2,26.0,26.9,26.9,24.4,21.7,19.8,18.9,18.7,18.8,20.5,21.8,23.2,22.6,23.4,26.0,31.1,34.5,,
Kenya,7.878677,2.6021758333333334,13.191143416666668,15.948863,13.693719000000002,8.095282083333332,5.680107083333333,20.467774833333333,13.9729555,5.789816833333333,20.40766616666667,10.529271,7.293733833333333,8.722540416666666,11.36834725,10.096866916666666,13.508745083333332,1.4073664166666668,8.239073916666667,9.194129083333332,8.503890583333334,12.673821333333334,9.758496166666667,5.443264500000001,6.450413833333333,93.0,92.0,92.0,94.0,96.0,97.0,96.0,96.0,98.0,100.0,101.0,102.0,102.0,101.0,100.0,99.0,99.0,100.0,101.0,99.0,96.0,93.0,92.0,31619170.0,32629808.0,33652223.0,34713455.0,35796484.0,36904008.0,38036349.0,39206351.0,40408891.0,41598567.0,42758461.0,43888303.0,44986791.0,46051440.0,47088526.0,48139687.0,49197766.0,50207107.0,51202827.0,52217334.0,53219166.0,54252461.0,55339003.0,56432944.0,,,,,44.6,,,,,,,,,,37.7,,,,,44.4,46.4,46.9,,,31.9,33.4,34.7,31.8,28.2,26.0,26.9,26.9,24.4,21.7,19.8,18.9,18.7,18.8,20.5,21.8,23.2,22.6,23.4,26.0,31.1,34.5,,
Kiribati,72.18123874999999,75.48440033333334,77.817322,78.81236108333333,78.79625441666667,78.62951825,83.50784491666667,103.40500708333332,119.51728458333334,106.24816458333332,103.50487933333334,101.05273366666668,100.49518166666668,100.50237016666668,100.00422416666667,101.19470725,100.95287341666666,100.12468366666668,98.4992035,102.25151316666668,105.93162633333333,109.87705858333334,117.99743908333332,119.38999455555556,,130.0,130.0,130.0,130.0,131.0,131.0,132.0,133.0,134.0,135.0,137.0,138.0,139.0,140.0,141.0,141.0,140.0,138.0,137.0,135.0,134.0,135.0,135.0,90335.0,92264.0,94175.0,96085.0,98035.0,100017.0,102068.0,104222.0,106467.0,108704.0,110647.0,112284.0,113838.0,115326.0,116815.0,118478.0,120275.0,122084.0,123921.0,126099.0,128377.0,130469.0,132530.0,134518.0,,,,,,21.3,,,,,,,,,,,,,6.1,,,,,,5.5,5.6,6.0,6.0,6.2,6.5,7.1,7.3,6.4,5.1,3.9,3.6,3.3,3.1,2.9,2.9,3.0,3.2,3.5,3.8,3.8,3.7,,
Kiribati,76.683182,80.08059475,81.94470533333333,82.2216135,80.812353,80.83961991666668,83.74380083333334,95.18772583333332,104.53177058333334,100.45550158333332,101.95973191666668,98.85417833333332,97.38316975,99.43209716666668,100.0008645,101.91819191666669,102.28053233333333,102.85742591666668,100.9925385,103.57112591666667,105.69808,111.34865108333334,121.68522858333334,124.3849121111111,,130.0,130.0,130.0,130.0,131.0,131.0,132.0,133.0,134.0,135.0,137.0,138.0,139.0,140.0,141.0,141.0,140.0,138.0,137.0,135.0,134.0,135.0,135.0,90335.0,92264.0,94175.0,96085.0,98035.0,100017.0,102068.0,104222.0,106467.0,108704.0,110647.0,112284.0,113838.0,115326.0,116815.0,118478.0,120275.0,122084.0,123921.0,126099.0,128377.0,130469.0,132530.0,134518.0,,,,,,21.3,,,,,,,,,,,,,6.1,,,,,,5.5,5.6,6.0,6.0,6.2,6.5,7.1,7.3,6.4,5.1,3.9,3.6,3.3,3.1,2.9,2.9,3.0,3.2,3.5,3.8,3.8,3.7,,
Kiribati,4.3523794166666665,4.589068,3.0921185,1.285272,-0.020437,-0.2115684999999999,6.249601833333333,23.942566,18.16500875,-11.020909166666668,-2.54927425,-2.353701416666667,-0.4380010833333332,0.01609525,-0.4119943333333334,1.19279825,-0.2271565833333333,-0.78880725,-1.60794075,3.8712814166666663,3.600303333333333,3.73373725,7.750829333333333,0.5807873333333332,,130.0,130.0,130.0,130.0,131.0,131.0,132.0,133.0,134.0,135.0,137.0,138.0,139.0,140.0,141.0,141.0,140.0,138.0,137.0,135.0,134.0,135.0,135.0,90335.0,92264.0,94175.0,96085.0,98035.0,100017.0,102068.0,104222.0,106467.0,108704.0,110647.0,112284.0,113838.0,115326.0,116815.0,118478.0,120275.0,122084.0,123921.0,126099.0,128377.0,130469.0,132530.0,134518.0,,,,,,21.3,,,,,,,,,,,,,6.1,,,,,,5.5,5.6,6.0,6.0,6.2,6.5,7.1,7.3,6.4,5.1,3.9,3.6,3.3,3.1,2.9,2.9,3.0,3.2,3.5,3.8,3.8,3.7,,
"Korea, Dem. People's Rep.",,,,,,,,,,,,,,,,,,,,,,,,,,,,,,,,,,,,,,,,,,,,,,,,,23815358.0,23943973.0,24090380.0,24254943.0,24396433.0,24524507.0,24646383.0,24764618.0,24878332.0,24987258.0,25097874.0,25211728.0,25329451.0,25451262.0,25575350.0,25698326.0,25817709.0,25931147.0,26037632.0,26136312.0,26232534.0,26328845.0,26418204.0,26498823.0,,,,,,,,,,,,,,,,,,,,,,,,,36.0,35.3,32.9,33.2,34.5,36.9,39.1,40.5,41.3,41.6,41.6,41.8,41.8,42.7,43.3,44.2,45.8,45.3,,,,,,
"Korea, Rep.",,,,,,,,,,,,,,,,,,,,,,,,,,,,,,,,,,,,,,,,,,,,,,,,,47370164.0,47644736.0,47892330.0,48082519.0,48184561.0,48438292.0,48683638.0,49054708.0,49307835.0,49554112.0,49936638.0,50199853.0,50428893.0,50746659.0,51014947.0,51217803.0,51361911.0,51585058.0,51764822.0,51836239.0,51769539.0,51672569.0,51712619.0,51751065.0,,,,,,0.5,,0.5,,0.5,,0.5,,0.2,,0.2,0.2,0.2,0.2,0.0,0.2,,,,2.5,2.6,2.6,2.5,2.5,2.5,2.5,2.5,2.5,2.5,2.5,2.5,2.5,2.5,2.5,2.5,2.5,2.5,2.5,2.5,2.5,2.5,,
Kosovo,,,,,,,,,,,,,,,,,,,,,,,,,,,,,,,,,,,,,,,,,,,,,,,,,1820009.0,1829462.0,1826434.0,1822773.0,1818354.0,1813079.0,1807094.0,1800858.0,1794681.0,1788743.0,1791949.0,1807126.0,1818119.0,1812788.0,1788274.0,1777568.0,1791019.0,1797086.0,1788891.0,1790151.0,1786079.0,1768096.0,1682668.0,1527324.0,,,11.7,,14.3,13.5,,,10.5,10.6,6.6,3.9,2.2,3.3,2.4,2.0,15.2,20.7,11.3,16.8,25.0,10.0,,,,,,,,,,,,,,,,,,,,,,,,,,
Kuwait,49.69488675,50.0195685,51.65745233333333,53.822685166666666,57.747816,61.55300091666667,64.45652233333333,71.95521791666667,74.23832916666667,80.21511258333334,86.26699966666666,90.39178025,94.01407766666668,96.74184433333332,100.0162685,101.92680966666668,101.617037,101.61455225,102.70828158333336,107.72055275,117.93394041666666,126.68377658333333,134.69396808333332,141.95664666666667,147.50397983333332,136.0,138.0,140.0,142.0,143.0,143.0,144.0,144.0,144.0,144.0,144.0,142.0,141.0,141.0,140.0,139.0,138.0,139.0,139.0,140.0,140.0,139.0,137.0,2008121.0,2059974.0,2109881.0,2157320.0,2236788.0,2364733.0,2507887.0,2651421.0,2795484.0,2943372.0,3132814.0,3337109.0,3507844.0,3665876.0,3834574.0,4004096.0,4154812.0,4323515.0,4442316.0,4400267.0,4360865.0,4589643.0,4853420.0,4973861.0,,,,,,,,,,,,,,,,,,,,,,,,,2.6,2.5,2.5,2.5,2.5,2.5,2.5,2.5,2.5,2.5,2.5,2.5,2.5,2.5,2.5,2.5,2.5,2.5,2.5,2.5,2.5,2.5,,
Kuwait,60.756246583333336,61.45941991666667,61.738096250000005,62.440344583333335,65.01241658333333,67.01243008333334,70.68802833333334,78.16871708333333,81.27155966666668,84.65436291666667,88.75112916666666,91.640108,94.09816775,96.83541433333332,100.00358033333332,103.20209266666666,105.44346958333334,106.01616825,107.17370375,109.42620491666666,113.17255275,117.67755558333332,121.96356516666668,125.498741,127.782527,136.0,138.0,140.0,142.0,143.0,143.0,144.0,144.0,144.0,144.0,144.0,142.0,141.0,141.0,140.0,139.0,138.0,139.0,139.0,140.0,140.0,139.0,137.0,2008121.0,2059974.0,2109881.0,2157320.0,2236788.0,2364733.0,2507887.0,2651421.0,2795484.0,2943372.0,3132814.0,3337109.0,3507844.0,3665876.0,3834574.0,4004096.0,4154812.0,4323515.0,4442316.0,4400267.0,4360865.0,4589643.0,4853420.0,4973861.0,,,,,,,,,,,,,,,,,,,,,,,,,2.6,2.5,2.5,2.5,2.5,2.5,2.5,2.5,2.5,2.5,2.5,2.5,2.5,2.5,2.5,2.5,2.5,2.5,2.5,2.5,2.5,2.5,,
Kuwait,0.6726781666666667,0.6533023333333333,3.2717615,4.201317,7.273383666666667,6.6327085,4.723154249999999,11.644662833333332,3.204775916666667,8.046503833333334,7.561520416666666,4.802367333333334,4.02357125,2.9074039166666665,3.37892175,1.93986325,-0.3031383333333333,-0.0002580833333333,1.0751565,4.854869916666667,9.534938666666667,7.429938833333334,6.340154083333334,5.3930495,4.9742855,136.0,138.0,140.0,142.0,143.0,143.0,144.0,144.0,144.0,144.0,144.0,142.0,141.0,141.0,140.0,139.0,138.0,139.0,139.0,140.0,140.0,139.0,137.0,2008121.0,2059974.0,2109881.0,2157320.0,2236788.0,2364733.0,2507887.0,2651421.0,2795484.0,2943372.0,3132814.0,3337109.0,3507844.0,3665876.0,3834574.0,4004096.0,4154812.0,4323515.0,4442316.0,4400267.0,4360865.0,4589643.0,4853420.0,4973861.0,,,,,,,,,,,,,,,,,,,,,,,,,2.6,2.5,2.5,2.5,2.5,2.5,2.5,2.5,2.5,2.5,2.5,2.5,2.5,2.5,2.5,2.5,2.5,2.5,2.5,2.5,2.5,2.5,,
Kyrgyz Republic,,,,,,,,,,,,,,,,,,,,,,,,,,,,,,,,,,,,,,,,,,,,,,,,,4945073.0,4990704.0,5043308.0,5104713.0,5162640.0,5218373.0,5268385.0,5318729.0,5389643.0,5467059.0,5546587.0,5652076.0,5777150.0,5905848.0,6040036.0,6175338.0,6306696.0,6444079.0,6590211.0,6726596.0,6851224.0,6975220.0,7099750.0,7224614.0,61.5,58.1,56.6,32.5,36.6,26.0,23.3,13.8,9.8,12.6,9.3,10.5,13.5,8.1,11.0,8.0,8.2,5.9,4.9,9.4,5.6,4.5,2.7,,14.6,12.5,10.2,8.2,8.1,8.6,9.2,8.5,8.2,7.4,6.9,6.2,6.0,5.8,5.9,5.7,5.3,4.7,4.6,5.1,5.5,6.1,,
Kyrgyzstan,33.770050250000004,34.64565125,35.42982,36.84659241666667,39.44380641666667,43.194929916666666,49.553539416666666,65.57491558333334,66.260915,70.59181541666666,88.17601733333333,84.58935816666667,89.14146175,96.49015275,100.03417225,93.55205616666666,95.85266358333332,93.78152566666668,95.04542833333332,106.14454725,125.21576141666668,145.49854408333334,157.59426983333333,160.21072141666667,172.44503733333332,108.0,111.0,114.0,116.0,116.0,114.0,112.0,112.0,112.0,114.0,115.0,116.0,116.0,116.0,116.0,116.0,117.0,118.0,118.0,117.0,117.0,117.0,118.0,,,,,,,,,,,,,,,,,,,,,,,,,,,,,,,,,,,,,,,,,,,,,,,,,,,,,,,,,,,,,,,,,,,,,,,,
Kyrgyzstan,35.788209916666666,36.55200558333333,37.63928925,39.18650908333333,40.88668375,43.15676291666667,47.571744333333335,59.23638491666667,63.28611733333333,68.3285795,79.69594475,81.902281,87.319095,93.89793133333336,100.00441291666668,100.39326841666669,103.58106566666667,105.17897075,106.3713035,113.09973825,126.56430716666668,144.18574075,159.690433,167.66694575,177.597366,108.0,111.0,114.0,116.0,116.0,114.0,112.0,112.0,112.0,114.0,115.0,116.0,116.0,116.0,116.0,116.0,117.0,118.0,118.0,117.0,117.0,117.0,118.0,,,,,,,,,,,,,,,,,,,,,,,,,,,,,,,,,,,,,,,,,,,,,,,,,,,,,,,,,,,,,,,,,,,,,,,,
Kyrgyzstan,8.501499083333334,2.6206336666666665,2.250053916666667,4.113130583333334,7.075999166666667,9.550603083333334,14.824527833333333,33.28805833333333,1.5515308333333333,6.86857775,25.750088,-3.888833083333333,5.426281583333334,8.252273,3.843233,-6.464647083333333,2.5072621666666666,-2.1534896666666667,1.4149430833333332,11.644442333333332,18.056948,16.171037416666667,8.507768416666666,1.6624338333333333,8.342335499999999,108.0,111.0,114.0,116.0,116.0,114.0,112.0,112.0,112.0,114.0,115.0,116.0,116.0,116.0,116.0,116.0,117.0,118.0,118.0,117.0,117.0,117.0,118.0,,,,,,,,,,,,,,,,,,,,,,,,,,,,,,,,,,,,,,,,,,,,,,,,,,,,,,,,,,,,,,,,,,,,,,,,
Land Locked Developing Countries (FAO),,,,,,,,,,,,,,,,,,,,,,,,,,,,,,,,,,,,,,,,,,,,,,,,,,,,,,,,,,,,,,,,,,,,,,,,,,,,,,,,,,,,,,,,,,,,,,,,,,,,,,,,,,,,,,,,,,,,,,,,
Lao PDR,,,,,,,,,,,,,,,,,,,,,,,,,,,,,,,,,,,,,,,,,,,,,,,,,5521482.0,5610889.0,5697945.0,5781626.0,5869523.0,5963200.0,6056236.0,6148969.0,6241642.0,6334194.0,6426590.0,6518978.0,6611385.0,6703172.0,6801645.0,6908802.0,7018147.0,7128045.0,7237636.0,7346533.0,7453194.0,7559007.0,7664993.0,7769819.0,,43.1,,,,,36.0,,,,,21.7,,,,,,15.7,,,,,,,31.1,29.4,26.8,24.0,22.4,20.6,20.2,18.5,17.8,15.6,14.8,13.1,11.7,9.4,8.0,7.1,6.8,6.5,6.5,6.3,5.9,5.4,,
Lao People's Democratic Republic,24.44317433333333,28.66738458333333,35.91156791666666,41.95095675,47.03034683333333,51.26324508333334,55.62179125,61.695994000000006,63.01045,68.23883183333334,75.27402875,79.49151316666666,89.50620883333333,95.66721533333332,100.01797708333334,104.31876083333331,104.21706641666668,105.506293,110.4433205,119.94956133333334,123.56901291666668,150.77238416666668,208.06235975,254.4484035,263.3583596666667,,,,,,,,,,,,,,,,,,,,,,,,,,,,,,,,,,,,,,,,,,,,,,,,,,,,,,,,,,,,,,,,,,,,,,,,,,,,,,,,,,,,,,,,,,,,,,,
Lao People's Democratic Republic,41.26043066666667,45.64696933333334,52.71738958333333,58.23282341666667,62.40441391666667,66.489154,69.58886,74.89766133333333,75.00340741666666,79.49052016666667,85.50714858333333,89.14558625000001,94.82543225,98.74100491666668,100.00227725,101.599226,102.43790575,104.52804133333332,108.00104691666668,113.513499,117.776635,144.81370133333334,190.03921466666668,233.99636758333332,247.0228963333333,,,,,,,,,,,,,,,,,,,,,,,,,,,,,,,,,,,,,,,,,,,,,,,,,,,,,,,,,,,,,,,,,,,,,,,,,,,,,,,,,,,,,,,,,,,,,,,
Lao People's Democratic Republic,12.564581583333334,17.074953833333335,25.45708983333333,17.05062525,12.0985865,9.075910833333332,8.53708325,10.900381916666667,2.24645175,8.257440333333333,10.3744495,5.67735125,12.562466583333332,6.97579725,4.543123416666666,4.30334175,-0.0711753333333333,1.2359161666666667,4.665818,8.684701666666667,3.0154299166666667,21.76545733333333,39.457527,22.418066083333333,9.075904666666668,,,,,,,,,,,,,,,,,,,,,,,,,,,,,,,,,,,,,,,,,,,,,,,,,,,,,,,,,,,,,,,,,,,,,,,,,,,,,,,,,,,,,,,,,,,,,,,
Laos,,,,,,,,,,,,,,,,,,,,,,,,,,,,,,,,,,,,,,,,,,,,,,,,,,,,,,,,,,,,,,,,,,,,,,,,,,,,,,,,,,,,,,,,,,,,,,,,,,,,,,,,,,,,,,,,,,,,,,,,
Late-demographic dividend,,,,,,,,,,,,,,,,,,,,,,,,,,,,,,,,,,,,,,,,,,,,,,,,,2058600486.0,2072599555.0,2086139068.0,2099412663.0,2112603351.0,2126122277.0,2139958608.0,2153941306.0,2167303374.0,2179525352.0,2193171336.0,2209359324.0,2225083377.0,2241237489.0,2256276122.0,2271028438.0,2286095306.0,2298652685.0,2309164437.0,2316461820.0,2320449542.0,2324125644.0,2326636900.0,2328890789.0,,,,,,,,,,,,,,,,,,,,,,,,,10.2339300678086,9.57172607526206,8.78834779844581,8.10997295935633,7.46277080894821,6.77090893565596,5.97816629814968,5.21676646971708,4.39510976929164,4.03586157309211,3.86820349627616,3.77358415885965,3.66449036196689,3.5994170128525,3.53669502474248,3.50080957599793,3.47216262866917,3.42737169591845,2.90844872262954,2.98610807333831,3.05943350874461,3.03297968150048,,
Latin America & Caribbean,,,,,,,,,,,,,,,,,,,,,,,,,,,,,,,,,,,,,,,,,,,,,,,,,527572583.0,534691591.0,541643365.0,548455563.0,555120780.0,561751999.0,568345245.0,574908733.0,581388129.0,587752505.0,594086829.0,600420316.0,606683307.0,612849401.0,618868462.0,624737786.0,630414986.0,635778081.0,640962372.0,645497651.0,649234493.0,653104795.0,657617663.0,662185950.0,17.9,17.1,16.6,15.3,14.2,12.0,10.8,9.9,9.5,8.5,7.7,7.4,6.7,6.3,5.9,6.1,6.0,5.9,6.0,5.6,6.3,5.0,4.6,4.5,10.372615048869,10.1229969824812,9.9004259783977,9.3981617912742,8.95182261154674,8.42755969583818,7.92578367955224,7.54588928087645,6.97686042620597,6.47269966434791,5.92750780091781,5.65252431419892,5.3951203372956,5.25889765560454,5.52430016248687,5.78474900741078,6.10689826733724,6.02842018801608,6.12247834445085,6.40437638898368,6.74404165932356,6.60887937599934,,
Latin America & Caribbean (excluding high income),,,,,,,,,,,,,,,,,,,,,,,,,,,,,,,,,,,,,,,,,,,,,,,,,469463143.0,475799008.0,481977727.0,488032486.0,494006571.0,499910627.0,505793340.0,511659365.0,517459947.0,523147480.0,528822706.0,534503260.0,540118712.0,545661592.0,551075145.0,556440282.0,561957179.0,567711159.0,573311679.0,578091505.0,581884231.0,585648822.0,589889543.0,594158638.0,,,,,,,,,,,,,,,,,,,,,,,,,10.4411427624603,10.1842581659952,9.95350955233435,9.63245400877586,9.22330095129237,8.73594858613393,8.3090795571946,7.98924141236036,7.36284107235605,6.80964997755788,6.21273298908035,5.92458176981558,5.64522030189341,5.42769089335837,5.32197166808824,5.28328024245337,5.32472740981504,5.2903353787838,5.4043435224361,5.82271553911415,6.30949097317984,6.27672509354046,,
Latin America & the Caribbean (IDA & IBRD countries),,,,,,,,,,,,,,,,,,,,,,,,,,,,,,,,,,,,,,,,,,,,,,,,,511809816.0,518881965.0,525787222.0,532556401.0,539188798.0,545805913.0,552399650.0,558968822.0,565454932.0,571822092.0,578171855.0,584524334.0,590809938.0,597023419.0,603091701.0,609017063.0,614776664.0,620274430.0,625467307.0,630051021.0,633862610.0,637837815.0,642397939.0,647003746.0,,,,,,,,,,,,,,,,,,,,,,,,,10.5441638778519,10.2873311253039,10.058316314304,9.54384556494478,9.0866883826714,8.55013768890595,8.03673128331202,7.64789630787521,7.0663490236632,6.55124469241679,5.99455393475886,5.71352970466446,5.45052382768064,5.31108728849571,5.58088075967645,5.84555308546589,6.17293545928542,6.09232982230033,6.18740597949765,6.47368303602081,6.81856145142669,6.68017414055869,,
Latin America and the Caribbean,48.74224475,50.571785,54.516806,58.060249,59.66046833333333,60.73530591666667,65.19477275,75.616856,78.62710733333334,81.38121366666667,86.71775966666667,91.53473875,93.61220591666668,97.1999205,99.94908058333334,101.50080625,102.55856158333334,105.2725635,107.67130108333332,112.01536166666666,114.171478,125.13532891666668,133.85666791666668,139.00201983333332,145.56479416666667,,,,,,,,,,,,,,,,,,,,,,,,,,,,,,,,,,,,,,,,,,,,,,,,,,,,,,,,,,,,,,,,,,,,,,,,,,,,,,,,,,,,,,,,,,,,,,,
Latin America and the Caribbean,38.488655083333335,41.60889716666667,46.36247908333333,49.13019641666667,51.53124158333333,53.411807,57.383625,63.91026275,67.58677591666667,70.97876125,75.781123,81.37737675,86.92554333333334,93.07175666666666,100.02788558333332,108.70322558333334,114.08196725,121.87776266666668,139.15694383333334,163.07807308333332,199.04033733333333,273.4959876666667,479.5785216666666,1209.4799983333337,1514.1651366666665,,,,,,,,,,,,,,,,,,,,,,,,,,,,,,,,,,,,,,,,,,,,,,,,,,,,,,,,,,,,,,,,,,,,,,,,,,,,,,,,,,,,,,,,,,,,,,,
Latin America and the Caribbean,66.32690133333334,67.22317408333333,68.67948675,70.658945,72.378929,74.319582,78.11186341666667,83.39834241666667,84.42543175,86.64405825,91.92390891666666,95.32996333333334,97.08325,99.19507808333331,99.98954625,101.17983225,102.51695783333334,104.52991866666667,106.82226825,107.9194585,111.49041766666666,116.85662133333334,121.1656905,123.54856975,126.78289616666666,,,,,,,,,,,,,,,,,,,,,,,,,,,,,,,,,,,,,,,,,,,,,,,,,,,,,,,,,,,,,,,,,,,,,,,,,,,,,,,,,,,,,,,,,,,,,,,
Latin America and the Caribbean,46.05894383333333,49.30042266666666,53.56103466666667,56.60099491666667,59.7382785,62.527024833333336,65.37561433333333,69.70975033333333,72.81729216666666,76.19012408333333,80.28253583333334,84.27807775,88.51683683333333,93.92567316666668,100.02408425,106.614612,113.17637375,122.63450825,138.38403108333333,156.49307216666668,187.568921,251.6959730833333,430.51909975,1095.780687166667,1417.5571005,,,,,,,,,,,,,,,,,,,,,,,,,,,,,,,,,,,,,,,,,,,,,,,,,,,,,,,,,,,,,,,,,,,,,,,,,,,,,,,,,,,,,,,,,,,,,,,
Latin America and the Caribbean,3.8908359166666666,2.9117878333333334,3.39265775,4.405497916666667,4.5798365,4.811019333333333,6.889539916666667,12.887955833333336,4.2332616666666665,3.0324563333333336,5.832237083333333,4.5916085,3.2992645,3.1170135,3.104847166666667,1.5282956666666667,1.4423590833333335,2.4851125,2.086531416666667,2.675003333333333,3.14832825,10.420299416666667,8.764667083333334,3.777941,2.9179481666666667,,,,,,,,,,,,,,,,,,,,,,,,,,,,,,,,,,,,,,,,,,,,,,,,,,,,,,,,,,,,,,,,,,,,,,,,,,,,,,,,,,,,,,,,,,,,,,,
Latin America and the Caribbean,5.946088583333332,10.4530375,13.476714916666666,6.355718333333333,5.33038025,3.9449384166666666,7.679667666666667,11.499011833333334,5.816706083333333,5.543654583333333,7.012716583333333,7.559545583333333,7.0982433333333335,7.317933833333334,7.57914,8.691051333333334,4.936858083333333,6.123379916666667,11.090591333333334,12.029107833333333,14.003499916666668,20.875879166666667,23.8402915,34.72105633333333,10.449703333333334,,,,,,,,,,,,,,,,,,,,,,,,,,,,,,,,,,,,,,,,,,,,,,,,,,,,,,,,,,,,,,,,,,,,,,,,,,,,,,,,,,,,,,,,,,,,,,,
Latvia,50.181085,51.9058375,53.25266166666666,57.1952675,62.45033083333333,67.542835,76.65695000000001,90.65651416666668,90.60435833333334,90.34194416666666,97.97506833333334,100.24159166666668,101.55400833333331,101.27910083333336,99.99999166666667,101.0695975,106.71941666666667,107.33514166666669,110.46299166666668,113.10940833333336,115.639975,140.66498333333334,159.22253333333333,163.673825,172.70556666666667,115.0,118.0,121.0,123.0,125.0,126.0,127.0,126.0,127.0,127.0,127.0,129.0,129.0,130.0,130.0,130.0,131.0,132.0,133.0,133.0,134.0,135.0,136.0,2337170.0,2310173.0,2287955.0,2263122.0,2238799.0,2218357.0,2200325.0,2177322.0,2141669.0,2097555.0,2059709.0,2034319.0,2012647.0,1993782.0,1977527.0,1959537.0,1942248.0,1927174.0,1913822.0,1900449.0,1884490.0,1879383.0,1877445.0,1862441.0,,1.5,1.5,3.7,3.1,1.9,0.8,1.6,2.6,2.6,1.7,1.4,1.5,1.1,1.0,1.0,1.0,0.6,0.3,0.5,0.5,0.4,0.4,,4.7,3.5,2.8,2.5,2.5,2.5,2.5,2.5,2.5,2.5,2.5,2.5,2.5,2.5,2.5,2.5,2.5,2.5,2.5,2.5,2.5,2.5,,
Latvia,56.38993833333333,57.483269166666666,59.174799166666666,62.839130833333336,67.07979833333333,71.4642675,78.67714,90.79524416666668,94.004045,92.98444333333332,97.0485475,99.23969916666664,99.21046833333332,99.82606,99.99999916666668,100.1406325,103.07511666666666,105.68750833333333,108.65881666666668,108.89685,112.464125,131.9319833333333,143.724125,145.54338333333334,150.15865,115.0,118.0,121.0,123.0,125.0,126.0,127.0,126.0,127.0,127.0,127.0,129.0,129.0,130.0,130.0,130.0,131.0,132.0,133.0,133.0,134.0,135.0,136.0,2337170.0,2310173.0,2287955.0,2263122.0,2238799.0,2218357.0,2200325.0,2177322.0,2141669.0,2097555.0,2059709.0,2034319.0,2012647.0,1993782.0,1977527.0,1959537.0,1942248.0,1927174.0,1913822.0,1900449.0,1884490.0,1879383.0,1877445.0,1862441.0,,1.5,1.5,3.7,3.1,1.9,0.8,1.6,2.6,2.6,1.7,1.4,1.5,1.1,1.0,1.0,1.0,0.6,0.3,0.5,0.5,0.4,0.4,,4.7,3.5,2.8,2.5,2.5,2.5,2.5,2.5,2.5,2.5,2.5,2.5,2.5,2.5,2.5,2.5,2.5,2.5,2.5,2.5,2.5,2.5,,
Latvia,4.849940833333333,3.4816652500000003,2.6101716666666666,7.427781333333333,9.194748166666669,8.157168333333333,13.434640416666667,18.43609883333333,0.0610701666666665,-0.1192504166666667,8.472909833333334,2.319194083333333,1.31096425,-0.26891225,-1.2574016666666668,1.0787288333333334,5.5984765,0.5800668333333333,2.9172588333333334,2.4010515,2.2540888333333333,21.535991666666664,13.821329333333331,2.811192666666667,6.291526999999999,115.0,118.0,121.0,123.0,125.0,126.0,127.0,126.0,127.0,127.0,127.0,129.0,129.0,130.0,130.0,130.0,131.0,132.0,133.0,133.0,134.0,135.0,136.0,2337170.0,2310173.0,2287955.0,2263122.0,2238799.0,2218357.0,2200325.0,2177322.0,2141669.0,2097555.0,2059709.0,2034319.0,2012647.0,1993782.0,1977527.0,1959537.0,1942248.0,1927174.0,1913822.0,1900449.0,1884490.0,1879383.0,1877445.0,1862441.0,,1.5,1.5,3.7,3.1,1.9,0.8,1.6,2.6,2.6,1.7,1.4,1.5,1.1,1.0,1.0,1.0,0.6,0.3,0.5,0.5,0.4,0.4,,4.7,3.5,2.8,2.5,2.5,2.5,2.5,2.5,2.5,2.5,2.5,2.5,2.5,2.5,2.5,2.5,2.5,2.5,2.5,2.5,2.5,2.5,,
Least Developed Countries (FAO),,,,,,,,,,,,,,,,,,,,,,,,,,,,,,,,,,,,,,,,,,,,,,,,,,,,,,,,,,,,,,,,,,,,,,,,,,,,,,,,,,,,,,,,,,,,,,,,,,,,,,,,,,,,,,,,,,,,,,,,
Least developed countries: UN classification,,,,,,,,,,,,,,,,,,,,,,,,,,,,,,,,,,,,,,,,,,,,,,,,,689878805.0,707266809.0,725111768.0,742717957.0,760741611.0,779230030.0,797516000.0,816268129.0,835687108.0,855348118.0,875685078.0,896684951.0,918269633.0,940284138.0,962508256.0,985414939.0,1008993468.0,1033110314.0,1058013514.0,1083636132.0,1109175268.0,1134585604.0,1160824674.0,1187777591.0,,,,,,,,,,,,,,,,,,,,,,,,,30.8249336880301,29.8050453160858,28.8330515748456,27.8781203157988,26.8229163448714,25.4879709136993,24.1635760792166,22.9548390590062,21.6627238101603,20.6584562775044,19.896888543763,19.7934976340994,19.2120732937211,19.2985535599944,19.836843469889,20.1707015292521,20.3586540527118,20.3965784468735,20.7739690235728,21.3663579502739,21.7580971248252,22.1333216084488,,
Lebanon,41.67643066666667,45.793161,49.940887583333335,54.08045641666666,57.848323666666666,60.344912416666666,66.17269591666667,78.9026935,81.85973791666667,84.40382216666667,89.83461233333333,95.16206516666666,97.58696291666666,101.12423733333333,100.01649091666668,98.81210675,102.41519833333332,107.56167441666666,112.18381366666668,397.0809619166666,1630.7431588333332,5544.706786583333,19659.112190333333,26940.92760358333,31246.317910166665,118.0,117.0,116.0,116.0,118.0,120.0,122.0,124.0,127.0,128.0,128.0,126.0,125.0,124.0,123.0,123.0,123.0,123.0,123.0,122.0,123.0,124.0,125.0,4401918.0,4463504.0,4525508.0,4599279.0,4671102.0,4751136.0,4844118.0,4925354.0,4992287.0,5041288.0,5096020.0,5235742.0,5743436.0,6346990.0,6472469.0,6323060.0,6160128.0,5984119.0,5794594.0,5702398.0,5718122.0,5744489.0,5773493.0,5805962.0,,,,,,,,,,,0.1,,,,,,,,,,,5.9,,,7.6,8.3,9.3,10.4,10.6,10.0,9.3,8.7,7.1,5.5,4.0,4.5,4.9,5.5,5.7,5.8,5.6,5.7,7.1,8.9,10.2,9.6,,
Lebanon,66.86471516666667,67.38798508333333,68.393055,69.41105449999999,69.39756641666666,70.46836191666667,75.52950208333333,82.66113841666667,83.64901891666666,86.98116041666667,91.30541641666667,97.31465916666669,102.00621775,103.8980295,100.00274125,99.21936008333334,103.50697833333334,109.797086,113.09691616666667,209.0758598333333,532.63349775,1444.5312946666666,4641.880610416667,6742.008617166666,7487.133964666666,118.0,117.0,116.0,116.0,118.0,120.0,122.0,124.0,127.0,128.0,128.0,126.0,125.0,124.0,123.0,123.0,123.0,123.0,123.0,122.0,123.0,124.0,125.0,4401918.0,4463504.0,4525508.0,4599279.0,4671102.0,4751136.0,4844118.0,4925354.0,4992287.0,5041288.0,5096020.0,5235742.0,5743436.0,6346990.0,6472469.0,6323060.0,6160128.0,5984119.0,5794594.0,5702398.0,5718122.0,5744489.0,5773493.0,5805962.0,,,,,,,,,,,0.1,,,,,,,,,,,5.9,,,7.6,8.3,9.3,10.4,10.6,10.0,9.3,8.7,7.1,5.5,4.0,4.5,4.9,5.5,5.7,5.8,5.6,5.7,7.1,8.9,10.2,9.6,,
Lebanon,10.97141575,9.885825583333334,9.061990916666668,8.29678725,6.976808583333334,4.33682525,9.65388975,19.22008075,3.972738583333333,3.1212768333333334,6.453418416666668,5.9394795,2.5551551666666668,3.63327275,-1.0971831666666667,-1.198643583333333,3.6714715,5.02439,4.300191166666667,254.30647,316.94560841666663,291.98577525,260.21263791666667,47.00605725,20.95999816666667,118.0,117.0,116.0,116.0,118.0,120.0,122.0,124.0,127.0,128.0,128.0,126.0,125.0,124.0,123.0,123.0,123.0,123.0,123.0,122.0,123.0,124.0,125.0,4401918.0,4463504.0,4525508.0,4599279.0,4671102.0,4751136.0,4844118.0,4925354.0,4992287.0,5041288.0,5096020.0,5235742.0,5743436.0,6346990.0,6472469.0,6323060.0,6160128.0,5984119.0,5794594.0,5702398.0,5718122.0,5744489.0,5773493.0,5805962.0,,,,,,,,,,,0.1,,,,,,,,,,,5.9,,,7.6,8.3,9.3,10.4,10.6,10.0,9.3,8.7,7.1,5.5,4.0,4.5,4.9,5.5,5.7,5.8,5.6,5.7,7.1,8.9,10.2,9.6,,
Lesotho,24.950286666666667,36.90112141666666,40.3407675,43.182184416666665,44.901157000000005,48.93521966666666,55.86126775,64.61918591666667,70.02958183333334,72.27127566666667,77.33163791666666,84.87904441666667,89.35863583333334,94.16207566666668,100.04058558333332,111.87318733333336,118.25651216666668,124.36104725,132.85393558333334,146.59554908333334,160.7221695,174.97241466666665,189.45678141666667,206.02106708333332,215.9414365,,,,,,,,,,,,,,,,,,,,,,,,2000853.0,1994679.0,1985059.0,1971129.0,1953076.0,1945063.0,1953268.0,1966541.0,1980883.0,1996251.0,2014009.0,2034354.0,2056504.0,2080089.0,2104611.0,2130422.0,2157110.0,2183603.0,2209405.0,2235727.0,2261542.0,2286110.0,2311472.0,2337423.0,,74.9,,,,,,,,,,,,,,,41.9,,,,,,,,,,,,,,,,,,,,,,,,,,,,,,,
Lesotho,36.40984791666667,48.25879925,51.45795375,54.0429035,55.900836,59.29553658333333,64.04655383333333,70.90956875,76.09011633333334,78.72399525,82.68903216666666,87.69290641666667,91.95927066666668,96.89774975,100.01635083333332,106.61393425,111.35580175,116.64721,122.69779825,128.80581333333333,136.59566183333334,147.89458683333334,157.27438325,166.87668608333334,172.4082885,,,,,,,,,,,,,,,,,,,,,,,,2000853.0,1994679.0,1985059.0,1971129.0,1953076.0,1945063.0,1953268.0,1966541.0,1980883.0,1996251.0,2014009.0,2034354.0,2056504.0,2080089.0,2104611.0,2130422.0,2157110.0,2183603.0,2209405.0,2235727.0,2261542.0,2286110.0,2311472.0,2337423.0,,74.9,,,,,,,,,,,,,,,41.9,,,,,,,,,,,,,,,,,,,,,,,,,,,,,,,
Lesotho,-11.135195166666668,48.14918575,9.347124666666668,7.054815333333333,3.997661916666667,8.964064500000001,14.08484725,15.724991,8.566773083333333,3.198997083333333,6.981258333333333,9.78474925,5.306524333333333,5.370859583333334,6.230246416666667,11.8572385,5.726190750000001,5.17666525,6.824497916666666,10.3006815,9.747651833333334,8.845413416666668,8.300162666666667,8.780913583333334,6.128838666666667,,,,,,,,,,,,,,,,,,,,,,,,2000853.0,1994679.0,1985059.0,1971129.0,1953076.0,1945063.0,1953268.0,1966541.0,1980883.0,1996251.0,2014009.0,2034354.0,2056504.0,2080089.0,2104611.0,2130422.0,2157110.0,2183603.0,2209405.0,2235727.0,2261542.0,2286110.0,2311472.0,2337423.0,,74.9,,,,,,,,,,,,,,,41.9,,,,,,,,,,,,,,,,,,,,,,,,,,,,,,,
Liberia,20.66142333333333,24.480458,27.78209783333333,30.63454308333333,34.840194333333336,37.7324505,44.774339,55.96682058333334,57.41614533333333,61.55173625,68.54214691666667,75.56726841666666,83.33278983333334,90.87327891666666,100.02927283333334,107.9212675,114.788421,138.93150425,180.12902925,216.84138883333333,217.31118,213.78982191666668,239.99238091666663,268.2938829166667,286.94586,98.0,97.0,97.0,97.0,97.0,98.0,98.0,98.0,98.0,98.0,97.0,97.0,97.0,97.0,97.0,98.0,98.0,97.0,96.0,95.0,95.0,96.0,97.0,3015338.0,3094782.0,3119532.0,3156892.0,3301015.0,3490787.0,3669050.0,3821003.0,3943028.0,4058890.0,4221178.0,4373043.0,4470239.0,4564293.0,4659431.0,4755608.0,4848925.0,4944726.0,5043721.0,5149463.0,5259323.0,5373294.0,5493031.0,5612817.0,,,,,,,61.1,,,,,,,31.7,,33.6,,,,,,,,,36.2,37.4,36.3,34.7,33.4,33.2,31.9,30.1,30.3,32.9,35.4,36.3,36.2,36.4,35.6,34.9,34.7,35.2,36.5,37.5,38.3,38.4,,
Liberia,27.81508875,31.75360733333333,35.03384633333334,37.77667658333333,41.79382391666667,44.94308908333333,50.06295925,58.81869475,63.18753758333333,67.79386358333333,73.54832033333334,78.57298508333334,84.52670108333334,92.86197458333334,100.05756733333334,108.89690175,122.4214965,151.268304,192.05973233333336,224.62485091666667,242.180617,260.5693545,286.87240691666665,310.43890175,332.58219966666667,98.0,97.0,97.0,97.0,97.0,98.0,98.0,98.0,98.0,98.0,97.0,97.0,97.0,97.0,97.0,98.0,98.0,97.0,96.0,95.0,95.0,96.0,97.0,3015338.0,3094782.0,3119532.0,3156892.0,3301015.0,3490787.0,3669050.0,3821003.0,3943028.0,4058890.0,4221178.0,4373043.0,4470239.0,4564293.0,4659431.0,4755608.0,4848925.0,4944726.0,5043721.0,5149463.0,5259323.0,5373294.0,5493031.0,5612817.0,,,,,,,61.1,,,,,,,31.7,,33.6,,,,,,,,,36.2,37.4,36.3,34.7,33.4,33.2,31.9,30.1,30.3,32.9,35.4,36.3,36.2,36.4,35.6,34.9,34.7,35.2,36.5,37.5,38.3,38.4,,
Liberia,19.398123166666668,19.16474675,13.561118583333334,10.15225925,14.330225416666666,8.173958583333333,18.79999533333333,25.040790333333334,2.8171315,7.3194735,11.322104416666669,10.35699725,10.352767916666666,8.986282916666667,10.299973083333333,7.859371916666666,6.451449833333334,20.907375916666663,29.5920445,20.85601125,0.4831307499999999,-1.57456775,12.3198815,12.84560775,8.999794,98.0,97.0,97.0,97.0,97.0,98.0,98.0,98.0,98.0,98.0,97.0,97.0,97.0,97.0,97.0,98.0,98.0,97.0,96.0,95.0,95.0,96.0,97.0,3015338.0,3094782.0,3119532.0,3156892.0,3301015.0,3490787.0,3669050.0,3821003.0,3943028.0,4058890.0,4221178.0,4373043.0,4470239.0,4564293.0,4659431.0,4755608.0,4848925.0,4944726.0,5043721.0,5149463.0,5259323.0,5373294.0,5493031.0,5612817.0,,,,,,,61.1,,,,,,,31.7,,33.6,,,,,,,,,36.2,37.4,36.3,34.7,33.4,33.2,31.9,30.1,30.3,32.9,35.4,36.3,36.2,36.4,35.6,34.9,34.7,35.2,36.5,37.5,38.3,38.4,,
Libya,58.69948158333333,48.01009466666667,45.569512333333336,44.41234841666667,47.221190666666665,47.65205758333334,52.40370283333333,65.95855441666667,67.98145041666668,69.91325933333333,81.28018883333333,78.24015200000001,81.16253458333334,84.80222916666666,100.33855425,130.261582,176.15967233333333,208.80197666666663,200.50681,199.73222833333327,207.1319563333333,216.069861,223.491563,230.77043408333336,236.1094722,131.0,131.0,131.0,131.0,131.0,131.0,131.0,130.0,130.0,129.0,128.0,127.0,126.0,126.0,125.0,125.0,125.0,125.0,125.0,125.0,124.0,123.0,121.0,5403639.0,5508410.0,5619398.0,5736693.0,5858798.0,5980211.0,6104380.0,6235430.0,6366686.0,6497839.0,6343203.0,6179328.0,6304628.0,6427252.0,6531819.0,6632126.0,6738770.0,6849055.0,6951033.0,7045399.0,7135175.0,7223805.0,7305659.0,7381023.0,,,,,,,,,,,,,,,,,,,,,,,,,3.5,3.9,4.2,4.5,4.8,5.2,5.5,5.9,6.3,6.6,6.8,6.7,7.0,7.3,7.8,8.0,8.4,8.8,9.9,11.0,11.9,11.4,,
Libya,63.4773055,57.25802316666667,56.003412833333336,54.77270000000001,56.2242895,57.044752916666674,60.61061325,66.89031466666667,68.53574975,70.45467875,81.38817491666667,86.32013891666666,88.5694845,90.72432816666668,100.16173891666666,126.057429,158.58480716666665,179.4707495,175.59027091666667,178.13112641666666,183.24051525,191.505215,196.0499695,200.21830108333333,202.935363,131.0,131.0,131.0,131.0,131.0,131.0,131.0,130.0,130.0,129.0,128.0,127.0,126.0,126.0,125.0,125.0,125.0,125.0,125.0,125.0,124.0,123.0,121.0,5403639.0,5508410.0,5619398.0,5736693.0,5858798.0,5980211.0,6104380.0,6235430.0,6366686.0,6497839.0,6343203.0,6179328.0,6304628.0,6427252.0,6531819.0,6632126.0,6738770.0,6849055.0,6951033.0,7045399.0,7135175.0,7223805.0,7305659.0,7381023.0,,,,,,,,,,,,,,,,,,,,,,,,,3.5,3.9,4.2,4.5,4.8,5.2,5.5,5.9,6.3,6.6,6.8,6.7,7.0,7.3,7.8,8.0,8.4,8.8,9.9,11.0,11.9,11.4,,
Libya,-14.110681416666669,-18.12721408333333,-5.0140905,-2.5132809166666665,6.510316,2.3084294166666663,9.908677416666666,26.132656666666666,3.162222666666666,2.8811093333333333,16.218728666666667,-3.1143533333333338,3.810734583333333,4.4736465,18.24379216666667,30.33748625,34.912085166666664,20.12651625,-3.8424641666666655,-0.337864,3.715016083333333,4.32520075,3.438876666666667,3.254531833333333,3.543107,131.0,131.0,131.0,131.0,131.0,131.0,131.0,130.0,130.0,129.0,128.0,127.0,126.0,126.0,125.0,125.0,125.0,125.0,125.0,125.0,124.0,123.0,121.0,5403639.0,5508410.0,5619398.0,5736693.0,5858798.0,5980211.0,6104380.0,6235430.0,6366686.0,6497839.0,6343203.0,6179328.0,6304628.0,6427252.0,6531819.0,6632126.0,6738770.0,6849055.0,6951033.0,7045399.0,7135175.0,7223805.0,7305659.0,7381023.0,,,,,,,,,,,,,,,,,,,,,,,,,3.5,3.9,4.2,4.5,4.8,5.2,5.5,5.9,6.3,6.6,6.8,6.7,7.0,7.3,7.8,8.0,8.4,8.8,9.9,11.0,11.9,11.4,,
Liechtenstein,,,,,,,,,,,,,,,,,,,,,,,,,,,,,,,,,,,,,,,,,,,,,,,,,33194.0,33694.0,34079.0,34447.0,34753.0,35037.0,35262.0,35473.0,35742.0,36022.0,36312.0,36657.0,36984.0,37248.0,37494.0,37716.0,37962.0,38246.0,38563.0,38901.0,39182.0,39493.0,39850.0,40197.0,,,,,,,,,,,,,,,,,,,,,,,,,,,,,,,,,,,,,,,,,,,,,,,,
Lithuania,62.75901666666667,62.31500833333333,60.01136666666667,61.34474166666666,63.74921666666666,67.63315833333333,75.247225,87.23301666666667,88.66475833333334,88.26245833333333,95.54754166666667,98.45965833333334,100.09999166666668,100.86891666666666,100.0,101.23334166666666,104.838325,106.35151666666668,109.46748333333332,111.94274166666666,115.03955833333332,145.34514166666665,166.52566666666667,165.40425000000002,172.16106666666667,128.0,129.0,129.0,129.0,129.0,129.0,128.0,128.0,128.0,129.0,130.0,132.0,133.0,134.0,135.0,135.0,134.0,134.0,134.0,135.0,137.0,137.0,136.0,3470818.0,3443067.0,3415213.0,3377075.0,3322528.0,3269909.0,3231294.0,3198231.0,3162916.0,3097282.0,3028115.0,2989139.0,2961250.0,2937253.0,2911109.0,2877325.0,2842639.0,2819200.0,2811089.0,2810369.0,2808380.0,2831639.0,2871585.0,2888055.0,1.6,1.4,0.4,4.0,2.7,1.8,1.6,1.8,2.7,2.0,0.9,1.1,1.2,1.7,1.0,1.5,1.2,1.0,0.6,0.5,0.3,0.8,1.1,,2.5,2.5,2.5,2.5,2.5,2.5,2.5,2.5,2.5,2.5,2.5,2.5,2.5,2.5,2.5,2.5,2.5,2.5,2.5,2.5,2.5,2.5,,
Lithuania,70.07828333333333,70.27555833333334,69.47841666666666,70.28721666666667,72.15579166666667,74.85378333333334,79.148275,87.795925,91.70551666666668,92.91530833333331,96.75296666666668,99.74261666666666,100.7874,100.891975,99.99999166666667,100.90551666666666,104.66211666666668,107.485825,109.99509166666668,111.31491666666666,116.5284,139.490375,152.20815833333333,153.29756666666665,158.6407,128.0,129.0,129.0,129.0,129.0,129.0,128.0,128.0,128.0,129.0,130.0,132.0,133.0,134.0,135.0,135.0,134.0,134.0,134.0,135.0,137.0,137.0,136.0,3470818.0,3443067.0,3415213.0,3377075.0,3322528.0,3269909.0,3231294.0,3198231.0,3162916.0,3097282.0,3028115.0,2989139.0,2961250.0,2937253.0,2911109.0,2877325.0,2842639.0,2819200.0,2811089.0,2810369.0,2808380.0,2831639.0,2871585.0,2888055.0,1.6,1.4,0.4,4.0,2.7,1.8,1.6,1.8,2.7,2.0,0.9,1.1,1.2,1.7,1.0,1.5,1.2,1.0,0.6,0.5,0.3,0.8,1.1,,2.5,2.5,2.5,2.5,2.5,2.5,2.5,2.5,2.5,2.5,2.5,2.5,2.5,2.5,2.5,2.5,2.5,2.5,2.5,2.5,2.5,2.5,,
Lithuania,3.557763916666667,-0.6644584166666667,-3.6425984166666665,2.251084,3.940424833333333,6.0881285,11.21197625,16.02657525,1.7653625000000002,-0.365861,8.265975333333333,3.0654730000000003,1.6684728333333334,0.7685318333333333,-0.8609206666666668,1.2362125833333333,3.566523833333333,1.4510961666666666,2.939666416666667,2.2702986666666667,2.790517916666667,26.17156908333333,15.454022,-0.6675199166666667,4.098554666666667,128.0,129.0,129.0,129.0,129.0,129.0,128.0,128.0,128.0,129.0,130.0,132.0,133.0,134.0,135.0,135.0,134.0,134.0,134.0,135.0,137.0,137.0,136.0,3470818.0,3443067.0,3415213.0,3377075.0,3322528.0,3269909.0,3231294.0,3198231.0,3162916.0,3097282.0,3028115.0,2989139.0,2961250.0,2937253.0,2911109.0,2877325.0,2842639.0,2819200.0,2811089.0,2810369.0,2808380.0,2831639.0,2871585.0,2888055.0,1.6,1.4,0.4,4.0,2.7,1.8,1.6,1.8,2.7,2.0,0.9,1.1,1.2,1.7,1.0,1.5,1.2,1.0,0.6,0.5,0.3,0.8,1.1,,2.5,2.5,2.5,2.5,2.5,2.5,2.5,2.5,2.5,2.5,2.5,2.5,2.5,2.5,2.5,2.5,2.5,2.5,2.5,2.5,2.5,2.5,,
Low & middle income,,,,,,,,,,,,,,,,,,,,,,,,,,,,,,,,,,,,,,,,,,,,,,,,,4888551481.0,4961926647.0,5034824498.0,5108183576.0,5181562375.0,5255157355.0,5328158709.0,5402245137.0,5477389130.0,5553257507.0,5630227189.0,5709187884.0,5787469694.0,5865317415.0,5941372154.0,6017298320.0,6094196886.0,6169917356.0,6243849229.0,6314223170.0,6378645843.0,6438272260.0,6499219471.0,6563719861.0,43.9,41.8,39.8,37.5,35.1,33.4,31.2,29.7,28.3,25.7,23.4,21.7,18.8,17.5,16.1,15.0,14.0,13.2,12.7,13.4,13.1,12.5,12.2,12.0,15.3841136361609,15.4589987391124,15.3790689169981,15.0128260002346,14.3445853321429,13.2882807921047,12.1979615098435,11.4173030718111,10.8333916460426,10.3996047183328,10.0738172859849,9.80606755938694,9.54738076863604,9.4759373611144,9.42354393629681,9.30906369940092,9.08736663211811,9.02377795199356,9.36300789208878,10.0568981233699,10.6923558114708,10.9429883315432,,
Low Income Food Deficit Countries (FAO),,,,,,,,,,,,,,,,,,,,,,,,,,,,,,,,,,,,,,,,,,,,,,,,,,,,,,,,,,,,,,,,,,,,,,,,,,,,,,,,,,,,,,,,,,,,,,,,,,,,,,,,,,,,,,,,,,,,,,,,
Low income,,,,,,,,,,,,,,,,,,,,,,,,,,,,,,,,,,,,,,,,,,,,,,,,,331269527.0,341035328.0,351244442.0,361305645.0,371788197.0,383041001.0,394448347.0,405862712.0,417577386.0,429515596.0,441658754.0,453652889.0,465087882.0,476470767.0,488308267.0,501149314.0,514890519.0,529522043.0,544980983.0,560643073.0,576076618.0,591481496.0,607774703.0,624608098.0,,62.7,60.5,59.7,58.8,58.0,57.0,55.8,55.9,54.1,53.9,52.8,52.3,52.6,53.6,54.2,54.1,,,55.5,56.2,55.6,56.3,,30.6293606567355,30.157170826029,29.3825273144568,29.0322988129344,28.5525660142914,27.8971387854373,26.9986921908612,26.3874977688456,25.1785976807076,24.506125657237,24.050157366523,24.7645493465441,24.0416828861378,25.2202644418518,26.8331297453277,27.9100359827457,28.3552809268412,28.1700550466399,27.5362124476195,27.8301303350974,28.2855382948485,29.0688857134273,,
Low-income countries,,,,,,,,,,,,,,,,,,,,,,,,,,,,,,,,,,,,,,,,,,,,,,,,,,,,,,,,,,,,,,,,,,,,,,,,,,,,,,,,,,,,,,,,,,,,,,,,,,,,,,,,,,,,,,,,,,,,,,,,
Low-income economies,30.44051825,32.906002,36.17665241666666,40.69646925,47.3469475,51.52197541666666,57.11874608333333,62.181092,67.44542758333334,72.5564735,79.04486258333334,85.45196258333334,89.9344995,93.96296075,99.78152591666668,107.03441283333332,116.907368,120.26554883333334,125.31939208333334,138.77021125000002,142.89603725,164.88539075,184.51681241666665,197.0143848333333,206.2594175,,,,,,,,,,,,,,,,,,,,,,,,,,,,,,,,,,,,,,,,,,,,,,,,,,,,,,,,,,,,,,,,,,,,,,,,,,,,,,,,,,,,,,,,,,,,,,,
Low-income economies,29.593233166666664,32.39504425,34.711473250000004,36.303750666666666,41.08203983333333,44.31320225,48.11751258333334,59.12439833333334,64.33139008333333,64.53595383333334,73.76907416666667,82.69389483333333,88.77630758333333,92.62974383333334,100.11605475,111.54609208333332,122.49022866666668,127.39380941666668,136.8486205,171.5626586666667,218.44580566666664,291.1419588333333,461.51675608333335,642.5544276666667,629.4400353333334,,,,,,,,,,,,,,,,,,,,,,,,,,,,,,,,,,,,,,,,,,,,,,,,,,,,,,,,,,,,,,,,,,,,,,,,,,,,,,,,,,,,,,,,,,,,,,,
Low-income economies,36.172842333333335,36.36148825,39.70638075,46.07523208333333,50.230363833333335,55.99009841666666,60.593701333333335,67.87387225,71.61155325,75.24782425,80.31945825,86.14728333333333,91.34827033333332,95.17849641666668,100.00393741666666,105.77637675,115.77001033333332,121.30157525,125.92410783333332,134.52476616666667,141.62510308333333,161.19455958333333,185.5958285,191.8103928333333,201.5729951666667,,,,,,,,,,,,,,,,,,,,,,,,,,,,,,,,,,,,,,,,,,,,,,,,,,,,,,,,,,,,,,,,,,,,,,,,,,,,,,,,,,,,,,,,,,,,,,,
Low-income economies,32.923206666666665,35.37173983333333,37.93067825,40.10670791666667,44.30641616666667,47.90026666666666,51.24691475,59.96886891666667,65.45214966666667,66.21606716666666,74.64847583333334,82.901946,88.44713916666666,92.65189125,100.079777,109.77459091666668,121.35370725,132.22274066666668,143.9275125,172.87819925,220.04463475,289.1400219166667,445.39313633333336,640.5685453333334,695.0519851666667,,,,,,,,,,,,,,,,,,,,,,,,,,,,,,,,,,,,,,,,,,,,,,,,,,,,,,,,,,,,,,,,,,,,,,,,,,,,,,,,,,,,,,,,,,,,,,,
Low-income economies,7.663713833333333,7.010496333333333,7.204403833333333,4.965294,11.387483333333334,6.060757250000001,6.784908916666667,16.128444,7.74485125,4.392231583333333,7.84465225,8.292622,5.2103460833333335,3.8590555,6.579783583333334,6.785778916666668,9.084526333333336,2.243171333333333,3.862103916666667,7.651266083333334,7.7571355,14.435452416666664,14.162096666666663,9.368739083333333,8.698963000000001,,,,,,,,,,,,,,,,,,,,,,,,,,,,,,,,,,,,,,,,,,,,,,,,,,,,,,,,,,,,,,,,,,,,,,,,,,,,,,,,,,,,,,,,,,,,,,,
Low-income economies,57.05894083333334,9.978468,10.582824916666668,4.598344916666666,13.240452833333334,9.246744083333336,10.201425916666668,25.275294416666668,11.556633583333335,0.9151108333333332,16.54859775,16.311507416666668,13.518449249999998,6.081992166666667,9.175541083333334,11.262971083333332,9.997828666666669,4.3809665,6.724967583333334,20.78458308333333,18.196193666666662,22.6721265,25.426449583333333,16.69950916666667,6.999392666666666,,,,,,,,,,,,,,,,,,,,,,,,,,,,,,,,,,,,,,,,,,,,,,,,,,,,,,,,,,,,,,,,,,,,,,,,,,,,,,,,,,,,,,,,,,,,,,,
Lower middle income,,,,,,,,,,,,,,,,,,,,,,,,,,,,,,,,,,,,,,,,,,,,,,,,,2169474338.0,2211549617.0,2253206148.0,2295275996.0,2336911352.0,2378783316.0,2421545203.0,2464036877.0,2506795582.0,2550264612.0,2593815085.0,2637101332.0,2679816109.0,2723061855.0,2765011526.0,2806590212.0,2847931114.0,2888561818.0,2928617292.0,2968398856.0,3006243027.0,3043358377.0,3082002881.0,3120983658.0,,45.9,44.8,43.2,41.6,39.4,36.9,35.2,33.5,30.1,28.2,26.4,23.7,21.7,,,,,,15.2,14.4,13.4,12.6,12.0,18.9367028774587,19.5279621360081,19.9592673673867,19.6915675288395,18.8709461279678,17.2929779222159,15.7228176470054,14.8100601091661,14.4749862656081,14.04938506153,13.62076842388,13.0867764954597,12.5891649949735,12.2621090523089,11.8981548159819,11.4430582518555,10.868985859793,10.7024259652787,11.5694929930568,12.7631458217792,13.7830911668243,14.0425163388259,,
Lower-middle-income countries,,,,,,,,,,,,,,,,,,,,,,,,,,,,,,,,,,,,,,,,,,,,,,,,,,,,,,,,,,,,,,,,,,,,,,,,,,,,,,,,,,,,,,,,,,,,,,,,,,,,,,,,,,,,,,,,,,,,,,,,
Lower-middle-income economies,37.86218916666667,39.32909325,40.83974283333333,44.19996075,47.14209808333334,50.793484166666666,55.962367666666665,65.73386241666667,70.409024,72.85122641666668,80.78291316666666,85.87568633333332,90.896323,95.89623941666667,99.98281133333334,103.75550866666669,107.62380391666666,110.47171058333332,115.48923925,124.628587,129.41391916666666,144.48045766666667,157.7645109166667,164.5192505,173.2727285,,,,,,,,,,,,,,,,,,,,,,,,,,,,,,,,,,,,,,,,,,,,,,,,,,,,,,,,,,,,,,,,,,,,,,,,,,,,,,,,,,,,,,,,,,,,,,,
Lower-middle-income economies,34.902361416666665,36.85136133333333,38.673843,41.2345615,44.159720666666665,47.01424408333333,50.322865166666666,57.31204983333333,62.63556558333334,69.11024783333333,75.43226375,81.33096266666666,88.79553283333333,94.8650425,100.03634025,107.03113558333332,116.36035316666666,123.49747475,131.686636,147.50750825,176.26437316666667,250.4708565,473.1889235,609.2030433333333,682.0210095,,,,,,,,,,,,,,,,,,,,,,,,,,,,,,,,,,,,,,,,,,,,,,,,,,,,,,,,,,,,,,,,,,,,,,,,,,,,,,,,,,,,,,,,,,,,,,,
Lower-middle-income economies,40.95328283333333,45.04366008333333,48.41160175,51.27637975,54.30489008333333,58.25360433333333,62.40953958333333,70.13635108333334,73.64559258333334,77.49845933333333,82.28785875,86.92058591666667,91.85071633333332,96.55190941666666,100.02615566666668,103.2981445,107.15243158333334,111.450992,116.41765575,122.9515235,129.19703791666666,139.11417908333334,146.1015915,153.95724525,157.855635,,,,,,,,,,,,,,,,,,,,,,,,,,,,,,,,,,,,,,,,,,,,,,,,,,,,,,,,,,,,,,,,,,,,,,,,,,,,,,,,,,,,,,,,,,,,,,,
Lower-middle-income economies,37.24701658333333,39.1521905,41.23156441666666,43.76685616666666,46.66646316666667,49.71451783333333,53.01533866666667,59.09075308333333,64.13209983333333,70.24403066666666,76.6446935,82.93251583333334,89.45723891666667,95.137434,100.02277116666666,106.87946008333334,115.65140033333334,123.66136308333334,131.62652983333334,142.78618916666667,158.34820016666666,188.83226675,257.1943445,315.5350276666667,343.05282566666665,,,,,,,,,,,,,,,,,,,,,,,,,,,,,,,,,,,,,,,,,,,,,,,,,,,,,,,,,,,,,,,,,,,,,,,,,,,,,,,,,,,,,,,,,,,,,,,
Lower-middle-income economies,4.976946083333333,4.80831,5.425070666666667,6.01961725,7.083091083333334,6.975503750000001,8.3412855,15.872122166666664,6.064508749999999,5.992914333333334,7.703536166666666,5.85726575,6.217702,5.706436333333333,4.45924575,4.032452416666667,4.395428833333333,3.6617196666666665,4.61090525,6.126666749999999,6.069949,11.809125916666666,9.878428916666667,5.364831666666667,5.016559833333333,,,,,,,,,,,,,,,,,,,,,,,,,,,,,,,,,,,,,,,,,,,,,,,,,,,,,,,,,,,,,,,,,,,,,,,,,,,,,,,,,,,,,,,,,,,,,,,
Lower-middle-income economies,9.745036,8.273448583333334,7.274842583333334,8.280785916666668,8.097255583333334,7.006062666666666,7.58361375,14.807796916666668,10.153031416666666,11.066356583333333,9.572114916666669,8.153690916666667,9.483225166666664,7.036077583333333,5.565303083333333,6.997711,8.273084666666668,5.5038609166666665,6.060881999999999,12.163294416666666,11.445532833333331,16.486775333333334,20.35045008333333,13.791059333333331,7.1813175,,,,,,,,,,,,,,,,,,,,,,,,,,,,,,,,,,,,,,,,,,,,,,,,,,,,,,,,,,,,,,,,,,,,,,,,,,,,,,,,,,,,,,,,,,,,,,,
Luxembourg,72.39421666666667,75.22083833333333,76.67391416666668,78.07701083333333,79.355,81.23666666666666,83.9675,88.47416666666668,89.7375,90.51666666666668,92.83333333333331,95.21666666666664,98.68833333333332,99.24,100.00166666666668,101.53083333333336,104.39,106.69833333333334,108.19416666666666,111.14416666666666,112.14,120.0075,132.55166666666665,135.46333333333334,137.29666666666665,137.0,137.0,137.0,137.0,138.0,138.0,138.0,138.0,137.0,136.0,135.0,134.0,134.0,133.0,132.0,131.0,131.0,133.0,134.0,135.0,135.0,134.0,134.0,441525.0,446175.0,451630.0,458095.0,465158.0,472637.0,479993.0,488650.0,497783.0,506953.0,518347.0,530946.0,543360.0,556319.0,569604.0,582014.0,596336.0,607950.0,620001.0,630419.0,640064.0,653103.0,666430.0,677717.0,0.0,0.0,0.1,0.0,0.0,0.0,0.0,0.0,0.0,0.0,0.1,0.0,0.1,0.2,0.3,0.1,0.3,0.3,0.1,0.0,0.1,0.1,0.1,,2.5,2.5,2.5,2.5,2.5,2.5,2.5,2.5,2.5,2.5,2.5,2.5,2.5,2.5,2.5,2.5,2.5,2.5,2.5,2.5,2.5,2.5,,
Luxembourg,75.26154,76.82252916666667,78.39726833333333,80.14214,82.13583333333334,84.32583333333334,86.27583333333332,89.21083333333333,89.53916666666667,91.575,94.69833333333332,97.22,98.90583333333332,99.5275,100.0,100.29083333333334,102.02666666666666,103.58583333333333,105.39166666666668,106.25583333333331,108.94083333333332,115.84333333333332,120.1775,122.6425,124.65833333333336,137.0,137.0,137.0,137.0,138.0,138.0,138.0,138.0,137.0,136.0,135.0,134.0,134.0,133.0,132.0,131.0,131.0,133.0,134.0,135.0,135.0,134.0,134.0,441525.0,446175.0,451630.0,458095.0,465158.0,472637.0,479993.0,488650.0,497783.0,506953.0,518347.0,530946.0,543360.0,556319.0,569604.0,582014.0,596336.0,607950.0,620001.0,630419.0,640064.0,653103.0,666430.0,677717.0,0.0,0.0,0.1,0.0,0.0,0.0,0.0,0.0,0.0,0.0,0.1,0.0,0.1,0.2,0.3,0.1,0.3,0.3,0.1,0.0,0.1,0.1,0.1,,2.5,2.5,2.5,2.5,2.5,2.5,2.5,2.5,2.5,2.5,2.5,2.5,2.5,2.5,2.5,2.5,2.5,2.5,2.5,2.5,2.5,2.5,,
Luxembourg,4.764685666666667,3.9189461666666663,1.9330916666666669,1.83375525,1.636518,2.369868333333333,3.3565096666666663,5.380365083333333,1.4374470833333337,0.8692679166666667,2.5604834166666666,2.565887,3.6494289166666665,0.5686411666666666,0.7719944166666667,1.5288869166666668,2.8174421666666665,2.210516166666667,1.4057308333333334,2.727798,0.8992403333333333,7.001575916666667,10.51214725,2.21986625,1.2427543333333333,137.0,137.0,137.0,137.0,138.0,138.0,138.0,138.0,137.0,136.0,135.0,134.0,134.0,133.0,132.0,131.0,131.0,133.0,134.0,135.0,135.0,134.0,134.0,441525.0,446175.0,451630.0,458095.0,465158.0,472637.0,479993.0,488650.0,497783.0,506953.0,518347.0,530946.0,543360.0,556319.0,569604.0,582014.0,596336.0,607950.0,620001.0,630419.0,640064.0,653103.0,666430.0,677717.0,0.0,0.0,0.1,0.0,0.0,0.0,0.0,0.0,0.0,0.0,0.1,0.0,0.1,0.2,0.3,0.1,0.3,0.3,0.1,0.0,0.1,0.1,0.1,,2.5,2.5,2.5,2.5,2.5,2.5,2.5,2.5,2.5,2.5,2.5,2.5,2.5,2.5,2.5,2.5,2.5,2.5,2.5,2.5,2.5,2.5,,
Macao,,,,,,,,,,,,,,,,,,,,,,,,,,,,,,,,,,,,,,,,,,,,,,,,,,,,,,,,,,,,,,,,,,,,,,,,,,,,,,,,,,,,,,,,,,,,,,,,,,,,,,,,,,,,,,,,,,,,,,,,
"Macao SAR, China",,,,,,,,,,,,,,,,,,,,,,,,,,,,,,,,,,,,,,,,,,,,,,,,,433900.0,438400.0,443600.0,454700.0,473500.0,498900.0,520900.0,540700.0,535000.0,537000.0,549600.0,567900.0,591900.0,621700.0,642900.0,652500.0,648400.0,658900.0,672000.0,685400.0,682500.0,677300.0,678800.0,687000.0,,,,,,,,,,,,,,,,,,,,,,,,,21.5,20.8,19.2,17.5,16.0,15.0,14.1,13.1,12.0,10.4,9.3,8.4,7.6,6.8,6.3,6.2,6.0,5.9,7.2,8.7,10.3,10.7,,
Madagascar,28.153665416666662,32.24132166666667,31.20509675,37.44775916666666,47.025978,49.01081475,55.9208555,61.81048833333333,66.91379758333333,71.23039158333334,80.70510416666666,84.86944241666667,89.07530858333332,93.88732008333334,100.01102216666668,106.20048275,116.10285258333332,128.64231458333333,134.82797733333334,139.96942225,150.38239666666666,164.71207275,184.51681241666665,196.1040896,,94.0,94.0,93.0,95.0,96.0,98.0,98.0,97.0,97.0,98.0,98.0,97.0,96.0,94.0,94.0,93.0,92.0,91.0,90.0,89.0,90.0,90.0,91.0,17032939.0,17549913.0,18071854.0,18606608.0,19159707.0,19730909.0,20318583.0,20923840.0,21547280.0,22183340.0,22822300.0,23462438.0,24109290.0,24764348.0,25426702.0,26099952.0,26788375.0,27494926.0,28219554.0,28953556.0,29691083.0,30437261.0,31195932.0,31964956.0,57.5,,,,55.3,,,,,65.3,,67.3,,,,,,,,,69.2,,,,33.9,35.3,36.6,35.2,33.5,31.1,30.7,30.5,29.0,26.9,25.3,26.5,27.8,29.6,30.8,32.3,33.3,34.6,36.0,37.6,38.9,39.7,,
Madagascar,29.19642908333333,34.01340916666667,33.43381908333333,38.09977675,45.09635291666667,49.951262750000005,55.09023166666666,60.211699583333335,65.6031865,71.66972408333334,78.46583475,82.94925033333334,87.78222991666667,93.11974775,100.0145125,106.05114708333332,115.18114408333334,125.08007616666669,132.097712,137.64818433333332,145.64864258333333,157.53443166666668,173.08989616666668,186.05572941666665,198.5867168,94.0,94.0,93.0,95.0,96.0,98.0,98.0,97.0,97.0,98.0,98.0,97.0,96.0,94.0,94.0,93.0,92.0,91.0,90.0,89.0,90.0,90.0,91.0,17032939.0,17549913.0,18071854.0,18606608.0,19159707.0,19730909.0,20318583.0,20923840.0,21547280.0,22183340.0,22822300.0,23462438.0,24109290.0,24764348.0,25426702.0,26099952.0,26788375.0,27494926.0,28219554.0,28953556.0,29691083.0,30437261.0,31195932.0,31964956.0,57.5,,,,55.3,,,,,65.3,,67.3,,,,,,,,,69.2,,,,33.9,35.3,36.6,35.2,33.5,31.1,30.7,30.5,29.0,26.9,25.3,26.5,27.8,29.6,30.8,32.3,33.3,34.6,36.0,37.6,38.9,39.7,,
Madagascar,0.4250834999999999,15.034196333333334,-2.84617125,20.33995725,26.99042866666667,4.2350975,14.130247083333332,10.562159166666666,8.279105333333334,6.430910916666666,13.392487,5.169776583333333,4.95657925,5.410833083333333,6.518723166666667,6.197501833333334,9.300731666666666,10.862151666666668,4.820782333333333,3.8097519166666665,7.431463083333334,9.497479083333332,12.105156916666669,6.7325039,,94.0,94.0,93.0,95.0,96.0,98.0,98.0,97.0,97.0,98.0,98.0,97.0,96.0,94.0,94.0,93.0,92.0,91.0,90.0,89.0,90.0,90.0,91.0,17032939.0,17549913.0,18071854.0,18606608.0,19159707.0,19730909.0,20318583.0,20923840.0,21547280.0,22183340.0,22822300.0,23462438.0,24109290.0,24764348.0,25426702.0,26099952.0,26788375.0,27494926.0,28219554.0,28953556.0,29691083.0,30437261.0,31195932.0,31964956.0,57.5,,,,55.3,,,,,65.3,,67.3,,,,,,,,,69.2,,,,33.9,35.3,36.6,35.2,33.5,31.1,30.7,30.5,29.0,26.9,25.3,26.5,27.8,29.6,30.8,32.3,33.3,34.6,36.0,37.6,38.9,39.7,,
Malawi,20.406703333333333,22.31010975,23.496426,25.25204708333333,29.598845,34.20326133333333,36.74536783333333,39.30246816666666,42.20578566666666,44.35942025,45.76337191666666,54.38063641666667,66.84779466666667,81.02352191666667,100.35720533333334,127.09937983333332,142.29953741666665,161.04743883333333,184.11577258333327,208.1035143333333,231.78859825,293.57462433333336,402.57159866666666,564.2878111666666,717.813136,106.0,106.0,105.0,106.0,107.0,110.0,113.0,116.0,118.0,120.0,121.0,121.0,121.0,120.0,120.0,120.0,119.0,119.0,119.0,119.0,120.0,119.0,118.0,11593058.0,11880440.0,12181574.0,12500737.0,12840031.0,13198701.0,13576343.0,13976417.0,14395788.0,14826463.0,15265022.0,15709577.0,16161816.0,16621538.0,17085587.0,17557739.0,18039715.0,18528081.0,19025752.0,19533888.0,20047258.0,20568728.0,21104482.0,21655286.0,,,,74.4,,,,,,72.9,,,,,,71.7,,,75.4,,,,,,23.3,23.5,24.1,23.0,21.3,19.1,17.3,15.7,14.3,13.6,13.2,13.4,14.1,14.7,15.5,15.8,16.8,17.4,18.5,19.0,19.4,19.9,,
Malawi,15.866651416666665,18.20613133333333,19.9496955,22.22990708333333,25.65561233333333,29.24080333333333,31.56609308333333,34.31632125,37.206457,39.964047416666666,43.01043583333333,52.15929975,66.39009508333334,82.18566966666667,100.15749575,121.90280308333332,135.97452383333334,152.86280183333335,167.18732441666666,181.60809166666664,198.55238825,240.1569956666667,309.2975770833333,408.82845625,498.370445,106.0,106.0,105.0,106.0,107.0,110.0,113.0,116.0,118.0,120.0,121.0,121.0,121.0,120.0,120.0,120.0,119.0,119.0,119.0,119.0,120.0,119.0,118.0,11593058.0,11880440.0,12181574.0,12500737.0,12840031.0,13198701.0,13576343.0,13976417.0,14395788.0,14826463.0,15265022.0,15709577.0,16161816.0,16621538.0,17085587.0,17557739.0,18039715.0,18528081.0,19025752.0,19533888.0,20047258.0,20568728.0,21104482.0,21655286.0,,,,74.4,,,,,,72.9,,,,,,71.7,,,75.4,,,,,,23.3,23.5,24.1,23.0,21.3,19.1,17.3,15.7,14.3,13.6,13.2,13.4,14.1,14.7,15.5,15.8,16.8,17.4,18.5,19.0,19.4,19.9,,
Malawi,20.35399675,9.301353416666666,5.280478333333334,7.518863416666666,17.2777735,15.5512045,7.386498083333333,6.963040833333333,7.340599166666667,5.039601083333333,3.1289155833333333,19.43982375,22.951967166666662,21.24142883333333,23.9273215,26.737455,12.186876833333336,13.5786505,14.297648583333332,13.060434416666666,11.342372416666668,26.806653583333333,36.98284116666667,40.39277116666667,36.992213750000005,106.0,106.0,105.0,106.0,107.0,110.0,113.0,116.0,118.0,120.0,121.0,121.0,121.0,120.0,120.0,120.0,119.0,119.0,119.0,119.0,120.0,119.0,118.0,11593058.0,11880440.0,12181574.0,12500737.0,12840031.0,13198701.0,13576343.0,13976417.0,14395788.0,14826463.0,15265022.0,15709577.0,16161816.0,16621538.0,17085587.0,17557739.0,18039715.0,18528081.0,19025752.0,19533888.0,20047258.0,20568728.0,21104482.0,21655286.0,,,,74.4,,,,,,72.9,,,,,,71.7,,,75.4,,,,,,23.3,23.5,24.1,23.0,21.3,19.1,17.3,15.7,14.3,13.6,13.2,13.4,14.1,14.7,15.5,15.8,16.8,17.4,18.5,19.0,19.4,19.9,,
Malaysia,62.700412,63.14152575,63.987426,65.3938,67.76970825,70.05128866666666,72.16909216666666,78.55638691666667,81.80933283333333,83.78102066666666,87.809827,90.16985566666666,93.381729,96.50283241666666,100.00796433333332,103.876177,108.212206,109.678496,111.48692033333332,112.904334,114.90128133333332,121.50656883333332,127.37172966666668,129.829511,132.175575,124.0,123.0,122.0,122.0,122.0,121.0,121.0,121.0,120.0,121.0,121.0,121.0,120.0,120.0,120.0,121.0,121.0,121.0,121.0,121.0,122.0,122.0,123.0,23526538.0,24102477.0,24679602.0,25256772.0,25836071.0,26417909.0,26998389.0,27570059.0,28124778.0,28655776.0,29162039.0,29662831.0,30174265.0,30696137.0,31232798.0,31789685.0,32355644.0,32910967.0,33440596.0,33889558.0,34282399.0,34695493.0,35126298.0,35557673.0,,,3.2,,,1.7,,1.5,,,0.4,,0.1,,0.1,,,0.0,,,0.0,,,,2.5,2.8,2.9,3.0,3.2,3.3,3.5,3.6,3.7,3.5,3.4,3.4,3.6,3.7,3.5,3.0,2.7,2.5,2.5,2.5,2.5,2.5,,
Malaysia,72.40769633333333,73.71673566666666,74.52000925,75.57914075000001,77.82767375,80.63665783333333,82.27144758333334,86.747658,87.25366425,88.66966233333333,91.48445516666668,93.00636408333332,94.96415958333334,97.94887391666668,100.01010008333331,102.10087783333334,106.05340808333334,106.99167241666667,107.70091141666668,106.47451883333332,109.11200183333334,112.79856758333334,115.60597225,117.72630158333334,118.9453065,124.0,123.0,122.0,122.0,122.0,121.0,121.0,121.0,120.0,121.0,121.0,121.0,120.0,120.0,120.0,121.0,121.0,121.0,121.0,121.0,122.0,122.0,123.0,23526538.0,24102477.0,24679602.0,25256772.0,25836071.0,26417909.0,26998389.0,27570059.0,28124778.0,28655776.0,29162039.0,29662831.0,30174265.0,30696137.0,31232798.0,31789685.0,32355644.0,32910967.0,33440596.0,33889558.0,34282399.0,34695493.0,35126298.0,35557673.0,,,3.2,,,1.7,,1.5,,,0.4,,0.1,,0.1,,,0.0,,,0.0,,,,2.5,2.8,2.9,3.0,3.2,3.3,3.5,3.6,3.7,3.5,3.4,3.4,3.6,3.7,3.5,3.0,2.7,2.5,2.5,2.5,2.5,2.5,,
Malaysia,0.6838949166666667,0.7037986666666667,1.3400846666666668,2.1968986666666668,3.632345333333333,3.370240666666667,3.0210946666666665,8.832798416666666,4.2626152500000005,2.409906916666667,4.806543083333334,2.694544083333333,3.5604490833333333,3.3469289166666667,3.62833175,3.874704416666667,4.174879583333333,1.36267375,1.65120725,1.271185,1.767488333333333,5.740506083333333,4.859223916666667,1.92861775,2.4474,124.0,123.0,122.0,122.0,122.0,121.0,121.0,121.0,120.0,121.0,121.0,121.0,120.0,120.0,120.0,121.0,121.0,121.0,121.0,121.0,122.0,122.0,123.0,23526538.0,24102477.0,24679602.0,25256772.0,25836071.0,26417909.0,26998389.0,27570059.0,28124778.0,28655776.0,29162039.0,29662831.0,30174265.0,30696137.0,31232798.0,31789685.0,32355644.0,32910967.0,33440596.0,33889558.0,34282399.0,34695493.0,35126298.0,35557673.0,,,3.2,,,1.7,,1.5,,,0.4,,0.1,,0.1,,,0.0,,,0.0,,,,2.5,2.8,2.9,3.0,3.2,3.3,3.5,3.6,3.7,3.5,3.4,3.4,3.6,3.7,3.5,3.0,2.7,2.5,2.5,2.5,2.5,2.5,,
Maldives,34.58837666666667,35.829078,33.65133025,39.02244775,42.05117075,43.73492483333334,50.80925741666667,60.49857033333333,60.81195366666666,65.35908158333334,78.38516666666666,92.20815,98.814421,99.52655733333334,100.00809575,100.58502341666669,106.23426341666668,105.090261,104.26222083333332,107.08954158333334,109.03434616666668,114.22593908333332,120.83391625,127.86136091666668,133.303545,,,,,,,,,,,,,,,,,,,,,,,,286767.0,291616.0,296491.0,301413.0,306429.0,313851.0,324479.0,336170.0,348275.0,360792.0,373674.0,386818.0,400070.0,413617.0,428154.0,443308.0,458287.0,473099.0,487731.0,502118.0,516154.0,524106.0,525994.0,527799.0,,18.8,,,,,,,13.1,,,,,,,0.1,,,0.0,,,,,,,,,,,,,,,,,,,,,,,,,,,,,
Maldives,54.19676308333334,56.46146841666666,55.74968633333333,54.81007425000001,55.522756,57.043203,60.91915933333333,68.25471458333332,71.34677366666666,75.73451858333333,84.27238475,93.44517741666668,97.00135508333334,99.0577855,100.00201083333332,100.50453041666668,103.33621875,103.19839583333334,103.42546291666667,102.0087675,102.56282791666666,104.95576583333332,108.0283095,109.54048733333332,113.64953816666667,,,,,,,,,,,,,,,,,,,,,,,,286767.0,291616.0,296491.0,301413.0,306429.0,313851.0,324479.0,336170.0,348275.0,360792.0,373674.0,386818.0,400070.0,413617.0,428154.0,443308.0,458287.0,473099.0,487731.0,502118.0,516154.0,524106.0,525994.0,527799.0,,18.8,,,,,,,13.1,,,,,,,0.1,,,0.0,,,,,,,,,,,,,,,,,,,,,,,,,,,,,
Maldives,2.6566440000000004,4.2485865,-5.778779083333333,15.936562083333332,8.162762333333333,4.041682083333334,16.08606633333333,19.43817608333333,0.9373083333333332,7.529626666666666,19.802693916666662,18.280982916666662,7.233111583333333,0.7861661666666667,0.4885389166666667,0.5814414166666667,5.700675833333334,-1.0619884166666669,-0.7395510833333333,2.72454375,1.8183080833333327,4.751767833333333,5.807240666666666,5.821144166666667,5.520206333333333,,,,,,,,,,,,,,,,,,,,,,,,286767.0,291616.0,296491.0,301413.0,306429.0,313851.0,324479.0,336170.0,348275.0,360792.0,373674.0,386818.0,400070.0,413617.0,428154.0,443308.0,458287.0,473099.0,487731.0,502118.0,516154.0,524106.0,525994.0,527799.0,,18.8,,,,,,,13.1,,,,,,,0.1,,,0.0,,,,,,,,,,,,,,,,,,,,,,,,,,,,,
Mali,67.42645091666667,72.29977583333333,69.277183,64.32303991666667,71.94417641666666,71.66131366666666,72.98672866666666,82.50789625,85.62908716666668,88.58766691666666,93.11825575,100.59696966666668,97.27790283333331,97.06838466666666,100.02716141666669,96.774503,99.25907691666669,97.41800758333332,95.74507516666668,98.13728758333332,103.22073958333334,118.03467741666668,120.75016191666668,125.65581391666666,128.6429965,112.0,113.0,114.0,116.0,118.0,121.0,124.0,127.0,129.0,130.0,130.0,131.0,130.0,130.0,129.0,130.0,129.0,128.0,127.0,127.0,127.0,126.0,125.0,11912158.0,12288050.0,12684955.0,13102409.0,13538647.0,13990139.0,14457775.0,14940782.0,15435539.0,15945198.0,16469049.0,16957033.0,17459615.0,18020267.0,18593022.0,19191289.0,19813011.0,20442030.0,21068405.0,21713836.0,22388630.0,23072640.0,23769127.0,24478595.0,68.6,,,,,64.0,,,63.3,,,,,,,,,29.4,,,36.1,,,,16.6,15.6,15.4,14.4,13.1,11.5,10.0,8.7,7.5,6.6,5.8,5.4,5.2,5.0,4.8,4.4,4.6,4.6,4.7,4.6,7.1,9.6,,
Mali,72.85575983333332,76.52246125,75.49191308333333,73.151829,77.83199725,79.03335433333334,80.14930691666667,87.49979041666667,89.655568,90.66945833333334,93.3493245,98.31842908333331,97.72189525,98.58557558333332,100.01574725,98.21581691666668,99.94427525,100.24365475,98.58134741666667,99.01322141666668,102.90008725,112.80059458333334,115.12293566666666,118.814236,123.2897412,112.0,113.0,114.0,116.0,118.0,121.0,124.0,127.0,129.0,130.0,130.0,131.0,130.0,130.0,129.0,130.0,129.0,128.0,127.0,127.0,127.0,126.0,125.0,11912158.0,12288050.0,12684955.0,13102409.0,13538647.0,13990139.0,14457775.0,14940782.0,15435539.0,15945198.0,16469049.0,16957033.0,17459615.0,18020267.0,18593022.0,19191289.0,19813011.0,20442030.0,21068405.0,21713836.0,22388630.0,23072640.0,23769127.0,24478595.0,68.6,,,,,64.0,,,63.3,,,,,,,,,29.4,,,36.1,,,,16.6,15.6,15.4,14.4,13.1,11.5,10.0,8.7,7.5,6.6,5.8,5.4,5.2,5.0,4.8,4.4,4.6,4.6,4.7,4.6,7.1,9.6,,
Mali,8.2998165,7.318055749999999,-4.0843335000000005,-7.074683,11.873580166666668,-0.08643375,1.8335999166666668,13.096036166666666,3.79124075,3.480142333333333,5.092904083333333,8.183903583333334,-3.28131275,-0.2176703333333333,3.0276100833333337,-3.211535583333333,2.56523125,-1.83726675,-1.6696205,2.4797936666666667,5.187159083333333,14.299268083333333,2.5486953333333333,4.039128166666667,8.1946545,112.0,113.0,114.0,116.0,118.0,121.0,124.0,127.0,129.0,130.0,130.0,131.0,130.0,130.0,129.0,130.0,129.0,128.0,127.0,127.0,127.0,126.0,125.0,11912158.0,12288050.0,12684955.0,13102409.0,13538647.0,13990139.0,14457775.0,14940782.0,15435539.0,15945198.0,16469049.0,16957033.0,17459615.0,18020267.0,18593022.0,19191289.0,19813011.0,20442030.0,21068405.0,21713836.0,22388630.0,23072640.0,23769127.0,24478595.0,68.6,,,,,64.0,,,63.3,,,,,,,,,29.4,,,36.1,,,,16.6,15.6,15.4,14.4,13.1,11.5,10.0,8.7,7.5,6.6,5.8,5.4,5.2,5.0,4.8,4.4,4.6,4.6,4.7,4.6,7.1,9.6,,
Malta,64.50416666666666,65.87583333333333,67.21583333333334,67.05666666666666,68.647066,70.01633725,73.062789,78.92806875000001,83.95608183333333,84.80676066666668,88.07460266666668,92.2178915,96.6159555,97.12380341666666,100.00381166666666,102.15681408333334,105.69298166666664,108.77701083333334,112.69299291666668,114.8342665,117.53241216666667,129.85431033333333,142.22515991666668,147.35416675,151.15231466666668,137.0,137.0,137.0,137.0,137.0,137.0,138.0,138.0,138.0,137.0,136.0,136.0,135.0,134.0,133.0,134.0,134.0,133.0,131.0,130.0,129.0,129.0,128.0,393028.0,395969.0,398582.0,401268.0,403834.0,405308.0,406724.0,409379.0,412477.0,414508.0,416268.0,420028.0,424810.0,433481.0,444220.0,454505.0,467106.0,483903.0,503912.0,515490.0,518150.0,531113.0,552747.0,574346.0,,,,,,0.5,0.5,0.2,0.5,0.3,0.2,0.2,0.0,0.0,0.1,0.1,0.2,0.2,0.3,0.4,0.1,0.1,,,2.5,2.5,2.5,2.5,2.5,2.5,2.5,2.5,2.5,2.5,2.5,2.5,2.5,2.5,2.5,2.5,2.5,2.5,2.5,2.5,2.5,2.5,,
Malta,75.02783683333332,77.25379958333333,77.66946391666666,79.83708525,82.23537116666667,84.51639949999999,85.57219441666666,89.21639066666667,91.07595233333332,92.45633125,95.19579891666666,97.45748033333332,98.60775575,98.913742,100.00233541666668,100.64505316666668,102.0182085,103.19939933333336,104.89383216666666,105.56365475,107.14454466666666,113.73859675,119.53242408333334,121.50585875,123.50855366666669,137.0,137.0,137.0,137.0,137.0,137.0,138.0,138.0,138.0,137.0,136.0,136.0,135.0,134.0,133.0,134.0,134.0,133.0,131.0,130.0,129.0,129.0,128.0,393028.0,395969.0,398582.0,401268.0,403834.0,405308.0,406724.0,409379.0,412477.0,414508.0,416268.0,420028.0,424810.0,433481.0,444220.0,454505.0,467106.0,483903.0,503912.0,515490.0,518150.0,531113.0,552747.0,574346.0,,,,,,0.5,0.5,0.2,0.5,0.3,0.2,0.2,0.0,0.0,0.1,0.1,0.2,0.2,0.3,0.4,0.1,0.1,,,2.5,2.5,2.5,2.5,2.5,2.5,2.5,2.5,2.5,2.5,2.5,2.5,2.5,2.5,2.5,2.5,2.5,2.5,2.5,2.5,2.5,2.5,,
Malta,4.05112725,2.1743775,2.034379166666667,-0.2215555,2.394483416666666,2.0027015,4.34202175,8.037553166666667,6.466261916666666,1.0407668333333333,3.859436083333333,4.696652666666666,4.813116833333333,0.5273334166666667,2.967782416666666,2.1543325833333333,3.4822555000000004,2.912773416666667,3.62203875,1.9025306666666664,2.3495084166666667,10.453786166666667,9.573081666666669,3.64792175,3.0162088333333337,137.0,137.0,137.0,137.0,137.0,137.0,138.0,138.0,138.0,137.0,136.0,136.0,135.0,134.0,133.0,134.0,134.0,133.0,131.0,130.0,129.0,129.0,128.0,393028.0,395969.0,398582.0,401268.0,403834.0,405308.0,406724.0,409379.0,412477.0,414508.0,416268.0,420028.0,424810.0,433481.0,444220.0,454505.0,467106.0,483903.0,503912.0,515490.0,518150.0,531113.0,552747.0,574346.0,,,,,,0.5,0.5,0.2,0.5,0.3,0.2,0.2,0.0,0.0,0.1,0.1,0.2,0.2,0.3,0.4,0.1,0.1,,,2.5,2.5,2.5,2.5,2.5,2.5,2.5,2.5,2.5,2.5,2.5,2.5,2.5,2.5,2.5,2.5,2.5,2.5,2.5,2.5,2.5,2.5,,
Marshall Islands,,,,,,,,,,,,,,,,,,,,,,,,,,,,,,,,,,,,,,,,,,,,,,,,,51123.0,51425.0,51639.0,51791.0,51906.0,51992.0,52035.0,52030.0,52019.0,52044.0,51907.0,51419.0,50681.0,49796.0,48800.0,47709.0,46529.0,45285.0,44007.0,42706.0,41367.0,40077.0,38827.0,37548.0,,,,,,,,,,,,,,,,,,,2.1,,,,,,,,,,,,,,,,,,,,,,,,,,,,,
Martinique,73.13306791666666,75.11341750000001,77.04533208333332,78.978098,81.3790375,83.84696066666666,86.39919966666666,89.37293366666667,90.47299216666666,90.67701558333331,91.12284441666668,93.94894441666666,97.084858,98.293885,100.00163516666667,101.30889525,102.472584,103.68161108333334,105.17022516666668,107.55427491666669,106.61350091666668,112.41683,123.46431308333332,127.86214841666668,128.79158766666666,,,,,,,,,,,,,,,,,,,,,,,,,,,,,,,,,,,,,,,,,,,,,,,,,,,,,,,,,,,,,,,,,,,,,,,,,,,,,,,,,,,,,,,,,,,,,,,
Martinique,79.05119658333332,80.76788916666668,82.43458091666666,84.09293958333333,86.14297058333334,88.23716891666668,90.39053466666668,92.88473933333334,92.55973425,94.06059033333334,96.46646016666666,97.89481508333334,99.10650008333334,99.86234483333334,100.00151366666668,99.75650983333334,100.31818508333332,101.57051875,102.76119491666668,103.24717458333332,105.31258841666666,109.55707266666668,113.20192041666668,116.34511183333336,117.41897033333332,,,,,,,,,,,,,,,,,,,,,,,,,,,,,,,,,,,,,,,,,,,,,,,,,,,,,,,,,,,,,,,,,,,,,,,,,,,,,,,,,,,,,,,,,,,,,,,
Martinique,2.5202501666666666,2.7068784166666666,2.5771966666666666,2.5075039166666664,3.04297675,3.0302285833333333,3.0453234166666667,3.4506870000000003,1.2402768333333334,0.238525,0.4920633333333333,3.0979690000000004,3.347925416666667,1.2470028333333334,1.7400640833333334,1.3096833333333333,1.14840025,1.1816585833333335,1.436358,2.2681478333333334,-0.8727883333333333,5.437960416666667,9.892280833333333,3.580338916666667,1.611128,,,,,,,,,,,,,,,,,,,,,,,,,,,,,,,,,,,,,,,,,,,,,,,,,,,,,,,,,,,,,,,,,,,,,,,,,,,,,,,,,,,,,,,,,,,,,,,
Mauritania,39.180737916666665,40.95789675,43.40936625,48.67523208333333,55.5671705,59.60739591666667,64.64410908333333,70.17699058333334,71.98598933333334,77.79415491666667,82.73919533333334,86.30075666666666,90.11058083333334,94.67741733333334,100.01424608333332,102.29528533333333,105.45082816666668,109.87725841666666,112.85803683333334,115.33300075,122.01023925,140.87714908333334,148.44199033333334,151.253722,150.97023716666666,120.0,122.0,121.0,121.0,120.0,122.0,125.0,128.0,129.0,130.0,131.0,133.0,134.0,133.0,133.0,133.0,133.0,134.0,134.0,134.0,134.0,134.0,135.0,2678760.0,2738655.0,2802046.0,2868664.0,2939059.0,3013660.0,3093059.0,3183269.0,3284448.0,3390965.0,3502811.0,3619034.0,3734318.0,3848514.0,3965959.0,4086657.0,4210600.0,4337685.0,4467708.0,4600131.0,4734874.0,4875637.0,5022441.0,5169395.0,,,,28.5,,,,19.2,,,,,,11.7,,,,,10.2,,,,,,8.1,7.7,8.0,8.2,9.1,8.4,7.7,6.9,7.0,7.0,6.6,6.3,6.2,6.5,6.7,6.9,6.9,6.8,7.0,7.5,8.3,9.3,,
Mauritania,45.091949,46.84859841666667,49.262192166666665,54.36951075,60.9621665,64.76683566666667,69.46509225,74.56843908333333,76.22454491666666,81.03132708333334,85.6390275,89.8374185,93.54689691666664,96.85318891666668,100.00549591666667,101.47728708333334,103.76486583333332,106.94770775,109.40760408333334,112.01773575,116.01135266666668,127.06174308333334,133.35517491666667,136.67791041666666,136.87666216666665,120.0,122.0,121.0,121.0,120.0,122.0,125.0,128.0,129.0,130.0,131.0,133.0,134.0,133.0,133.0,133.0,133.0,134.0,134.0,134.0,134.0,134.0,135.0,2678760.0,2738655.0,2802046.0,2868664.0,2939059.0,3013660.0,3093059.0,3183269.0,3284448.0,3390965.0,3502811.0,3619034.0,3734318.0,3848514.0,3965959.0,4086657.0,4210600.0,4337685.0,4467708.0,4600131.0,4734874.0,4875637.0,5022441.0,5169395.0,,,,28.5,,,,19.2,,,,,,11.7,,,,,10.2,,,,,,8.1,7.7,8.0,8.2,9.1,8.4,7.7,6.9,7.0,7.0,6.6,6.3,6.2,6.5,6.7,6.9,6.9,6.8,7.0,7.5,8.3,9.3,,
Mauritania,5.5166718333333336,4.529459083333333,6.08159475,12.0933895,14.4212705,7.259646416666666,8.471907416666667,8.583998750000001,2.58910475,8.06426975,6.36888175,4.317585416666667,4.404059083333333,5.060659583333334,5.670616833333334,2.2774821666666667,3.103858583333333,4.198123833333333,2.715032666666666,2.198751333333333,5.773275666666667,15.387348416666669,5.654573166666666,1.89615125,0.8019793333333333,120.0,122.0,121.0,121.0,120.0,122.0,125.0,128.0,129.0,130.0,131.0,133.0,134.0,133.0,133.0,133.0,133.0,134.0,134.0,134.0,134.0,134.0,135.0,2678760.0,2738655.0,2802046.0,2868664.0,2939059.0,3013660.0,3093059.0,3183269.0,3284448.0,3390965.0,3502811.0,3619034.0,3734318.0,3848514.0,3965959.0,4086657.0,4210600.0,4337685.0,4467708.0,4600131.0,4734874.0,4875637.0,5022441.0,5169395.0,,,,28.5,,,,19.2,,,,,,11.7,,,,,10.2,,,,,,8.1,7.7,8.0,8.2,9.1,8.4,7.7,6.9,7.0,7.0,6.6,6.3,6.2,6.5,6.7,6.9,6.9,6.8,7.0,7.5,8.3,9.3,,
Mauritius,41.91342158333333,45.17145008333333,46.36905608333333,49.26301658333333,52.1350805,57.37064908333334,66.29336166666667,76.79386483333333,79.93662816666667,82.90909416666666,87.754833,89.65906891666667,92.7027185,96.99616958333333,100.11182191666668,101.18773091666668,104.96835491666668,108.4154325,108.2459245,114.97584616666666,119.95344875,137.62901691666664,148.37996108333334,160.48438166666668,168.20469733333334,123.0,123.0,124.0,124.0,124.0,125.0,124.0,125.0,124.0,125.0,123.0,122.0,121.0,121.0,121.0,121.0,121.0,122.0,123.0,124.0,125.0,124.0,124.0,1196287.0,1204621.0,1213370.0,1221003.0,1228254.0,1233996.0,1239630.0,1244121.0,1247429.0,1250400.0,1252404.0,1255882.0,1258927.0,1261208.0,1262879.0,1263747.0,1264887.0,1265577.0,1265985.0,1266014.0,1266334.0,1262523.0,1261041.0,1259509.0,,,,,,1.1,,,,,,1.1,,,,,0.5,,,,,,,,5.8,5.7,5.5,5.4,5.2,5.1,5.3,5.1,5.2,5.2,5.8,6.2,6.4,6.5,6.8,6.9,7.0,6.8,7.2,7.2,6.7,5.9,,
Mauritius,50.073045416666666,53.28740125,55.37682891666666,57.98528266666667,60.84811475,66.27181208333333,72.12181875,79.14091866666666,81.13217633333333,83.51126624999999,88.95828233333333,92.38509816666664,95.65857516666668,98.73657358333332,100.00686858333334,100.98461075,104.6877135,108.05452683333333,108.49285566666669,111.29284,115.77630416666666,128.24975525,137.29518783333333,142.213606,146.46048366666665,123.0,123.0,124.0,124.0,124.0,125.0,124.0,125.0,124.0,125.0,123.0,122.0,121.0,121.0,121.0,121.0,121.0,122.0,123.0,124.0,125.0,124.0,124.0,1196287.0,1204621.0,1213370.0,1221003.0,1228254.0,1233996.0,1239630.0,1244121.0,1247429.0,1250400.0,1252404.0,1255882.0,1258927.0,1261208.0,1262879.0,1263747.0,1264887.0,1265577.0,1265985.0,1266014.0,1266334.0,1262523.0,1261041.0,1259509.0,,,,,,1.1,,,,,,1.1,,,,,0.5,,,,,,,,5.8,5.7,5.5,5.4,5.2,5.1,5.3,5.1,5.2,5.2,5.8,6.2,6.4,6.5,6.8,6.9,7.0,6.8,7.2,7.2,6.7,5.9,,
Mauritius,4.026596583333333,7.798298249999999,2.6545774166666667,6.245052,5.83164575,10.016195916666666,15.56899625,15.880357166666668,4.177475,3.717893333333333,5.853281249999999,2.1717628333333336,3.395277833333333,4.668620416666666,3.1674480833333334,1.1682723333333334,3.821098,3.380164,0.0788528333333334,6.196665916666666,4.502768333333333,14.743455166666664,7.933088000000001,8.155214333333333,3.987800833333333,123.0,123.0,124.0,124.0,124.0,125.0,124.0,125.0,124.0,125.0,123.0,122.0,121.0,121.0,121.0,121.0,121.0,122.0,123.0,124.0,125.0,124.0,124.0,1196287.0,1204621.0,1213370.0,1221003.0,1228254.0,1233996.0,1239630.0,1244121.0,1247429.0,1250400.0,1252404.0,1255882.0,1258927.0,1261208.0,1262879.0,1263747.0,1264887.0,1265577.0,1265985.0,1266014.0,1266334.0,1262523.0,1261041.0,1259509.0,,,,,,1.1,,,,,,1.1,,,,,0.5,,,,,,,,5.8,5.7,5.5,5.4,5.2,5.1,5.3,5.1,5.2,5.2,5.8,6.2,6.4,6.5,6.8,6.9,7.0,6.8,7.2,7.2,6.7,5.9,,
Mexico,46.548198750000005,48.295084583333335,50.968071083333335,54.64633966666667,57.57875666666666,59.68457025,63.63623141666667,68.82248133333333,74.89158783333333,77.36778025,80.74086091666666,87.29899058333332,91.81429058333332,96.16686291666667,100.00310583333334,104.47290558333331,111.750501,117.10977525,122.2487935,130.34349416666666,139.76873291666666,158.304837,171.23150366666667,181.55464475,186.89310166666667,140.0,141.0,141.0,140.0,139.0,138.0,138.0,137.0,136.0,135.0,134.0,134.0,134.0,134.0,135.0,135.0,136.0,136.0,137.0,137.0,138.0,139.0,139.0,100099099.0,101548624.0,102978515.0,104394131.0,105811504.0,107253666.0,108774360.0,110374288.0,111999721.0,113623895.0,115243504.0,116818208.0,118343573.0,119784261.0,121072306.0,122251351.0,123400057.0,124573711.0,125762982.0,126799054.0,127648148.0,128613117.0,129739759.0,130861007.0,,12.8,,11.0,11.7,9.0,,10.1,,8.4,,7.3,,7.2,,4.4,,3.9,,4.3,,2.3,,,3.0,3.4,4.0,4.3,4.1,3.8,3.8,4.1,4.2,4.1,3.9,3.8,3.8,3.8,3.7,3.7,3.8,3.6,3.5,3.2,3.2,3.1,,
Mexico,56.39877041666667,59.23603858333333,61.929442083333335,64.8329475,67.41852258333334,69.86545591666668,72.63691316666667,76.35954258333334,80.40457916666666,83.74677808333333,86.60034766666666,90.16092958333331,93.59280675,97.35394208333334,100.00259316666666,102.82437425,109.03646483333334,114.37854283333331,118.53730291666666,122.56381841666666,129.53672941666667,139.76530725,147.4914789166667,154.456404,159.01218883333334,140.0,141.0,141.0,140.0,139.0,138.0,138.0,137.0,136.0,135.0,134.0,134.0,134.0,134.0,135.0,135.0,136.0,136.0,137.0,137.0,138.0,139.0,139.0,100099099.0,101548624.0,102978515.0,104394131.0,105811504.0,107253666.0,108774360.0,110374288.0,111999721.0,113623895.0,115243504.0,116818208.0,118343573.0,119784261.0,121072306.0,122251351.0,123400057.0,124573711.0,125762982.0,126799054.0,127648148.0,128613117.0,129739759.0,130861007.0,,12.8,,11.0,11.7,9.0,,10.1,,8.4,,7.3,,7.2,,4.4,,3.9,,4.3,,2.3,,,3.0,3.4,4.0,4.3,4.1,3.8,3.8,4.1,4.2,4.1,3.9,3.8,3.8,3.8,3.7,3.7,3.8,3.6,3.5,3.2,3.2,3.1,,
Mexico,5.066373666666666,3.7550561666666655,5.549475833333333,7.201775166666667,5.439325166666666,3.666307083333333,6.637926666666666,8.137714666666666,8.875772583333333,3.324805833333333,4.3642785,8.121256,5.221345833333333,4.742758666666667,4.008451583333334,4.46855375,6.96662675,4.82999275,4.400475166666666,6.622522583333333,7.203052166666667,13.250971833333333,8.26283375,6.0315183333333335,4.441125833333333,140.0,141.0,141.0,140.0,139.0,138.0,138.0,137.0,136.0,135.0,134.0,134.0,134.0,134.0,135.0,135.0,136.0,136.0,137.0,137.0,138.0,139.0,139.0,100099099.0,101548624.0,102978515.0,104394131.0,105811504.0,107253666.0,108774360.0,110374288.0,111999721.0,113623895.0,115243504.0,116818208.0,118343573.0,119784261.0,121072306.0,122251351.0,123400057.0,124573711.0,125762982.0,126799054.0,127648148.0,128613117.0,129739759.0,130861007.0,,12.8,,11.0,11.7,9.0,,10.1,,8.4,,7.3,,7.2,,4.4,,3.9,,4.3,,2.3,,,3.0,3.4,4.0,4.3,4.1,3.8,3.8,4.1,4.2,4.1,3.9,3.8,3.8,3.8,3.7,3.7,3.8,3.6,3.5,3.2,3.2,3.1,,
Micronesia (FAO),,,,,,,,,,,,,,,,,,,,,,,,,,,,,,,,,,,,,,,,,,,,,,,,,,,,,,,,,,,,,,,,,,,,,,,,,,,,,,,,,,,,,,,,,,,,,,,,,,,,,,,,,,,,,,,,,,,,,,,,
Micronesia (Federated States of),61.48912233333333,61.706734583333336,61.25382641666667,63.83211833333333,65.61411658333333,67.24419508333334,68.70021166666668,76.79415075,88.22049625,89.53783775,92.41339725,96.37041566666666,98.60340575,99.42724075,100.000603,98.51024166666669,97.149454,95.93942525,97.30158641666668,97.90278916666666,99.22906375,105.64414866666664,118.04371308333332,,,,,,,,,,,,,,,,,,,,,,,,,,,,,,,,,,,,,,,,,,,,,,,,,,,,,,,,,,,,,,,,,,,,,,,,,,,,,,,,,,,,,,,,,,,,,,,,,
Micronesia (Federated States of),64.58870900000001,64.50574766666666,64.50769208333334,65.8629445,68.62918958333334,71.75709466666667,74.2089935,80.00395583333334,85.58088866666667,88.50295033333333,92.63941533333332,97.68005283333332,99.5168375,100.18825325,100.00023233333332,98.98312258333334,98.8274445,100.1677065,102.16641883333334,102.82230708333331,105.62904225,111.11435458333334,117.67658775,,,,,,,,,,,,,,,,,,,,,,,,,,,,,,,,,,,,,,,,,,,,,,,,,,,,,,,,,,,,,,,,,,,,,,,,,,,,,,,,,,,,,,,,,,,,,,,,,
Micronesia (Federated States of),-0.2489695833333333,0.3548380833333333,-0.7288396666666667,4.204865166666667,2.80489875,2.4827631666666665,2.168095083333333,11.716296583333332,15.514643,1.4993483333333335,3.2081630000000003,4.292672416666666,2.3204449166666667,0.8353760833333334,0.57856275,-1.489612333333333,-1.3813335,-1.240652833333333,1.42218675,0.6181996666666666,1.3539502499999998,6.457368583333333,11.745471916666666,,,,,,,,,,,,,,,,,,,,,,,,,,,,,,,,,,,,,,,,,,,,,,,,,,,,,,,,,,,,,,,,,,,,,,,,,,,,,,,,,,,,,,,,,,,,,,,,,
Micronesia (country),,,,,,,,,,,,,,,,,,,,,,,,,,,,,,,,,,,,,,,,,,,,,,,,,,,,,,,,,,,,,,,,,,,,,,,,,,,,,,,,,,,,,,,,,,,,,,,,,,,,,,,,,,,,,,,,,,,,,,,,
"Micronesia, Fed. Sts.",,,,,,,,,,,,,,,,,,,,,,,,,,,,,,,,,,,,,,,,,,,,,,,,,112365.0,112448.0,112285.0,111925.0,111412.0,110729.0,109880.0,108936.0,107957.0,107540.0,107698.0,107890.0,108121.0,108396.0,108716.0,109075.0,109481.0,109909.0,110282.0,110916.0,111624.0,112114.0,112630.0,113160.0,,,,,15.8,,,,,,,,26.1,,,,,,,,,,,,,,,,,,,,,,,,,,,,,,,,,,,
Middle Africa,56.28772941666667,58.50411316666666,61.451086,61.95543958333334,66.1984585,67.83387066666667,69.23608533333334,76.24990416666667,85.12182675000001,82.47666641666667,87.758194,93.68412341666668,96.08872591666666,97.69718541666668,99.93578433333332,100.78614725,100.491808,102.689235,105.62219475,108.49112075,111.53997391666668,119.752793,124.50535133333334,130.51937683333333,128.48994000000002,,,,,,,,,,,,,,,,,,,,,,,,,,,,,,,,,,,,,,,,,,,,,,,,,,,,,,,,,,,,,,,,,,,,,,,,,,,,,,,,,,,,,,,,,,,,,,,
Middle Africa,30.082729666666665,34.08746558333333,38.58126933333333,42.04744891666667,46.99689933333334,51.70499175,55.33852066666666,62.32931249999999,72.05928141666666,73.10579891666667,80.51299508333334,87.91023866666666,92.40775916666666,95.88255108333334,100.03643891666668,115.43922291666668,134.24259891666665,147.07626608333334,162.48686033333334,192.71806458333333,236.3382665,282.80113991666667,316.06468083333334,397.630327,454.1352375,,,,,,,,,,,,,,,,,,,,,,,,,,,,,,,,,,,,,,,,,,,,,,,,,,,,,,,,,,,,,,,,,,,,,,,,,,,,,,,,,,,,,,,,,,,,,,,
Middle Africa,56.66079225000001,57.98201841666667,60.69875591666667,61.835559,65.31791108333333,68.20228475,70.11449808333333,74.97890925,85.19283891666667,84.08829866666666,87.15835249999999,92.2205585,94.44059658333332,97.34786141666666,100.04262825,102.38422608333332,104.81556141666664,109.63420133333334,112.49925283333332,114.021099,115.26040275,120.13735633333332,125.88145133333336,132.10171566666665,134.4703525,,,,,,,,,,,,,,,,,,,,,,,,,,,,,,,,,,,,,,,,,,,,,,,,,,,,,,,,,,,,,,,,,,,,,,,,,,,,,,,,,,,,,,,,,,,,,,,
Middle Africa,31.589962,36.148835,41.35908966666667,45.247794166666665,50.54188191666666,55.02004841666667,58.728395,64.91024858333333,73.83851441666667,74.46542325,81.34613366666666,87.37405516666666,91.26618733333332,95.17219583333332,100.03153866666666,114.64319291666668,136.79719266666666,159.46899933333333,180.0950676666667,206.33567691666667,241.69894833333333,280.1543658333333,311.45280825000003,378.4173545,425.79435616666666,,,,,,,,,,,,,,,,,,,,,,,,,,,,,,,,,,,,,,,,,,,,,,,,,,,,,,,,,,,,,,,,,,,,,,,,,,,,,,,,,,,,,,,,,,,,,,,
Middle Africa,9.44551925,8.141259916666668,6.64063175,3.2812663333333334,8.613604666666667,7.70326525,5.740809250000001,10.752585416666667,9.94008825,1.4260905,6.555025083333334,7.513298583333333,3.376561666666667,2.7962908333333334,2.2009181666666664,0.7824201666666667,1.342685,1.90222225,2.1774240833333334,4.7507595,2.3910851666666666,9.239884833333331,7.890304749999999,5.010945,2.708322666666666,,,,,,,,,,,,,,,,,,,,,,,,,,,,,,,,,,,,,,,,,,,,,,,,,,,,,,,,,,,,,,,,,,,,,,,,,,,,,,,,,,,,,,,,,,,,,,,
Middle Africa,139.29195158333332,54.11855441666666,53.494643583333335,23.86327908333333,16.244337583333333,12.320502166666666,9.727494416666667,14.22779725,16.7723135,4.840339583333333,10.927425833333333,9.632327833333331,5.621009333333333,3.9546761666666663,4.477630583333333,15.228968416666667,15.00490875,7.754396416666666,8.016168083333334,14.111473333333334,15.462896666666667,15.147186833333334,9.676642083333332,16.685337333333333,12.820949333333331,,,,,,,,,,,,,,,,,,,,,,,,,,,,,,,,,,,,,,,,,,,,,,,,,,,,,,,,,,,,,,,,,,,,,,,,,,,,,,,,,,,,,,,,,,,,,,,
Middle Africa (FAO),,,,,,,,,,,,,,,,,,,,,,,,,,,,,,,,,,,,,,,,,,,,,,,,,,,,,,,,,,,,,,,,,,,,,,,,,,,,,,,,,,,,,,,,,,,,,,,,,,,,,,,,,,,,,,,,,,,,,,,,
"Middle East, North Africa, Afghanistan & Pakistan",,,,,,,,,,,,,,,,,,,,,,,,,,,,,,,,,,,,,,,,,,,,,,,,,506478256.0,518193093.0,530338988.0,543086512.0,556210211.0,569898499.0,583743828.0,597799097.0,612128501.0,624828664.0,639053870.0,653273442.0,667464006.0,680716578.0,694232973.0,707023525.0,718887744.0,730362334.0,742714463.0,756405281.0,767578451.0,782349366.0,797801454.0,813118814.0,24.6,24.1,22.2,19.9,18.8,17.6,16.7,14.6,15.2,13.3,13.0,12.3,11.6,11.5,11.3,11.3,11.0,11.0,11.4,,,,,,13.4958893345685,13.6470673520692,13.2071582799039,12.4951912266179,11.8917031961784,11.3342389462953,10.9210467265582,10.6869300346237,10.518475615119,10.5315646121863,10.4930037012998,10.6553727726481,10.3287681951674,10.3127865354542,10.3369562592912,10.5128365988418,10.6535544593212,10.8421461348193,11.6964034494552,12.8539566625256,14.2567962059353,15.200028528034,,
"Middle East, North Africa, Afghanistan & Pakistan (IDA & IBRD)",,,,,,,,,,,,,,,,,,,,,,,,,,,,,,,,,,,,,,,,,,,,,,,,,470225878.0,480465143.0,491133637.0,502381957.0,513920381.0,525752130.0,537343609.0,549090016.0,561349152.0,573609877.0,585763053.0,597586990.0,609074579.0,620390664.0,631082594.0,641470827.0,652312809.0,663878345.0,675805691.0,687728758.0,699536053.0,711465045.0,723911670.0,736401764.0,,,,,,,,,,,,,,,,,,,,,,,,,14.0917820375679,14.2686993940786,13.7958958288577,13.0416522749443,12.4075538724354,11.8195324079809,11.3763118289921,11.1113116414777,10.8871924741057,10.860951995776,10.8326056204846,11.0543227211155,10.7828785712628,10.8039167933062,10.882227257404,11.0925558546094,11.2433691564993,11.4451612639963,12.3733704664822,13.6532920044039,15.173325441884,16.2539491777843,,
"Middle East, North Africa, Afghanistan & Pakistan (excluding high income)",,,,,,,,,,,,,,,,,,,,,,,,,,,,,,,,,,,,,,,,,,,,,,,,,473223662.0,483540516.0,494288606.0,505618583.0,517240777.0,529158464.0,540838105.0,552681993.0,565038251.0,577396038.0,589646039.0,601566988.0,613151287.0,624564062.0,635352686.0,645837915.0,656767614.0,668447432.0,680490997.0,692532027.0,704458802.0,716508657.0,729077445.0,741690916.0,,,,,,,,,,,,,,,,,,,,,,,,,14.0917820375679,14.2686993940786,13.7958958288577,13.0416522749443,12.4075538724354,11.8195324079809,11.3763118289921,11.1113116414777,10.8871924741057,10.860951995776,10.8326056204846,11.0543227211155,10.7828785712628,10.8039167933062,10.882227257404,11.0925558546094,11.2433691564993,11.4451612639963,12.3733704664822,13.6532920044039,15.173325441884,16.2539491777843,,
Middle income,,,,,,,,,,,,,,,,,,,,,,,,,,,,,,,,,,,,,,,,,,,,,,,,,4557281954.0,4620891319.0,4683580056.0,4746877931.0,4809774178.0,4872116354.0,4933710362.0,4996382425.0,5059811744.0,5123741911.0,5188568435.0,5255534995.0,5322381812.0,5388846648.0,5453063887.0,5516149006.0,5579306367.0,5640395313.0,5698868246.0,5753580097.0,5802569225.0,5846790764.0,5891444768.0,5939111763.0,,,,,,,,,,,,,,,,,,,,,,,,,14.4204559021333,14.5156323590978,14.4656088499255,14.0847715938626,13.3894751256993,12.2892951228343,11.1687633161923,10.3602204460215,9.80520365719574,9.37325397614349,9.04134442134418,8.68558182882101,8.34554866528748,8.15453673148534,7.94212347046769,7.70073430931405,7.39169123566851,7.30813766889231,7.78743022499502,8.45145433269135,9.0712007443948,9.23907913302771,,
Moldova,,,,,,,,,,,,,,,,,,,,,,,,,,,,,,,,,,,,,,,,,,,,,,,,,2918135.0,2911385.0,2903198.0,2896023.0,2888985.0,2880967.0,2874299.0,2868833.0,2865213.0,2862354.0,2860699.0,2860324.0,2859558.0,2857815.0,2835978.0,2803186.0,2755189.0,2707203.0,2664224.0,2635130.0,2595809.0,2528654.0,2457783.0,2389275.0,32.2,19.9,10.0,11.6,16.6,3.4,1.6,1.7,1.5,0.8,0.5,0.5,0.1,0.0,0.1,0.2,0.1,0.0,0.0,0.0,0.2,0.0,0.1,,24.6,27.3,30.0,31.9,32.3,30.3,27.0,22.1,17.2,12.5,8.5,5.7,4.5,3.9,3.4,2.7,2.5,2.5,2.5,2.5,2.5,2.5,,
Monaco,,,,,,,,,,,,,,,,,,,,,,,,,,,,,,,,,,,,,,,,,,,,,,,,,32447.0,32422.0,32374.0,32307.0,32210.0,32057.0,31837.0,31836.0,32364.0,33163.0,33946.0,34711.0,35447.0,36128.0,36757.0,37276.0,37678.0,38154.0,38109.0,38050.0,38527.0,38931.0,38956.0,38631.0,,,,,,,,,,,,,,,,,,,,,,,,,,,,,,,,,,,,,,,,,,,,,,,,
Mongolia,23.98911933333333,23.25010933333333,24.8980275,27.96871133333333,32.96602716666667,34.66708066666667,39.112006,54.81518425,55.765881416666666,62.63758583333333,68.07490491666667,82.30200133333334,90.71650325,99.20606008333334,100.07336241666668,98.57226216666668,102.92545358333332,110.21292333333334,121.97550475,130.53505741666666,148.53174841666666,176.13033675,203.93053741666668,220.09700741666663,235.780039,95.0,96.0,95.0,95.0,96.0,97.0,99.0,101.0,102.0,104.0,107.0,109.0,111.0,113.0,115.0,116.0,119.0,121.0,126.0,129.0,132.0,133.0,134.0,2417751.0,2449027.0,2480374.0,2508412.0,2536407.0,2567168.0,2601850.0,2643201.0,2691115.0,2738622.0,2786317.0,2839705.0,2899011.0,2963113.0,3026864.0,3088856.0,3148917.0,3208189.0,3267673.0,3327204.0,3383741.0,3433748.0,3481145.0,3524788.0,,18.7,,,,,4.0,,,3.5,2.2,1.1,,0.8,,1.9,,1.7,,,,0.4,,,30.4,29.8,30.0,29.8,28.7,26.8,24.7,21.9,19.8,17.1,14.8,13.0,12.0,10.7,9.0,8.2,6.9,6.3,5.1,4.3,3.0,2.5,,
Mongolia,27.152450916666663,27.40145933333333,28.80687875,31.18089808333333,35.145074,37.030776583333335,40.59719691666667,51.94641333333333,55.904473333333335,61.52075216666666,66.69539483333334,76.25306833333333,84.25251608333333,94.57680316666666,100.00142858333334,100.73471141666666,105.06774566666668,112.23782883333332,120.43239075,124.91695958333334,134.10953175,154.42843041666666,170.41230108333335,180.98754008333333,193.72554116666663,95.0,96.0,95.0,95.0,96.0,97.0,99.0,101.0,102.0,104.0,107.0,109.0,111.0,113.0,115.0,116.0,119.0,121.0,126.0,129.0,132.0,133.0,134.0,2417751.0,2449027.0,2480374.0,2508412.0,2536407.0,2567168.0,2601850.0,2643201.0,2691115.0,2738622.0,2786317.0,2839705.0,2899011.0,2963113.0,3026864.0,3088856.0,3148917.0,3208189.0,3267673.0,3327204.0,3383741.0,3433748.0,3481145.0,3524788.0,,18.7,,,,,4.0,,,3.5,2.2,1.1,,0.8,,1.9,,1.7,,,,0.4,,,30.4,29.8,30.0,29.8,28.7,26.8,24.7,21.9,19.8,17.1,14.8,13.0,12.0,10.7,9.0,8.2,6.9,6.3,5.1,4.3,3.0,2.5,,
Mongolia,1.9416666666666669,-2.783333333333333,6.991666666666667,12.65,17.783333333333335,5.358333333333333,12.9692915,40.24332175,2.4242355833333336,12.363986833333334,8.976741916666667,20.901306583333334,10.3547855,9.362736916666666,0.8938395833333331,-1.4920398333333331,4.512549916666667,7.0717905,10.692442583333332,7.064864916666667,13.790578083333337,18.623263416666667,15.7961865,7.998232333333333,7.55902,95.0,96.0,95.0,95.0,96.0,97.0,99.0,101.0,102.0,104.0,107.0,109.0,111.0,113.0,115.0,116.0,119.0,121.0,126.0,129.0,132.0,133.0,134.0,2417751.0,2449027.0,2480374.0,2508412.0,2536407.0,2567168.0,2601850.0,2643201.0,2691115.0,2738622.0,2786317.0,2839705.0,2899011.0,2963113.0,3026864.0,3088856.0,3148917.0,3208189.0,3267673.0,3327204.0,3383741.0,3433748.0,3481145.0,3524788.0,,18.7,,,,,4.0,,,3.5,2.2,1.1,,0.8,,1.9,,1.7,,,,0.4,,,30.4,29.8,30.0,29.8,28.7,26.8,24.7,21.9,19.8,17.1,14.8,13.0,12.0,10.7,9.0,8.2,6.9,6.3,5.1,4.3,3.0,2.5,,
Montenegro,73.21731466666667,74.7897415,76.36216825,77.93459508333333,79.50702183333333,81.07944866666666,82.65187541666667,84.22430225000001,85.79672908333333,87.46498016666668,91.04481908333334,94.83992608333334,98.55513866666666,97.16717408333334,100.0,99.17393325,100.89548416666666,101.3279895,104.49046458333332,106.16600416666668,109.92072466666669,134.8020454166667,149.16946408333334,151.09034025,154.70893733333332,107.0,107.0,110.0,113.0,117.0,122.0,124.0,128.0,132.0,135.0,136.0,135.0,133.0,134.0,136.0,138.0,139.0,140.0,141.0,142.0,143.0,143.0,142.0,607389.0,609828.0,612267.0,613353.0,614261.0,615025.0,615875.0,616969.0,618294.0,619428.0,620345.0,621418.0,622587.0,623744.0,624651.0,625353.0,625982.0,626438.0,626753.0,626590.0,625053.0,623591.0,623529.0,623831.0,,,,,0.4,0.4,0.4,0.3,0.0,0.0,0.4,5.6,5.2,3.9,3.6,3.3,4.6,3.9,2.5,2.2,2.5,,,,9.8,9.3,8.4,7.0,5.6,3.8,2.6,2.5,2.5,2.5,2.5,2.5,2.5,2.5,2.5,2.5,2.5,2.5,2.5,2.5,2.5,2.5,,
Montenegro,65.94011066666667,67.98749733333334,70.03488425,72.08227091666667,74.04175175,76.207112,79.5199285,86.48486241666667,89.4830535,90.06911991666668,93.1766335,97.03903516666666,99.17961208333332,98.47492708333334,100.0,99.72861491666669,102.1023915,104.76851316666666,105.14731825,104.87850308333331,107.40691608333331,121.41310425,131.83613866666667,136.23518125,140.10205916666666,107.0,107.0,110.0,113.0,117.0,122.0,124.0,128.0,132.0,135.0,136.0,135.0,133.0,134.0,136.0,138.0,139.0,140.0,141.0,142.0,143.0,143.0,142.0,607389.0,609828.0,612267.0,613353.0,614261.0,615025.0,615875.0,616969.0,618294.0,619428.0,620345.0,621418.0,622587.0,623744.0,624651.0,625353.0,625982.0,626438.0,626753.0,626590.0,625053.0,623591.0,623529.0,623831.0,,,,,0.4,0.4,0.4,0.3,0.0,0.0,0.4,5.6,5.2,3.9,3.6,3.3,4.6,3.9,2.5,2.2,2.5,,,,9.8,9.3,8.4,7.0,5.6,3.8,2.6,2.5,2.5,2.5,2.5,2.5,2.5,2.5,2.5,2.5,2.5,2.5,2.5,2.5,2.5,2.5,,
Montenegro,2.194838416666667,2.147698,2.1025400833333334,2.059242166666667,2.0176916666666664,1.9777846666666663,1.9394258333333327,1.9025265833333331,1.86700525,1.9443380833333328,4.094027916666667,4.176705083333333,3.9627048333333335,-1.389652,2.9163359166666667,-0.8199754166666667,1.7427485,0.43115575,3.120817,1.6064438333333333,3.5346108333333333,22.530832916666668,11.117823916666666,1.30804025,2.4288815,107.0,107.0,110.0,113.0,117.0,122.0,124.0,128.0,132.0,135.0,136.0,135.0,133.0,134.0,136.0,138.0,139.0,140.0,141.0,142.0,143.0,143.0,142.0,607389.0,609828.0,612267.0,613353.0,614261.0,615025.0,615875.0,616969.0,618294.0,619428.0,620345.0,621418.0,622587.0,623744.0,624651.0,625353.0,625982.0,626438.0,626753.0,626590.0,625053.0,623591.0,623529.0,623831.0,,,,,0.4,0.4,0.4,0.3,0.0,0.0,0.4,5.6,5.2,3.9,3.6,3.3,4.6,3.9,2.5,2.2,2.5,,,,9.8,9.3,8.4,7.0,5.6,3.8,2.6,2.5,2.5,2.5,2.5,2.5,2.5,2.5,2.5,2.5,2.5,2.5,2.5,2.5,2.5,2.5,,
Montserrat,66.0186925,68.02330291666667,66.27964775,68.59562491666667,70.102048,72.7620115,75.94388516666667,81.82723816666667,87.47335908333334,89.02930450000001,93.890484,100.36306191666668,101.4655975,100.18941108333333,100.00032025,99.77726133333334,99.49216683333331,98.614176,99.77978441666666,101.66247725,102.722399,106.19567683333332,106.19315383333333,106.43367625,108.292258,,,,,,,,,,,,,,,,,,,,,,,,,,,,,,,,,,,,,,,,,,,,,,,,,,,,,,,,,,,,,,,,,,,,,,,,,,,,,,,,,,,,,,,,,,,,,,,
Montserrat,72.23824225,75.11122858333333,75.97943883333333,78.33781333333333,80.43098908333333,81.98429583333333,84.206914,88.33327991666665,90.79583983333332,92.6967465,96.09665741666667,100.67638716666666,101.551543,101.16416083333333,100.00402766666669,99.75808408333334,100.948117,102.27432275,101.17901891666666,99.26274383333332,101.85227125,104.887828,103.7451595,106.93042175,108.752263,,,,,,,,,,,,,,,,,,,,,,,,,,,,,,,,,,,,,,,,,,,,,,,,,,,,,,,,,,,,,,,,,,,,,,,,,,,,,,,,,,,,,,,,,,,,,,,
Montserrat,4.656047666666667,3.0539865833333333,-2.5619477500000003,3.516712416666666,2.1979658333333334,3.807050083333333,4.3830505,7.724448083333333,7.023201333333334,1.7788753333333334,5.445495833333333,6.9575255,1.1120030833333334,-1.257005,-0.1859139166666666,-0.2229151666666666,-0.2853554166666667,-0.8805628333333333,1.1834419166666663,1.8986505,1.043438833333333,3.4379836666666663,0.08878325,0.2514251666666666,2.240853,,,,,,,,,,,,,,,,,,,,,,,,,,,,,,,,,,,,,,,,,,,,,,,,,,,,,,,,,,,,,,,,,,,,,,,,,,,,,,,,,,,,,,,,,,,,,,,
Morocco,69.70250283333333,73.02497258333334,74.47471316666666,76.35628141666666,77.62813916666667,81.98546041666667,84.84405491666666,91.05495866666666,91.88623316666668,93.01487391666666,94.33274791666668,96.58327125,98.69186975,97.50240375,100.00298566666667,102.80769175,102.81445008333333,103.78764933333332,102.49005025,103.37878041666666,103.98777875,115.72286391666668,130.65457275,131.4940045,133.257659,133.0,134.0,135.0,136.0,137.0,137.0,137.0,137.0,137.0,138.0,139.0,140.0,141.0,141.0,142.0,142.0,142.0,142.0,142.0,141.0,140.0,140.0,139.0,28814643.0,29198142.0,29571415.0,29953018.0,30358144.0,30771178.0,31186468.0,31606767.0,32030778.0,32467016.0,32912588.0,33355241.0,33787571.0,34204780.0,34607588.0,35023457.0,35446392.0,35839760.0,36210898.0,36584208.0,36954442.0,37329064.0,37712505.0,38081173.0,,,,,,9.4,,,,,,,3.7,,,,,,,,,,,,5.8,5.4,5.1,4.9,4.8,4.8,4.8,4.8,4.9,4.8,4.5,4.3,4.1,4.0,3.7,3.7,3.5,3.6,4.1,5.3,6.4,6.9,,
Morocco,79.21700441666667,81.4316105,82.38251466666667,83.61285149999999,84.43446608333333,87.20793708333333,89.01660299999999,92.32343016666664,93.2206875,94.14688866666668,95.00073016666666,96.22350583333332,98.03313775,98.46674816666666,100.00076858333334,101.63609233333334,102.40310258333334,104.25036908333334,104.56665016666666,105.30485808333331,106.78118875,113.88965741666668,120.82683766666666,122.017292,123.00220016666668,133.0,134.0,135.0,136.0,137.0,137.0,137.0,137.0,137.0,138.0,139.0,140.0,141.0,141.0,142.0,142.0,142.0,142.0,142.0,141.0,140.0,140.0,139.0,28814643.0,29198142.0,29571415.0,29953018.0,30358144.0,30771178.0,31186468.0,31606767.0,32030778.0,32467016.0,32912588.0,33355241.0,33787571.0,34204780.0,34607588.0,35023457.0,35446392.0,35839760.0,36210898.0,36584208.0,36954442.0,37329064.0,37712505.0,38081173.0,,,,,,9.4,,,,,,,3.7,,,,,,,,,,,,5.8,5.4,5.1,4.9,4.8,4.8,4.8,4.8,4.9,4.8,4.5,4.3,4.1,4.0,3.7,3.7,3.5,3.6,4.1,5.3,6.4,6.9,,
Morocco,1.0683815833333332,4.7770988333333335,2.0097205,2.55343175,1.6666224166666668,5.60784825,3.48634975,7.33760125,0.9746273333333332,1.2672036666666666,1.45009475,2.39396525,2.1999409166666664,-1.1989924166666668,2.569030416666666,2.807195416666666,0.0189929166666666,0.96854625,-1.2447888333333337,0.8786991666666667,0.6007718333333334,11.241776583333332,13.085481166666668,0.6645439999999999,2.0134803333333333,133.0,134.0,135.0,136.0,137.0,137.0,137.0,137.0,137.0,138.0,139.0,140.0,141.0,141.0,142.0,142.0,142.0,142.0,142.0,141.0,140.0,140.0,139.0,28814643.0,29198142.0,29571415.0,29953018.0,30358144.0,30771178.0,31186468.0,31606767.0,32030778.0,32467016.0,32912588.0,33355241.0,33787571.0,34204780.0,34607588.0,35023457.0,35446392.0,35839760.0,36210898.0,36584208.0,36954442.0,37329064.0,37712505.0,38081173.0,,,,,,9.4,,,,,,,3.7,,,,,,,,,,,,5.8,5.4,5.1,4.9,4.8,4.8,4.8,4.8,4.9,4.8,4.5,4.3,4.1,4.0,3.7,3.7,3.5,3.6,4.1,5.3,6.4,6.9,,
Mozambique,25.62697958333333,29.649449166666667,34.22009491666667,38.17305808333333,41.14317316666666,46.02967933333333,50.88413958333334,60.37493008333333,64.60913016666667,74.5040515,84.3258525,86.96698075,91.62094525,95.13003691666668,100.09679308333334,127.35360808333331,148.23145716666667,148.23888633333334,153.0953849166667,163.96944175000002,182.7183280833333,206.27701541666667,226.96124991666667,249.0037455,274.1784548333333,97.0,98.0,100.0,102.0,104.0,105.0,106.0,108.0,109.0,111.0,110.0,108.0,102.0,96.0,91.0,89.0,91.0,95.0,99.0,100.0,102.0,102.0,102.0,18537729.0,18958338.0,19392475.0,19840313.0,20304569.0,20787087.0,21287635.0,21819036.0,22391745.0,22999235.0,23649039.0,24337846.0,25051611.0,25788475.0,26547572.0,27337105.0,28166393.0,29018644.0,29884380.0,30783688.0,31707800.0,32656246.0,33635160.0,34631766.0,,87.6,,,,,,81.1,,,,,,74.4,,,,,81.6,,,81.4,,,36.8,35.5,34.4,34.5,33.7,32.9,30.3,29.0,25.1,22.2,20.7,22.6,27.8,34.6,42.3,44.4,41.1,35.3,30.9,28.3,26.3,24.8,,
Mozambique,29.226576500000004,33.14295583333334,39.77466266666666,45.33752958333333,48.251623083333335,54.642593,59.2814685,67.87894458333334,70.45061533333333,79.20448616666667,88.04893883333334,90.3403725,94.19009416666668,96.601124,100.03119775,117.4546735,135.20584208333335,140.4941945,144.43182966666666,149.46374158333333,159.04209058333333,175.390666,187.89071466666667,195.55396591666667,203.55032633333332,97.0,98.0,100.0,102.0,104.0,105.0,106.0,108.0,109.0,111.0,110.0,108.0,102.0,96.0,91.0,89.0,91.0,95.0,99.0,100.0,102.0,102.0,102.0,18537729.0,18958338.0,19392475.0,19840313.0,20304569.0,20787087.0,21287635.0,21819036.0,22391745.0,22999235.0,23649039.0,24337846.0,25051611.0,25788475.0,26547572.0,27337105.0,28166393.0,29018644.0,29884380.0,30783688.0,31707800.0,32656246.0,33635160.0,34631766.0,,87.6,,,,,,81.1,,,,,,74.4,,,,,81.6,,,81.4,,,36.8,35.5,34.4,34.5,33.7,32.9,30.3,29.0,25.1,22.2,20.7,22.6,27.8,34.6,42.3,44.4,41.1,35.3,30.9,28.3,26.3,24.8,,
Mozambique,9.222281333333331,15.622721083333332,15.517215083333332,11.567246333333337,7.826096916666667,11.826335333333333,10.6600025,18.657468583333333,7.132783750000001,15.376845166666667,13.308904,3.1337675,5.354054333333334,3.834827583333333,5.223505666666667,27.258638166666668,16.947021,0.0369236666666666,3.2855415000000003,7.099389250000001,11.436498333333333,12.9306505,10.150668083333333,9.802366083333334,10.497943833333332,97.0,98.0,100.0,102.0,104.0,105.0,106.0,108.0,109.0,111.0,110.0,108.0,102.0,96.0,91.0,89.0,91.0,95.0,99.0,100.0,102.0,102.0,102.0,18537729.0,18958338.0,19392475.0,19840313.0,20304569.0,20787087.0,21287635.0,21819036.0,22391745.0,22999235.0,23649039.0,24337846.0,25051611.0,25788475.0,26547572.0,27337105.0,28166393.0,29018644.0,29884380.0,30783688.0,31707800.0,32656246.0,33635160.0,34631766.0,,87.6,,,,,,81.1,,,,,,74.4,,,,,81.6,,,81.4,,,36.8,35.5,34.4,34.5,33.7,32.9,30.3,29.0,25.1,22.2,20.7,22.6,27.8,34.6,42.3,44.4,41.1,35.3,30.9,28.3,26.3,24.8,,
Myanmar,13.272807749999998,20.980647916666666,28.780906583333334,30.45318466666667,33.383903583333336,40.26002808333333,54.49128341666667,66.72159091666667,66.53204808333334,71.3488095,74.12860308333333,75.76049866666666,89.53527525,93.8216125,100.02810083333333,105.48090233333332,110.11701391666666,117.35883383333334,127.9268625,131.5231445,138.87898625,155.825065,,,,89.0,91.0,93.0,96.0,100.0,103.0,107.0,110.0,113.0,115.0,116.0,116.0,117.0,119.0,120.0,120.0,121.0,121.0,121.0,121.0,122.0,121.0,121.0,45771139.0,46232653.0,46667192.0,47068772.0,47438365.0,47785135.0,48125043.0,48390793.0,48660459.0,49024382.0,49419820.0,49837446.0,50262658.0,50681634.0,51089056.0,51495696.0,51894938.0,52272247.0,52640713.0,53016522.0,53387102.0,53756787.0,54133798.0,54500091.0,,,,,,,,,,,,,,,18.2,,10.3,,,,,,,,38.6,35.9,33.6,31.4,29.0,25.7,21.7,18.2,13.8,11.0,8.4,7.8,6.9,5.9,4.9,4.2,3.8,3.6,3.4,4.0,4.6,5.3,,
Myanmar,14.051133916666666,22.070749916666667,30.149242333333333,31.513275916666668,34.4656345,41.35755066666667,55.84286624999999,70.80849608333334,71.85104,77.39677775,81.28322608333333,82.47612500000001,87.13028475,91.44610858333334,100.09158075,107.02675141666668,111.92058883333334,119.61213966666666,130.167991,135.098102,143.52106741666668,163.42045314285716,,,,89.0,91.0,93.0,96.0,100.0,103.0,107.0,110.0,113.0,115.0,116.0,116.0,117.0,119.0,120.0,120.0,121.0,121.0,121.0,121.0,122.0,121.0,121.0,45771139.0,46232653.0,46667192.0,47068772.0,47438365.0,47785135.0,48125043.0,48390793.0,48660459.0,49024382.0,49419820.0,49837446.0,50262658.0,50681634.0,51089056.0,51495696.0,51894938.0,52272247.0,52640713.0,53016522.0,53387102.0,53756787.0,54133798.0,54500091.0,,,,,,,,,,,,,,,18.2,,10.3,,,,,,,,38.6,35.9,33.6,31.4,29.0,25.7,21.7,18.2,13.8,11.0,8.4,7.8,6.9,5.9,4.9,4.2,3.8,3.6,3.4,4.0,4.6,5.3,,
Myanmar,21.611766166666666,57.79434658333333,39.64439225,5.915608083333333,9.564838583333334,20.322699,35.706907083333334,22.780015666666667,-0.19114525,7.221074583333333,4.03628375,2.33390525,18.921696333333333,4.782779166666667,6.614251416666666,5.444926250000001,4.484645583333333,6.561484916666667,9.023918333333333,2.8597389166666667,5.570357416666667,15.418394571428571,,,,89.0,91.0,93.0,96.0,100.0,103.0,107.0,110.0,113.0,115.0,116.0,116.0,117.0,119.0,120.0,120.0,121.0,121.0,121.0,121.0,122.0,121.0,121.0,45771139.0,46232653.0,46667192.0,47068772.0,47438365.0,47785135.0,48125043.0,48390793.0,48660459.0,49024382.0,49419820.0,49837446.0,50262658.0,50681634.0,51089056.0,51495696.0,51894938.0,52272247.0,52640713.0,53016522.0,53387102.0,53756787.0,54133798.0,54500091.0,,,,,,,,,,,,,,,18.2,,10.3,,,,,,,,38.6,35.9,33.6,31.4,29.0,25.7,21.7,18.2,13.8,11.0,8.4,7.8,6.9,5.9,4.9,4.2,3.8,3.6,3.4,4.0,4.6,5.3,,
Namibia,35.20802291666667,40.52409016666667,44.191890916666665,44.6233755,45.213939583333335,48.15102758333333,53.886917583333336,62.932095,69.56200416666667,71.76619441666666,75.30483316666667,82.11784308333334,87.44739783333334,94.67919433333331,100.01181275,110.78931108333336,116.98048975,120.71992483333334,125.89829941666666,132.47849449999998,140.06949899999998,150.820907,167.880531,176.6433409166667,185.26628333333332,106.0,105.0,104.0,104.0,103.0,101.0,100.0,99.0,97.0,97.0,99.0,101.0,103.0,105.0,106.0,108.0,109.0,110.0,111.0,112.0,112.0,112.0,112.0,1857048.0,1889970.0,1917464.0,1942082.0,1966582.0,1991888.0,2018600.0,2047056.0,2077394.0,2109811.0,2146325.0,2194654.0,2252508.0,2312139.0,2374300.0,2439213.0,2506853.0,2577327.0,2650494.0,2728762.0,2810548.0,2889662.0,2963095.0,3030131.0,,,47.6,,,,,,38.6,,,,,,22.9,,,,,,,,,,15.6,16.5,17.7,18.5,20.0,22.2,24.4,26.5,28.5,29.2,27.6,25.1,23.4,22.5,21.8,20.7,20.2,19.4,19.1,19.1,20.5,22.2,,
Namibia,41.23945941666667,48.54544016666667,52.00971691666667,54.16116775,55.39709625,58.14543875,61.95273325,67.58711316666667,73.97526225,77.581497,81.46491266666666,86.94098216666667,91.81048141666668,96.722498,100.00527441666668,106.73421166666668,113.29388275,118.15599275,122.55422441666668,125.26191591666668,129.79252083333333,137.68556875,145.78139025,151.9611206666667,156.6250845,106.0,105.0,104.0,104.0,103.0,101.0,100.0,99.0,97.0,97.0,99.0,101.0,103.0,105.0,106.0,108.0,109.0,110.0,111.0,112.0,112.0,112.0,112.0,1857048.0,1889970.0,1917464.0,1942082.0,1966582.0,1991888.0,2018600.0,2047056.0,2077394.0,2109811.0,2146325.0,2194654.0,2252508.0,2312139.0,2374300.0,2439213.0,2506853.0,2577327.0,2650494.0,2728762.0,2810548.0,2889662.0,2963095.0,3030131.0,,,47.6,,,,,,38.6,,,,,,22.9,,,,,,,,,,15.6,16.5,17.7,18.5,20.0,22.2,24.4,26.5,28.5,29.2,27.6,25.1,23.4,22.5,21.8,20.7,20.2,19.4,19.1,19.1,20.5,22.2,,
Namibia,9.424651416666666,15.0360905,9.301029916666666,0.9785165,1.32647375,6.484151,11.880674333333332,16.754456666666666,10.68608725,3.189919,4.925472249999999,9.065355666666669,6.513482,8.275044750000001,5.637016416666667,10.752243666666669,5.686487083333333,3.195846,4.30225775,5.228661166666666,5.735919916666667,7.6516655,11.381434,5.222306666666666,5.890427666666668,106.0,105.0,104.0,104.0,103.0,101.0,100.0,99.0,97.0,97.0,99.0,101.0,103.0,105.0,106.0,108.0,109.0,110.0,111.0,112.0,112.0,112.0,112.0,1857048.0,1889970.0,1917464.0,1942082.0,1966582.0,1991888.0,2018600.0,2047056.0,2077394.0,2109811.0,2146325.0,2194654.0,2252508.0,2312139.0,2374300.0,2439213.0,2506853.0,2577327.0,2650494.0,2728762.0,2810548.0,2889662.0,2963095.0,3030131.0,,,47.6,,,,,,38.6,,,,,,22.9,,,,,,,,,,15.6,16.5,17.7,18.5,20.0,22.2,24.4,26.5,28.5,29.2,27.6,25.1,23.4,22.5,21.8,20.7,20.2,19.4,19.1,19.1,20.5,22.2,,
Nauru,,,,,,,,,,,,,,,,,,,,,,,,,,,,,,,,,,,,,,,,,,,,,,,,,10130.0,10082.0,10059.0,10060.0,10049.0,10034.0,10020.0,10009.0,10016.0,10043.0,10098.0,10267.0,10517.0,10742.0,10954.0,11150.0,11324.0,11477.0,11587.0,11643.0,11709.0,11801.0,11875.0,11947.0,,,,,,,,,,,,9.7,,,,,,,,,,,,,,,,,,,,,,,,,,,,,,,,,,,,
Nepal,30.611137416666665,31.119049666666665,32.781985,33.62928108333333,35.700036000000004,38.31421341666667,41.24856175,46.30269641666666,54.69008,62.072837666666665,70.0044185,75.17413291666666,82.22066741666667,91.31541358333334,100.15419541666668,108.72901366666667,109.89765233333333,111.65900975,118.16771258333334,127.09048258333333,132.3513575,141.53489175,150.18649933333333,157.6343265,156.21315383333334,103.0,104.0,106.0,108.0,108.0,109.0,110.0,111.0,113.0,113.0,114.0,116.0,117.0,119.0,121.0,124.0,126.0,127.0,128.0,130.0,131.0,130.0,129.0,24946748.0,25328981.0,25688758.0,26016656.0,26309458.0,26565425.0,26788492.0,26990037.0,27173035.0,27341952.0,27464494.0,27534915.0,27589996.0,27672370.0,27823629.0,27955462.0,28011258.0,28079689.0,28414064.0,28966574.0,29475010.0,29715436.0,29694614.0,29651054.0,,,55.7,,,,,,,21.5,,,,,,,,,,,,2.4,,,23.9,22.2,20.2,17.9,17.0,16.0,14.9,13.0,11.5,10.4,9.5,8.8,8.1,7.6,6.6,5.7,5.1,5.0,5.2,5.6,5.7,5.7,,
Nepal,38.69235225,39.86449825,42.13956891666667,43.33709591666667,46.327148916666665,48.1134015,49.20520025,54.08036783333333,60.080489166666666,65.6838985,71.74460133333334,78.53150425,85.63088033333334,92.79317975,100.09499058333334,108.893684,112.8433625,117.42611583333333,123.96520683333334,130.22838358333334,135.63244475000002,146.00940058333333,156.39761841666666,162.77315124999998,165.19283833333333,103.0,104.0,106.0,108.0,108.0,109.0,110.0,111.0,113.0,113.0,114.0,116.0,117.0,119.0,121.0,124.0,126.0,127.0,128.0,130.0,131.0,130.0,129.0,24946748.0,25328981.0,25688758.0,26016656.0,26309458.0,26565425.0,26788492.0,26990037.0,27173035.0,27341952.0,27464494.0,27534915.0,27589996.0,27672370.0,27823629.0,27955462.0,28011258.0,28079689.0,28414064.0,28966574.0,29475010.0,29715436.0,29694614.0,29651054.0,,,55.7,,,,,,,21.5,,,,,,,,,,,,2.4,,,23.9,22.2,20.2,17.9,17.0,16.0,14.9,13.0,11.5,10.4,9.5,8.8,8.1,7.6,6.6,5.7,5.1,5.0,5.2,5.6,5.7,5.7,,
Nepal,0.9628479166666668,1.6510956666666667,5.375493333333334,2.5985461666666665,6.114325333333333,7.338257083333333,7.64649275,12.119814583333332,18.16015283333333,13.586206916666669,13.005188083333332,7.354726166666667,9.37074875,11.099194250000002,9.654518333333334,8.763414666666668,1.0871725833333332,1.637732,5.77796125,7.625668916666666,4.149849,6.946664916666666,6.0878016666666666,4.9983985833333335,2.386833166666667,103.0,104.0,106.0,108.0,108.0,109.0,110.0,111.0,113.0,113.0,114.0,116.0,117.0,119.0,121.0,124.0,126.0,127.0,128.0,130.0,131.0,130.0,129.0,24946748.0,25328981.0,25688758.0,26016656.0,26309458.0,26565425.0,26788492.0,26990037.0,27173035.0,27341952.0,27464494.0,27534915.0,27589996.0,27672370.0,27823629.0,27955462.0,28011258.0,28079689.0,28414064.0,28966574.0,29475010.0,29715436.0,29694614.0,29651054.0,,,55.7,,,,,,,21.5,,,,,,,,,,,,2.4,,,23.9,22.2,20.2,17.9,17.0,16.0,14.9,13.0,11.5,10.4,9.5,8.8,8.1,7.6,6.6,5.7,5.1,5.0,5.2,5.6,5.7,5.7,,
Net Food Importing Developing Countries (FAO),,,,,,,,,,,,,,,,,,,,,,,,,,,,,,,,,,,,,,,,,,,,,,,,,,,,,,,,,,,,,,,,,,,,,,,,,,,,,,,,,,,,,,,,,,,,,,,,,,,,,,,,,,,,,,,,,,,,,,,,
Netherlands,,,,,,,,,,,,,,,,,,,,,,,,,,,,,,,,,,,,,,,,,,,,,,,,,16046180.0,16148929.0,16225302.0,16281779.0,16319868.0,16346101.0,16381696.0,16445593.0,16530388.0,16615394.0,16693074.0,16754962.0,16804432.0,16865008.0,16939923.0,17030314.0,17131296.0,17231624.0,17344874.0,17441500.0,17533044.0,17700982.0,17877117.0,17994237.0,,,,0.3,0.1,0.0,0.0,0.2,0.2,0.0,0.1,0.1,0.1,0.1,0.1,0.1,0.2,0.1,0.1,0.0,0.1,,,,2.5,2.5,2.5,2.5,2.5,2.5,2.5,2.5,2.5,2.5,2.5,2.5,2.5,2.5,2.5,2.5,2.5,2.5,2.5,2.5,2.5,2.5,,
Netherlands (Kingdom of the),85.3925,88.195,89.17333333333333,86.0825,84.9725,86.36666666666667,87.25833333333333,92.17083333333332,93.16666666666669,93.0875,95.14916666666666,97.07166666666666,99.41583333333334,99.35666666666668,100.00083333333332,100.95083333333334,103.64083333333332,104.45916666666666,108.68916666666668,110.7425,110.51333333333334,122.38583333333334,136.90916666666666,139.20083333333335,143.8766666666667,128.0,127.0,126.0,126.0,126.0,127.0,126.0,126.0,126.0,125.0,125.0,126.0,126.0,126.0,126.0,127.0,127.0,130.0,133.0,135.0,136.0,136.0,136.0,,,,,,,,,,,,,,,,,,,,,,,,,,,,,,,,,,,,,,,,,,,,,,,,,,,,,,,,,,,,,,,,,,,,,,,,
Netherlands (Kingdom of the),78.17416666666666,80.74416666666667,82.43333333333334,83.47500000000001,84.88416666666667,85.81916666666666,87.20416666666667,89.3725,90.43583333333332,91.58916666666666,93.73333333333332,96.035,98.4425,99.40333333333332,100.0,100.31666666666666,101.7025,103.435,106.15916666666668,107.51,110.38666666666668,121.42666666666666,126.0875,130.30833333333334,133.36,128.0,127.0,126.0,126.0,126.0,127.0,126.0,126.0,126.0,125.0,125.0,126.0,126.0,126.0,126.0,127.0,127.0,130.0,133.0,135.0,136.0,136.0,136.0,,,,,,,,,,,,,,,,,,,,,,,,,,,,,,,,,,,,,,,,,,,,,,,,,,,,,,,,,,,,,,,,,,,,,,,,
Netherlands (Kingdom of the),7.041156,3.3148145,1.1109188333333333,-3.4557465,-1.27738175,1.6433842500000002,1.034206416666667,5.632983583333334,1.1027321666666667,-0.0718323333333333,2.2132858333333334,2.021868583333333,2.4242124166666668,-0.0562217499999999,0.6495651666666666,0.95158075,2.6643255,0.7942097499999999,4.047986750000001,1.8953586666666664,-0.1998509166666666,10.710086083333332,12.062534333333334,1.6768269166666665,4.031073666666667,128.0,127.0,126.0,126.0,126.0,127.0,126.0,126.0,126.0,125.0,125.0,126.0,126.0,126.0,126.0,127.0,127.0,130.0,133.0,135.0,136.0,136.0,136.0,,,,,,,,,,,,,,,,,,,,,,,,,,,,,,,,,,,,,,,,,,,,,,,,,,,,,,,,,,,,,,,,,,,,,,,,
Netherlands Antilles,,,,,,,,,,,,,,,,,,,,,,,,,,,,,,,,,,,,,,,,,,,,,,,,,,,,,,,,,,,,,,,,,,,,,,,,,,,,,,,,,,,,,,,,,,,,,,,,,,,,,,,,,,,,,,,,,,,,,,,,
Netherlands Antilles (former),72.21542791666667,72.460054,73.69837358333334,74.63051866666667,77.49991058333333,80.10146175,82.42768725,87.79891500000001,89.88498116666666,92.2696985,94.34453733333334,97.35799366666669,98.84226683333333,100.20977433333331,100.00094308333333,,,,,,,,,,,,,,,,,,,,,,,,,,,,,,,,,,,,,,,,,,,,,,,,,,,,,,,,,,,,,,,,,,,,,,,,,,,,,,,,,,,,,,,,,,,,,,,,,,,,,,,,,
New Caledonia,76.8615795,78.63198925,79.74238008333333,80.587994,81.76076491666667,84.46006983333334,85.44196866666665,88.45219666666667,89.399558,90.43049666666668,94.35093116666668,96.21327108333334,98.03295591666668,98.16549075,100.00193283333334,101.7500185,103.181118,102.98521425,100.0767935,103.07563125,106.21762983333332,113.41333358333333,119.10208358333334,123.02769775,127.41293316666668,119.0,119.0,118.0,117.0,117.0,117.0,117.0,117.0,118.0,119.0,119.0,119.0,119.0,120.0,120.0,121.0,121.0,122.0,124.0,126.0,126.0,127.0,128.0,227707.0,232236.0,236678.0,240852.0,244381.0,247547.0,250725.0,253825.0,257250.0,261582.0,266543.0,271633.0,276822.0,281224.0,283168.0,283423.0,283546.0,283541.0,283606.0,284176.0,285214.0,287123.0,289870.0,292639.0,,,,,,,,,,,,,,,,,,,,,,,,,9.3,9.6,9.9,10.2,10.2,10.0,9.9,9.7,9.0,8.6,8.5,8.7,8.6,8.4,8.2,8.0,7.7,7.1,6.6,6.0,5.7,5.6,,
New Caledonia,81.30227433333333,82.83211141666666,83.78835808333334,84.51501091666667,85.5201745,87.82479241666665,88.65953566666667,91.20794908333332,92.00718825,94.03487325,96.31897725,98.004244,99.25635891666668,99.43388,100.00115841666668,100.57948275,101.95758741666668,103.32865308333334,103.587249,103.03087591666667,103.68912008333332,107.51320508333332,109.36255741666666,110.428286,111.85448166666669,119.0,119.0,118.0,117.0,117.0,117.0,117.0,117.0,118.0,119.0,119.0,119.0,119.0,120.0,120.0,121.0,121.0,122.0,124.0,126.0,126.0,127.0,128.0,227707.0,232236.0,236678.0,240852.0,244381.0,247547.0,250725.0,253825.0,257250.0,261582.0,266543.0,271633.0,276822.0,281224.0,283168.0,283423.0,283546.0,283541.0,283606.0,284176.0,285214.0,287123.0,289870.0,292639.0,,,,,,,,,,,,,,,,,,,,,,,,,9.3,9.6,9.9,10.2,10.2,10.0,9.9,9.7,9.0,8.6,8.5,8.7,8.6,8.4,8.2,8.0,7.7,7.1,6.6,6.0,5.7,5.6,,
New Caledonia,2.601601333333333,2.3050445833333333,1.412948,1.0623245833333332,1.4563326666666667,3.3081215,1.16371775,3.5212129166666664,1.0807038333333334,1.1557119166666665,4.342402083333333,1.9799566666666664,1.8953123333333333,0.14526175,1.8734893333333331,1.7490015833333334,1.4122372500000002,-0.18369225,-2.8007145,2.9964071666666663,3.0595828333333333,6.807901416666667,5.085597583333334,3.3354459166666666,4.880521333333333,119.0,119.0,118.0,117.0,117.0,117.0,117.0,117.0,118.0,119.0,119.0,119.0,119.0,120.0,120.0,121.0,121.0,122.0,124.0,126.0,126.0,127.0,128.0,227707.0,232236.0,236678.0,240852.0,244381.0,247547.0,250725.0,253825.0,257250.0,261582.0,266543.0,271633.0,276822.0,281224.0,283168.0,283423.0,283546.0,283541.0,283606.0,284176.0,285214.0,287123.0,289870.0,292639.0,,,,,,,,,,,,,,,,,,,,,,,,,9.3,9.6,9.9,10.2,10.2,10.0,9.9,9.7,9.0,8.6,8.5,8.7,8.6,8.4,8.2,8.0,7.7,7.1,6.6,6.0,5.7,5.6,,
New Zealand,73.90836633333333,76.49496383333333,76.192978,76.41618533333333,77.30902333333334,79.4426335,82.57412575,89.13908624999999,95.2313735,95.8222205,101.09387316666664,100.54899566666668,100.82472291666666,100.54227841666666,100.00776641666666,99.37072408333334,101.59643975,101.4863335,102.57952941666667,105.94562916666666,107.9511325,117.29441858333333,128.92633791666665,128.79263783333332,132.5614112,127.0,126.0,126.0,127.0,127.0,128.0,128.0,128.0,128.0,129.0,130.0,132.0,131.0,131.0,129.0,128.0,128.0,127.0,127.0,126.0,126.0,127.0,129.0,3880500.0,3948500.0,4027200.0,4087500.0,4133900.0,4184600.0,4223800.0,4259800.0,4302600.0,4350700.0,4384000.0,4408100.0,4442100.0,4516500.0,4609400.0,4714100.0,4813600.0,4900600.0,4979200.0,5090200.0,5111300.0,5117100.0,5245000.0,5338500.0,,,,,,,,,,,,,,,,,,,,,,,,,2.5,2.5,2.5,2.5,2.5,2.5,2.5,2.5,2.5,2.5,2.5,2.5,2.5,2.5,2.5,2.5,2.5,2.5,2.5,2.5,2.5,2.5,,
New Zealand,73.10051616666667,75.00261075,76.39015508333334,78.06677141666667,80.40825575000001,83.150172,85.087104,88.44361433333334,90.41720983333332,92.34216041666669,96.23376625,97.32480116666666,98.3741475,99.65281216666666,100.00027708333334,100.54232491666666,102.38188666666667,103.99303641666668,105.6799625,107.52876541666669,111.36268866666668,119.23501116666668,126.32350875,130.26818983333334,132.84117816666665,127.0,126.0,126.0,127.0,127.0,128.0,128.0,128.0,128.0,129.0,130.0,132.0,131.0,131.0,129.0,128.0,128.0,127.0,127.0,126.0,126.0,127.0,129.0,3880500.0,3948500.0,4027200.0,4087500.0,4133900.0,4184600.0,4223800.0,4259800.0,4302600.0,4350700.0,4384000.0,4408100.0,4442100.0,4516500.0,4609400.0,4714100.0,4813600.0,4900600.0,4979200.0,5090200.0,5111300.0,5117100.0,5245000.0,5338500.0,,,,,,,,,,,,,,,,,,,,,,,,,2.5,2.5,2.5,2.5,2.5,2.5,2.5,2.5,2.5,2.5,2.5,2.5,2.5,2.5,2.5,2.5,2.5,2.5,2.5,2.5,2.5,2.5,,
New Zealand,6.310639500000001,3.53672425,-0.39422225,0.2931938333333333,1.1683985,2.7574380833333336,3.9432415,7.925593916666667,6.922196,0.6288796666666666,5.5224685,-0.530259,0.2739474166666666,-0.2713105833333333,-0.532561,-0.6295489166666667,2.24092,-0.1000414166666666,1.080899,3.2817215,1.8947004166666663,8.637679583333332,10.020227666666669,-0.0900573333333333,3.5608102,127.0,126.0,126.0,127.0,127.0,128.0,128.0,128.0,128.0,129.0,130.0,132.0,131.0,131.0,129.0,128.0,128.0,127.0,127.0,126.0,126.0,127.0,129.0,3880500.0,3948500.0,4027200.0,4087500.0,4133900.0,4184600.0,4223800.0,4259800.0,4302600.0,4350700.0,4384000.0,4408100.0,4442100.0,4516500.0,4609400.0,4714100.0,4813600.0,4900600.0,4979200.0,5090200.0,5111300.0,5117100.0,5245000.0,5338500.0,,,,,,,,,,,,,,,,,,,,,,,,,2.5,2.5,2.5,2.5,2.5,2.5,2.5,2.5,2.5,2.5,2.5,2.5,2.5,2.5,2.5,2.5,2.5,2.5,2.5,2.5,2.5,2.5,,
Nicaragua,27.74621,28.991652666666667,30.805614416666668,34.048296416666666,38.11018283333333,42.32548216666667,48.05925633333334,60.58515808333333,63.402172166666666,68.2830745,74.50367,80.90968008333333,88.50580391666666,95.47320941666668,100.00209683333333,101.52085058333334,102.11004941666666,106.38349958333332,111.25209916666668,115.88254166666668,123.27468775,142.69526641666667,158.21854508333334,,,102.0,104.0,105.0,106.0,107.0,108.0,109.0,109.0,110.0,111.0,113.0,113.0,113.0,112.0,113.0,114.0,115.0,116.0,116.0,118.0,119.0,120.0,,5087825.0,5149909.0,5210963.0,5272912.0,5342105.0,5418855.0,5497243.0,5576593.0,5656601.0,5737450.0,5819051.0,5901287.0,5983845.0,6066492.0,6149417.0,6232666.0,6316231.0,6400080.0,6483657.0,6565267.0,6644741.0,6730654.0,6823613.0,6916140.0,26.3,,,,16.5,,,,13.9,,,,,6.6,,,,,,,,,,,25.9,23.6,23.4,22.5,21.8,20.8,20.4,19.9,19.9,19.5,19.0,18.8,19.3,19.8,19.3,18.3,17.6,17.6,17.8,18.7,19.2,19.6,,
Nicaragua,35.39874866666667,36.726263333333335,38.67363233333334,41.9493705,45.97613258333333,50.17844258333333,55.76176525,66.81720625,69.2807575,73.06011583333334,78.965118,84.64551366666667,90.685367,96.1591075,100.00295208333334,103.5262295,107.51268466666666,112.83159225,118.89774575,123.27533891666668,129.350858,142.89056125,154.8757335,,,102.0,104.0,105.0,106.0,107.0,108.0,109.0,109.0,110.0,111.0,113.0,113.0,113.0,112.0,113.0,114.0,115.0,116.0,116.0,118.0,119.0,120.0,,5087825.0,5149909.0,5210963.0,5272912.0,5342105.0,5418855.0,5497243.0,5576593.0,5656601.0,5737450.0,5819051.0,5901287.0,5983845.0,6066492.0,6149417.0,6232666.0,6316231.0,6400080.0,6483657.0,6565267.0,6644741.0,6730654.0,6823613.0,6916140.0,26.3,,,,16.5,,,,13.9,,,,,6.6,,,,,,,,,,,25.9,23.6,23.4,22.5,21.8,20.8,20.4,19.9,19.9,19.5,19.0,18.8,19.3,19.8,19.3,18.3,17.6,17.6,17.8,18.7,19.2,19.6,,
Nicaragua,7.760881333333333,4.498485583333333,6.259919166666666,10.509808916666666,11.91289125,11.1057695,13.509598916666668,26.06285083333333,4.924169916666666,7.687883333333333,9.139614,8.643137000000001,9.414266416666669,7.853486749999999,4.873328083333333,1.5217625,0.59872625,4.196720833333333,4.577687666666667,4.172145166666667,6.371948166666667,15.73760825,11.004986666666667,,,102.0,104.0,105.0,106.0,107.0,108.0,109.0,109.0,110.0,111.0,113.0,113.0,113.0,112.0,113.0,114.0,115.0,116.0,116.0,118.0,119.0,120.0,,5087825.0,5149909.0,5210963.0,5272912.0,5342105.0,5418855.0,5497243.0,5576593.0,5656601.0,5737450.0,5819051.0,5901287.0,5983845.0,6066492.0,6149417.0,6232666.0,6316231.0,6400080.0,6483657.0,6565267.0,6644741.0,6730654.0,6823613.0,6916140.0,26.3,,,,16.5,,,,13.9,,,,,6.6,,,,,,,,,,,25.9,23.6,23.4,22.5,21.8,20.8,20.4,19.9,19.9,19.5,19.0,18.8,19.3,19.8,19.3,18.3,17.6,17.6,17.8,18.7,19.2,19.6,,
Niger,64.14482066666666,66.844112,63.56701725,62.78223925,72.4151735,70.8542415,70.49203616666667,84.95954783333333,92.09412841666666,94.03623833333334,97.227094,100.36620575,102.17982675,100.89118758333332,100.020386,102.98701933333332,106.54870408333332,105.80704591666668,100.91727516666668,106.07438783333332,113.99978308333334,122.40811858333332,127.6600945,143.8558425,145.48814116666665,105.0,106.0,108.0,110.0,112.0,114.0,115.0,117.0,118.0,118.0,118.0,117.0,118.0,119.0,120.0,121.0,123.0,123.0,124.0,122.0,123.0,122.0,123.0,11920647.0,12349144.0,12796984.0,13265836.0,13756192.0,14268581.0,14803610.0,15361915.0,15943675.0,16548835.0,17176283.0,17836769.0,18519898.0,19215909.0,19939498.0,20685753.0,21435446.0,22188069.0,22947757.0,23717613.0,24502140.0,25311973.0,26159867.0,27032412.0,,,,,83.8,,82.9,,,,68.8,,,60.3,,,,59.0,,,60.5,,,,23.2,22.3,21.0,19.4,19.0,19.1,18.4,17.7,16.0,15.9,15.3,15.6,15.0,14.3,13.3,12.6,11.8,11.7,11.0,12.0,12.5,13.3,,
Niger,77.8583765,79.905169,78.61517375,78.82157291666667,84.96768341666667,85.00208333333333,85.04794983333333,94.66271383333331,95.21450925,95.98010341666668,98.80420766666668,99.25385558333332,101.533946,100.58938875,100.00990291666666,101.663956,104.50685933333334,107.60820891666668,104.92898775,107.97003308333336,112.11378041666666,116.85195308333334,121.1766125,132.16917308333333,129.62217666666666,105.0,106.0,108.0,110.0,112.0,114.0,115.0,117.0,118.0,118.0,118.0,117.0,118.0,119.0,120.0,121.0,123.0,123.0,124.0,122.0,123.0,122.0,123.0,11920647.0,12349144.0,12796984.0,13265836.0,13756192.0,14268581.0,14803610.0,15361915.0,15943675.0,16548835.0,17176283.0,17836769.0,18519898.0,19215909.0,19939498.0,20685753.0,21435446.0,22188069.0,22947757.0,23717613.0,24502140.0,25311973.0,26159867.0,27032412.0,,,,,83.8,,82.9,,,,68.8,,,60.3,,,,59.0,,,60.5,,,,23.2,22.3,21.0,19.4,19.0,19.1,18.4,17.7,16.0,15.9,15.3,15.6,15.0,14.3,13.3,12.6,11.8,11.7,11.0,12.0,12.5,13.3,,
Niger,7.35237125,4.343843833333334,-4.8668648333333335,-1.1861743333333334,15.332308,-1.8463950833333331,-0.4689408333333333,20.459417916666663,8.589553833333333,2.1029981666666666,3.459491583333333,3.20871,1.8248745833333333,-1.2125629166666667,-0.8253982500000001,2.9557031666666664,3.5169848333333333,-0.5735831666666668,-4.5895849166666665,5.105869083333333,7.467801583333333,7.467883749999999,4.279297666666666,12.828522833333333,4.432324666666667,105.0,106.0,108.0,110.0,112.0,114.0,115.0,117.0,118.0,118.0,118.0,117.0,118.0,119.0,120.0,121.0,123.0,123.0,124.0,122.0,123.0,122.0,123.0,11920647.0,12349144.0,12796984.0,13265836.0,13756192.0,14268581.0,14803610.0,15361915.0,15943675.0,16548835.0,17176283.0,17836769.0,18519898.0,19215909.0,19939498.0,20685753.0,21435446.0,22188069.0,22947757.0,23717613.0,24502140.0,25311973.0,26159867.0,27032412.0,,,,,83.8,,82.9,,,,68.8,,,60.3,,,,59.0,,,60.5,,,,23.2,22.3,21.0,19.4,19.0,19.1,18.4,17.7,16.0,15.9,15.3,15.6,15.0,14.3,13.3,12.6,11.8,11.7,11.0,12.0,12.5,13.3,,
Nigeria,22.112102,25.185221666666667,26.79732233333333,30.67061608333333,37.65621158333334,39.75899275,40.6066765,47.072259083333336,53.99086733333333,62.01197325,68.33451941666667,75.97542508333333,83.19889666666667,91.05886183333332,100.0399205,114.87713725,137.21660358333332,156.86244058333332,178.32377566666665,207.00273975,249.0286455833333,300.9962768333333,384.644834,534.6542536666667,614.3226946666667,121.0,121.0,120.0,120.0,120.0,120.0,120.0,119.0,119.0,118.0,117.0,116.0,116.0,117.0,118.0,118.0,116.0,115.0,114.0,114.0,114.0,113.0,111.0,129862595.0,133471989.0,137202644.0,141057045.0,145017253.0,149077334.0,153267261.0,157595014.0,162049464.0,166642886.0,171379598.0,176200625.0,181049443.0,185896915.0,190671878.0,195443700.0,200254579.0,204938755.0,209485641.0,213996181.0,218529286.0,223150896.0,227882945.0,232679478.0,,,51.1,,,,,,,38.5,,37.4,,,35.8,,,34.2,,,,41.8,,,8.8,8.8,8.5,7.8,7.0,6.6,6.5,6.7,7.9,9.2,10.4,10.9,10.8,10.7,10.5,10.7,11.3,11.8,13.6,15.1,17.0,18.0,,
Nigeria,22.1534775,25.007507500000003,28.51520533333333,32.791925416666665,38.637082,41.81506758333333,44.06806683333334,49.17162275,55.33667616666667,62.93996433333333,69.75393100000001,78.28081991666666,84.93118133333333,91.76594233333331,100.0335355,115.735612,134.83461083333333,151.1430006666667,168.36789541666667,190.66994616666668,222.99392816666668,265.0220125,330.3752485,440.19890825,515.5250093333333,121.0,121.0,120.0,120.0,120.0,120.0,120.0,119.0,119.0,118.0,117.0,116.0,116.0,117.0,118.0,118.0,116.0,115.0,114.0,114.0,114.0,113.0,111.0,129862595.0,133471989.0,137202644.0,141057045.0,145017253.0,149077334.0,153267261.0,157595014.0,162049464.0,166642886.0,171379598.0,176200625.0,181049443.0,185896915.0,190671878.0,195443700.0,200254579.0,204938755.0,209485641.0,213996181.0,218529286.0,223150896.0,227882945.0,232679478.0,,,51.1,,,,,,,38.5,,37.4,,,35.8,,,34.2,,,,41.8,,,8.8,8.8,8.5,7.8,7.0,6.6,6.5,6.7,7.9,9.2,10.4,10.9,10.8,10.7,10.5,10.7,11.3,11.8,13.6,15.1,17.0,18.0,,
Nigeria,28.357115333333336,14.639176333333332,6.472736333333334,14.472011166666666,22.737819,5.950036166666667,2.17687175,15.836552083333332,14.809279166666668,14.90041275,10.2488845,11.189461083333333,9.512880166666667,9.447187333333334,9.852977666666666,14.770249916666666,19.411584166666668,14.407892916666666,13.671706666666667,16.02591925,20.392645166666664,20.76459291666667,27.587555833333337,38.9665965,24.754796833333334,121.0,121.0,120.0,120.0,120.0,120.0,120.0,119.0,119.0,118.0,117.0,116.0,116.0,117.0,118.0,118.0,116.0,115.0,114.0,114.0,114.0,113.0,111.0,129862595.0,133471989.0,137202644.0,141057045.0,145017253.0,149077334.0,153267261.0,157595014.0,162049464.0,166642886.0,171379598.0,176200625.0,181049443.0,185896915.0,190671878.0,195443700.0,200254579.0,204938755.0,209485641.0,213996181.0,218529286.0,223150896.0,227882945.0,232679478.0,,,51.1,,,,,,,38.5,,37.4,,,35.8,,,34.2,,,,41.8,,,8.8,8.8,8.5,7.8,7.0,6.6,6.5,6.7,7.9,9.2,10.4,10.9,10.8,10.7,10.5,10.7,11.3,11.8,13.6,15.1,17.0,18.0,,
North America,,,,,,,,,,,,,,,,,,,,,,,,,,,,,,,,,,,,,,,,,,,,,,,,,316051677.0,319046534.0,321812780.0,324806660.0,327822042.0,331013939.0,334183103.0,337404564.0,340465163.0,343447854.0,346242415.0,349116140.0,351870848.0,354755155.0,357583083.0,360527592.0,363217262.0,365666028.0,367908829.0,369670740.0,370404272.0,373018004.0,376954413.0,381464223.0,0.8,0.7,0.8,0.9,0.9,0.9,0.8,0.9,0.8,0.9,0.9,0.9,0.9,1.1,1.0,1.0,1.1,0.9,0.8,0.3,0.2,1.1,1.0,1.0,2.5,2.5,2.5,2.5,2.5,2.5,2.5,2.5,2.5,2.5,2.5,2.5,2.5,2.5,2.5,2.5,2.5,2.5,2.5,2.5,2.5,2.5,,
North Korea,,,,,,,,,,,,,,,,,,,,,,,,,,,,,,,,,,,,,,,,,,,,,,,,,,,,,,,,,,,,,,,,,,,,,,,,,,,,,,,,,,,,,,,,,,,,,,,,,,,,,,,,,,,,,,,,,,,,,,,,
North Macedonia,78.2604175,79.25855516666667,77.84124508333333,75.6011015,74.69573375,76.23744116666667,79.07685149999999,90.8327705,89.73890383333332,89.84532975,95.3779005,97.564707,100.91053083333333,99.93421175,100.003093,98.7010845,98.94890783333334,99.759762,101.37323441666666,103.82077083333331,107.0664335,129.41770541666668,144.54017183333335,148.69551825,153.327045,112.0,111.0,114.0,115.0,116.0,118.0,120.0,121.0,120.0,119.0,118.0,118.0,118.0,119.0,119.0,120.0,121.0,122.0,124.0,126.0,127.0,128.0,129.0,2034882.0,2020157.0,2022725.0,2016186.0,2005330.0,1994287.0,1982933.0,1971493.0,1958782.0,1946298.0,1937398.0,1929821.0,1922716.0,1917557.0,1912430.0,1906313.0,1898657.0,1889051.0,1876262.0,1856124.0,1837114.0,1831712.0,1827816.0,1792179.0,,3.0,2.8,1.4,3.1,4.6,,1.4,12.1,12.8,10.9,9.1,7.4,6.4,7.0,5.7,5.6,4.3,3.9,,,,,,7.5,7.5,5.8,5.4,5.0,4.4,3.6,2.9,3.3,3.6,4.0,4.0,4.0,3.9,3.8,3.5,3.2,2.9,3.1,3.0,3.1,2.5,,
North Macedonia,76.62854908333334,78.40219191666667,79.07297125000001,78.71821041666666,79.13188708333332,81.67489258333333,83.51401358333334,90.47231483333331,89.80315091666667,91.15915625,94.71869716666669,97.85962191666664,100.58501291666666,100.30166,100.00083458333334,99.76154175,101.10993783333332,102.584437,103.370685,104.61120916666664,107.99093475,123.33074183333332,134.87680866666668,139.58365966666668,143.19280283333333,112.0,111.0,114.0,115.0,116.0,118.0,120.0,121.0,120.0,119.0,118.0,118.0,118.0,119.0,119.0,120.0,121.0,122.0,124.0,126.0,127.0,128.0,129.0,2034882.0,2020157.0,2022725.0,2016186.0,2005330.0,1994287.0,1982933.0,1971493.0,1958782.0,1946298.0,1937398.0,1929821.0,1922716.0,1917557.0,1912430.0,1906313.0,1898657.0,1889051.0,1876262.0,1856124.0,1837114.0,1831712.0,1827816.0,1792179.0,,3.0,2.8,1.4,3.1,4.6,,1.4,12.1,12.8,10.9,9.1,7.4,6.4,7.0,5.7,5.6,4.3,3.9,,,,,,7.5,7.5,5.8,5.4,5.0,4.4,3.6,2.9,3.3,3.6,4.0,4.0,4.0,3.9,3.8,3.5,3.2,2.9,3.1,3.0,3.1,2.5,,
North Macedonia,6.02482175,1.3096840833333332,-1.7663580833333334,-2.884623583333333,-1.158855083333333,2.06792375,3.7431129166666666,15.01433,-1.20754875,0.1875828333333332,6.15728425,2.321554416666667,3.4424126666666663,-0.9531045833333334,0.0693470833333333,-1.2995871666666667,0.2575127499999999,0.8256110833333333,1.6193085833333332,2.4217459166666666,3.124120583333333,20.71967675,12.383038333333332,2.8931426666666664,4.511480833333334,112.0,111.0,114.0,115.0,116.0,118.0,120.0,121.0,120.0,119.0,118.0,118.0,118.0,119.0,119.0,120.0,121.0,122.0,124.0,126.0,127.0,128.0,129.0,2034882.0,2020157.0,2022725.0,2016186.0,2005330.0,1994287.0,1982933.0,1971493.0,1958782.0,1946298.0,1937398.0,1929821.0,1922716.0,1917557.0,1912430.0,1906313.0,1898657.0,1889051.0,1876262.0,1856124.0,1837114.0,1831712.0,1827816.0,1792179.0,,3.0,2.8,1.4,3.1,4.6,,1.4,12.1,12.8,10.9,9.1,7.4,6.4,7.0,5.7,5.6,4.3,3.9,,,,,,7.5,7.5,5.8,5.4,5.0,4.4,3.6,2.9,3.3,3.6,4.0,4.0,4.0,3.9,3.8,3.5,3.2,2.9,3.1,3.0,3.1,2.5,,
Northern Africa,53.17552725,52.93159158333333,54.83812825,57.28813725,57.17753208333334,59.059244,62.78729966666666,66.73710708333333,70.04460291666668,72.83839025,78.61695766666666,81.64535575000001,86.51998283333334,93.54818358333334,99.66301908333332,108.75453166666668,131.18566408333334,149.94146983333334,160.15572908333334,163.10657075,171.2034165,184.776597,199.499948,211.41021716666668,218.84172433333333,,,,,,,,,,,,,,,,,,,,,,,,,,,,,,,,,,,,,,,,,,,,,,,,,,,,,,,,,,,,,,,,,,,,,,,,,,,,,,,,,,,,,,,,,,,,,,,
Northern Africa,36.87007083333334,37.45991933333333,38.81486308333333,41.4690825,41.92043866666666,44.64321616666666,48.24364783333333,55.37975775,60.57541966666667,67.00349791666666,73.61137025000001,79.18620125,85.68967991666666,92.3409855,100.07255616666669,112.35254983333334,142.08007825,157.47438716666667,164.93587425,165.27183133333332,173.25552325,207.18895741666665,308.3871830833333,390.58027825,410.6052253333333,,,,,,,,,,,,,,,,,,,,,,,,,,,,,,,,,,,,,,,,,,,,,,,,,,,,,,,,,,,,,,,,,,,,,,,,,,,,,,,,,,,,,,,,,,,,,,,
Northern Africa,60.667416583333335,58.58637683333333,60.09808825,62.241075333333335,64.57080808333333,66.06336166666667,68.49382975,69.35598983333334,72.23893333333334,74.68346958333333,80.78602858333333,86.55817125,89.95780766666667,93.29659975,100.07051683333331,110.13432191666668,129.91208591666663,142.715277,150.28281825,155.07389641666666,161.39525791666668,171.32344091666667,180.6458181666667,188.51748383333333,193.500491,,,,,,,,,,,,,,,,,,,,,,,,,,,,,,,,,,,,,,,,,,,,,,,,,,,,,,,,,,,,,,,,,,,,,,,,,,,,,,,,,,,,,,,,,,,,,,,
Northern Africa,44.82684208333333,45.56254883333333,46.78604466666667,49.474348,51.110667416666665,53.57926941666667,56.68702208333334,62.83123583333333,67.42981891666666,72.01919358333333,77.14312591666666,81.85865475,87.16070724999999,92.87977158333332,100.03698033333336,110.80945891666666,133.3775065,148.3375425,158.11819083333333,164.71123558333332,172.9368578333333,193.538145,243.61813675,296.96152033333334,324.7294798333333,,,,,,,,,,,,,,,,,,,,,,,,,,,,,,,,,,,,,,,,,,,,,,,,,,,,,,,,,,,,,,,,,,,,,,,,,,,,,,,,,,,,,,,,,,,,,,,
Northern Africa,1.544616166666667,3.251710333333333,3.1566965833333334,3.90411475,1.8167299166666664,5.351151583333333,6.4316907500000005,8.83778425,7.599367000000001,5.168020666666667,7.608445,8.200852166666666,6.036819749999999,5.2854945,6.92609325,8.03674475,18.304551166666663,8.644645833333334,2.502416833333333,1.6022845833333337,5.738110250000001,12.956061583333332,14.502839333333334,6.8016759166666665,5.085125333333333,,,,,,,,,,,,,,,,,,,,,,,,,,,,,,,,,,,,,,,,,,,,,,,,,,,,,,,,,,,,,,,,,,,,,,,,,,,,,,,,,,,,,,,,,,,,,,,
Northern Africa,0.97299425,2.5022054166666665,4.712807166666667,9.441862333333331,1.091382,7.684705666666667,9.8700175,17.82737283333333,11.327604583333333,12.890869916666666,11.167214416666669,7.960257416666667,8.734350583333333,8.241506666666666,8.5094785,12.236438583333332,25.534886416666662,9.898666583333332,4.434947166666666,0.3936252499999999,4.935699416666666,18.329463416666663,42.193465833333335,21.160147916666663,6.532495166666667,,,,,,,,,,,,,,,,,,,,,,,,,,,,,,,,,,,,,,,,,,,,,,,,,,,,,,,,,,,,,,,,,,,,,,,,,,,,,,,,,,,,,,,,,,,,,,,
Northern Africa (FAO),,,,,,,,,,,,,,,,,,,,,,,,,,,,,,,,,,,,,,,,,,,,,,,,,,,,,,,,,,,,,,,,,,,,,,,,,,,,,,,,,,,,,,,,,,,,,,,,,,,,,,,,,,,,,,,,,,,,,,,,
Northern America,67.43365866666666,69.47331166666667,70.987271,72.23559716666666,73.85081458333333,75.66306266666668,77.70716125,81.39118316666666,85.47590491666666,87.34672933333333,90.76858508333332,93.295846,94.93273933333334,97.50492483333332,99.9600335,101.30874116666666,102.0869485,103.30478516666666,105.94401208333332,107.96636091666666,109.32969058333332,119.57724375,127.22882633333334,129.40370675,132.21569150000002,,,,,,,,,,,,,,,,,,,,,,,,,,,,,,,,,,,,,,,,,,,,,,,,,,,,,,,,,,,,,,,,,,,,,,,,,,,,,,,,,,,,,,,,,,,,,,,
Northern America,71.38164283333333,72.36621458333333,73.88757991666667,76.58604758333333,78.08173108333334,79.48289708333333,82.74583041666666,87.90944708333332,88.59915241666666,88.92923508333332,93.16590125,95.454692,96.32989166666664,98.65604091666668,100.00081166666666,98.8361225,98.58142958333332,99.05503233333332,100.12414791666669,103.55451725,107.05335158333332,119.17245683333334,125.30209408333332,126.85844441666666,129.35009583333334,,,,,,,,,,,,,,,,,,,,,,,,,,,,,,,,,,,,,,,,,,,,,,,,,,,,,,,,,,,,,,,,,,,,,,,,,,,,,,,,,,,,,,,,,,,,,,,
Northern America,72.50842941666667,74.00845875,75.88169991666666,78.17082925,80.78583983333333,82.66058133333333,85.00434908333334,88.53638383333333,89.3839345,91.11318833333333,93.71855558333334,96.12724525,97.15591983333331,98.81409275,100.02773883333332,101.26975483333332,103.13777808333332,105.0644585,106.57871716666666,106.95557233333334,109.59611225,115.49598516666669,119.695476,122.31856258333332,123.96550866666666,,,,,,,,,,,,,,,,,,,,,,,,,,,,,,,,,,,,,,,,,,,,,,,,,,,,,,,,,,,,,,,,,,,,,,,,,,,,,,,,,,,,,,,,,,,,,,,
Northern America,74.88024741666666,76.10355658333334,77.85760625,79.896772,82.54090316666667,85.13267533333334,87.51934916666666,90.7914915,90.50953933333334,92.002561,94.8914455,96.81954258333332,98.203337,99.81530191666668,100.00201808333334,101.27502566666668,103.39527208333334,105.90808258333334,107.83693591666668,109.12906141666669,114.15849625,123.20125575000002,128.25296691666668,131.9874775,134.69116766666667,,,,,,,,,,,,,,,,,,,,,,,,,,,,,,,,,,,,,,,,,,,,,,,,,,,,,,,,,,,,,,,,,,,,,,,,,,,,,,,,,,,,,,,,,,,,,,,
Northern America,3.19535875,2.12662825,1.8308406666666668,2.2777535833333333,2.320313333333333,2.2822995,3.21386425,5.594092833333334,4.462408416666666,1.8740425833333327,4.135342333333333,2.857684583333333,1.4356084166666667,2.601346166666666,2.630493083333333,1.358982666666667,0.8969108333333334,0.7698503333333333,2.0311776666666668,2.5755215,2.0105214166666667,8.803412416666665,5.945959916666666,2.42917925,2.6284016666666665,,,,,,,,,,,,,,,,,,,,,,,,,,,,,,,,,,,,,,,,,,,,,,,,,,,,,,,,,,,,,,,,,,,,,,,,,,,,,,,,,,,,,,,,,,,,,,,
Northern America,3.3744265,1.3889699999999998,2.1032709166666668,3.6541571666666655,1.9578551666666664,1.797589916666667,4.099625416666666,6.2249695,0.8713415000000001,0.3847105833333333,4.760992666666667,2.4763740000000003,0.91770325,2.41528225,1.3771805833333337,-1.16273825,-0.2480163333333333,0.48066125,1.076356833333333,3.43072975,3.389224083333333,11.299588166666666,5.247881333333333,1.239842,2.3002685,,,,,,,,,,,,,,,,,,,,,,,,,,,,,,,,,,,,,,,,,,,,,,,,,,,,,,,,,,,,,,,,,,,,,,,,,,,,,,,,,,,,,,,,,,,,,,,
Northern America (FAO),,,,,,,,,,,,,,,,,,,,,,,,,,,,,,,,,,,,,,,,,,,,,,,,,,,,,,,,,,,,,,,,,,,,,,,,,,,,,,,,,,,,,,,,,,,,,,,,,,,,,,,,,,,,,,,,,,,,,,,,
Northern Europe,74.00447958333334,75.72844083333332,77.02269833333334,77.62075333333333,77.98029583333333,79.12792083333333,81.06695416666666,88.17785058333334,90.14871608333334,90.20165516666668,93.75168483333334,96.94898083333334,100.0934955,100.56161416666669,99.925552,100.165474,102.19464075,103.11805008333332,105.077375,108.883784,107.89166666666668,118.17595408333334,132.625,136.35833333333332,140.48333333333332,,,,,,,,,,,,,,,,,,,,,,,,,,,,,,,,,,,,,,,,,,,,,,,,,,,,,,,,,,,,,,,,,,,,,,,,,,,,,,,,,,,,,,,,,,,,,,,
Northern Europe,71.2979975,72.15289158333333,73.05982974999999,73.52325858333333,74.37291266666666,75.99321133333333,79.08294091666666,85.83040825,89.42523308333334,91.356819,95.5715035,98.45389533333334,101.61956025,101.58520508333334,99.99954725,98.53224216666666,100.36198333333334,102.23586575,103.71729216666668,104.78090008333334,105.01300591666666,116.38512825,131.87792508333334,135.21449075,139.59439516666666,,,,,,,,,,,,,,,,,,,,,,,,,,,,,,,,,,,,,,,,,,,,,,,,,,,,,,,,,,,,,,,,,,,,,,,,,,,,,,,,,,,,,,,,,,,,,,,
Northern Europe,77.5558975,78.71666666666667,80.51666666666667,81.04166666666667,82.28333333333333,84.18477283333333,84.8,89.60271391666667,90.79123808333333,92.34768991666668,95.48965216666666,97.9402265,99.13810341666664,99.9283535,100.01318475,100.67008225,103.09915091666666,105.58708425,107.8,108.53740816666668,111.54105,120.5,128.97045291666666,133.14946308333333,136.51666666666668,,,,,,,,,,,,,,,,,,,,,,,,,,,,,,,,,,,,,,,,,,,,,,,,,,,,,,,,,,,,,,,,,,,,,,,,,,,,,,,,,,,,,,,,,,,,,,,
Northern Europe,76.02591216666666,77.34873283333333,78.57102400000001,79.527695,81.00662008333333,82.93092391666667,84.93913641666667,88.12243649999999,89.35810641666666,91.269129,94.45918266666666,96.62236091666666,98.426539,99.614568,99.99410133333332,101.04479941666666,103.29550675,105.47519241666669,107.24542291666668,108.1658595,110.910305,119.77858083333332,127.81261416666666,131.63275408333334,134.92645466666667,,,,,,,,,,,,,,,,,,,,,,,,,,,,,,,,,,,,,,,,,,,,,,,,,,,,,,,,,,,,,,,,,,,,,,,,,,,,,,,,,,,,,,,,,,,,,,,
Northern Europe,4.092635083333334,2.9458331666666666,0.4566028333333333,0.5915890833333334,1.18096975,2.6520935,3.518572333333333,8.5196975,2.15281525,-0.1033234166666667,4.574950916666666,2.9236334166666667,2.421863666666667,0.17561075,-0.4758138333333333,0.1472944166666666,2.038754,1.7155229166666668,1.9221460833333333,1.7259611666666668,0.6849300833333333,10.8106295,11.425136833333331,1.7464715000000002,4.357528666666667,,,,,,,,,,,,,,,,,,,,,,,,,,,,,,,,,,,,,,,,,,,,,,,,,,,,,,,,,,,,,,,,,,,,,,,,,,,,,,,,,,,,,,,,,,,,,,,
Northern Europe,3.50011025,1.1907410833333334,1.256715,0.6869602499999999,1.2236324166666668,2.230253333333333,4.126397166666666,8.603909,4.423716,2.24067375,4.652312666666666,3.0258649166666665,3.216949083333333,-0.0098558333333333,-1.5230699166666666,-1.46552975,1.8694518333333332,1.8709294166666668,1.438912083333333,1.011134166666667,0.2301971666666666,10.761991416666667,13.488401416666669,2.5691751666666667,3.905608166666667,,,,,,,,,,,,,,,,,,,,,,,,,,,,,,,,,,,,,,,,,,,,,,,,,,,,,,,,,,,,,,,,,,,,,,,,,,,,,,,,,,,,,,,,,,,,,,,
Northern Europe (FAO),,,,,,,,,,,,,,,,,,,,,,,,,,,,,,,,,,,,,,,,,,,,,,,,,,,,,,,,,,,,,,,,,,,,,,,,,,,,,,,,,,,,,,,,,,,,,,,,,,,,,,,,,,,,,,,,,,,,,,,,
Northern Mariana Islands,,,,,,,,,,,,,,,,,,,,,,,,,,,,,,,,,,,,,,,,,,,,,,,,,67984.0,66778.0,65421.0,63938.0,62354.0,60682.0,58941.0,57150.0,55325.0,54091.0,53608.0,53234.0,52758.0,52178.0,51514.0,50773.0,49959.0,49077.0,48129.0,47528.0,46979.0,46078.0,45143.0,44278.0,,,,,,,,,,,,,,,,,,,,,,,,,,,,,,,,,,,,,,,,,,,,,,,,
Norway,77.48333333333333,76.15833333333333,78.71666666666665,80.14166666666667,81.425,82.55833333333334,84.79166666666667,88.35833333333333,92.05,92.24166666666667,92.15833333333336,93.275,94.25833333333333,97.175,99.98333333333332,102.55833333333334,102.56666666666666,105.15833333333336,106.275,109.74166666666667,107.51666666666668,114.5,125.69166666666666,132.30833333333334,137.01666666666668,135.0,135.0,136.0,137.0,137.0,137.0,137.0,137.0,138.0,139.0,141.0,140.0,140.0,138.0,136.0,135.0,135.0,136.0,138.0,138.0,137.0,137.0,136.0,4513751.0,4538159.0,4564855.0,4591910.0,4623291.0,4660677.0,4709153.0,4768212.0,4828726.0,4889252.0,4953088.0,5018573.0,5079623.0,5137232.0,5188607.0,5234519.0,5276968.0,5311916.0,5347896.0,5379475.0,5408320.0,5457127.0,5519594.0,5572272.0,,,0.2,0.3,0.2,0.2,0.2,0.2,0.1,0.2,0.1,0.1,0.2,0.1,0.2,0.3,0.3,0.3,0.2,0.3,0.2,0.3,0.2,,2.5,2.5,2.5,2.5,2.5,2.5,2.5,2.5,2.5,2.5,2.5,2.5,2.5,2.5,2.5,2.5,2.5,2.5,2.5,2.5,2.5,2.5,,
Norway,77.71666666666667,78.71666666666667,80.675,81.04166666666667,82.28333333333333,84.2,84.8,87.98333333333333,89.91666666666667,92.09166666666664,93.275,93.925,95.91666666666669,97.875,100.0,103.55,105.49166666666667,108.40833333333336,110.75833333333333,112.18333333333334,116.09166666666664,122.78333333333336,129.55833333333334,133.63333333333333,136.75,135.0,135.0,136.0,137.0,137.0,137.0,137.0,137.0,138.0,139.0,141.0,140.0,140.0,138.0,136.0,135.0,135.0,136.0,138.0,138.0,137.0,137.0,136.0,4513751.0,4538159.0,4564855.0,4591910.0,4623291.0,4660677.0,4709153.0,4768212.0,4828726.0,4889252.0,4953088.0,5018573.0,5079623.0,5137232.0,5188607.0,5234519.0,5276968.0,5311916.0,5347896.0,5379475.0,5408320.0,5457127.0,5519594.0,5572272.0,,,0.2,0.3,0.2,0.2,0.2,0.2,0.1,0.2,0.1,0.1,0.2,0.1,0.2,0.3,0.3,0.3,0.2,0.3,0.2,0.3,0.2,,2.5,2.5,2.5,2.5,2.5,2.5,2.5,2.5,2.5,2.5,2.5,2.5,2.5,2.5,2.5,2.5,2.5,2.5,2.5,2.5,2.5,2.5,,
Norway,-1.888367,-1.5161645,3.35798125,1.8176265833333332,1.6014601666666668,1.3927529166666668,2.7038531666666668,4.202677583333333,4.188872333333333,0.2161618333333333,-0.0908724166666666,1.2145751666666669,1.0582944166666666,3.100848833333333,2.8863184166666667,2.5709091666666666,0.0294760833333333,2.5375074166666667,1.0652326666666667,3.265921333333333,-2.016025166666666,6.541326583333333,9.822403916666667,5.305982333333334,5.747090666666666,135.0,135.0,136.0,137.0,137.0,137.0,137.0,137.0,138.0,139.0,141.0,140.0,140.0,138.0,136.0,135.0,135.0,136.0,138.0,138.0,137.0,137.0,136.0,4513751.0,4538159.0,4564855.0,4591910.0,4623291.0,4660677.0,4709153.0,4768212.0,4828726.0,4889252.0,4953088.0,5018573.0,5079623.0,5137232.0,5188607.0,5234519.0,5276968.0,5311916.0,5347896.0,5379475.0,5408320.0,5457127.0,5519594.0,5572272.0,,,0.2,0.3,0.2,0.2,0.2,0.2,0.1,0.2,0.1,0.1,0.2,0.1,0.2,0.3,0.3,0.3,0.2,0.3,0.2,0.3,0.2,,2.5,2.5,2.5,2.5,2.5,2.5,2.5,2.5,2.5,2.5,2.5,2.5,2.5,2.5,2.5,2.5,2.5,2.5,2.5,2.5,2.5,2.5,,
Not classified,,,,,,,,,,,,,,,,,,,,,,,,,,,,,,,,,,,,,,,,,,,,,,,,,,,,,,,,,,,,,,,,,,,,,,,,,,,,,,,,,,,,,,,,,,,,,,,,,,,,,,,,,,,,,,,,,,,,,,,,
OECD members,,,,,,,,,,,,,,,,,,,,,,,,,,,,,,,,,,,,,,,,,,,,,,,,,1211109104.0,1220101353.0,1229012217.0,1237896576.0,1246656490.0,1255746646.0,1264728255.0,1274711058.0,1283973216.0,1292701737.0,1299644689.0,1307733583.0,1315427979.0,1323459714.0,1331675197.0,1340142055.0,1348127258.0,1356470975.0,1364155119.0,1369327995.0,1371811773.0,1379097485.0,1388472514.0,1396914190.0,,,,,,,,,,,,,,,,,,,,,,,,,2.85486855212344,2.92316517396731,3.01219965285341,3.05586954212563,3.02171648294231,2.95415717630354,2.91899871660573,2.95600123522267,3.02382202355847,3.04377604089194,2.96294622168075,2.87180897456543,2.80814714197287,2.7619093356853,2.74377646676256,2.72365456287393,2.71681076824574,2.68559942382844,2.68990732380193,2.67314944342462,2.69508438859272,2.70572134703008,,
Oceania,66.00434366666667,66.46889616666667,67.77820516666667,70.17681608333334,69.98900566666667,72.2427345,74.98250475,82.84358525,88.17959941666668,90.44638533333334,93.20410583333334,94.9501135,97.04680241666668,97.91526325,100.010226,101.02932833333334,102.19687816666668,102.79923341666668,103.79746416666669,106.43176116666666,109.30712475,121.09114425,133.03939841666667,135.21639991666666,137.49079383333336,,,,,,,,,,,,,,,,,,,,,,,,,,,,,,,,,,,,,,,,,,,,,,,,,,,,,,,,,,,,,,,,,,,,,,,,,,,,,,,,,,,,,,,,,,,,,,,
Oceania,68.30414733333333,70.98695041666666,73.17815566666667,74.78007266666667,76.3236755,81.41467725,83.86820983333332,87.88522416666666,91.721024,93.068733,97.58442733333334,96.35593075,97.00186233333334,99.05207583333332,99.97430066666668,100.60889683333332,101.69434258333332,102.41293233333332,104.5932135,107.9799795,109.44076066666666,116.87677466666666,125.04410608333336,128.82691658333331,131.98229,,,,,,,,,,,,,,,,,,,,,,,,,,,,,,,,,,,,,,,,,,,,,,,,,,,,,,,,,,,,,,,,,,,,,,,,,,,,,,,,,,,,,,,,,,,,,,,
Oceania,64.53346241666667,64.50574766666666,65.98274175,69.31015483333333,70.68464883333333,75.03445291666667,79.68566516666667,85.69217141666667,89.67525491666667,91.82703025,94.6041205,96.61540491666666,97.9965575,99.22819008333332,99.94481566666668,100.74888358333334,102.62994141666668,104.513892,106.12529166666668,106.97241741666666,110.02418741666668,117.505201,124.70451925,128.92968483333334,131.0546175,,,,,,,,,,,,,,,,,,,,,,,,,,,,,,,,,,,,,,,,,,,,,,,,,,,,,,,,,,,,,,,,,,,,,,,,,,,,,,,,,,,,,,,,,,,,,,,
Oceania,69.34291033333334,71.4354555,73.4089685,75.10921741666667,77.12173058333333,79.80965083333334,81.67953150000001,85.20932458333333,86.92087975,89.34758533333333,92.40644125,94.04786925,96.17586141666668,98.49521066666668,99.88370066666666,101.15537941666668,103.13114391666666,105.11187483333332,106.82303158333332,107.95865916666666,110.93156941666666,117.92914266666666,124.78205258333332,128.79583475,131.12616483333332,,,,,,,,,,,,,,,,,,,,,,,,,,,,,,,,,,,,,,,,,,,,,,,,,,,,,,,,,,,,,,,,,,,,,,,,,,,,,,,,,,,,,,,,,,,,,,,
Oceania,4.367459166666666,4.442841333333333,3.23423925,3.393707833333333,1.965609333333333,2.7086996666666665,3.8413825833333335,7.38448225,5.87544475,1.9994545833333333,3.5357975,2.2854634166666665,1.854609416666667,1.4837759166666666,1.7826119166666663,1.190088,1.3282516666666666,1.25035325,1.638666416666667,2.4947736666666667,2.729496333333333,8.101237666666666,8.62992025,3.2433906666666665,2.6217081666666666,,,,,,,,,,,,,,,,,,,,,,,,,,,,,,,,,,,,,,,,,,,,,,,,,,,,,,,,,,,,,,,,,,,,,,,,,,,,,,,,,,,,,,,,,,,,,,,
Oceania,6.22158575,3.955326166666667,3.1319725833333334,2.21187325,2.0734803333333334,6.667911416666667,3.0637571666666665,4.807744666666667,4.389086833333333,1.4814031666666665,4.860214083333333,-1.248714833333333,0.6771230833333334,2.1303663333333334,0.940941,0.6359148333333333,1.0873975,0.7091966666666667,2.1270431666666667,3.24185,1.35234725,6.785415166666667,7.030324833333334,3.042353333333333,3.204720333333333,,,,,,,,,,,,,,,,,,,,,,,,,,,,,,,,,,,,,,,,,,,,,,,,,,,,,,,,,,,,,,,,,,,,,,,,,,,,,,,,,,,,,,,,,,,,,,,
Oceania (FAO),,,,,,,,,,,,,,,,,,,,,,,,,,,,,,,,,,,,,,,,,,,,,,,,,,,,,,,,,,,,,,,,,,,,,,,,,,,,,,,,,,,,,,,,,,,,,,,,,,,,,,,,,,,,,,,,,,,,,,,,
Oman,57.17488441666666,57.26602666666667,57.904021416666666,58.65714316666666,61.26188875,65.11384208333332,72.30447483333333,88.65728808333334,88.670687,90.24076316666668,94.39905699999998,96.44284166666668,99.11457275,100.82649316666668,100.00670041666666,98.83327133333334,99.41998566666666,98.68860175,100.02934908333332,101.16399083333332,101.66553525,106.22876791666664,109.67380316666669,112.74062425,111.27710116666668,107.0,109.0,110.0,112.0,115.0,119.0,122.0,125.0,129.0,129.0,126.0,123.0,122.0,122.0,121.0,121.0,121.0,123.0,125.0,125.0,125.0,125.0,124.0,2310217.0,2337140.0,2363796.0,2404821.0,2459802.0,2514795.0,2570174.0,2626529.0,2684659.0,2757446.0,3076763.0,3547106.0,3833913.0,4002439.0,4184895.0,4390877.0,4537396.0,4597877.0,4591241.0,4522497.0,4500424.0,4730226.0,5049269.0,5281538.0,,,,,,,,,,,,,,,,,,,,,,,,,13.3,12.1,11.8,10.7,10.2,10.0,10.0,9.7,7.5,6.3,5.6,6.6,6.8,6.8,7.2,7.2,7.0,6.3,5.8,5.7,5.7,5.7,,
Oman,67.78149175,67.59198908333333,67.74834883333334,68.17175508333334,69.47372316666666,71.93655700000001,76.13080658333332,85.55230533333332,88.51995275,91.40267533333332,95.097344,97.90056166666666,98.93199116666666,99.93517633333332,100.00042408333331,101.10963675,102.71636416666666,103.62983358333334,104.13846458333336,103.71524291666668,105.459953,108.10292966666668,109.13075408333331,109.77854241666668,110.27949883333334,107.0,109.0,110.0,112.0,115.0,119.0,122.0,125.0,129.0,129.0,126.0,123.0,122.0,122.0,121.0,121.0,121.0,123.0,125.0,125.0,125.0,125.0,124.0,2310217.0,2337140.0,2363796.0,2404821.0,2459802.0,2514795.0,2570174.0,2626529.0,2684659.0,2757446.0,3076763.0,3547106.0,3833913.0,4002439.0,4184895.0,4390877.0,4537396.0,4597877.0,4591241.0,4522497.0,4500424.0,4730226.0,5049269.0,5281538.0,,,,,,,,,,,,,,,,,,,,,,,,,13.3,12.1,11.8,10.7,10.2,10.0,10.0,9.7,7.5,6.3,5.6,6.6,6.8,6.8,7.2,7.2,7.0,6.3,5.8,5.7,5.7,5.7,,
Oman,-0.6616238333333333,0.1662991666666666,1.1162118333333333,1.3004046666666669,4.44780275,6.251903083333333,10.986257666666669,22.616178666666663,0.3482068333333334,1.7809096666666668,4.630267916666667,2.1669505,2.769550583333333,1.7417195,-0.8129998333333334,-1.1677629166666663,0.5916075833333333,-0.7264269166666667,1.36016575,1.14484825,0.4972328333333333,4.48967075,3.2561619166666667,2.799117416666667,-0.2058356666666666,107.0,109.0,110.0,112.0,115.0,119.0,122.0,125.0,129.0,129.0,126.0,123.0,122.0,122.0,121.0,121.0,121.0,123.0,125.0,125.0,125.0,125.0,124.0,2310217.0,2337140.0,2363796.0,2404821.0,2459802.0,2514795.0,2570174.0,2626529.0,2684659.0,2757446.0,3076763.0,3547106.0,3833913.0,4002439.0,4184895.0,4390877.0,4537396.0,4597877.0,4591241.0,4522497.0,4500424.0,4730226.0,5049269.0,5281538.0,,,,,,,,,,,,,,,,,,,,,,,,,13.3,12.1,11.8,10.7,10.2,10.0,10.0,9.7,7.5,6.3,5.6,6.6,6.8,6.8,7.2,7.2,7.0,6.3,5.8,5.7,5.7,5.7,,
Other small states,,,,,,,,,,,,,,,,,,,,,,,,,,,,,,,,,,,,,,,,,,,,,,,,,9961679.0,10136134.0,10269557.0,10371059.0,10479844.0,10601352.0,10730365.0,10862640.0,10989567.0,11112466.0,11226214.0,11346082.0,11466589.0,11591200.0,11722398.0,11851918.0,11989367.0,12135267.0,12281907.0,12417333.0,12541889.0,12699005.0,12842214.0,12969162.0,,,,,,,,,,,,,,,,,,,,,,,,,14.4552214650669,13.6880756765391,12.6885995337757,11.976238849124,11.5529379144425,11.1939617896833,11.0371862963009,11.0313748321433,10.9894911329138,10.6234416859578,10.1816928245603,9.61382933459173,9.08597110660672,8.7392539338766,8.6497789823991,8.62260592295413,8.51146616905984,8.2566245196464,8.18260445001516,8.26004021369151,8.48845471892326,8.63868850219077,,
Pacific island small states,,,,,,,,,,,,,,,,,,,,,,,,,,,,,,,,,,,,,,,,,,,,,,,,,2069097.0,2095273.0,2120592.0,2145505.0,2170029.0,2194265.0,2218230.0,2240739.0,2262456.0,2289399.0,2320899.0,2351924.0,2382931.0,2414338.0,2445989.0,2477794.0,2509999.0,2542009.0,2568656.0,2595522.0,2625493.0,2656049.0,2689224.0,2722467.0,,,,,,,,,,,,,,,,,,,,,,,,,6.48808197122024,6.38670913115005,6.22633861266964,6.24640820850267,6.15173707522759,6.22950836016818,6.28260491025268,6.50098261417368,7.21558291510978,8.06321458210856,9.03755390198772,9.53570686774291,9.90908260081766,9.9478687699517,10.0057022687826,10.1086078886418,9.97093833819005,9.67927455129069,9.73454149718874,10.4158776360173,10.9810585624876,11.2078936905747,,
Pakistan,26.15469208333333,27.231980583333332,28.272533166666665,31.25719433333333,34.335881666666666,37.251298166666665,41.27981141666667,52.64789033333333,59.7665955,69.94080766666667,80.12575525,86.92057708333334,94.02327825,99.46695725,100.01676958333331,102.47252141666668,105.8404095,108.15774975,119.70179308333331,138.1991495,152.71796666666668,190.89235,263.30422758333333,278.5527925,272.88490299999995,108.0,105.0,105.0,106.0,106.0,106.0,107.0,107.0,106.0,106.0,106.0,106.0,106.0,107.0,108.0,110.0,110.0,111.0,111.0,114.0,113.0,113.0,112.0,159270907.0,163222549.0,167110248.0,171286000.0,175453212.0,179682690.0,184493231.0,189499113.0,194376534.0,199239047.0,203746065.0,207667125.0,211073978.0,214264647.0,217290883.0,220138869.0,223273967.0,226928892.0,230800899.0,235001746.0,239477801.0,243700667.0,247504495.0,251269164.0,56.2,,,40.9,40.8,,34.9,,,26.7,25.9,,21.2,,16.9,,,16.5,,,,,,,20.7,21.3,20.4,18.5,17.0,15.8,15.2,15.2,15.2,14.9,14.5,14.4,13.6,12.9,11.8,11.2,10.6,10.8,12.8,15.8,18.9,20.7,,
Pakistan,31.374297416666668,32.40482516666667,33.3509925,35.83384866666667,39.08158775,42.17727325,45.382191166666665,54.351968166666666,60.95239175,68.83894258333333,77.04185491666667,84.50131833333333,91.00129166666666,97.54372408333334,100.01092491666668,103.77645533333332,108.0161115,113.50123141666668,125.50780225,137.73225366666665,150.81159841666667,180.78368425,236.40743991666668,266.27168491666663,269.5207735,108.0,105.0,105.0,106.0,106.0,106.0,107.0,107.0,106.0,106.0,106.0,106.0,106.0,107.0,108.0,110.0,110.0,111.0,111.0,114.0,113.0,113.0,112.0,159270907.0,163222549.0,167110248.0,171286000.0,175453212.0,179682690.0,184493231.0,189499113.0,194376534.0,199239047.0,203746065.0,207667125.0,211073978.0,214264647.0,217290883.0,220138869.0,223273967.0,226928892.0,230800899.0,235001746.0,239477801.0,243700667.0,247504495.0,251269164.0,56.2,,,40.9,40.8,,34.9,,,26.7,25.9,,21.2,,16.9,,,16.5,,,,,,,20.7,21.3,20.4,18.5,17.0,15.8,15.2,15.2,15.2,14.9,14.5,14.4,13.6,12.9,11.8,11.2,10.6,10.8,12.8,15.8,18.9,20.7,,
Pakistan,3.9674944166666655,4.1155246666666665,3.818745416666667,10.539505166666666,9.95,8.475,10.775,27.38333333333333,13.892458833333334,16.911593916666664,14.805995500000002,8.553406416666666,8.1443105,5.86173925,0.5687081666666666,2.4535526666666665,3.293669833333334,2.20983125,10.62197825,15.540388916666666,10.56185175,24.66445058333333,38.73180275,6.267248,-1.9316395,108.0,105.0,105.0,106.0,106.0,106.0,107.0,107.0,106.0,106.0,106.0,106.0,106.0,107.0,108.0,110.0,110.0,111.0,111.0,114.0,113.0,113.0,112.0,159270907.0,163222549.0,167110248.0,171286000.0,175453212.0,179682690.0,184493231.0,189499113.0,194376534.0,199239047.0,203746065.0,207667125.0,211073978.0,214264647.0,217290883.0,220138869.0,223273967.0,226928892.0,230800899.0,235001746.0,239477801.0,243700667.0,247504495.0,251269164.0,56.2,,,40.9,40.8,,34.9,,,26.7,25.9,,21.2,,16.9,,,16.5,,,,,,,20.7,21.3,20.4,18.5,17.0,15.8,15.2,15.2,15.2,14.9,14.5,14.4,13.6,12.9,11.8,11.2,10.6,10.8,12.8,15.8,18.9,20.7,,
Palau,60.09187166666666,59.45122008333333,59.4204195,63.79409758333333,63.25816791666667,62.24174991666667,65.3033245,75.64614891666666,83.94381675,85.73640883333333,89.03822774999999,93.76919208333334,96.58436225,97.87798525,100.01554341666667,96.73836491666668,99.0619005,103.09973075,103.82515383333332,106.14813775,109.55518066666669,124.626048,145.68776891666667,145.59810975,148.96439866666665,,,,,,,,,,,,,,,,,,,,,,,,19352.0,19503.0,19659.0,19820.0,19819.0,19593.0,19302.0,19009.0,18709.0,18396.0,18078.0,17765.0,17648.0,17715.0,17770.0,17797.0,17812.0,17814.0,17798.0,17792.0,17783.0,17759.0,17727.0,17695.0,,,,,,,,,,,,,,,,,,,,,,,,,,,,,,,,,,,,,,,,,,,,,,,,
Palau,62.83334225,62.02996875,62.27506575,65.52940933333333,67.95995549999999,71.05770925,73.2976235,81.583264,83.62573875,84.73548383333333,88.1191845,91.83648925,94.75042025,98.65835575,100.00638925,98.86260325,100.18845316666666,102.24074008333334,102.63075016666666,103.02076025,104.96251275,117.54241416666667,133.01834775,136.52014066666666,136.520141,,,,,,,,,,,,,,,,,,,,,,,,19352.0,19503.0,19659.0,19820.0,19819.0,19593.0,19302.0,19009.0,18709.0,18396.0,18078.0,17765.0,17648.0,17715.0,17770.0,17797.0,17812.0,17814.0,17798.0,17792.0,17783.0,17759.0,17727.0,17695.0,,,,,,,,,,,,,,,,,,,,,,,,,,,,,,,,,,,,,,,,,,,,,,,,
Palau,1.4776475833333331,-1.06900325,-0.0137506666666666,7.37240825,-0.7892161666666665,-1.5882054166666668,4.92261225,15.755104583333331,11.435471666666666,2.14187825,3.8569379166666655,5.421194750000001,3.0035143333333334,1.3449753333333334,2.2145765833333333,-3.2332024166666664,2.4070791666666667,4.080282666666666,0.7248673333333334,2.24369775,3.2255937500000003,13.782905333333334,16.974202833333333,-0.0149471666666666,3.590145,,,,,,,,,,,,,,,,,,,,,,,,19352.0,19503.0,19659.0,19820.0,19819.0,19593.0,19302.0,19009.0,18709.0,18396.0,18078.0,17765.0,17648.0,17715.0,17770.0,17797.0,17812.0,17814.0,17798.0,17792.0,17783.0,17759.0,17727.0,17695.0,,,,,,,,,,,,,,,,,,,,,,,,,,,,,,,,,,,,,,,,,,,,,,,,
Palestine,58.49234275,60.00977758333334,62.79133733333333,64.14151491666667,66.64395416666666,70.708593,73.85252799999999,86.60030633333334,89.71559716666667,92.76624583333334,94.99662266666668,97.01272141666668,97.79175775,98.15133666666668,100.0202385,98.51663416666666,97.56404416666668,96.88135833333332,100.10506125,97.63698508333334,98.473892,105.10890216666668,111.77569625,177.781111,225.4820145,,,,,,,,,,,,,,,,,,,,,,,,,,,,,,,,,,,,,,,,,,,,,,,,,,,,,,,,,,,,,,,,,,,,,,,,,,,,,,,,,,,,,,,,,,,,,,,
Palestine,61.43898458333334,64.94685308333334,67.806484,69.84350958333333,72.71215741666667,75.50600666666666,76.91022508333333,84.51664458333333,86.84417774999999,90.10010275,92.69250216666669,95.26850808333334,96.91131758333334,98.59077633333334,100.00221316666666,99.78310175,99.99521141666666,99.80011316666666,101.37713775,100.63167933333334,101.87697733333331,105.688423,111.893498,171.94578258333334,190.74578666666665,,,,,,,,,,,,,,,,,,,,,,,,,,,,,,,,,,,,,,,,,,,,,,,,,,,,,,,,,,,,,,,,,,,,,,,,,,,,,,,,,,,,,,,,,,,,,,,
Palestine,-0.4595566666666666,2.6050286666666667,4.662904916666666,2.1694116666666665,3.925126,6.108942333333334,4.442205416666667,17.313381,3.687658916666667,3.3995532500000003,2.4261216666666665,2.128135583333333,0.81400325,0.3784881666666666,1.9399080833333333,-1.456754833333333,-0.9560679166666668,-0.65570125,3.332880416666667,-2.4502434166666665,0.9011533333333333,6.753029833333334,6.330443666666667,57.88528866666667,52.47667116666667,,,,,,,,,,,,,,,,,,,,,,,,,,,,,,,,,,,,,,,,,,,,,,,,,,,,,,,,,,,,,,,,,,,,,,,,,,,,,,,,,,,,,,,,,,,,,,,
Panama,56.80963608333334,57.469948,57.60376016666667,57.962693916666666,59.6161755,60.39856458333333,64.455744,74.07866141666666,78.35134933333333,80.60013216666667,85.36474133333333,92.26100933333332,97.56907425,100.75247425,99.96192316666666,101.42783366666669,100.88429375,100.24019908333332,100.73182266666667,100.061605,101.70259316666666,105.66803758333332,109.26452566666669,109.903992,111.85213783333334,100.0,103.0,105.0,107.0,109.0,110.0,112.0,114.0,116.0,118.0,120.0,121.0,122.0,122.0,122.0,123.0,127.0,130.0,131.0,131.0,131.0,131.0,132.0,3069537.0,3129344.0,3189807.0,3251155.0,3313026.0,3375024.0,3437490.0,3500648.0,3564381.0,3628535.0,3693505.0,3759256.0,3825329.0,3892101.0,3960035.0,4029086.0,4098707.0,4167860.0,4234700.0,4293261.0,4345405.0,4400773.0,4458759.0,4515577.0,20.8,17.2,16.8,15.5,14.5,15.7,13.0,9.0,6.6,7.7,6.1,7.4,5.9,6.4,4.8,4.8,4.3,3.7,2.9,,3.3,,3.7,3.1,23.6,19.7,20.1,20.3,20.6,17.7,15.4,13.4,11.5,9.8,7.9,7.2,7.1,7.1,7.0,6.6,5.8,5.0,4.4,4.7,5.1,5.6,,
Panama,65.05268258333334,65.62876874999999,65.74533208333334,66.05744033333333,67.94396333333334,69.61395333333333,72.51590366666666,78.86734191666666,80.767298,83.58711758333332,88.49853141666667,93.5413545,97.30841441666666,99.86424608333334,100.0015515,100.74129725,101.62337383333332,102.39731525,102.033719,100.45191533333332,102.08998808333332,105.00940583333332,106.57028,107.30905225,107.28969583333334,100.0,103.0,105.0,107.0,109.0,110.0,112.0,114.0,116.0,118.0,120.0,121.0,122.0,122.0,122.0,123.0,127.0,130.0,131.0,131.0,131.0,131.0,132.0,3069537.0,3129344.0,3189807.0,3251155.0,3313026.0,3375024.0,3437490.0,3500648.0,3564381.0,3628535.0,3693505.0,3759256.0,3825329.0,3892101.0,3960035.0,4029086.0,4098707.0,4167860.0,4234700.0,4293261.0,4345405.0,4400773.0,4458759.0,4515577.0,20.8,17.2,16.8,15.5,14.5,15.7,13.0,9.0,6.6,7.7,6.1,7.4,5.9,6.4,4.8,4.8,4.3,3.7,2.9,,3.3,,3.7,3.1,23.6,19.7,20.1,20.3,20.6,17.7,15.4,13.4,11.5,9.8,7.9,7.2,7.1,7.1,7.0,6.6,5.8,5.0,4.4,4.7,5.1,5.6,,
Panama,0.40387725,1.163867166666667,0.2337123333333333,0.6242916666666667,2.85345,1.3140923333333332,6.703451333333334,14.914268,5.906854249999999,2.872870333333333,5.90426975,8.084010166666667,5.762815916666667,3.2816007500000004,-0.7752883333333332,1.4701824166666668,-0.5346804166666667,-0.6337735,0.4913211666666666,-0.6652510833333333,1.639061,3.8922796666666666,3.4253101666666663,0.588148,1.746525,100.0,103.0,105.0,107.0,109.0,110.0,112.0,114.0,116.0,118.0,120.0,121.0,122.0,122.0,122.0,123.0,127.0,130.0,131.0,131.0,131.0,131.0,132.0,3069537.0,3129344.0,3189807.0,3251155.0,3313026.0,3375024.0,3437490.0,3500648.0,3564381.0,3628535.0,3693505.0,3759256.0,3825329.0,3892101.0,3960035.0,4029086.0,4098707.0,4167860.0,4234700.0,4293261.0,4345405.0,4400773.0,4458759.0,4515577.0,20.8,17.2,16.8,15.5,14.5,15.7,13.0,9.0,6.6,7.7,6.1,7.4,5.9,6.4,4.8,4.8,4.3,3.7,2.9,,3.3,,3.7,3.1,23.6,19.7,20.1,20.3,20.6,17.7,15.4,13.4,11.5,9.8,7.9,7.2,7.1,7.1,7.0,6.6,5.8,5.0,4.4,4.7,5.1,5.6,,
Papua New Guinea,69.57171466666667,73.18155258333333,78.24495925000001,79.20529208333333,79.78780833333333,80.84770716666667,81.05969108333333,84.78894283333334,87.67027783333333,93.60178291666666,94.06510833333334,93.15320533333332,91.32939958333333,95.39432275,100.0156615,105.37888741666666,108.50099575,109.22817933333332,112.54998683333334,115.12730066666668,119.80310066666668,128.05125125,137.39831975,143.72868025,148.60606900000002,98.0,97.0,96.0,96.0,97.0,97.0,97.0,97.0,97.0,97.0,97.0,98.0,99.0,99.0,99.0,99.0,99.0,98.0,98.0,98.0,98.0,97.0,97.0,5728435.0,5924003.0,6123997.0,6328041.0,6535905.0,6747720.0,6963345.0,7183002.0,7406438.0,7633523.0,7859346.0,8081390.0,8302698.0,8523441.0,8743246.0,8961718.0,9178714.0,9394513.0,9609010.0,9815746.0,10012896.0,10203169.0,10389635.0,10576502.0,,,,,,,,,52.2,,,,,,,,,,,,,,,,26.6,27.3,28.0,28.9,27.8,27.8,27.1,27.5,28.4,29.2,29.1,27.6,26.3,26.5,26.8,27.2,27.3,27.5,27.3,27.4,27.0,27.7,,
Papua New Guinea,45.11252241666667,50.265644916666666,57.94611508333333,59.46950875,60.41059641666666,62.13274916666666,62.48073566666667,68.78830983333333,73.85316583333334,78.28756116666666,81.85500875,85.46855591666667,89.91982141666666,94.33559025,100.01503583333331,106.66708641666666,112.61630566666668,117.92943358333332,122.40267575,128.08935549999998,133.75171033333334,141.03875908333333,144.222423,145.46973158333333,151.17133866666666,98.0,97.0,96.0,96.0,97.0,97.0,97.0,97.0,97.0,97.0,97.0,98.0,99.0,99.0,99.0,99.0,99.0,98.0,98.0,98.0,98.0,97.0,97.0,5728435.0,5924003.0,6123997.0,6328041.0,6535905.0,6747720.0,6963345.0,7183002.0,7406438.0,7633523.0,7859346.0,8081390.0,8302698.0,8523441.0,8743246.0,8961718.0,9178714.0,9394513.0,9609010.0,9815746.0,10012896.0,10203169.0,10389635.0,10576502.0,,,,,,,,,52.2,,,,,,,,,,,,,,,,26.6,27.3,28.0,28.9,27.8,27.8,27.1,27.5,28.4,29.2,29.1,27.6,26.3,26.5,26.8,27.2,27.3,27.5,27.3,27.4,27.0,27.7,,
Papua New Guinea,4.186141833333333,5.17944375,6.956626,1.2322455,0.7345875,1.3324190833333334,0.2637295833333333,4.5969625,3.412189833333333,6.76174075,0.5504665833333333,-0.9749186666666666,-1.930281583333333,4.447514916666667,4.8468315833333335,5.380841416666667,2.965628583333333,0.6722391666666666,3.0436925,2.2915925833333333,4.055755833333333,6.86914725,7.334352083333333,4.6093895,5.792619666666667,98.0,97.0,96.0,96.0,97.0,97.0,97.0,97.0,97.0,97.0,97.0,98.0,99.0,99.0,99.0,99.0,99.0,98.0,98.0,98.0,98.0,97.0,97.0,5728435.0,5924003.0,6123997.0,6328041.0,6535905.0,6747720.0,6963345.0,7183002.0,7406438.0,7633523.0,7859346.0,8081390.0,8302698.0,8523441.0,8743246.0,8961718.0,9178714.0,9394513.0,9609010.0,9815746.0,10012896.0,10203169.0,10389635.0,10576502.0,,,,,,,,,52.2,,,,,,,,,,,,,,,,26.6,27.3,28.0,28.9,27.8,27.8,27.1,27.5,28.4,29.2,29.1,27.6,26.3,26.5,26.8,27.2,27.3,27.5,27.3,27.4,27.0,27.7,,
Paraguay,27.58158558333333,31.98266183333333,39.62601183333334,42.45828158333334,46.3203765,53.583279,62.8905685,72.84504166666666,73.28154516666667,79.53431400000001,90.11810341666668,88.42311000000001,91.27455383333334,97.17018366666667,100.01595891666666,105.85490016666668,111.96594691666668,116.32362808333332,117.67815475,119.10089508333334,130.08328,149.53389266666667,158.44063566666668,170.83601624999997,180.3177025,116.0,117.0,117.0,118.0,118.0,121.0,123.0,125.0,128.0,130.0,131.0,131.0,131.0,132.0,131.0,131.0,131.0,131.0,131.0,131.0,131.0,129.0,127.0,5187689.0,5261328.0,5326436.0,5388175.0,5448097.0,5505148.0,5559386.0,5613574.0,5671236.0,5737971.0,5814626.0,5897008.0,5982445.0,6069811.0,6159103.0,6249126.0,6338660.0,6427382.0,6515058.0,6603739.0,6684182.0,6760464.0,6844146.0,6929153.0,13.5,19.6,13.8,10.7,10.1,14.1,12.6,7.9,9.1,9.4,8.9,6.4,4.1,4.3,4.2,4.2,2.4,3.1,2.4,2.6,1.9,3.2,2.4,2.1,9.9,8.7,8.2,7.5,7.0,5.6,4.3,3.4,2.7,2.5,2.5,2.5,2.5,2.5,2.5,2.6,2.6,2.7,3.1,3.4,3.9,4.5,,
Paraguay,40.637721416666665,44.90884416666666,51.302425,53.520364916666665,57.1637005,62.6453275,67.73868983333334,74.61740775,76.55145125,80.11198383333333,86.72440158333332,89.91232025,92.32543875,96.96832591666669,100.00246758333331,104.08939116666666,107.839188,112.12645358333332,115.21788908333332,117.25438366666668,122.86850358333334,134.86730924999998,141.11439391666667,146.52669908333334,151.70966966666666,116.0,117.0,117.0,118.0,118.0,121.0,123.0,125.0,128.0,130.0,131.0,131.0,131.0,132.0,131.0,131.0,131.0,131.0,131.0,131.0,131.0,129.0,127.0,5187689.0,5261328.0,5326436.0,5388175.0,5448097.0,5505148.0,5559386.0,5613574.0,5671236.0,5737971.0,5814626.0,5897008.0,5982445.0,6069811.0,6159103.0,6249126.0,6338660.0,6427382.0,6515058.0,6603739.0,6684182.0,6760464.0,6844146.0,6929153.0,13.5,19.6,13.8,10.7,10.1,14.1,12.6,7.9,9.1,9.4,8.9,6.4,4.1,4.3,4.2,4.2,2.4,3.1,2.4,2.6,1.9,3.2,2.4,2.1,9.9,8.7,8.2,7.5,7.0,5.6,4.3,3.4,2.7,2.5,2.5,2.5,2.5,2.5,2.5,2.6,2.6,2.7,3.1,3.4,3.9,4.5,,
Paraguay,-2.733723583333333,15.91546625,24.366579,7.20399175,9.1046875,15.598733666666668,17.527426416666668,16.211066666666667,0.6376606666666667,8.5458085,13.435901666666666,-1.8494663333333328,3.2784665,6.524748083333333,2.934063833333333,5.863792749999999,5.787211916666667,3.9248999166666665,1.1696853333333332,1.2047995,9.211276166666666,15.080874666666666,5.974211583333333,7.835638083333333,5.0187230000000005,116.0,117.0,117.0,118.0,118.0,121.0,123.0,125.0,128.0,130.0,131.0,131.0,131.0,132.0,131.0,131.0,131.0,131.0,131.0,131.0,131.0,129.0,127.0,5187689.0,5261328.0,5326436.0,5388175.0,5448097.0,5505148.0,5559386.0,5613574.0,5671236.0,5737971.0,5814626.0,5897008.0,5982445.0,6069811.0,6159103.0,6249126.0,6338660.0,6427382.0,6515058.0,6603739.0,6684182.0,6760464.0,6844146.0,6929153.0,13.5,19.6,13.8,10.7,10.1,14.1,12.6,7.9,9.1,9.4,8.9,6.4,4.1,4.3,4.2,4.2,2.4,3.1,2.4,2.6,1.9,3.2,2.4,2.1,9.9,8.7,8.2,7.5,7.0,5.6,4.3,3.4,2.7,2.5,2.5,2.5,2.5,2.5,2.5,2.6,2.6,2.7,3.1,3.4,3.9,4.5,,
Peru,63.1180165,62.95722841666666,63.4354545,66.97865266666666,67.609512,69.25378275,70.98921266666666,77.48269833333333,80.76005566666667,82.50095591666667,86.52785541666667,91.05011766666668,92.82858308333334,95.78431,100.00766691666666,103.5942355,106.69986416666669,104.983088,106.6665515,108.69572858333332,115.22287266666666,130.26617833333333,145.1840896666667,145.2320535,146.28903966666667,103.0,102.0,101.0,102.0,105.0,107.0,109.0,111.0,113.0,114.0,115.0,116.0,118.0,119.0,120.0,120.0,120.0,121.0,122.0,122.0,123.0,122.0,122.0,26964601.0,27288217.0,27580490.0,27852190.0,28101180.0,28324491.0,28530699.0,28719041.0,28896811.0,29086019.0,29304086.0,29550366.0,29817919.0,30115826.0,30457600.0,30866494.0,31324637.0,31897584.0,32449303.0,32838579.0,33155882.0,33475438.0,33845617.0,34217848.0,27.4,24.4,22.5,23.5,25.4,21.8,18.9,15.8,13.7,11.2,10.3,9.5,8.6,8.0,8.0,7.5,7.3,6.1,5.4,10.3,5.2,4.8,5.9,5.1,20.3,21.7,22.0,20.6,17.7,14.8,12.8,10.8,9.3,8.5,7.8,6.8,5.7,5.4,5.8,6.4,6.6,6.2,6.5,6.7,7.1,7.0,,
Peru,68.59774775,68.730234,70.28310925,72.85720958333333,74.034802,75.51716983333334,76.86136508333333,81.30846833333334,83.69587324999999,84.9750145,87.83808691666667,91.01010733333334,93.52917316666668,96.72033775,100.00698366666666,103.56440891666666,106.66605975,108.27581508333331,110.71431833333334,112.9312755,117.75531983333332,127.56870233333336,135.80404475,138.53059241666668,140.31323283333333,103.0,102.0,101.0,102.0,105.0,107.0,109.0,111.0,113.0,114.0,115.0,116.0,118.0,119.0,120.0,120.0,120.0,121.0,122.0,122.0,123.0,122.0,122.0,26964601.0,27288217.0,27580490.0,27852190.0,28101180.0,28324491.0,28530699.0,28719041.0,28896811.0,29086019.0,29304086.0,29550366.0,29817919.0,30115826.0,30457600.0,30866494.0,31324637.0,31897584.0,32449303.0,32838579.0,33155882.0,33475438.0,33845617.0,34217848.0,27.4,24.4,22.5,23.5,25.4,21.8,18.9,15.8,13.7,11.2,10.3,9.5,8.6,8.0,8.0,7.5,7.3,6.1,5.4,10.3,5.2,4.8,5.9,5.1,20.3,21.7,22.0,20.6,17.7,14.8,12.8,10.8,9.3,8.5,7.8,6.8,5.7,5.4,5.8,6.4,6.6,6.2,6.5,6.7,7.1,7.0,,
Peru,2.446385,-0.2532370833333333,0.7637645833333333,5.59369925,0.9509078333333332,2.4343701666666666,2.513366916666667,9.135091833333334,4.304691916666667,2.159596333333333,4.873580083333333,5.250223166666667,1.955208,3.187045,4.412391583333333,3.592391333333333,3.0161085,-1.5753720833333336,1.6106596666666668,1.90052075,5.996800416666666,13.018873166666667,11.639832583333332,0.0559589999999999,0.7834469999999999,103.0,102.0,101.0,102.0,105.0,107.0,109.0,111.0,113.0,114.0,115.0,116.0,118.0,119.0,120.0,120.0,120.0,121.0,122.0,122.0,123.0,122.0,122.0,26964601.0,27288217.0,27580490.0,27852190.0,28101180.0,28324491.0,28530699.0,28719041.0,28896811.0,29086019.0,29304086.0,29550366.0,29817919.0,30115826.0,30457600.0,30866494.0,31324637.0,31897584.0,32449303.0,32838579.0,33155882.0,33475438.0,33845617.0,34217848.0,27.4,24.4,22.5,23.5,25.4,21.8,18.9,15.8,13.7,11.2,10.3,9.5,8.6,8.0,8.0,7.5,7.3,6.1,5.4,10.3,5.2,4.8,5.9,5.1,20.3,21.7,22.0,20.6,17.7,14.8,12.8,10.8,9.3,8.5,7.8,6.8,5.7,5.4,5.8,6.4,6.6,6.2,6.5,6.7,7.1,7.0,,
Philippines,52.837494166666666,53.89155491666667,54.42934108333333,57.72059266666667,61.37753891666667,64.5450995,66.93824816666667,75.60736166666666,80.35601383333334,83.55584183333333,88.13240225,90.491927,92.79193016666666,98.14603566666666,100.00112033333332,101.58472908333331,104.68407758333332,111.85556275,114.16310691666666,117.28507841666664,123.39328341666668,128.95497366666666,139.131215,145.24441525,146.84726650000002,109.0,109.0,109.0,109.0,109.0,109.0,109.0,109.0,109.0,109.0,110.0,110.0,111.0,111.0,113.0,116.0,119.0,121.0,123.0,124.0,126.0,128.0,131.0,81401488.0,83068889.0,84731835.0,86394504.0,88015962.0,89508986.0,91075184.0,92699095.0,94384250.0,96337125.0,98248614.0,100175512.0,102076336.0,103767130.0,105312992.0,106735719.0,108119693.0,109465287.0,110804683.0,112081264.0,113100950.0,113964338.0,114891199.0,115843670.0,,,24.3,,,26.1,,,22.0,,,21.3,,,14.6,,,8.3,,,8.1,,5.3,,18.8,18.6,17.3,16.2,14.6,13.4,12.2,11.3,12.2,13.1,13.6,12.9,12.1,11.4,10.0,8.6,7.1,6.0,5.6,5.8,6.0,5.9,,
Philippines,58.11503166666666,59.6973715,61.0519505,63.97688208333333,68.19645525,71.92454408333333,74.04032441666666,80.09996741666667,83.47442725,86.63311333333333,90.72082475,93.46691158333334,95.88087008333332,99.33049433333332,100.00017325,101.25387416666666,104.14283725,109.67214141666666,112.29557075,114.98298625,119.49857508333334,126.45477616666666,134.01427441666667,138.31962358333334,140.07467033333333,109.0,109.0,109.0,109.0,109.0,109.0,109.0,109.0,109.0,109.0,110.0,110.0,111.0,111.0,113.0,116.0,119.0,121.0,123.0,124.0,126.0,128.0,131.0,81401488.0,83068889.0,84731835.0,86394504.0,88015962.0,89508986.0,91075184.0,92699095.0,94384250.0,96337125.0,98248614.0,100175512.0,102076336.0,103767130.0,105312992.0,106735719.0,108119693.0,109465287.0,110804683.0,112081264.0,113100950.0,113964338.0,114891199.0,115843670.0,,,24.3,,,26.1,,,22.0,,,21.3,,,14.6,,,8.3,,,8.1,,5.3,,18.8,18.6,17.3,16.2,14.6,13.4,12.2,11.3,12.2,13.1,13.6,12.9,12.1,11.4,10.0,8.6,7.1,6.0,5.6,5.8,6.0,5.9,,
Philippines,3.6137593333333338,1.9967001666666668,0.99821925,6.034824583333333,6.356637833333333,5.1698045,3.703271666666667,12.930978083333336,6.404638333333334,3.9844676666666663,5.483604499999999,2.6761668333333333,2.5409804166666667,5.77024425,1.9137715,1.5823200833333333,3.0503054166666668,6.841128833333333,2.1069521666666664,2.732037416666667,5.219189416666667,4.5031145,7.925526416666667,4.420876666666667,1.796101333333333,109.0,109.0,109.0,109.0,109.0,109.0,109.0,109.0,109.0,109.0,110.0,110.0,111.0,111.0,113.0,116.0,119.0,121.0,123.0,124.0,126.0,128.0,131.0,81401488.0,83068889.0,84731835.0,86394504.0,88015962.0,89508986.0,91075184.0,92699095.0,94384250.0,96337125.0,98248614.0,100175512.0,102076336.0,103767130.0,105312992.0,106735719.0,108119693.0,109465287.0,110804683.0,112081264.0,113100950.0,113964338.0,114891199.0,115843670.0,,,24.3,,,26.1,,,22.0,,,21.3,,,14.6,,,8.3,,,8.1,,5.3,,18.8,18.6,17.3,16.2,14.6,13.4,12.2,11.3,12.2,13.1,13.6,12.9,12.1,11.4,10.0,8.6,7.1,6.0,5.6,5.8,6.0,5.9,,
Poland,72.38536433333333,71.906982,71.019384,75.267177,76.89827941666667,77.38415766666667,81.01506716666667,85.58756216666666,89.57317833333333,92.06257633333333,96.80920016666666,100.83351166666668,102.68443716666668,101.704156,100.00156283333332,100.93025,105.28347158333332,108.00504125,113.190212,118.38183183333332,121.99339358333332,140.83155716666667,161.88825141666666,167.33608575,175.08335,133.0,133.0,132.0,132.0,131.0,130.0,130.0,130.0,131.0,133.0,134.0,133.0,133.0,132.0,133.0,134.0,136.0,138.0,139.0,141.0,143.0,143.0,144.0,38248076.0,38230364.0,38204570.0,38182222.0,38165445.0,38141267.0,38120560.0,38125759.0,38151603.0,38042794.0,38063255.0,38063164.0,38040196.0,38011735.0,37986412.0,37970087.0,37974826.0,37974750.0,37965475.0,37515748.0,36981559.0,36821749.0,36687353.0,36554707.0,0.4,0.3,0.2,2.8,1.4,0.9,0.6,0.3,0.6,0.6,0.6,0.4,0.6,0.6,0.5,0.4,0.4,0.3,0.1,0.2,0.1,0.3,0.2,,2.5,2.5,2.5,2.5,2.5,2.5,2.5,2.5,2.5,2.5,2.5,2.5,2.5,2.5,2.5,2.5,2.5,2.5,2.5,2.5,2.5,2.5,,
Poland,74.13612633333334,75.54862874999999,76.06440033333332,78.63739033333333,80.35467258333334,81.38698433333333,83.38808108333333,86.86117133333333,90.15789366666668,92.48459275,96.40538575,99.83777591666666,100.82814908333334,100.88241616666666,100.00057683333334,99.33580575,101.39795300000002,103.23624891666668,105.53581433333332,109.09708858333332,114.61197583333336,131.14985433333334,146.27000675,151.81453083333335,157.07592983333333,133.0,133.0,132.0,132.0,131.0,130.0,130.0,130.0,131.0,133.0,134.0,133.0,133.0,132.0,133.0,134.0,136.0,138.0,139.0,141.0,143.0,143.0,144.0,38248076.0,38230364.0,38204570.0,38182222.0,38165445.0,38141267.0,38120560.0,38125759.0,38151603.0,38042794.0,38063255.0,38063164.0,38040196.0,38011735.0,37986412.0,37970087.0,37974826.0,37974750.0,37965475.0,37515748.0,36981559.0,36821749.0,36687353.0,36554707.0,0.4,0.3,0.2,2.8,1.4,0.9,0.6,0.3,0.6,0.6,0.6,0.4,0.6,0.6,0.5,0.4,0.4,0.3,0.1,0.2,0.1,0.3,0.2,,2.5,2.5,2.5,2.5,2.5,2.5,2.5,2.5,2.5,2.5,2.5,2.5,2.5,2.5,2.5,2.5,2.5,2.5,2.5,2.5,2.5,2.5,,
Poland,4.683870166666667,-0.6578244166666667,-1.1910623333333332,5.988050666666666,2.225803583333333,0.6386692500000001,4.6855415,5.673503416666667,4.6551583333333335,2.7929518333333334,5.16039275,4.167247166666667,1.8421868333333336,-0.9578734166666668,-1.64823625,0.929893,4.314888,2.594554666666667,4.808867083333333,4.620442166666667,3.0767675000000003,15.378385833333333,15.283871916666667,3.376050916666667,5.609757833333333,133.0,133.0,132.0,132.0,131.0,130.0,130.0,130.0,131.0,133.0,134.0,133.0,133.0,132.0,133.0,134.0,136.0,138.0,139.0,141.0,143.0,143.0,144.0,38248076.0,38230364.0,38204570.0,38182222.0,38165445.0,38141267.0,38120560.0,38125759.0,38151603.0,38042794.0,38063255.0,38063164.0,38040196.0,38011735.0,37986412.0,37970087.0,37974826.0,37974750.0,37965475.0,37515748.0,36981559.0,36821749.0,36687353.0,36554707.0,0.4,0.3,0.2,2.8,1.4,0.9,0.6,0.3,0.6,0.6,0.6,0.4,0.6,0.6,0.5,0.4,0.4,0.3,0.1,0.2,0.1,0.3,0.2,,2.5,2.5,2.5,2.5,2.5,2.5,2.5,2.5,2.5,2.5,2.5,2.5,2.5,2.5,2.5,2.5,2.5,2.5,2.5,2.5,2.5,2.5,,
Portugal,85.1077105,86.4064705,88.40370483333334,89.39411916666667,88.88751008333332,91.27913816666668,93.51474808333334,96.98956508333332,93.65075166666666,93.42246575,95.38131075,98.43450033333332,100.34314358333334,98.99656075,100.00050983333334,100.490549,102.02973533333332,102.7826765,103.10644383333332,105.25863041666666,106.03306308333332,119.80789358333334,131.83707175,134.93726358333333,137.42215833333333,142.0,142.0,142.0,141.0,141.0,141.0,141.0,141.0,141.0,140.0,140.0,139.0,138.0,138.0,137.0,138.0,138.0,139.0,140.0,140.0,141.0,141.0,141.0,10362722.0,10419631.0,10458821.0,10483861.0,10503330.0,10522288.0,10542964.0,10558177.0,10568247.0,10573100.0,10557560.0,10514844.0,10457295.0,10401062.0,10358076.0,10325452.0,10300300.0,10283822.0,10286263.0,10297081.0,10361831.0,10434332.0,10578174.0,10701636.0,,,1.1,0.7,0.7,0.2,0.6,0.3,0.2,0.2,0.6,0.9,1.0,0.8,0.7,0.4,0.4,0.4,0.2,0.6,0.3,0.2,0.4,,2.5,2.5,2.5,2.5,2.5,2.5,2.5,2.5,2.5,2.5,2.5,2.5,2.5,2.5,2.5,2.5,2.5,2.5,2.5,2.5,2.5,2.5,,
Portugal,76.57416266666667,79.33109808333333,81.884759,83.82162991666667,85.73038591666666,88.39459933333335,90.56377225,92.90802133333334,92.13174683333334,93.42396183333334,96.83674958333334,99.52236033333332,99.79546625,99.51788183333332,100.003468,100.61088625,101.98786083333334,103.00133025,103.34965858333334,103.33680366666664,104.64469325,112.841189,117.70609075,120.55002516666669,122.67590566666668,142.0,142.0,142.0,141.0,141.0,141.0,141.0,141.0,141.0,140.0,140.0,139.0,138.0,138.0,137.0,138.0,138.0,139.0,140.0,140.0,141.0,141.0,141.0,10362722.0,10419631.0,10458821.0,10483861.0,10503330.0,10522288.0,10542964.0,10558177.0,10568247.0,10573100.0,10557560.0,10514844.0,10457295.0,10401062.0,10358076.0,10325452.0,10300300.0,10283822.0,10286263.0,10297081.0,10361831.0,10434332.0,10578174.0,10701636.0,,,1.1,0.7,0.7,0.2,0.6,0.3,0.2,0.2,0.6,0.9,1.0,0.8,0.7,0.4,0.4,0.4,0.2,0.6,0.3,0.2,0.4,,2.5,2.5,2.5,2.5,2.5,2.5,2.5,2.5,2.5,2.5,2.5,2.5,2.5,2.5,2.5,2.5,2.5,2.5,2.5,2.5,2.5,2.5,,
Portugal,6.479941416666667,1.5393286666666668,2.3124239166666665,1.1244651666666667,-0.5620975,2.690692333333333,2.4558940833333334,3.71929575,-3.4198296666666668,-0.1831024166666666,2.0989995833333333,3.20097,1.943124,-1.334074,1.01866625,0.4889275833333333,1.5389566666666663,0.7385244166666668,0.3169301666666667,2.0877009166666665,0.7401144166666667,12.958393083333334,10.393938666666669,2.3643640833333333,1.9739418333333327,142.0,142.0,142.0,141.0,141.0,141.0,141.0,141.0,141.0,140.0,140.0,139.0,138.0,138.0,137.0,138.0,138.0,139.0,140.0,140.0,141.0,141.0,141.0,10362722.0,10419631.0,10458821.0,10483861.0,10503330.0,10522288.0,10542964.0,10558177.0,10568247.0,10573100.0,10557560.0,10514844.0,10457295.0,10401062.0,10358076.0,10325452.0,10300300.0,10283822.0,10286263.0,10297081.0,10361831.0,10434332.0,10578174.0,10701636.0,,,1.1,0.7,0.7,0.2,0.6,0.3,0.2,0.2,0.6,0.9,1.0,0.8,0.7,0.4,0.4,0.4,0.2,0.6,0.3,0.2,0.4,,2.5,2.5,2.5,2.5,2.5,2.5,2.5,2.5,2.5,2.5,2.5,2.5,2.5,2.5,2.5,2.5,2.5,2.5,2.5,2.5,2.5,2.5,,
Post-demographic dividend,,,,,,,,,,,,,,,,,,,,,,,,,,,,,,,,,,,,,,,,,,,,,,,,,1026105872.0,1031302538.0,1036498631.0,1041890752.0,1047140108.0,1052866351.0,1059147302.0,1065603711.0,1071118156.0,1076208648.0,1079468050.0,1084193277.0,1088424167.0,1093025476.0,1097890139.0,1102966925.0,1107161559.0,1111377470.0,1114907717.0,1117025276.0,1116609473.0,1117926537.0,1121892872.0,1128430188.0,,,,,,,,,,,,,,,,,,,,,,,,,2.5693156961665,2.54313124098172,2.54312181107794,2.53766178905387,2.52531614162781,2.52614214277755,2.52280543684007,2.52077767879937,2.57982362625282,2.6036731731511,2.57006186689804,2.52915838153208,2.51336615037496,2.51353050288045,2.53510826762844,2.5354152432681,2.53479978005315,2.53697489380046,2.5888260389937,2.6242566271838,2.69596701856727,2.72829558980654,,
Pre-demographic dividend,,,,,,,,,,,,,,,,,,,,,,,,,,,,,,,,,,,,,,,,,,,,,,,,,578587390.0,596114535.0,614269146.0,632445407.0,651320620.0,670229212.0,688722596.0,708796270.0,730293963.0,752046672.0,774567417.0,798002725.0,822138419.0,846420736.0,870587800.0,895239872.0,920568701.0,946317177.0,972302503.0,998624261.0,1024960313.0,1051201551.0,1078224044.0,1105951788.0,,,,,,,,,,,,,,,,,,,,,,,,,25.9590659119142,25.6703406091731,24.9863536711199,24.11008042071,22.9614614905697,22.0908967036039,21.3421557935317,20.7767926796288,19.7859242925373,18.978333638519,18.4149486287077,18.5124957741434,18.1998963050718,18.5569054875579,19.2278451398604,19.7774781502653,20.1141329896391,20.0999208388519,20.7001300298042,21.4316008702781,22.4367410846248,23.2195251297653,,
Puerto Rico,67.71856883333334,68.91405825,70.1151545,71.65179316666666,73.46523708333334,75.61005133333333,79.67072608333334,85.827973,89.42083050000001,90.00996991666666,92.16156408333336,94.05649783333332,95.42591933333334,97.42633358333336,100.01530066666668,100.794996,101.21893916666666,102.42003491666668,102.30946966666666,101.87177108333331,104.62665141666668,113.9870385,122.10225966666668,125.7373615,128.68862583333333,,,,,,,,,,,,,,,,,,,,,,,,,,,,,,,,,,,,,,,,,,,,,,,,,,,,,,,,,,,,,,,,,,,,,,,,,,,,,,,,,,,,,,,,,,,,,,,
Puerto Rico,72.92767483333334,73.06652774999999,74.080455,75.9589855,80.221468,84.37959550000001,87.94695275,92.52931325,92.78643525,95.0822415,97.839002,99.15523558333332,100.20710366666668,100.760364,100.00237091666668,99.6933545,101.47613975,102.73481316666664,102.86661,102.33701808333336,104.8043105,111.14578508333334,114.97578683333334,117.2931095,118.33678683333332,,,,,,,,,,,,,,,,,,,,,,,,,,,,,,,,,,,,,,,,,,,,,,,,,,,,,,,,,,,,,,,,,,,,,,,,,,,,,,,,,,,,,,,,,,,,,,,
Puerto Rico,0.96579325,1.7648203333333334,1.745716,2.189285083333333,2.53356325,2.91774225,5.369840583333333,7.707484333333333,4.268914166666667,0.6603514166666667,2.388993333333333,2.062866666666667,1.4557051666666665,2.09403225,2.651575333333333,0.8097731666666667,0.4240649166666666,1.1886594166666666,-0.1065323333333333,-0.4250403333333333,2.698540583333333,8.922935,7.197705583333334,2.9770411666666665,3.2669175,,,,,,,,,,,,,,,,,,,,,,,,,,,,,,,,,,,,,,,,,,,,,,,,,,,,,,,,,,,,,,,,,,,,,,,,,,,,,,,,,,,,,,,,,,,,,,,
Puerto Rico (US),,,,,,,,,,,,,,,,,,,,,,,,,,,,,,,,,,,,,,,,,,,,,,,,,3818774.0,3823701.0,3826095.0,3826878.0,3821362.0,3805214.0,3782995.0,3760866.0,3740410.0,3724465.0,3693464.0,3661045.0,3631427.0,3585017.0,3535167.0,3480432.0,3410837.0,3290690.0,3302691.0,3281590.0,3262711.0,3220137.0,3203792.0,3203295.0,,,,,,,,,,,,,,,,,,,,,,,,,,,,,,,,,,,,,,,,,,,,,,,,
Qatar,69.11645816666667,71.59540125,73.97893716666667,76.29289133333333,78.33992500000001,80.52147125,83.00004691666668,85.90925399999999,87.67700458333333,90.65016016666668,93.78498383333331,96.72027375,98.93410883333333,99.17321941666668,100.00598425,98.15081516666667,100.03896525,99.98619591666666,99.87488558333332,99.76168,102.42341825,106.54085933333332,108.01315116666666,109.44894716666666,107.62413433333332,,,,,,,,,,,,,,,,,,,,,,,,677925.0,711205.0,744682.0,773332.0,825408.0,972831.0,1208595.0,1426938.0,1608903.0,1616832.0,1624761.0,1722438.0,1916426.0,2151745.0,2344557.0,2477113.0,2545820.0,2580734.0,2638657.0,2794148.0,2504910.0,2657333.0,2656032.0,2857822.0,,,,,,,,,,,,,,,,,0.0,,,,,,,,,,,,,,,,,,,,,,,,,,,,,,,
Qatar,50.623229333333335,53.196397,55.85926116666667,59.613527833333336,64.47146916666667,72.17227733333333,81.95955525,94.35010091666668,90.39373125,88.97525424999999,89.98811833333333,92.07165683333334,95.03818516666666,98.22169891666664,100.00351641666668,102.68020216666667,103.08566475,103.34937383333332,102.66040416666664,100.0525065,102.35818225,107.4712555,110.725108,112.12837483333334,111.335637,,,,,,,,,,,,,,,,,,,,,,,,677925.0,711205.0,744682.0,773332.0,825408.0,972831.0,1208595.0,1426938.0,1608903.0,1616832.0,1624761.0,1722438.0,1916426.0,2151745.0,2344557.0,2477113.0,2545820.0,2580734.0,2638657.0,2794148.0,2504910.0,2657333.0,2656032.0,2857822.0,,,,,,,,,,,,,,,,,0.0,,,,,,,,,,,,,,,,,,,,,,,,,,,,,,,
Qatar,3.636892583333333,3.58680925,3.33036525,3.1278821666666663,2.684962083333333,2.784769916666667,3.07449825,3.5101765,2.066642333333333,3.391151333333333,3.4653905,3.1335874166666664,2.292190666666667,0.2452354166666666,0.8380725833333335,-1.8490251666666664,1.9213464166666665,0.0357315833333333,-0.10432675,-0.1082565833333333,2.6729044166666664,4.05664575,1.37960025,1.379115833333333,-3.038551,,,,,,,,,,,,,,,,,,,,,,,,677925.0,711205.0,744682.0,773332.0,825408.0,972831.0,1208595.0,1426938.0,1608903.0,1616832.0,1624761.0,1722438.0,1916426.0,2151745.0,2344557.0,2477113.0,2545820.0,2580734.0,2638657.0,2794148.0,2504910.0,2657333.0,2656032.0,2857822.0,,,,,,,,,,,,,,,,,0.0,,,,,,,,,,,,,,,,,,,,,,,,,,,,,,,
Republic of Korea,57.17515558333333,59.92659325,62.71343191666667,67.77653925,69.881198,70.24827075,72.00705925,75.57167983333333,81.29708983333333,86.50984691666667,93.55323591666668,97.25879808333332,98.09299466666666,98.37979983333334,100.00247408333333,102.31007358333332,105.78704341666666,108.72107108333334,108.77275266666668,113.58625433333332,120.27175175,127.38698425,134.35644741666667,139.5615375,142.89908033333333,123.0,122.0,122.0,123.0,125.0,127.0,129.0,131.0,133.0,134.0,134.0,134.0,134.0,134.0,135.0,136.0,136.0,137.0,137.0,137.0,138.0,139.0,139.0,,,,,,,,,,,,,,,,,,,,,,,,,,,,,,,,,,,,,,,,,,,,,,,,,,,,,,,,,,,,,,,,,,,,,,,,
Republic of Korea,69.27956866666666,71.193252,73.6956055,76.34176633333334,78.44405941666666,80.20304208333333,82.23584749999999,86.07946608333333,88.45224333333334,91.05210833333332,94.71783425,96.78938083333333,98.04894708333336,99.29884975,100.00022916666668,100.97191708333332,102.93514666666664,104.45430416666666,104.85436433333332,105.41773441666668,108.05142083333334,113.55071266666668,117.63564975,120.36684758333332,122.46729583333332,123.0,122.0,122.0,123.0,125.0,127.0,129.0,131.0,133.0,134.0,134.0,134.0,134.0,134.0,135.0,136.0,136.0,137.0,137.0,137.0,138.0,139.0,139.0,,,,,,,,,,,,,,,,,,,,,,,,,,,,,,,,,,,,,,,,,,,,,,,,,,,,,,,,,,,,,,,,,,,,,,,,
Republic of Korea,5.133866,4.840806333333333,4.6619285,8.111196166666668,3.1379820833333336,0.5310388333333333,2.5137666666666667,4.944548583333334,7.656027833333333,6.428663583333333,8.206280916666666,3.983401166666667,0.8676068333333333,0.3056244999999999,1.6509668333333334,2.3145026666666664,3.421325166666667,2.7728784166666665,0.0946748333333333,4.425081083333333,5.9352205,5.915005416666666,5.4686683333333335,3.913944,2.6032083333333333,123.0,122.0,122.0,123.0,125.0,127.0,129.0,131.0,133.0,134.0,134.0,134.0,134.0,134.0,135.0,136.0,136.0,137.0,137.0,137.0,138.0,139.0,139.0,,,,,,,,,,,,,,,,,,,,,,,,,,,,,,,,,,,,,,,,,,,,,,,,,,,,,,,,,,,,,,,,,,,,,,,,
Republic of Moldova,33.294908,34.72839458333333,39.45124908333333,44.48112541666666,50.53749666666667,55.1449105,61.16016125,70.60361208333333,66.64701416666666,70.81737133333333,77.10378108333333,80.00658308333333,85.30582875,90.89459991666666,100.06722291666668,107.52126066666666,116.13569266666669,122.47718133333336,131.98460383333335,141.90249533333335,151.98826033333333,201.70188708333333,228.32398841666668,240.23619925,258.8828985,98.0,97.0,96.0,96.0,96.0,98.0,100.0,101.0,104.0,106.0,108.0,110.0,110.0,112.0,114.0,117.0,120.0,122.0,123.0,122.0,121.0,121.0,121.0,,,,,,,,,,,,,,,,,,,,,,,,,,,,,,,,,,,,,,,,,,,,,,,,,,,,,,,,,,,,,,,,,,,,,,,,
Republic of Moldova,32.39396766666667,34.11125091666667,38.11798566666667,42.89198758333333,48.02151916666667,54.1575915,60.85535133333334,68.63451966666666,68.59147291666666,73.7247565,79.39216375,83.00159691666666,86.81790966666667,91.23588708333334,100.06409075,106.42747558333332,113.42000541666664,116.87370566666668,122.52780266666667,127.14216433333333,133.63456633333334,172.0375293333333,195.11982250000003,204.247011,218.5286501666667,98.0,97.0,96.0,96.0,96.0,98.0,100.0,101.0,104.0,106.0,108.0,110.0,110.0,112.0,114.0,117.0,120.0,122.0,123.0,122.0,121.0,121.0,121.0,,,,,,,,,,,,,,,,,,,,,,,,,,,,,,,,,,,,,,,,,,,,,,,,,,,,,,,,,,,,,,,,,,,,,,,,
Republic of Moldova,11.1449175,4.292696833333333,13.752769666666666,12.844276333333331,13.711663583333332,9.125711333333332,10.949123666666669,15.677610583333331,-5.552320833333333,6.305219416666667,8.925765083333333,3.7700246666666666,6.624174833333334,6.568383083333334,10.08394775,7.56470125,8.019014583333332,5.514772,7.77260975,7.602597916666667,7.125286583333334,32.601581583333335,13.782673583333334,5.216235333333334,9.2487745,98.0,97.0,96.0,96.0,96.0,98.0,100.0,101.0,104.0,106.0,108.0,110.0,110.0,112.0,114.0,117.0,120.0,122.0,123.0,122.0,121.0,121.0,121.0,,,,,,,,,,,,,,,,,,,,,,,,,,,,,,,,,,,,,,,,,,,,,,,,,,,,,,,,,,,,,,,,,,,,,,,,
Romania,48.4257805,57.29029216666667,65.70464541666666,71.94014525,76.360666,79.32686008333333,82.41052133333334,90.00311341666666,92.93079758333332,95.10307608333332,100.82097275,102.73129466666668,105.77158833333334,104.04505625,100.08738591666666,97.44166666666666,99.84166666666664,103.6,108.45833333333331,113.65833333333336,117.34166666666664,135.74166666666667,155.95833333333334,161.50833333333333,167.8,132.0,135.0,137.0,137.0,137.0,136.0,136.0,135.0,135.0,135.0,135.0,136.0,137.0,139.0,142.0,143.0,145.0,146.0,146.0,147.0,146.0,146.0,147.0,22131970.0,21730496.0,21574326.0,21451748.0,21319685.0,21193760.0,20882982.0,20537875.0,20367487.0,20246871.0,20147528.0,20058035.0,19983693.0,19908979.0,19815616.0,19702267.0,19588715.0,19473970.0,19371648.0,19265250.0,19122059.0,19048502.0,19059479.0,19069340.0,9.5,9.1,7.0,5.3,4.2,11.1,8.1,6.0,5.3,6.3,7.1,8.4,8.7,8.9,7.6,5.2,4.9,3.7,3.1,2.4,2.0,1.5,0.7,,2.5,2.5,2.5,2.5,2.5,2.5,2.5,2.5,2.5,2.5,2.5,2.5,2.5,2.5,2.5,2.5,2.5,2.5,2.5,2.5,2.5,2.5,,
Romania,37.65916666666667,46.1475,53.19583333333333,59.5125,64.8775,69.13250000000001,72.47666666666667,78.16666666666667,82.53416666666666,87.56166666666667,92.63083333333331,95.72,99.53416666666668,100.5975,99.9997935,98.455,99.77333333333333,104.38833333333334,108.38416666666666,111.23583333333332,116.85583333333334,132.97666666666666,146.80249999999998,155.20166666666668,161.375,132.0,135.0,137.0,137.0,137.0,136.0,136.0,135.0,135.0,135.0,135.0,136.0,137.0,139.0,142.0,143.0,145.0,146.0,146.0,147.0,146.0,146.0,147.0,22131970.0,21730496.0,21574326.0,21451748.0,21319685.0,21193760.0,20882982.0,20537875.0,20367487.0,20246871.0,20147528.0,20058035.0,19983693.0,19908979.0,19815616.0,19702267.0,19588715.0,19473970.0,19371648.0,19265250.0,19122059.0,19048502.0,19059479.0,19069340.0,9.5,9.1,7.0,5.3,4.2,11.1,8.1,6.0,5.3,6.3,7.1,8.4,8.7,8.9,7.6,5.2,4.9,3.7,3.1,2.4,2.0,1.5,0.7,,2.5,2.5,2.5,2.5,2.5,2.5,2.5,2.5,2.5,2.5,2.5,2.5,2.5,2.5,2.5,2.5,2.5,2.5,2.5,2.5,2.5,2.5,,
Romania,36.30940958333333,18.46713633333333,14.708313416666668,9.530203166666666,6.155028916666667,3.9103011666666663,3.91748225,9.272461,3.2802244166666665,2.353500083333333,6.084985916666667,1.9530653333333328,3.0192125,-1.6128911666666663,-3.82779675,-2.4836144166666667,2.4636901666666664,3.76697775,4.688372416666667,4.7960325,3.2467563333333334,15.60392475,15.222213000000002,3.5769353333333336,4.906022,132.0,135.0,137.0,137.0,137.0,136.0,136.0,135.0,135.0,135.0,135.0,136.0,137.0,139.0,142.0,143.0,145.0,146.0,146.0,147.0,146.0,146.0,147.0,22131970.0,21730496.0,21574326.0,21451748.0,21319685.0,21193760.0,20882982.0,20537875.0,20367487.0,20246871.0,20147528.0,20058035.0,19983693.0,19908979.0,19815616.0,19702267.0,19588715.0,19473970.0,19371648.0,19265250.0,19122059.0,19048502.0,19059479.0,19069340.0,9.5,9.1,7.0,5.3,4.2,11.1,8.1,6.0,5.3,6.3,7.1,8.4,8.7,8.9,7.6,5.2,4.9,3.7,3.1,2.4,2.0,1.5,0.7,,2.5,2.5,2.5,2.5,2.5,2.5,2.5,2.5,2.5,2.5,2.5,2.5,2.5,2.5,2.5,2.5,2.5,2.5,2.5,2.5,2.5,2.5,,
Russia,,,,,,,,,,,,,,,,,,,,,,,,,,,,,,,,,,,,,,,,,,,,,,,,,,,,,,,,,,,,,,,,,,,,,,,,,,,,,,,,,,,,,,,,,,,,,,,,,,,,,,,,,,,,,,,,,,,,,,,,
Russian Federation,20.898464916666665,24.55228908333333,28.26382658333333,31.860143333333337,36.126531666666665,39.44809333333333,42.91773666666666,51.98153083333333,58.01918083333334,61.84063666666666,68.55681583333333,70.80975500000001,75.16608000000001,82.65446583333333,99.99999083333334,105.764275,108.620825,110.37661666666666,116.63775,121.682825,133.37020833333335,154.82677233333334,161.59549916666666,177.15979208333331,193.615682,118.0,120.0,122.0,125.0,127.0,130.0,132.0,132.0,132.0,132.0,133.0,134.0,135.0,135.0,135.0,135.0,136.0,136.0,136.0,137.0,138.0,139.0,141.0,145976482.0,145306497.0,144648618.0,144067316.0,143518814.0,143049637.0,142805114.0,142742366.0,142785348.0,142849468.0,143018195.0,143378447.0,143805638.0,144237223.0,144640716.0,145015460.0,145293260.0,145398106.0,145453291.0,145245148.0,144746762.0,144236933.0,143826130.0,143533851.0,3.2,2.0,2.1,1.8,1.4,0.9,0.4,0.2,0.2,0.2,0.1,0.1,0.1,0.4,0.4,0.4,0.4,0.2,0.3,0.1,0.2,0.1,0.1,,4.1,3.4,2.9,2.5,2.5,2.5,2.5,2.5,2.5,2.5,2.5,2.5,2.5,2.5,2.5,2.5,2.5,2.5,2.5,2.5,2.5,2.5,,
Russian Federation,24.665268166666667,28.559601,32.461783,35.996421833333336,40.56267725,44.4845425,48.49139808333334,55.333906500000005,61.778829083333335,66.01030358333334,71.58188008333333,75.21447658333334,80.29424425,86.57599366666666,100.02505916666668,107.06927158333332,111.01298566666668,114.20826925,119.31379766666667,123.34858383333334,131.60610408333335,149.6936255,158.4742335,171.88038125,183.684668,118.0,120.0,122.0,125.0,127.0,130.0,132.0,132.0,132.0,132.0,133.0,134.0,135.0,135.0,135.0,135.0,136.0,136.0,136.0,137.0,138.0,139.0,141.0,145976482.0,145306497.0,144648618.0,144067316.0,143518814.0,143049637.0,142805114.0,142742366.0,142785348.0,142849468.0,143018195.0,143378447.0,143805638.0,144237223.0,144640716.0,145015460.0,145293260.0,145398106.0,145453291.0,145245148.0,144746762.0,144236933.0,143826130.0,143533851.0,3.2,2.0,2.1,1.8,1.4,0.9,0.4,0.2,0.2,0.2,0.1,0.1,0.1,0.4,0.4,0.4,0.4,0.2,0.3,0.1,0.2,0.1,0.1,,4.1,3.4,2.9,2.5,2.5,2.5,2.5,2.5,2.5,2.5,2.5,2.5,2.5,2.5,2.5,2.5,2.5,2.5,2.5,2.5,2.5,2.5,,
Russian Federation,23.95020333333333,17.541374166666667,15.147211833333332,12.722027416666668,13.427774333333334,9.22172625,8.789899166666666,21.170401166666668,11.76934225,6.601495833333334,11.014678333333334,3.322221916666667,6.165795583333334,9.930793666666666,21.093144166666665,5.784645083333333,2.7042755,1.6321069166666666,5.683145583333334,4.327348083333333,9.59049325,16.138446166666665,4.488011916666667,9.62024525,11.901255,118.0,120.0,122.0,125.0,127.0,130.0,132.0,132.0,132.0,132.0,133.0,134.0,135.0,135.0,135.0,135.0,136.0,136.0,136.0,137.0,138.0,139.0,141.0,145976482.0,145306497.0,144648618.0,144067316.0,143518814.0,143049637.0,142805114.0,142742366.0,142785348.0,142849468.0,143018195.0,143378447.0,143805638.0,144237223.0,144640716.0,145015460.0,145293260.0,145398106.0,145453291.0,145245148.0,144746762.0,144236933.0,143826130.0,143533851.0,3.2,2.0,2.1,1.8,1.4,0.9,0.4,0.2,0.2,0.2,0.1,0.1,0.1,0.4,0.4,0.4,0.4,0.2,0.3,0.1,0.2,0.1,0.1,,4.1,3.4,2.9,2.5,2.5,2.5,2.5,2.5,2.5,2.5,2.5,2.5,2.5,2.5,2.5,2.5,2.5,2.5,2.5,2.5,2.5,2.5,,
Rwanda,30.27638175,31.024615666666666,33.903927,40.446013666666666,44.53245875,48.9506225,52.78429916666667,61.3992145,74.2846565,73.02469158333334,74.4949275,86.7702025,94.17557241666668,96.56021816666669,100.14718908333332,112.90171466666668,127.04097858333334,117.65253566666668,122.02958841666668,140.81634425,134.97141558333334,173.72701191666667,234.8961495,228.51159733333336,238.11260066666668,96.0,99.0,100.0,98.0,97.0,97.0,98.0,98.0,98.0,98.0,98.0,98.0,98.0,96.0,97.0,99.0,101.0,101.0,99.0,100.0,104.0,108.0,109.0,8287094.0,8400180.0,8586875.0,8816844.0,9054528.0,9299246.0,9549933.0,9804269.0,10060432.0,10317553.0,10573733.0,10829901.0,11093340.0,11364757.0,11640022.0,11919183.0,12202060.0,12487996.0,12776103.0,13065837.0,13355260.0,13651030.0,13954471.0,14256567.0,,,,,74.2,,,,,70.2,,,65.2,,,63.8,,,,,,,38.6,,37.7,34.4,33.8,36.2,36.9,36.8,36.6,36.6,36.1,35.7,35.3,35.6,35.7,35.5,34.7,33.6,33.5,33.8,34.9,34.7,33.2,31.4,,
Rwanda,38.22012325,38.981691833333336,41.88571091666667,47.01700808333334,51.255163083333336,55.80807016666666,60.87584608333333,70.27398941666667,79.37053433333334,79.1751805,81.61391141666667,89.99649091666667,95.32812491666668,97.57261658333334,100.03974316666668,107.21693741666668,116.094003,115.73270666666669,119.60729483333334,131.38909075,130.87490366666665,154.02563983333334,184.50661566666668,187.77292225,195.87210966666663,96.0,99.0,100.0,98.0,97.0,97.0,98.0,98.0,98.0,98.0,98.0,98.0,98.0,96.0,97.0,99.0,101.0,101.0,99.0,100.0,104.0,108.0,109.0,8287094.0,8400180.0,8586875.0,8816844.0,9054528.0,9299246.0,9549933.0,9804269.0,10060432.0,10317553.0,10573733.0,10829901.0,11093340.0,11364757.0,11640022.0,11919183.0,12202060.0,12487996.0,12776103.0,13065837.0,13355260.0,13651030.0,13954471.0,14256567.0,,,,,74.2,,,,,70.2,,,65.2,,,63.8,,,,,,,38.6,,37.7,34.4,33.8,36.2,36.9,36.8,36.6,36.6,36.1,35.7,35.3,35.6,35.7,35.5,34.7,33.6,33.5,33.8,34.9,34.7,33.2,31.4,,
Rwanda,4.233258833333333,2.486491,9.271968833333334,19.1818115,10.601273416666666,9.9633595,8.119425416666667,16.390402666666667,21.4862245,-1.3525905833333332,2.146384916666667,16.43620608333333,8.603097916666666,2.769366833333333,3.748091666666667,12.638132833333332,13.23848175,-7.346179666666667,4.001671166666667,15.84115775,-4.02048675,29.3570465,37.507651083333336,-2.5631068333333333,6.328175166666667,96.0,99.0,100.0,98.0,97.0,97.0,98.0,98.0,98.0,98.0,98.0,98.0,98.0,96.0,97.0,99.0,101.0,101.0,99.0,100.0,104.0,108.0,109.0,8287094.0,8400180.0,8586875.0,8816844.0,9054528.0,9299246.0,9549933.0,9804269.0,10060432.0,10317553.0,10573733.0,10829901.0,11093340.0,11364757.0,11640022.0,11919183.0,12202060.0,12487996.0,12776103.0,13065837.0,13355260.0,13651030.0,13954471.0,14256567.0,,,,,74.2,,,,,70.2,,,65.2,,,63.8,,,,,,,38.6,,37.7,34.4,33.8,36.2,36.9,36.8,36.6,36.6,36.1,35.7,35.3,35.6,35.7,35.5,34.7,33.6,33.5,33.8,34.9,34.7,33.2,31.4,,
Réunion,78.56610275,80.02857158333333,81.49104033333333,82.95350891666666,84.41597766666666,85.87844641666668,87.34091491666668,88.80338375000001,89.85803283333333,90.49901408333334,92.93474291666666,95.46850425,98.62062383333334,99.472752,100.00061866666664,100.20422475,101.12422125,104.41961908333332,105.316993,106.35010391666668,106.78370883333334,112.7749985,121.35660658333336,127.90215633333334,131.37853716666666,,,,,,,,,,,,,,,,,,,,,,,,,,,,,,,,,,,,,,,,,,,,,,,,,,,,,,,,,,,,,,,,,,,,,,,,,,,,,,,,,,,,,,,,,,,,,,,
Réunion,88.84996858333334,89.54775158333332,90.24553458333332,90.9433175,91.6411005,92.33888341666666,93.03666641666666,93.73444941666666,94.09821258333334,95.490669,97.83795233333332,98.72116741666666,100.11362366666668,100.33641658333332,100.00222716666669,100.09770983333334,100.51942525,102.35746725,102.80305325,102.71552733333334,104.2034665,108.006861,111.3964975,114.55538383333334,116.250202,,,,,,,,,,,,,,,,,,,,,,,,,,,,,,,,,,,,,,,,,,,,,,,,,,,,,,,,,,,,,,,,,,,,,,,,,,,,,,,,,,,,,,,,,,,,,,,
Réunion,1.8968044166666669,1.86149475,1.8274755,1.7946774166666666,1.7630359999999998,1.73249075,1.70298625,1.67446975,1.18590175,0.7202713333333334,2.693729166666667,2.7317896666666663,3.304016666666667,0.865492,0.5414226666666667,0.2036165833333333,0.92077025,3.266774,0.86363,0.9836391666666668,0.4117973333333333,5.608917333333333,7.616593833333333,5.436083583333333,1.5996458333333334,,,,,,,,,,,,,,,,,,,,,,,,,,,,,,,,,,,,,,,,,,,,,,,,,,,,,,,,,,,,,,,,,,,,,,,,,,,,,,,,,,,,,,,,,,,,,,,
Saint Kitts and Nevis,62.96785883333333,64.70664458333333,66.66489516666667,68.752227,71.93236158333333,81.17572383333334,85.35610266666667,91.98794366666668,94.93762633333334,97.9161965,107.09879691666669,109.7188755,112.03599508333332,112.04394691666666,100.05281291666668,93.89821225,93.74156425,95.998251,97.86513608333333,98.19937058333332,98.3711875,108.6263145,114.08991416666667,116.72430575,117.6816885,,,,,,,,,,,,,,,,,,,,,,,,,,,,,,,,,,,,,,,,,,,,,,,,,,,,,,,,,,,,,,,,,,,,,,,,,,,,,,,,,,,,,,,,,,,,,,,
Saint Kitts and Nevis,68.70544433333333,70.10778499999999,71.67500016666666,73.33395741666666,77.04371941666666,83.58279383333333,87.32804375,91.95668916666666,93.84910008333333,94.64764183333334,100.17048816666666,100.987969,102.10589116666668,102.35897633333332,100.0028,99.31574375,100.00590533333332,98.968722,98.64255866666667,97.49115825,98.65684925,101.289187,104.89215675,106.04113258333332,106.2771385,,,,,,,,,,,,,,,,,,,,,,,,,,,,,,,,,,,,,,,,,,,,,,,,,,,,,,,,,,,,,,,,,,,,,,,,,,,,,,,,,,,,,,,,,,,,,,,
Saint Kitts and Nevis,3.125236,2.7617405833333333,3.0240760833333336,3.138627833333333,4.617978833333333,12.85351375,5.171837083333333,7.746573916666667,3.3164850833333333,3.135202166666667,9.482304666666666,2.451014916666667,2.111633416666667,0.0116093333333333,-10.67762225,-6.0746645,-0.1249512499999999,2.41531975,1.944832,0.3498956666666666,0.18650325,10.412614583333331,5.127821666666667,2.3120291666666666,0.9788655,,,,,,,,,,,,,,,,,,,,,,,,,,,,,,,,,,,,,,,,,,,,,,,,,,,,,,,,,,,,,,,,,,,,,,,,,,,,,,,,,,,,,,,,,,,,,,,
Saint Lucia,62.72145183333333,61.953178916666666,63.24256733333333,63.78750525,68.29292033333333,72.67824883333334,76.56021766666667,82.61559116666666,85.19941808333333,85.04272316666666,87.36036541666668,93.04924316666668,97.75223608333332,99.7998525,100.02793375,96.81738291666666,95.39341658333332,98.88021775,101.01670691666668,100.19436708333336,100.14795783333334,105.73416891666666,112.59459958333332,108.42102158333334,108.558621,,,,,,,,,,,,,,,,,,,,,,,,,,,,,,,,,,,,,,,,,,,,,,,,,,,,,,,,,,,,,,,,,,,,,,,,,,,,,,,,,,,,,,,,,,,,,,,
Saint Lucia,73.79573141666667,73.60715641666667,74.36844116666667,75.45449408333333,78.39591675,80.27398575,82.54020366666667,87.12081166666667,86.9840875,89.81136975,92.29861291666668,96.15451291666666,97.56660475,100.99797858333334,100.00456158333331,96.92620358333332,97.02726075,98.90533858333332,99.43852516666668,97.69257516666666,100.04765308333332,106.42883958333334,110.76114066666666,110.63898925,113.59098,,,,,,,,,,,,,,,,,,,,,,,,,,,,,,,,,,,,,,,,,,,,,,,,,,,,,,,,,,,,,,,,,,,,,,,,,,,,,,,,,,,,,,,,,,,,,,,
Saint Lucia,3.031182,-1.2091160833333332,2.0967369166666665,0.8644335833333333,7.058355083333333,6.496708583333334,5.357873166666667,7.968242166666667,3.2736265833333333,-0.1738414166666666,2.72807675,6.48311125,5.254318583333333,2.1357590833333333,0.31176675,-3.16978475,-1.462811833333333,3.6596620833333335,2.16827525,-0.8063853333333334,-0.0453076666666667,5.566991916666667,6.522513833333334,-3.664824166666667,-2.269329,,,,,,,,,,,,,,,,,,,,,,,,,,,,,,,,,,,,,,,,,,,,,,,,,,,,,,,,,,,,,,,,,,,,,,,,,,,,,,,,,,,,,,,,,,,,,,,
Saint Vincent and the Grenadines,62.891452,63.26673658333333,62.87581508333333,65.80512041666667,69.32862625,71.46566375,77.15435358333333,88.49576841666668,90.341439,91.34792733333336,94.56282416666666,97.68052641666668,99.631894,101.25429533333332,100.02814875,99.42255166666666,101.88232175,104.244897,104.82058775,106.70466683333332,109.21079108333332,120.37171633333332,132.94719633333332,142.59188666666668,146.345092,106.0,108.0,112.0,113.0,115.0,116.0,117.0,118.0,119.0,119.0,120.0,121.0,122.0,122.0,122.0,122.0,121.0,121.0,120.0,119.0,119.0,119.0,119.0,,,,,,,,,,,,,,,,,,,,,,,,,,,,,,,,,,,,,,,,,,,,,,,,,,,,,,,,,,,,,,,,,,,,,,,,
Saint Vincent and the Grenadines,71.16297058333333,72.48340241666666,72.63270483333334,74.78266166666667,77.57461925,79.70068733333333,85.46794658333333,94.07135666666666,94.46790425,95.17368258333332,98.20594566666666,100.75777233333334,101.569001,101.76590133333332,100.00167541666669,99.85203133333334,102.0021815,104.37285983333334,105.32585691666668,104.66427233333332,106.310358,112.32762816666668,117.4549095,121.71582991666666,122.55068683333332,106.0,108.0,112.0,113.0,115.0,116.0,117.0,118.0,119.0,119.0,120.0,121.0,122.0,122.0,122.0,122.0,121.0,121.0,120.0,119.0,119.0,119.0,119.0,,,,,,,,,,,,,,,,,,,,,,,,,,,,,,,,,,,,,,,,,,,,,,,,,,,,,,,,,,,,,,,,,,,,,,,,
Saint Vincent and the Grenadines,2.3922636666666666,0.6071776666666666,-0.5811346666666667,4.683097333333333,5.360271166666666,3.0934935833333337,7.936122416666667,14.686293166666664,2.309949083333333,1.1373410833333333,3.512842,3.3301036666666666,1.9980420833333328,1.6339324166666669,-1.2062505,-0.5370717500000001,2.469025166666667,2.346576916666667,0.55437775,1.7973010833333334,2.344391416666667,10.177270916666666,10.54140925,7.29028525,3.614343,106.0,108.0,112.0,113.0,115.0,116.0,117.0,118.0,119.0,119.0,120.0,121.0,122.0,122.0,122.0,122.0,121.0,121.0,120.0,119.0,119.0,119.0,119.0,,,,,,,,,,,,,,,,,,,,,,,,,,,,,,,,,,,,,,,,,,,,,,,,,,,,,,,,,,,,,,,,,,,,,,,,
Samoa,48.88039316666666,53.66635758333334,53.73793125,64.48210283333333,65.86865775,68.50731325,73.81469416666667,84.188895,92.75888708333332,91.36814258333334,97.62390241666668,99.54885966666666,100.24064116666666,96.84188841666666,100.02257966666669,105.87292208333334,107.31291683333332,113.38689808333334,114.47297566666668,112.73533333333334,116.59203125,134.60673241666666,156.002779,162.15126999999998,168.387475,123.0,124.0,125.0,126.0,126.0,125.0,125.0,126.0,126.0,126.0,126.0,127.0,129.0,129.0,129.0,128.0,129.0,130.0,131.0,131.0,132.0,133.0,136.0,183166.0,184471.0,185430.0,186249.0,186978.0,187709.0,188753.0,190107.0,191513.0,193023.0,194713.0,196498.0,198268.0,200037.0,201782.0,203499.0,205415.0,207582.0,209780.0,211944.0,213779.0,215261.0,216663.0,218019.0,,5.9,,,,,,3.7,,,,,4.5,,,,,,,,,,,,3.1,3.1,2.9,2.8,2.8,3.2,3.4,3.5,3.6,4.1,4.3,4.3,4.0,4.2,4.5,5.0,4.8,4.7,4.5,4.4,5.1,5.4,,
Samoa,55.00871833333333,59.43709308333334,59.50593916666667,69.21323283333334,70.49835900000001,73.1068595,77.18407583333332,86.11111416666667,91.55760208333334,92.269011,97.09967775,99.08926825,99.69379791666668,99.28822733333334,100.007541,101.31235808333334,103.08521975,107.4121795,108.46731791666669,106.76556058333334,110.11074416666668,122.18095433333332,131.85969816666667,134.72429108333333,137.5288925,123.0,124.0,125.0,126.0,126.0,125.0,125.0,126.0,126.0,126.0,126.0,127.0,129.0,129.0,129.0,128.0,129.0,130.0,131.0,131.0,132.0,133.0,136.0,183166.0,184471.0,185430.0,186249.0,186978.0,187709.0,188753.0,190107.0,191513.0,193023.0,194713.0,196498.0,198268.0,200037.0,201782.0,203499.0,205415.0,207582.0,209780.0,211944.0,213779.0,215261.0,216663.0,218019.0,,5.9,,,,,,3.7,,,,,4.5,,,,,,,,,,,,3.1,3.1,2.9,2.8,2.8,3.2,3.4,3.5,3.6,4.1,4.3,4.3,4.0,4.2,4.5,5.0,4.8,4.7,4.5,4.4,5.1,5.4,,
Samoa,4.671163333333333,9.826706833333333,0.2032643333333333,20.07735775,2.203872083333333,4.011182416666666,7.790024249999999,14.046842583333332,10.931005333333331,-1.4285853333333334,6.84584525,2.302740583333333,0.7336533333333333,-3.14934475,3.323249333333333,5.905287833333333,1.3758904166666666,5.707030499999999,1.0101301666666669,-1.4173328333333333,3.750404833333333,15.436846333333332,16.211212333333332,4.01960325,4.4575993333333335,123.0,124.0,125.0,126.0,126.0,125.0,125.0,126.0,126.0,126.0,126.0,127.0,129.0,129.0,129.0,128.0,129.0,130.0,131.0,131.0,132.0,133.0,136.0,183166.0,184471.0,185430.0,186249.0,186978.0,187709.0,188753.0,190107.0,191513.0,193023.0,194713.0,196498.0,198268.0,200037.0,201782.0,203499.0,205415.0,207582.0,209780.0,211944.0,213779.0,215261.0,216663.0,218019.0,,5.9,,,,,,3.7,,,,,4.5,,,,,,,,,,,,3.1,3.1,2.9,2.8,2.8,3.2,3.4,3.5,3.6,4.1,4.3,4.3,4.0,4.2,4.5,5.0,4.8,4.7,4.5,4.4,5.1,5.4,,
San Marino,47.33302875,50.25939683333333,53.323353,55.184897416666665,57.46230541666667,60.41870575,64.14756033333333,71.01180675,74.84052150000001,79.77144066666666,86.06046099999999,89.32246616666667,94.21890891666668,96.90739566666667,100.00780008333334,102.14433158333333,104.79547466666666,107.98365491666668,109.25943775,111.1045995,113.44424383333336,125.04373975,138.99053966666665,142.67830958333334,146.42991125,,,,,,,,,,,,,,,,,,,,,,,,27143.0,27491.0,27843.0,29457.0,29836.0,30184.0,31211.0,31662.0,33066.0,33270.0,32620.0,33469.0,33041.0,32655.0,32897.0,33101.0,33825.0,34522.0,34663.0,34770.0,34252.0,33755.0,33860.0,33977.0,,,,,,,,,,,,,,,,,,,,,,,,,,,,,,,,,,,,,,,,,,,,,,,,
San Marino,74.09470716666667,75.95500583333333,77.83622491666667,78.94993583333333,80.280628,81.9627155,84.01091941666667,87.61767825,89.54491016666667,91.86002033333334,94.52377333333334,97.19627458333332,98.75568483333332,99.85479908333332,100.0002735,100.64435058333332,101.66501841666668,102.84772333333332,103.33383508333333,103.19601983333332,104.86316633333333,110.44760516666666,116.999256,118.45258,120.3502535,,,,,,,,,,,,,,,,,,,,,,,,27143.0,27491.0,27843.0,29457.0,29836.0,30184.0,31211.0,31662.0,33066.0,33270.0,32620.0,33469.0,33041.0,32655.0,32897.0,33101.0,33825.0,34522.0,34663.0,34770.0,34252.0,33755.0,33860.0,33977.0,,,,,,,,,,,,,,,,,,,,,,,,,,,,,,,,,,,,,,,,,,,,,,,,
San Marino,6.345442416666667,6.183302083333333,6.10282375,3.507300333333333,4.12790275,5.146238416666667,6.1601791666666665,10.715516916666664,5.428318999999999,6.579803083333334,7.9077025,3.789411416666667,5.482519666666666,2.866356333333333,3.1980059166666663,2.1504609166666664,2.5972679166666666,3.052682083333333,1.1844931666666667,1.6921298333333334,2.1083868333333333,10.207673583333332,11.223279666666665,2.663774666666667,3.54946875,,,,,,,,,,,,,,,,,,,,,,,,27143.0,27491.0,27843.0,29457.0,29836.0,30184.0,31211.0,31662.0,33066.0,33270.0,32620.0,33469.0,33041.0,32655.0,32897.0,33101.0,33825.0,34522.0,34663.0,34770.0,34252.0,33755.0,33860.0,33977.0,,,,,,,,,,,,,,,,,,,,,,,,,,,,,,,,,,,,,,,,,,,,,,,,
Sao Tome and Principe,12.0671495,13.495311916666669,15.039306833333333,17.38055375,20.90122858333333,26.4514505,32.08877758333333,44.19598933333333,54.19878008333333,63.04539175,72.96879566666667,81.8891105,89.53892674999999,96.06769425,100.00564766666666,100.83090341666669,107.46841225,116.80442733333332,127.31602475,143.1214535833333,156.65824341666666,188.3946980833333,232.88758466666664,270.63427275,295.0427698,105.0,107.0,109.0,111.0,111.0,111.0,110.0,108.0,107.0,105.0,104.0,104.0,104.0,104.0,104.0,104.0,104.0,104.0,105.0,105.0,105.0,105.0,104.0,146375.0,149922.0,153814.0,157705.0,161639.0,165638.0,169700.0,173793.0,177853.0,181802.0,185649.0,189439.0,193148.0,196767.0,200291.0,203689.0,206970.0,210187.0,213392.0,217435.0,221961.0,226305.0,230871.0,235536.0,,,,,,,,,,18.9,,,,,,,13.0,,,,,,,,15.4,13.5,12.2,11.0,10.3,10.4,11.3,12.7,14.5,16.5,17.8,17.7,17.7,18.1,18.1,17.8,17.3,17.1,16.3,15.5,15.7,16.4,,
Sao Tome and Principe,15.85297075,17.4586745,19.16830125,21.714979916666667,25.43957775,31.310278666666665,37.11786991666667,48.991915,57.29970733333334,64.94351825,74.24808424999999,82.14654766666666,88.80520925,95.02024125,100.00488758333334,105.43567266666666,111.43527466666666,120.20366666666666,129.4836845,142.1981120833333,153.769868,181.45710916666667,220.03291991666663,251.61188466666667,272.0840096,105.0,107.0,109.0,111.0,111.0,111.0,110.0,108.0,107.0,105.0,104.0,104.0,104.0,104.0,104.0,104.0,104.0,104.0,105.0,105.0,105.0,105.0,104.0,146375.0,149922.0,153814.0,157705.0,161639.0,165638.0,169700.0,173793.0,177853.0,181802.0,185649.0,189439.0,193148.0,196767.0,200291.0,203689.0,206970.0,210187.0,213392.0,217435.0,221961.0,226305.0,230871.0,235536.0,,,,,,,,,,18.9,,,,,,,13.0,,,,,,,,15.4,13.5,12.2,11.0,10.3,10.4,11.3,12.7,14.5,16.5,17.8,17.7,17.7,18.1,18.1,17.8,17.3,17.1,16.3,15.5,15.7,16.4,,
Sao Tome and Principe,10.770058166666669,11.842668083333336,11.435594083333331,15.53381,20.28451025,26.468115,21.332119083333332,38.02985925,22.765602416666667,16.418708833333334,15.811488583333334,12.1998075,9.453189583333334,7.297910916666667,4.11145625,0.8202645,6.571239666666667,8.682761916666665,9.034482833333334,12.394722416666667,9.459423166666667,20.0680805,23.89894308333333,16.370670916666665,11.9435772,105.0,107.0,109.0,111.0,111.0,111.0,110.0,108.0,107.0,105.0,104.0,104.0,104.0,104.0,104.0,104.0,104.0,104.0,105.0,105.0,105.0,105.0,104.0,146375.0,149922.0,153814.0,157705.0,161639.0,165638.0,169700.0,173793.0,177853.0,181802.0,185649.0,189439.0,193148.0,196767.0,200291.0,203689.0,206970.0,210187.0,213392.0,217435.0,221961.0,226305.0,230871.0,235536.0,,,,,,,,,,18.9,,,,,,,13.0,,,,,,,,15.4,13.5,12.2,11.0,10.3,10.4,11.3,12.7,14.5,16.5,17.8,17.7,17.7,18.1,18.1,17.8,17.3,17.1,16.3,15.5,15.7,16.4,,
Saudi Arabia,55.541299,55.898789916666665,57.4305555,58.69952983333334,60.92496975,64.22998475,69.66810783333334,77.82884341666666,80.28629725,84.8934315,88.65791116666666,92.59390991666668,98.02735708333334,99.37523083333332,100.00097383333332,98.69067491666668,97.87541608333332,104.20307333333334,106.37188408333331,115.95805516666668,122.20763483333332,126.7543625,128.58573158333334,129.63557766666668,131.2350948333333,132.0,131.0,131.0,132.0,133.0,134.0,135.0,136.0,138.0,138.0,138.0,138.0,139.0,140.0,141.0,143.0,146.0,150.0,153.0,153.0,152.0,150.0,150.0,17041397.0,17910910.0,18786767.0,19669480.0,20559890.0,21459144.0,22368313.0,23287877.0,24217654.0,23978487.0,25091867.0,26168861.0,27624004.0,28309273.0,29816382.0,30954198.0,30977355.0,30196281.0,30063799.0,31552510.0,30784383.0,32175224.0,33702731.0,35300280.0,,,,,,,,,,,,,,,,,,,,,,,,,5.0,4.9,5.0,4.8,4.5,4.4,4.6,5.3,6.6,7.8,7.9,7.3,5.8,5.1,4.2,4.1,4.2,4.3,4.3,4.0,3.5,3.0,,
Saudi Arabia,65.028113,65.18885558333334,65.58793783333333,65.92605008333334,66.241987,67.70528791666668,70.52712733333334,77.48832708333333,81.40708483333333,85.75374799999999,90.749949,93.35108733333334,96.64633891666666,98.81041066666668,100.0007735,102.06819741666668,101.21448866666668,103.70152916666666,101.53069433333332,105.02890108333334,108.24624066666668,110.92433241666669,113.50563608333331,115.42152175,117.40222066666666,132.0,131.0,131.0,132.0,133.0,134.0,135.0,136.0,138.0,138.0,138.0,138.0,139.0,140.0,141.0,143.0,146.0,150.0,153.0,153.0,152.0,150.0,150.0,17041397.0,17910910.0,18786767.0,19669480.0,20559890.0,21459144.0,22368313.0,23287877.0,24217654.0,23978487.0,25091867.0,26168861.0,27624004.0,28309273.0,29816382.0,30954198.0,30977355.0,30196281.0,30063799.0,31552510.0,30784383.0,32175224.0,33702731.0,35300280.0,,,,,,,,,,,,,,,,,,,,,,,,,5.0,4.9,5.0,4.8,4.5,4.4,4.6,5.3,6.6,7.8,7.9,7.3,5.8,5.1,4.2,4.1,4.2,4.3,4.3,4.0,3.5,3.0,,
Saudi Arabia,0.740427,0.6436155833333334,2.7392064166666668,2.2088187500000003,3.790922583333333,5.4162925,8.472487833333334,11.693535250000002,3.2413284166666667,5.726936833333333,4.455157166666667,4.441442666666666,5.888982583333333,1.3749678333333335,0.6313676666666667,-1.3071914166666667,-0.8205554166666666,6.465254666666667,2.0806946666666666,8.979326916666666,5.592110666666667,3.716294416666667,1.4610951666666667,0.8183834166666667,1.5374893333333333,132.0,131.0,131.0,132.0,133.0,134.0,135.0,136.0,138.0,138.0,138.0,138.0,139.0,140.0,141.0,143.0,146.0,150.0,153.0,153.0,152.0,150.0,150.0,17041397.0,17910910.0,18786767.0,19669480.0,20559890.0,21459144.0,22368313.0,23287877.0,24217654.0,23978487.0,25091867.0,26168861.0,27624004.0,28309273.0,29816382.0,30954198.0,30977355.0,30196281.0,30063799.0,31552510.0,30784383.0,32175224.0,33702731.0,35300280.0,,,,,,,,,,,,,,,,,,,,,,,,,5.0,4.9,5.0,4.8,4.5,4.4,4.6,5.3,6.6,7.8,7.9,7.3,5.8,5.1,4.2,4.1,4.2,4.3,4.3,4.0,3.5,3.0,,
Senegal,67.17049608333333,70.36544333333333,69.93379933333334,70.46056933333334,73.20456408333332,74.20694758333333,79.60166166666666,89.95992583333333,87.04256466666668,90.49451883333334,96.51251325,98.9152685,100.19633766666668,98.33429083333333,100.12089941666666,103.43442341666666,107.2974525,108.43394616666666,110.42415075,113.97945316666666,117.32931458333331,135.06847566666667,144.507653,145.32839025,144.391367,100.0,101.0,102.0,103.0,105.0,106.0,109.0,111.0,111.0,110.0,110.0,110.0,110.0,110.0,111.0,113.0,115.0,116.0,118.0,120.0,121.0,123.0,124.0,10212942.0,10466214.0,10721176.0,10975704.0,11235472.0,11500094.0,11770344.0,12048959.0,12337389.0,12635413.0,12958897.0,13310495.0,13710849.0,14152102.0,14593331.0,15034521.0,15475002.0,15914498.0,16352922.0,16789219.0,17220867.0,17651103.0,18077573.0,18501984.0,63.9,,,,53.6,,,,,,53.3,,,,,,,19.1,,,17.9,,,,24.4,23.1,21.5,19.7,18.0,16.4,13.5,11.8,10.7,10.9,10.8,11.0,10.9,10.7,9.6,8.5,7.4,6.6,5.6,4.7,4.5,4.6,,
Senegal,79.63619083333333,81.497529,81.45515266666666,81.87446925,83.275614,85.03463316666667,90.01196883333334,96.62533033333334,94.45317233333331,95.61370066666666,98.86765316666668,100.26982275,100.98198441666666,99.88102341666666,100.01607441666664,100.85349383333332,102.18289733333334,102.65394591666666,104.46076975,107.11736066666668,109.45286475,120.066311,127.19762308333333,128.22093216666667,135.34778083333333,100.0,101.0,102.0,103.0,105.0,106.0,109.0,111.0,111.0,110.0,110.0,110.0,110.0,110.0,111.0,113.0,115.0,116.0,118.0,120.0,121.0,123.0,124.0,10212942.0,10466214.0,10721176.0,10975704.0,11235472.0,11500094.0,11770344.0,12048959.0,12337389.0,12635413.0,12958897.0,13310495.0,13710849.0,14152102.0,14593331.0,15034521.0,15475002.0,15914498.0,16352922.0,16789219.0,17220867.0,17651103.0,18077573.0,18501984.0,63.9,,,,53.6,,,,,,53.3,,,,,,,19.1,,,17.9,,,,24.4,23.1,21.5,19.7,18.0,16.4,13.5,11.8,10.7,10.9,10.8,11.0,10.9,10.7,9.6,8.5,7.4,6.6,5.6,4.7,4.5,4.6,,
Senegal,4.90086075,4.909020083333333,-0.608977,0.7692767500000001,3.864656333333333,1.4253782499999998,7.241489083333334,13.013276166666666,-3.00835075,3.9594731666666663,6.790297833333334,2.4682418333333334,1.2929586666666666,-1.8209355833333332,1.8050329166666668,3.33236675,3.846854833333333,1.05050025,1.9079451666666667,3.209357833333333,2.908652333333333,14.9698535,7.314490583333334,0.6545754166666665,0.2592411666666667,100.0,101.0,102.0,103.0,105.0,106.0,109.0,111.0,111.0,110.0,110.0,110.0,110.0,110.0,111.0,113.0,115.0,116.0,118.0,120.0,121.0,123.0,124.0,10212942.0,10466214.0,10721176.0,10975704.0,11235472.0,11500094.0,11770344.0,12048959.0,12337389.0,12635413.0,12958897.0,13310495.0,13710849.0,14152102.0,14593331.0,15034521.0,15475002.0,15914498.0,16352922.0,16789219.0,17220867.0,17651103.0,18077573.0,18501984.0,63.9,,,,53.6,,,,,,53.3,,,,,,,19.1,,,17.9,,,,24.4,23.1,21.5,19.7,18.0,16.4,13.5,11.8,10.7,10.9,10.8,11.0,10.9,10.7,9.6,8.5,7.4,6.6,5.6,4.7,4.5,4.6,,
Serbia,26.42890291666667,32.255284249999995,35.851944833333334,40.3241755,47.69533191666667,54.01541649999999,56.33892575000001,69.34089066666667,73.16345108333333,75.08349825,86.12596291666667,92.10967241666668,99.01833616666666,98.08899816666668,100.01342933333332,99.70218875,102.97679008333334,104.89683758333332,107.58841083333334,110.31943733333333,115.22476383333333,136.897628,161.72235075,167.04412591666667,173.89141833333335,111.0,111.0,113.0,116.0,118.0,121.0,122.0,125.0,127.0,130.0,132.0,133.0,134.0,135.0,135.0,135.0,137.0,139.0,142.0,145.0,147.0,148.0,148.0,7503433.0,7500031.0,7480591.0,7463157.0,7440769.0,7411569.0,7381579.0,7350222.0,7320807.0,7291436.0,7236519.0,7201497.0,7166553.0,7131787.0,7095383.0,7058322.0,7020858.0,6982604.0,6945235.0,6899126.0,6834326.0,6664449.0,6623183.0,6587202.0,,0.4,0.9,1.2,1.6,0.9,0.6,0.3,0.6,0.3,,7.1,7.8,8.9,8.4,8.1,6.6,4.2,2.7,2.0,1.7,2.0,,,3.6,3.4,3.0,2.7,2.6,2.7,2.8,2.8,2.5,2.5,2.5,2.5,2.5,2.5,2.5,2.5,2.5,2.5,2.5,2.5,2.5,2.5,,
Serbia,28.9774255,34.62536675,38.04503,42.24001316666666,49.049095,54.79962233333333,58.30225308333333,65.53813808333334,70.85783666666667,75.21031725,83.58678908333333,89.7140235,96.616857,98.62885283333333,100.00211975,101.12445733333334,104.2907275,106.33465966666668,108.30103183333334,110.00735025,114.50126358333334,128.22024591666667,144.08353216666669,150.81299641666666,155.68558466666667,111.0,111.0,113.0,116.0,118.0,121.0,122.0,125.0,127.0,130.0,132.0,133.0,134.0,135.0,135.0,135.0,137.0,139.0,142.0,145.0,147.0,148.0,148.0,7503433.0,7500031.0,7480591.0,7463157.0,7440769.0,7411569.0,7381579.0,7350222.0,7320807.0,7291436.0,7236519.0,7201497.0,7166553.0,7131787.0,7095383.0,7058322.0,7020858.0,6982604.0,6945235.0,6899126.0,6834326.0,6664449.0,6623183.0,6587202.0,,0.4,0.9,1.2,1.6,0.9,0.6,0.3,0.6,0.3,,7.1,7.8,8.9,8.4,8.1,6.6,4.2,2.7,2.0,1.7,2.0,,,3.6,3.4,3.0,2.7,2.6,2.7,2.8,2.8,2.5,2.5,2.5,2.5,2.5,2.5,2.5,2.5,2.5,2.5,2.5,2.5,2.5,2.5,,
Serbia,123.13579291666667,23.485226416666663,11.2547055,12.426172416666668,18.27408,13.3968675,4.263826083333334,23.33273833333333,5.675183833333333,2.6667445,14.873100916666663,6.989851416666666,7.96024375,-0.8899171666666668,1.96131875,-0.294121,3.288550083333333,1.8681733333333328,2.5683235,2.552921083333333,4.4740165,18.696990916666667,18.505618833333333,3.318991833333333,5.206275833333334,111.0,111.0,113.0,116.0,118.0,121.0,122.0,125.0,127.0,130.0,132.0,133.0,134.0,135.0,135.0,135.0,137.0,139.0,142.0,145.0,147.0,148.0,148.0,7503433.0,7500031.0,7480591.0,7463157.0,7440769.0,7411569.0,7381579.0,7350222.0,7320807.0,7291436.0,7236519.0,7201497.0,7166553.0,7131787.0,7095383.0,7058322.0,7020858.0,6982604.0,6945235.0,6899126.0,6834326.0,6664449.0,6623183.0,6587202.0,,0.4,0.9,1.2,1.6,0.9,0.6,0.3,0.6,0.3,,7.1,7.8,8.9,8.4,8.1,6.6,4.2,2.7,2.0,1.7,2.0,,,3.6,3.4,3.0,2.7,2.6,2.7,2.8,2.8,2.5,2.5,2.5,2.5,2.5,2.5,2.5,2.5,2.5,2.5,2.5,2.5,2.5,2.5,,
Serbia and Montenegro,,,,,,,,,,,,,,,,,,,,,,,,,,,,,,,,,,,,,,,,,,,,,,,,,,,,,,,,,,,,,,,,,,,,,,,,,,,,,,,,,,,,,,,,,,,,,,,,,,,,,,,,,,,,,,,,,,,,,,,,
Seychelles,37.9645675,38.040285583333336,39.48374383333333,41.22992983333334,41.65848033333334,41.48985533333333,44.592232333333335,61.98388308333333,87.29417608333334,83.995502,87.54217791666667,92.75768241666668,99.0240845,99.53253,100.00862725,100.044293,100.38933916666667,100.33210791666666,100.29991625,102.829688,117.812626,119.45218241666667,118.39603608333334,117.78834233333332,116.50672033333336,129.0,129.0,128.0,127.0,126.0,125.0,123.0,122.0,121.0,120.0,119.0,118.0,119.0,120.0,122.0,124.0,126.0,127.0,128.0,130.0,131.0,132.0,134.0,81202.0,83723.0,82781.0,82475.0,82858.0,84600.0,85033.0,86956.0,87298.0,89770.0,87441.0,88303.0,89949.0,91359.0,93419.0,94677.0,95843.0,96762.0,97625.0,98462.0,99258.0,119878.0,119773.0,121354.0,,,,,,0.6,,,,,,,1.6,,,,,0.7,,,,,,,2.6,2.7,2.6,2.6,2.6,2.6,2.8,2.6,3.2,3.8,4.7,5.0,4.7,4.5,3.9,3.4,3.0,2.7,2.5,2.5,2.5,2.5,,
Seychelles,41.263415916666666,41.33562683333333,42.70075816666667,44.347856166666666,44.75017458333334,44.59199808333333,46.96456008333333,64.32489600000001,84.75090708333333,82.71295408333333,84.82979983333333,90.86151316666668,94.80393825,96.117764,100.00279025,98.98728016666666,101.8151445,105.58527608333333,107.49330141666668,108.78608533333332,119.41350608333332,122.54934808333331,121.28059366666666,121.65865683333334,122.00227783333332,129.0,129.0,128.0,127.0,126.0,125.0,123.0,122.0,121.0,120.0,119.0,118.0,119.0,120.0,122.0,124.0,126.0,127.0,128.0,130.0,131.0,132.0,134.0,81202.0,83723.0,82781.0,82475.0,82858.0,84600.0,85033.0,86956.0,87298.0,89770.0,87441.0,88303.0,89949.0,91359.0,93419.0,94677.0,95843.0,96762.0,97625.0,98462.0,99258.0,119878.0,119773.0,121354.0,,,,,,0.6,,,,,,,1.6,,,,,0.7,,,,,,,2.6,2.7,2.6,2.6,2.6,2.6,2.8,2.6,3.2,3.8,4.7,5.0,4.7,4.5,3.9,3.4,3.0,2.7,2.5,2.5,2.5,2.5,,
Seychelles,6.903086166666667,0.21500725,3.7924271666666662,4.5123983333333335,1.0410325,-0.4008398333333333,7.48492675,38.17451258333333,44.72499241666667,-3.680283583333333,4.216719333333333,5.964767166666667,6.750438249999999,0.56490125,0.4968565833333332,0.0489976666666666,0.3508925833333333,-0.0517199166666666,-0.0125259166666667,2.5143961666666663,14.641356,1.39058475,-0.8507420833333333,-0.5071573333333333,-1.1700526666666666,129.0,129.0,128.0,127.0,126.0,125.0,123.0,122.0,121.0,120.0,119.0,118.0,119.0,120.0,122.0,124.0,126.0,127.0,128.0,130.0,131.0,132.0,134.0,81202.0,83723.0,82781.0,82475.0,82858.0,84600.0,85033.0,86956.0,87298.0,89770.0,87441.0,88303.0,89949.0,91359.0,93419.0,94677.0,95843.0,96762.0,97625.0,98462.0,99258.0,119878.0,119773.0,121354.0,,,,,,0.6,,,,,,,1.6,,,,,0.7,,,,,,,2.6,2.7,2.6,2.6,2.6,2.6,2.8,2.6,3.2,3.8,4.7,5.0,4.7,4.5,3.9,3.4,3.0,2.7,2.5,2.5,2.5,2.5,,
Sierra Leone,40.3554045,43.2652245,46.175044500000006,49.0848645,51.99468483333334,54.9045055,56.89154383333334,61.73417941666667,66.85654116666667,72.60183908333333,78.23008850000001,83.47346641666667,88.21690816666667,92.32352666666668,100.04277891666668,112.612602,134.50861541666666,158.26153408333332,172.07723008333335,195.984891,229.23064508333331,299.0510934166667,469.2714178333333,597.356183,625.8249883333333,85.0,85.0,87.0,89.0,93.0,96.0,100.0,103.0,106.0,108.0,109.0,109.0,107.0,107.0,106.0,106.0,105.0,105.0,104.0,104.0,105.0,107.0,109.0,4692716.0,4971435.0,5177687.0,5355717.0,5501712.0,5624466.0,5749352.0,5894722.0,6055646.0,6222714.0,6387251.0,6551080.0,6714051.0,6876385.0,7037655.0,7205328.0,7379299.0,7554563.0,7731991.0,7912558.0,8094602.0,8276807.0,8460512.0,8642022.0,,,72.4,,,,,,,,53.7,,,,,,,41.5,,,,,,,50.1,49.3,48.8,48.3,46.2,43.3,41.3,39.9,33.5,27.1,21.9,22.2,23.5,23.4,24.5,24.9,26.5,27.5,28.2,28.2,28.2,28.4,,
Sierra Leone,35.8568845,36.29671533333333,37.10184241666666,40.409661,48.38593066666667,56.00845016666667,59.84205375,64.75575933333333,69.59237916666667,74.59305283333333,79.65895283333333,84.90669525,89.59705033333334,93.75373683333332,100.02533275,110.9141515,131.12438408333333,152.14302575,174.66779941666667,198.15515325,221.68401475,282.00044058333333,416.35355333333337,535.5711891666666,569.2097523333333,85.0,85.0,87.0,89.0,93.0,96.0,100.0,103.0,106.0,108.0,109.0,109.0,107.0,107.0,106.0,106.0,105.0,105.0,104.0,104.0,105.0,107.0,109.0,4692716.0,4971435.0,5177687.0,5355717.0,5501712.0,5624466.0,5749352.0,5894722.0,6055646.0,6222714.0,6387251.0,6551080.0,6714051.0,6876385.0,7037655.0,7205328.0,7379299.0,7554563.0,7731991.0,7912558.0,8094602.0,8276807.0,8460512.0,8642022.0,,,72.4,,,,,,,,53.7,,,,,,,41.5,,,,,,,50.1,49.3,48.8,48.3,46.2,43.3,41.3,39.9,33.5,27.1,21.9,22.2,23.5,23.4,24.5,24.9,26.5,27.5,28.2,28.2,28.2,28.4,,
Sierra Leone,7.774682833333333,7.213588833333334,6.72805925,6.303788,5.9298660000000005,5.59783075,3.635404916666667,8.506815083333334,8.298971416666667,8.60065,7.753575916666667,6.706258500000001,5.684305166666667,4.6568500833333335,8.339615083333333,12.498602416666666,19.50505408333333,17.69086275,8.812593583333333,13.8490325,17.019910916666667,30.11358991666667,56.44889658333333,28.925272666666668,9.530823833333336,85.0,85.0,87.0,89.0,93.0,96.0,100.0,103.0,106.0,108.0,109.0,109.0,107.0,107.0,106.0,106.0,105.0,105.0,104.0,104.0,105.0,107.0,109.0,4692716.0,4971435.0,5177687.0,5355717.0,5501712.0,5624466.0,5749352.0,5894722.0,6055646.0,6222714.0,6387251.0,6551080.0,6714051.0,6876385.0,7037655.0,7205328.0,7379299.0,7554563.0,7731991.0,7912558.0,8094602.0,8276807.0,8460512.0,8642022.0,,,72.4,,,,,,,,53.7,,,,,,,41.5,,,,,,,50.1,49.3,48.8,48.3,46.2,43.3,41.3,39.9,33.5,27.1,21.9,22.2,23.5,23.4,24.5,24.9,26.5,27.5,28.2,28.2,28.2,28.4,,
Singapore,72.40982275,72.04593924999999,72.46071183333333,73.92771574999999,72.56909775000001,73.95803458333333,76.95078625000001,84.44457983333334,86.56031,88.56860108333332,91.70702225,93.89983491666668,95.99867733333332,98.77188866666668,100.00085833333333,102.32421416666666,103.64715416666668,104.99962175,106.18455908333334,109.2398885,110.98087708333333,116.82526933333332,122.82227275,124.32693716666668,125.57248366666666,,,,,,,,,,,,,,,,,,,,,,,,4138012.0,4175950.0,4114826.0,4166664.0,4265762.0,4401365.0,4588599.0,4839396.0,4987573.0,5076732.0,5183688.0,5312437.0,5399162.0,5469724.0,5535002.0,5607283.0,5612253.0,5638676.0,5703569.0,5685807.0,5453566.0,5637022.0,5917648.0,6036860.0,,,,,,,,,,,,,,,,,,,,,,,,,,,,,,,,,,,,,,,,,,,,,,,,
Singapore,75.97613516666667,75.67855416666667,76.06292966666666,77.32764833333333,77.65578316666667,78.40567216666666,80.05987641666667,85.37220183333334,85.87516541666666,88.304441,92.94144516666668,97.19894858333332,99.49711841666668,100.52509241666668,100.00037575,99.47056416666668,100.04427375,100.48325225,101.05382616666668,100.87990075,103.21638333333334,109.54453233333334,114.83961233333332,117.58371775,118.23905,,,,,,,,,,,,,,,,,,,,,,,,4138012.0,4175950.0,4114826.0,4166664.0,4265762.0,4401365.0,4588599.0,4839396.0,4987573.0,5076732.0,5183688.0,5312437.0,5399162.0,5469724.0,5535002.0,5607283.0,5612253.0,5638676.0,5703569.0,5685807.0,5453566.0,5637022.0,5917648.0,6036860.0,,,,,,,,,,,,,,,,,,,,,,,,,,,,,,,,,,,,,,,,,,,,,,,,
Singapore,1.2891270833333333,-0.5014656666666667,0.5762715833333333,2.02497,-1.8353415,1.9145505833333327,4.041126666666667,9.75479275,2.5483971666666667,2.323096583333333,3.5451374166666665,2.394674,2.2372753333333333,2.890417916666667,1.24769625,2.3246439166666666,1.2930718333333333,1.3051384166666666,1.128779,2.8790473333333337,1.59779875,5.257886500000001,5.168466333333334,1.2260849166666663,1.4271018333333332,,,,,,,,,,,,,,,,,,,,,,,,4138012.0,4175950.0,4114826.0,4166664.0,4265762.0,4401365.0,4588599.0,4839396.0,4987573.0,5076732.0,5183688.0,5312437.0,5399162.0,5469724.0,5535002.0,5607283.0,5612253.0,5638676.0,5703569.0,5685807.0,5453566.0,5637022.0,5917648.0,6036860.0,,,,,,,,,,,,,,,,,,,,,,,,,,,,,,,,,,,,,,,,,,,,,,,,
Sint Maarten (Dutch part),67.64492683333333,69.92212883333333,72.19933083333333,74.47653283333334,77.07043166666666,78.84488524999999,80.66935008333333,84.35940475,84.98200233333334,87.70867183333333,91.72989916666668,95.41302358333331,97.82568275,99.67141333333332,100.00035616666666,100.11203933333331,102.30650525,,,,,,,,,,,,,,,,,,,,,,,,,,,,,,,,30726.0,30960.0,31327.0,31690.0,32057.0,32428.0,32791.0,33145.0,33491.0,33794.0,34267.0,35023.0,35854.0,36672.0,37471.0,38249.0,38996.0,39712.0,40385.0,41008.0,41571.0,42139.0,42749.0,43350.0,,,,,,,,,,,,,,,,,,,,,,,,,,,,,,,,,,,,,,,,,,,,,,,,
Slovak Republic,,,,,,,,,,,,,,,,,,,,,,,,,,,,,,,,,,,,,,,,,,,,,,,,,5378867.0,5376912.0,5373374.0,5372280.0,5372807.0,5373054.0,5374622.0,5379233.0,5386406.0,5391428.0,5398384.0,5407579.0,5413393.0,5418649.0,5423801.0,5430798.0,5439232.0,5446771.0,5454147.0,5458827.0,5447247.0,5431752.0,5426740.0,5422069.0,,,,0.2,0.3,0.3,0.6,0.5,0.6,0.6,0.6,0.5,0.4,0.9,0.8,1.5,0.6,0.5,0.2,0.3,0.3,0.7,0.5,,6.2,6.3,6.1,5.9,5.6,5.7,5.5,5.1,4.9,5.2,6.1,5.8,5.6,5.7,5.7,5.3,4.1,3.3,2.8,2.8,3.1,3.6,,
Slovakia,73.01373808333334,74.07472733333333,76.57984075,80.2579365,79.15568658333333,80.28151408333333,83.48216466666666,89.88346608333335,86.97753458333334,88.37450366666667,93.72660466666667,97.65815891666666,101.10047941666666,100.29294875,100.00412391666669,97.2219745,101.08279608333332,105.02024491666668,109.222941,111.97561825,114.02096966666666,135.25843616666666,158.62967016666667,162.5612245,166.56351116666667,109.0,109.0,109.0,110.0,110.0,110.0,110.0,111.0,112.0,111.0,109.0,110.0,110.0,110.0,110.0,111.0,113.0,115.0,117.0,118.0,118.0,117.0,118.0,,,,,,,,,,,,,,,,,,,,,,,,,,,,,,,,,,,,,,,,,,,,,,,,,,,,,,,,,,,,,,,,,,,,,,,,
Slovakia,64.55309475,66.57176166666666,72.26640533333334,77.7214355,79.82697541666667,83.40588291666667,85.70515283333333,89.64602966666666,91.093907,91.96569225,95.57009066666666,99.01644616666664,100.40314541666667,100.32667291666668,100.00039091666667,99.48037866666668,100.78550741666668,103.31929258333334,106.07229858333334,108.12685675,111.53242675,125.77974216666668,139.026799,142.86061475,147.6120988333333,109.0,109.0,109.0,110.0,110.0,110.0,110.0,111.0,112.0,111.0,109.0,110.0,110.0,110.0,110.0,111.0,113.0,115.0,117.0,118.0,118.0,117.0,118.0,,,,,,,,,,,,,,,,,,,,,,,,,,,,,,,,,,,,,,,,,,,,,,,,,,,,,,,,,,,,,,,,,,,,,,,,
Slovakia,6.1029635833333336,1.4712076666666667,3.398183,4.810537916666667,-1.3721325,1.43055575,3.9874303333333336,7.710090916666666,-3.2218196666666667,1.6757044166666668,6.059270166666667,4.198574666666667,3.539807833333333,-0.7963475833333332,-0.28152925,-2.7762131666666665,3.979126333333333,3.91769925,4.005766833333333,2.5313321666666666,1.8505055,18.5296495,17.82697925,2.49269,3.372409166666667,109.0,109.0,109.0,110.0,110.0,110.0,110.0,111.0,112.0,111.0,109.0,110.0,110.0,110.0,110.0,111.0,113.0,115.0,117.0,118.0,118.0,117.0,118.0,,,,,,,,,,,,,,,,,,,,,,,,,,,,,,,,,,,,,,,,,,,,,,,,,,,,,,,,,,,,,,,,,,,,,,,,
Slovenia,64.26916666666666,69.0975,72.1825,72.56333333333333,71.83333333333333,73.46916666666667,79.36416666666666,87.31416666666667,87.74083333333334,88.35666666666667,92.2325,96.02083333333331,99.475,99.17333333333332,99.99916666666668,100.91833333333334,103.16333333333334,105.9225,107.6175,111.40500000000002,111.18416666666668,124.80333333333334,139.95166666666668,141.9025,147.66833333333332,122.0,123.0,124.0,123.0,123.0,123.0,124.0,125.0,126.0,127.0,128.0,128.0,128.0,128.0,128.0,128.0,128.0,128.0,126.0,125.0,124.0,124.0,124.0,1992060.0,1994530.0,1995733.0,1997012.0,2000474.0,2006868.0,2018122.0,2021316.0,2039669.0,2048583.0,2052843.0,2057159.0,2059953.0,2061980.0,2063531.0,2065042.0,2066388.0,2073894.0,2088385.0,2102419.0,2108079.0,2112076.0,2120461.0,2126324.0,,0.1,0.0,0.1,0.1,0.1,0.0,0.0,0.0,0.0,0.0,0.0,0.0,0.0,0.0,0.0,0.0,0.0,0.0,0.0,0.0,0.0,0.0,,2.5,2.5,2.5,2.5,2.5,2.5,2.5,2.5,2.5,2.5,2.5,2.5,2.5,2.5,2.5,2.5,2.5,2.5,2.5,2.5,2.5,2.5,,
Slovenia,68.06333333333333,73.155,77.21083333333333,79.985,81.94583333333334,83.96,87.03083333333332,91.94583333333333,92.7175,94.3875,96.08916666666666,98.585,100.32916666666668,100.52916666666664,100.00083333333332,99.94583333333333,101.37416666666668,103.13666666666666,104.81833333333331,104.76083333333334,106.76916666666666,116.20083333333334,124.85416666666669,127.30833333333334,129.155,122.0,123.0,124.0,123.0,123.0,123.0,124.0,125.0,126.0,127.0,128.0,128.0,128.0,128.0,128.0,128.0,128.0,128.0,126.0,125.0,124.0,124.0,124.0,1992060.0,1994530.0,1995733.0,1997012.0,2000474.0,2006868.0,2018122.0,2021316.0,2039669.0,2048583.0,2052843.0,2057159.0,2059953.0,2061980.0,2063531.0,2065042.0,2066388.0,2073894.0,2088385.0,2102419.0,2108079.0,2112076.0,2120461.0,2126324.0,,0.1,0.0,0.1,0.1,0.1,0.0,0.0,0.0,0.0,0.0,0.0,0.0,0.0,0.0,0.0,0.0,0.0,0.0,0.0,0.0,0.0,0.0,,2.5,2.5,2.5,2.5,2.5,2.5,2.5,2.5,2.5,2.5,2.5,2.5,2.5,2.5,2.5,2.5,2.5,2.5,2.5,2.5,2.5,2.5,,
Slovenia,9.123494583333333,7.576563416666667,4.466279,0.5384609166666667,-0.9914395,2.29746175,8.005256333333334,10.142931,0.4989824166666666,0.7200586666666666,4.386779833333334,4.106465833333333,3.6045734166666654,-0.2990926666666667,0.8371949166666667,0.9210533333333334,2.2278396666666667,2.6775947500000004,1.6033960833333334,3.5238710833333333,-0.18281325,12.222883833333334,12.363255083333334,1.398932,4.454938833333333,122.0,123.0,124.0,123.0,123.0,123.0,124.0,125.0,126.0,127.0,128.0,128.0,128.0,128.0,128.0,128.0,128.0,128.0,126.0,125.0,124.0,124.0,124.0,1992060.0,1994530.0,1995733.0,1997012.0,2000474.0,2006868.0,2018122.0,2021316.0,2039669.0,2048583.0,2052843.0,2057159.0,2059953.0,2061980.0,2063531.0,2065042.0,2066388.0,2073894.0,2088385.0,2102419.0,2108079.0,2112076.0,2120461.0,2126324.0,,0.1,0.0,0.1,0.1,0.1,0.0,0.0,0.0,0.0,0.0,0.0,0.0,0.0,0.0,0.0,0.0,0.0,0.0,0.0,0.0,0.0,0.0,,2.5,2.5,2.5,2.5,2.5,2.5,2.5,2.5,2.5,2.5,2.5,2.5,2.5,2.5,2.5,2.5,2.5,2.5,2.5,2.5,2.5,2.5,,
Small Island Developing States (FAO),,,,,,,,,,,,,,,,,,,,,,,,,,,,,,,,,,,,,,,,,,,,,,,,,,,,,,,,,,,,,,,,,,,,,,,,,,,,,,,,,,,,,,,,,,,,,,,,,,,,,,,,,,,,,,,,,,,,,,,,
Small states,,,,,,,,,,,,,,,,,,,,,,,,,,,,,,,,,,,,,,,,,,,,,,,,,16017863.0,16250203.0,16441139.0,16597133.0,16699341.0,16868546.0,17047450.0,17228345.0,17398922.0,17575200.0,17748220.0,17926451.0,18107202.0,18292084.0,18482578.0,18671045.0,18865506.0,19084934.0,19293697.0,19472157.0,19646549.0,19852364.0,20051342.0,20230689.0,,,,,,,,,,,,,,,,,,,,,,,,,11.9897445195427,11.5129871555793,10.8977451198687,10.4658096713501,10.1284508270081,9.81025685348075,9.70783865763849,9.68016951156994,9.74165186918121,9.55062427157649,9.32303292029001,8.9458308667271,8.5982905303316,8.35242842611727,8.29458079077356,8.27485329044837,8.17630187686588,7.94655932958906,8.06633399934125,8.39924658499949,8.7732619985116,8.88607231183721,,
Solomon Islands,38.30698591666667,42.6454965,47.36989391666666,50.91567866666667,54.978982333333335,62.08572866666666,65.78164475,81.66442033333334,91.38163566666668,89.02795816666666,93.280033,97.39173333333332,99.93602208333334,103.00076491666664,100.02719541666666,100.54919208333332,99.86727758333332,102.06709258333332,101.60819533333334,102.96819991666666,99.82266783333334,109.00061283333334,115.22649691666668,119.11303958333332,121.682864,112.0,112.0,113.0,113.0,113.0,113.0,113.0,113.0,113.0,112.0,112.0,110.0,109.0,108.0,109.0,109.0,110.0,110.0,109.0,107.0,105.0,105.0,107.0,449125.0,457671.0,466154.0,474611.0,483080.0,491594.0,500156.0,508790.0,518141.0,532968.0,552945.0,573606.0,594945.0,616908.0,639415.0,662379.0,685672.0,709101.0,728147.0,744498.0,762591.0,781066.0,800005.0,819198.0,,,,,62.2,,,,,,,40.3,,,,,,,,,,,,,12.6,12.5,12.0,12.1,12.0,12.2,12.1,12.7,13.1,14.2,15.5,17.1,18.5,18.7,18.3,17.7,17.5,17.5,18.4,19.4,19.9,19.4,,
Solomon Islands,37.76656633333334,41.60246608333333,45.74780291666667,48.82834308333333,52.33098974999999,58.40048675,62.8759985,73.76907925,79.00003166666666,79.76130466666667,85.69392316666666,90.76015283333334,95.65336316666668,100.59157141666668,100.01370375,100.5262595,101.017518,104.51421408333331,106.22287025,109.370838,109.24458275,115.27284016666664,122.05763683333332,127.33277208333334,129.87471383333337,112.0,112.0,113.0,113.0,113.0,113.0,113.0,113.0,113.0,112.0,112.0,110.0,109.0,108.0,109.0,109.0,110.0,110.0,109.0,107.0,105.0,105.0,107.0,449125.0,457671.0,466154.0,474611.0,483080.0,491594.0,500156.0,508790.0,518141.0,532968.0,552945.0,573606.0,594945.0,616908.0,639415.0,662379.0,685672.0,709101.0,728147.0,744498.0,762591.0,781066.0,800005.0,819198.0,,,,,62.2,,,,,,,40.3,,,,,,,,,,,,,12.6,12.5,12.0,12.1,12.0,12.2,12.1,12.7,13.1,14.2,15.5,17.1,18.5,18.7,18.3,17.7,17.5,17.5,18.4,19.4,19.9,19.4,,
Solomon Islands,7.757705416666667,11.2830305,11.354197166666667,7.485226833333333,7.9552895,12.962783833333331,5.979667166666666,24.003639333333336,12.8735905,-2.5642430833333334,4.849828333333334,4.441774,2.630818666666667,3.04111025,-2.703065333333333,0.6273698333333334,-0.64960525,2.2209228333333333,-0.4225555833333334,1.3611261666666667,-2.99620525,9.181149416666669,5.845092916666666,3.379073833333333,1.7029416666666668,112.0,112.0,113.0,113.0,113.0,113.0,113.0,113.0,113.0,112.0,112.0,110.0,109.0,108.0,109.0,109.0,110.0,110.0,109.0,107.0,105.0,105.0,107.0,449125.0,457671.0,466154.0,474611.0,483080.0,491594.0,500156.0,508790.0,518141.0,532968.0,552945.0,573606.0,594945.0,616908.0,639415.0,662379.0,685672.0,709101.0,728147.0,744498.0,762591.0,781066.0,800005.0,819198.0,,,,,62.2,,,,,,,40.3,,,,,,,,,,,,,12.6,12.5,12.0,12.1,12.0,12.2,12.1,12.7,13.1,14.2,15.5,17.1,18.5,18.7,18.3,17.7,17.5,17.5,18.4,19.4,19.9,19.4,,
Somalia,34.997593916666666,39.550974583333335,44.16796525,48.749489,53.39979400000001,58.10269566666667,62.732898250000005,67.46788375,72.20207258333333,77.0981015,82.09398683333333,86.89677,91.45015075,96.088639,100.037683,100.88505166666666,105.6015715,113.62734425,120.64971391666668,122.96555958333332,126.30578641666666,143.9339623333333,144.95407833333334,143.23574691666667,,72.0,72.0,72.0,72.0,72.0,72.0,72.0,72.0,71.0,71.0,71.0,74.0,76.0,77.0,77.0,78.0,78.0,80.0,81.0,83.0,83.0,83.0,82.0,,,,,,,,,,,,,,,,,,,,,,,,,,,,,,,,,,,,,,,,,,,,,,,,,70.2,70.2,70.1,70.0,70.0,70.0,70.0,70.1,71.3,71.4,70.2,66.5,62.6,60.8,60.0,59.5,58.3,55.5,53.3,51.1,50.7,51.3,,
Somalia,39.989309166666665,44.383216,48.77712291666666,53.17102975,57.56493666666666,61.95884341666667,66.35275025,70.74665716666667,75.140564,79.53447091666666,83.92837775,88.32228466666668,92.71619141666667,97.11009825,100.0285925,100.05253308333332,104.01120491666666,108.44827183333332,113.55462008333332,118.22526891666666,123.69306991666669,132.07856475,140.14064591666667,147.98465633333333,,72.0,72.0,72.0,72.0,72.0,72.0,72.0,72.0,71.0,71.0,71.0,74.0,76.0,77.0,77.0,78.0,78.0,80.0,81.0,83.0,83.0,83.0,82.0,,,,,,,,,,,,,,,,,,,,,,,,,,,,,,,,,,,,,,,,,,,,,,,,,70.2,70.2,70.1,70.0,70.0,70.0,70.0,70.1,71.3,71.4,70.2,66.5,62.6,60.8,60.0,59.5,58.3,55.5,53.3,51.1,50.7,51.3,,
Somalia,15.927445333333331,13.126530833333334,11.77606725,10.477422166666669,9.634541,8.890315166666666,8.039487750000001,7.614060999999999,7.06911175,6.822374,6.492109333333333,5.846943666666667,5.252251666666667,5.084373416666667,4.19411075,0.8816317499999999,4.656606583333333,7.661831666666667,6.14342675,2.058208666666667,2.8048144166666664,13.942110333333334,0.8331578333333334,-1.1756849166666667,,72.0,72.0,72.0,72.0,72.0,72.0,72.0,72.0,71.0,71.0,71.0,74.0,76.0,77.0,77.0,78.0,78.0,80.0,81.0,83.0,83.0,83.0,82.0,,,,,,,,,,,,,,,,,,,,,,,,,,,,,,,,,,,,,,,,,,,,,,,,,70.2,70.2,70.1,70.0,70.0,70.0,70.0,70.1,71.3,71.4,70.2,66.5,62.6,60.8,60.0,59.5,58.3,55.5,53.3,51.1,50.7,51.3,,
"Somalia, Fed. Rep.",,,,,,,,,,,,,,,,,,,,,,,,,,,,,,,,,,,,,,,,,,,,,,,,,9198493.0,9550063.0,9909157.0,10280998.0,10644228.0,10975502.0,11322582.0,11663084.0,11961201.0,12261756.0,12348830.0,12461160.0,12869594.0,13339491.0,13806963.0,14348740.0,14916629.0,15452487.0,16030971.0,16651191.0,17271431.0,17801897.0,18358615.0,19009151.0,,,,,,,,,,,,,,,,,,,,,,,,,,,,,,,,,,,,,,,,,,,,,,,,
South Africa,37.24631708333333,43.72488208333333,47.29478483333333,47.96848741666667,48.77846083333333,51.68396725,56.850285250000006,65.74271675,71.898222,72.76215266666667,77.92173791666666,83.50128958333333,88.21691058333333,95.2723435,100.01196266666666,111.66302641666668,119.29441308333332,123.05011116666668,127.41776025,133.009311,141.12065908333332,154.22360583333332,170.91426466666667,178.92962058333333,184.391929,122.0,123.0,123.0,124.0,124.0,123.0,123.0,123.0,122.0,121.0,120.0,120.0,119.0,118.0,118.0,118.0,119.0,119.0,117.0,115.0,114.0,113.0,113.0,47566800.0,48019415.0,48500348.0,48991421.0,49490033.0,49998277.0,50528584.0,51114599.0,51728516.0,52344051.0,52995205.0,53782567.0,54678791.0,55594838.0,56723537.0,57259551.0,57635162.0,58613001.0,59587885.0,60562381.0,61502603.0,62378410.0,63212384.0,64007187.0,,,,,42.1,,,30.3,,29.5,,,,31.2,,,,,,,,,,,3.7,3.6,3.6,3.4,3.4,3.5,3.6,3.6,4.1,4.6,5.1,5.2,5.5,6.3,6.5,6.3,5.7,5.7,6.2,6.9,7.7,8.1,,
South Africa,48.68014441666667,53.30218475,56.32944191666667,55.93961983333333,57.093572083333335,58.94563483333334,62.58718533333333,68.78956583333333,73.76862025,76.76915558333333,80.60826825,85.23354791666667,90.160191,95.689562,100.0134775,106.61727575,112.14664666666664,117.2043175,122.01303566666668,125.956971,131.77460275,141.051367,149.62058158333335,156.14576308333332,159.72282066666665,122.0,123.0,123.0,124.0,124.0,123.0,123.0,123.0,122.0,121.0,120.0,120.0,119.0,118.0,118.0,118.0,119.0,119.0,117.0,115.0,114.0,113.0,113.0,47566800.0,48019415.0,48500348.0,48991421.0,49490033.0,49998277.0,50528584.0,51114599.0,51728516.0,52344051.0,52995205.0,53782567.0,54678791.0,55594838.0,56723537.0,57259551.0,57635162.0,58613001.0,59587885.0,60562381.0,61502603.0,62378410.0,63212384.0,64007187.0,,,,,42.1,,,30.3,,29.5,,,,31.2,,,,,,,,,,,3.7,3.6,3.6,3.4,3.4,3.5,3.6,3.6,4.1,4.6,5.1,5.2,5.5,6.3,6.5,6.3,5.7,5.7,6.2,6.9,7.7,8.1,,
South Africa,5.37180975,17.33448625,8.426041333333334,1.42569325,1.6899380833333335,5.949541166666666,9.955820083333334,15.615293833333332,9.570964416666667,1.2031810833333332,7.08178375,7.191117916666666,5.666035916666666,8.000521333333333,4.981423416666666,11.629826333333334,6.9026353333333335,3.149937583333333,3.5480257500000003,4.385099583333333,6.098591666666667,9.2504165,10.904351166666666,4.713374083333333,3.800893166666667,122.0,123.0,123.0,124.0,124.0,123.0,123.0,123.0,122.0,121.0,120.0,120.0,119.0,118.0,118.0,118.0,119.0,119.0,117.0,115.0,114.0,113.0,113.0,47566800.0,48019415.0,48500348.0,48991421.0,49490033.0,49998277.0,50528584.0,51114599.0,51728516.0,52344051.0,52995205.0,53782567.0,54678791.0,55594838.0,56723537.0,57259551.0,57635162.0,58613001.0,59587885.0,60562381.0,61502603.0,62378410.0,63212384.0,64007187.0,,,,,42.1,,,30.3,,29.5,,,,31.2,,,,,,,,,,,3.7,3.6,3.6,3.4,3.4,3.5,3.6,3.6,4.1,4.6,5.1,5.2,5.5,6.3,6.5,6.3,5.7,5.7,6.2,6.9,7.7,8.1,,
South America,35.548452833333336,37.13856141666667,42.11998308333333,44.419863166666666,47.40138391666667,50.43495408333333,55.781132250000006,67.21087133333333,68.94129825,71.98435741666667,80.43760775,84.62015625,87.90755066666667,92.70497333333331,99.93403183333334,108.24130241666666,111.54748283333332,114.6242365,118.86017566666668,123.7902085,134.81523291666667,158.33152683333333,168.95232808333333,177.12644491666666,185.88081416666668,,,,,,,,,,,,,,,,,,,,,,,,,,,,,,,,,,,,,,,,,,,,,,,,,,,,,,,,,,,,,,,,,,,,,,,,,,,,,,,,,,,,,,,,,,,,,,,
South America,34.87092141666667,38.72641025,44.57176158333333,46.45493583333334,48.5291255,50.14493158333334,54.041046,60.65142066666667,63.50918425,67.36600516666667,72.7325175,78.1810215,84.34349525,91.49315875,100.03847816666666,111.17417033333334,116.18411358333331,125.54300183333334,149.4429286666667,182.2413845833333,232.83080408333333,337.60082925,646.7501085833334,1761.7840398333335,2226.1703888333336,,,,,,,,,,,,,,,,,,,,,,,,,,,,,,,,,,,,,,,,,,,,,,,,,,,,,,,,,,,,,,,,,,,,,,,,,,,,,,,,,,,,,,,,,,,,,,,
South America,47.612070916666674,48.050336833333326,51.38295841666667,53.9993575,57.71445483333333,62.6453275,67.62907766666667,74.56568291666667,76.55145125,80.11198383333333,85.89272283333332,89.70826633333333,91.66703616666666,95.67506033333332,99.93832658333334,104.39102083333334,107.86093708333334,112.12645358333332,115.21788908333332,117.25438366666668,122.86850358333334,135.58738108333333,144.14511616666667,150.33995274999998,155.58510633333333,,,,,,,,,,,,,,,,,,,,,,,,,,,,,,,,,,,,,,,,,,,,,,,,,,,,,,,,,,,,,,,,,,,,,,,,,,,,,,,,,,,,,,,,,,,,,,,
South America,41.559662083333336,45.18100983333333,50.20468325,52.90093875,56.10194275,58.83034333333333,61.5322085,65.68638758333333,68.617482,71.97677091666667,76.50272325,80.76340741666667,85.44197675,91.8687735,100.03511966666667,108.7917885,116.03623825,128.0357445,150.16383241666668,175.94252916666667,220.13765308333333,312.9580404166667,583.0220389166667,1600.502229,2091.756815,,,,,,,,,,,,,,,,,,,,,,,,,,,,,,,,,,,,,,,,,,,,,,,,,,,,,,,,,,,,,,,,,,,,,,,,,,,,,,,,,,,,,,,,,,,,,,,
South America,4.072742083333334,10.460909416666668,13.256797666666666,5.941791666666667,5.369770333333334,5.30853925,9.197747666666666,15.002924083333331,4.566455666666667,4.67968575,8.39774925,5.696723083333333,4.837844583333333,6.3092421666666665,7.446535333333333,8.105054,2.899590083333333,3.0664909166666665,3.549781166666667,5.8877810833333335,7.635586,13.370437666666668,10.61537225,5.062896666666666,4.6454265,,,,,,,,,,,,,,,,,,,,,,,,,,,,,,,,,,,,,,,,,,,,,,,,,,,,,,,,,,,,,,,,,,,,,,,,,,,,,,,,,,,,,,,,,,,,,,,
South America,6.229970166666667,13.782966166666668,17.198335583333336,4.298097583333333,4.87775575,3.6816108333333335,7.980750749999999,12.1358625,4.8208002500000005,6.6290865,8.137655416666666,7.684627166666666,8.150686166666667,8.726918,9.38732625,11.155195833333332,4.484179166666666,7.054997833333334,14.807117166666666,15.324317916666669,17.993174416666665,25.212507,32.077714666666665,50.33645683333333,13.709097833333333,,,,,,,,,,,,,,,,,,,,,,,,,,,,,,,,,,,,,,,,,,,,,,,,,,,,,,,,,,,,,,,,,,,,,,,,,,,,,,,,,,,,,,,,,,,,,,,
South America (FAO),,,,,,,,,,,,,,,,,,,,,,,,,,,,,,,,,,,,,,,,,,,,,,,,,,,,,,,,,,,,,,,,,,,,,,,,,,,,,,,,,,,,,,,,,,,,,,,,,,,,,,,,,,,,,,,,,,,,,,,,
South Asia,,,,,,,,,,,,,,,,,,,,,,,,,,,,,,,,,,,,,,,,,,,,,,,,,1260149056.0,1282584796.0,1304347790.0,1325950587.0,1346886384.0,1367187349.0,1386949456.0,1406047164.0,1425370200.0,1444967010.0,1464372623.0,1483553073.0,1501661991.0,1519839246.0,1537370078.0,1555111864.0,1572520427.0,1589164714.0,1605412986.0,1621073417.0,1634785356.0,1648009565.0,1662580579.0,1677384532.0,,46.0,45.6,45.0,43.3,40.7,38.1,36.8,34.6,30.4,27.5,25.2,22.8,20.0,,,,,,9.4,7.9,6.1,4.7,3.8,18.0802860701785,19.3215035780879,20.6176985819872,20.9305074350907,20.3764207771366,18.4083977124393,16.3185781682387,15.1952741821056,15.0684421444442,14.6966663860295,14.3385408090641,13.6037758606135,13.0248085477616,12.6660367305168,12.2831481267469,11.5975005508164,10.6452868600751,10.3804810391057,11.4141838638208,12.7373666130911,13.4860811333617,13.241172152045,,
South Asia (IDA & IBRD),,,,,,,,,,,,,,,,,,,,,,,,,,,,,,,,,,,,,,,,,,,,,,,,,1260149056.0,1282584796.0,1304347790.0,1325950587.0,1346886384.0,1367187349.0,1386949456.0,1406047164.0,1425370200.0,1444967010.0,1464372623.0,1483553073.0,1501661991.0,1519839246.0,1537370078.0,1555111864.0,1572520427.0,1589164714.0,1605412986.0,1621073417.0,1634785356.0,1648009565.0,1662580579.0,1677384532.0,,,,,,,,,,,,,,,,,,,,,,,,,18.0802860701785,19.3215035780879,20.6176985819872,20.9305074350907,20.3764207771366,18.4083977124393,16.3185781682387,15.1952741821056,15.0684421444442,14.6966663860295,14.3385408090641,13.6037758606135,13.0248085477616,12.6660367305168,12.2831481267469,11.5975005508164,10.6452868600751,10.3804810391057,11.4141838638208,12.7373666130911,13.4860811333617,13.241172152045,,
South Korea,,,,,,,,,,,,,,,,,,,,,,,,,,,,,,,,,,,,,,,,,,,,,,,,,,,,,,,,,,,,,,,,,,,,,,,,,,,,,,,,,,,,,,,,,,,,,,,,,,,,,,,,,,,,,,,,,,,,,,,,
South Sudan,,,,,,,,28.331015500000003,29.769375166666663,29.947326500000003,45.741940416666665,66.24595166666667,63.60069391666666,65.26546416666666,104.57721833333332,497.3854156666666,1369.79762775,2333.4442435,4852.572185333333,6003.917940583334,7232.032288666666,6597.256236,9086.2342875,20343.376358857146,,,,,,,,,,,,,,,,,,,,,106.0,107.0,107.0,106.0,6308391.0,6596806.0,6903127.0,7233041.0,7590143.0,7976526.0,8388788.0,8817647.0,9243556.0,9745953.0,10288109.0,10756240.0,11166275.0,11235073.0,11107561.0,10830102.0,10259154.0,10122977.0,10423384.0,10698467.0,10865780.0,11021177.0,11483374.0,11943408.0,,,,,,,,,44.9,,,,,,,76.5,,,,,,,,,,,,,,,,,,,,,,,,,,,,19.6,19.3,19.6,,
South Sudan,,,,,,,,29.375590083333336,30.84621266666667,31.206996583333336,45.82815341666667,66.69183174999999,66.65308983333334,67.76906191666667,103.528309,496.9354544166667,1430.436807,2624.8734190833334,4914.84879725,6373.371637083333,7043.641021,6572.61014,6729.22258025,12882.47902675,24944.585522666664,,,,,,,,,,,,,,,,,,,,106.0,107.0,107.0,106.0,6308391.0,6596806.0,6903127.0,7233041.0,7590143.0,7976526.0,8388788.0,8817647.0,9243556.0,9745953.0,10288109.0,10756240.0,11166275.0,11235073.0,11107561.0,10830102.0,10259154.0,10122977.0,10423384.0,10698467.0,10865780.0,11021177.0,11483374.0,11943408.0,,,,,,,,,44.9,,,,,,,76.5,,,,,,,,,,,,,,,,,,,,,,,,,,,,19.6,19.3,19.6,,
South Sudan,,,,,,,,,5.15931725,0.7427912500000001,52.59974566666667,46.48147925,-1.924405583333333,2.7584420833333336,60.0048105,348.6136718333333,236.952454,75.56214583333333,109.3625055,25.876361916666667,22.44922383333333,-8.804562833333334,40.37070658333334,207.76959114285717,,,,,,,,,,,,,,,,,,,,,106.0,107.0,107.0,106.0,6308391.0,6596806.0,6903127.0,7233041.0,7590143.0,7976526.0,8388788.0,8817647.0,9243556.0,9745953.0,10288109.0,10756240.0,11166275.0,11235073.0,11107561.0,10830102.0,10259154.0,10122977.0,10423384.0,10698467.0,10865780.0,11021177.0,11483374.0,11943408.0,,,,,,,,,44.9,,,,,,,76.5,,,,,,,,,,,,,,,,,,,,,,,,,,,,19.6,19.3,19.6,,
South-eastern Asia,42.6554575,44.702474,46.821627416666665,48.99886816666666,49.608405833333336,51.78050675,60.046081333333326,73.166624,76.00452058333333,80.20657175000001,86.03459816666667,90.15249416666668,93.43242,97.75923766666666,99.96735441666664,102.46223458333333,104.16047475,105.81516175,110.04657758333332,117.0369345,120.17340375,123.58973283333334,129.06564175,133.62991591666665,137.1703685,,,,,,,,,,,,,,,,,,,,,,,,,,,,,,,,,,,,,,,,,,,,,,,,,,,,,,,,,,,,,,,,,,,,,,,,,,,,,,,,,,,,,,,,,,,,,,,
South-eastern Asia,43.434492250000005,45.16420341666666,46.11591258333333,48.43855516666667,51.38260616666667,55.24365766666667,59.12030225,68.05342941666667,71.71819125,76.14314316666666,82.57700241666667,86.32951416666667,91.65447975,96.31157458333332,100.00999575,104.14812166666668,106.01889925,109.62387108333331,111.97678358333332,116.35498516666668,119.22660183333332,126.13865425,132.69863483333333,137.131619,143.66203216666668,,,,,,,,,,,,,,,,,,,,,,,,,,,,,,,,,,,,,,,,,,,,,,,,,,,,,,,,,,,,,,,,,,,,,,,,,,,,,,,,,,,,,,,,,,,,,,,
South-eastern Asia,51.60293158333334,51.71205458333333,53.49263091666666,58.23282341666667,62.40441391666667,66.489154,69.69699,79.39101941666667,81.76216791666667,85.08680525,89.68838633333333,92.45377383333332,95.59462308333332,99.17187183333334,99.98629941666668,101.60927983333332,104.14283725,106.902444,108.68583958333332,113.35800541666669,116.8964155,122.27634241666668,125.99296808333334,127.63046791666666,130.331415,,,,,,,,,,,,,,,,,,,,,,,,,,,,,,,,,,,,,,,,,,,,,,,,,,,,,,,,,,,,,,,,,,,,,,,,,,,,,,,,,,,,,,,,,,,,,,,
South-eastern Asia,51.972633083333335,54.330596250000006,56.21472550000001,58.51621016666667,62.161818583333336,66.61588041666666,69.70637591666666,76.283683,78.28253733333334,81.66295,86.44173816666667,89.85401266666666,93.61932575,97.42658091666668,100.00664025,102.164734,105.13944216666664,108.14852908333334,110.60839058333332,112.09261575,114.62873958333334,120.648612,125.86095883333331,129.60712491666666,131.48454166666667,,,,,,,,,,,,,,,,,,,,,,,,,,,,,,,,,,,,,,,,,,,,,,,,,,,,,,,,,,,,,,,,,,,,,,,,,,,,,,,,,,,,,,,,,,,,,,,
South-eastern Asia,1.4664490833333332,3.1102474166666667,1.93657375,4.640509916666667,5.828781583333334,6.108372416666666,7.670470083333334,12.1238735,3.0623776666666664,4.936624916666667,6.304098166666667,3.2076654166666665,3.764167,4.08793825,2.0721971666666668,2.540194916666666,1.430615083333333,2.009446,1.7727642499999998,2.7209613333333333,2.5056124166666667,5.83153325,5.101640166666667,2.90459675,2.675561666666667,,,,,,,,,,,,,,,,,,,,,,,,,,,,,,,,,,,,,,,,,,,,,,,,,,,,,,,,,,,,,,,,,,,,,,,,,,,,,,,,,,,,,,,,,,,,,,,
South-eastern Asia,4.358568916666667,6.445681,2.740627083333333,5.735892833333334,7.186617916666667,8.847901833333333,8.006256583333334,16.30179516666667,5.782459416666666,6.564736833333334,8.879236666666666,4.693587583333334,6.532322499999999,5.156599583333334,3.9160765,4.144923333333334,1.7990914166666665,3.3817845833333333,2.1683754166666667,3.903874833333333,2.4148466666666666,5.77288275,5.14613125,3.2117239166666667,5.164978333333333,,,,,,,,,,,,,,,,,,,,,,,,,,,,,,,,,,,,,,,,,,,,,,,,,,,,,,,,,,,,,,,,,,,,,,,,,,,,,,,,,,,,,,,,,,,,,,,
South-eastern Asia (FAO),,,,,,,,,,,,,,,,,,,,,,,,,,,,,,,,,,,,,,,,,,,,,,,,,,,,,,,,,,,,,,,,,,,,,,,,,,,,,,,,,,,,,,,,,,,,,,,,,,,,,,,,,,,,,,,,,,,,,,,,
Southern Africa,33.63255175,36.92852741666667,40.40387533333333,43.182184416666665,44.99827525,48.9700515,55.26010075,64.83863741666666,70.90753491666666,72.286462,77.32649825,84.87283241666667,89.35863583333334,95.2723435,99.97598466666666,111.32548158333331,118.60713341666668,123.05011116666668,126.93138408333334,132.58085216666666,140.167716,151.70557366666665,169.35628566666665,176.79666366666666,184.0962473333333,,,,,,,,,,,,,,,,,,,,,,,,,,,,,,,,,,,,,,,,,,,,,,,,,,,,,,,,,,,,,,,,,,,,,,,,,,,,,,,,,,,,,,,,,,,,,,,
Southern Africa,36.888601,43.269042000000006,46.84544375,47.57575591666667,48.45005258333333,51.437564083333335,56.67720966666667,65.64876958333333,71.90504975,72.86596341666667,77.96840258333333,83.68090525000001,88.42103175,95.34206158333332,100.01184941666666,111.44158841666666,118.92715516666668,122.54485641666668,126.87555408333333,132.51753866666667,140.63211241666667,153.6188955,170.29571083333337,178.35973408333334,183.9687765,,,,,,,,,,,,,,,,,,,,,,,,,,,,,,,,,,,,,,,,,,,,,,,,,,,,,,,,,,,,,,,,,,,,,,,,,,,,,,,,,,,,,,,,,,,,,,,
Southern Africa,39.543765416666666,48.04771741666667,51.41636866666667,53.91864458333333,55.39709625,58.14543875,61.95273325,67.58711316666667,73.54613758333333,76.76915558333333,81.21773891666668,86.89665883333333,91.72854225,96.6840575,100.027989,106.60849775,112.14664666666664,117.23265441666666,122.34809191666666,126.01754533333332,131.70380175,139.54153225000002,146.18286025,152.22130725,156.6250845,,,,,,,,,,,,,,,,,,,,,,,,,,,,,,,,,,,,,,,,,,,,,,,,,,,,,,,,,,,,,,,,,,,,,,,,,,,,,,,,,,,,,,,,,,,,,,,
Southern Africa,47.89169458333333,52.61052408333333,55.66790808333334,55.49168941666667,56.73754725,58.736918,62.405131583333336,68.63713366666666,73.669184,76.73794716666667,80.65285375,85.37546350000001,90.300019,95.76279191666669,100.01298008333332,106.53635508333332,112.0513755,117.06754916666668,121.807091,125.68938441666668,131.53299558333333,140.87923833333335,149.37843708333335,155.844188,159.45423533333334,,,,,,,,,,,,,,,,,,,,,,,,,,,,,,,,,,,,,,,,,,,,,,,,,,,,,,,,,,,,,,,,,,,,,,,,,,,,,,,,,,,,,,,,,,,,,,,
Southern Africa,4.775901583333334,17.31175775,10.64281275,4.6660839166666666,3.408833,7.384357333333334,12.22165225,17.4579585,10.173859833333331,2.494367083333333,6.580661500000001,8.878388,5.769444,6.341003583333333,4.696476333333333,11.218503750000002,6.0285685,2.730305,3.384116666666667,4.503468916666667,6.10423575,8.92377925,11.182013416666663,5.0501175,5.534332833333333,,,,,,,,,,,,,,,,,,,,,,,,,,,,,,,,,,,,,,,,,,,,,,,,,,,,,,,,,,,,,,,,,,,,,,,,,,,,,,,,,,,,,,,,,,,,,,,
Southern Africa,5.372645833333333,17.30025875,8.536903916666667,1.58720925,1.8623208333333332,6.179868416666667,10.159472333333332,15.808349083333333,9.74050925,1.3374658333333336,6.992285833333334,7.358900333333334,5.684825916666667,7.841501083333334,4.907882166666667,11.408942416666669,6.778098333333333,3.0352758333333334,3.525610583333333,4.438955333333333,6.126200999999999,9.2043725,10.948615583333334,4.7550755,3.9285495,,,,,,,,,,,,,,,,,,,,,,,,,,,,,,,,,,,,,,,,,,,,,,,,,,,,,,,,,,,,,,,,,,,,,,,,,,,,,,,,,,,,,,,,,,,,,,,
Southern Africa (FAO),,,,,,,,,,,,,,,,,,,,,,,,,,,,,,,,,,,,,,,,,,,,,,,,,,,,,,,,,,,,,,,,,,,,,,,,,,,,,,,,,,,,,,,,,,,,,,,,,,,,,,,,,,,,,,,,,,,,,,,,
Southern Asia,30.711049666666668,34.09676458333333,33.88674691666667,38.63140683333334,41.879069916666666,43.69859441666667,49.002080166666666,55.78362791666667,60.46138358333334,67.63874466666667,74.8079155,81.87654766666667,88.8446275,96.07004366666666,100.05299625,104.77228091666666,110.90348591666668,112.55460933333336,118.43312391666666,129.76228275,140.07364933333335,154.80233625,160.0000791666667,166.89227458333335,174.7688658333333,,,,,,,,,,,,,,,,,,,,,,,,,,,,,,,,,,,,,,,,,,,,,,,,,,,,,,,,,,,,,,,,,,,,,,,,,,,,,,,,,,,,,,,,,,,,,,,
Southern Asia,33.878774166666666,35.391755,36.92571541666667,38.846974083333336,40.99295416666666,43.51122775,46.89698525,52.49971925,57.58877866666666,64.21650724999999,69.87509191666668,77.11861716666667,88.27225391666667,95.0230545,100.035223,105.06568025,109.20307075,114.31246283333331,128.12905216666667,144.993509,169.97590775,216.7677196666667,277.0213810833333,322.13139033333334,370.8399938333334,,,,,,,,,,,,,,,,,,,,,,,,,,,,,,,,,,,,,,,,,,,,,,,,,,,,,,,,,,,,,,,,,,,,,,,,,,,,,,,,,,,,,,,,,,,,,,,
Southern Asia,37.82233041666667,39.16527375,41.08432491666667,43.3617935,46.35364225,49.116246,54.840483,59.66402033333333,62.78631441666667,68.91456616666666,76.73434508333334,82.36244574999999,89.66542366666665,95.56646516666667,100.06492191666666,104.35269216666666,109.54370125,113.39473525,118.41248266666666,125.97118283333332,133.97212916666666,146.03763925,156.39761841666666,162.77315124999998,165.19283833333333,,,,,,,,,,,,,,,,,,,,,,,,,,,,,,,,,,,,,,,,,,,,,,,,,,,,,,,,,,,,,,,,,,,,,,,,,,,,,,,,,,,,,,,,,,,,,,,
Southern Asia,34.053332000000005,35.63232358333334,37.25540033333333,39.21526308333333,41.44328158333334,44.10996491666666,47.44645083333333,52.8007565,58.19430966666667,64.80920358333334,71.62774808333333,79.04816891666667,88.12721783333332,94.84246391666666,100.02272475,105.13508158333332,109.64313816666667,116.00440808333332,127.01367266666666,140.91253958333334,159.71518608333335,189.420044,229.1506948333333,266.06991841666667,298.7830675,,,,,,,,,,,,,,,,,,,,,,,,,,,,,,,,,,,,,,,,,,,,,,,,,,,,,,,,,,,,,,,,,,,,,,,,,,,,,,,,,,,,,,,,,,,,,,,
Southern Asia,3.772558666666667,4.309881916666667,4.346952916666667,9.547538833333332,8.659426,6.4313528333333325,10.281352666666669,20.3604485,8.474556166666668,10.163240416666666,11.985280083333334,9.450717833333334,9.191866916666669,7.737468750000001,3.97493825,4.3135148333333335,6.637288416666667,2.6079,4.74990875,9.74483175,5.520695,7.908891666666666,6.635448083333333,5.415262166666667,4.055022,,,,,,,,,,,,,,,,,,,,,,,,,,,,,,,,,,,,,,,,,,,,,,,,,,,,,,,,,,,,,,,,,,,,,,,,,,,,,,,,,,,,,,,,,,,,,,,
Southern Asia,4.9268521666666665,5.666128416666667,5.700194166666667,6.632608083333333,6.594174833333334,6.499544833333334,9.0061695,13.652403583333331,10.09553975,11.676694500000002,9.831519333333333,11.861815833333331,15.908983333333332,7.900375666666666,5.366427166666667,5.052801166666667,3.9392454166666666,4.448390416666666,10.695200833333333,11.532632833333333,11.13148475,16.738166083333333,16.375001916666665,9.62613775,6.577143666666667,,,,,,,,,,,,,,,,,,,,,,,,,,,,,,,,,,,,,,,,,,,,,,,,,,,,,,,,,,,,,,,,,,,,,,,,,,,,,,,,,,,,,,,,,,,,,,,
Southern Asia (FAO),,,,,,,,,,,,,,,,,,,,,,,,,,,,,,,,,,,,,,,,,,,,,,,,,,,,,,,,,,,,,,,,,,,,,,,,,,,,,,,,,,,,,,,,,,,,,,,,,,,,,,,,,,,,,,,,,,,,,,,,
Southern Europe,72.62278916666666,74.1637855,75.76739825,76.05434108333334,78.15522916666667,80.75222433333333,82.9681055,89.98376316666668,90.57355908333334,90.66317325,93.43665533333336,96.25679433333332,99.20045325,98.65422308333332,99.965693,100.36023841666668,102.47110816666668,103.9139015,105.03540933333332,107.12788391666668,109.85362333333336,124.58249008333333,139.99647983333332,144.00787666666668,149.29422833333334,,,,,,,,,,,,,,,,,,,,,,,,,,,,,,,,,,,,,,,,,,,,,,,,,,,,,,,,,,,,,,,,,,,,,,,,,,,,,,,,,,,,,,,,,,,,,,,
Southern Europe,73.09813191666666,76.07192783333333,78.74578675,80.74578724999999,81.67411816666667,83.98789541666666,86.67689541666665,91.67443166666668,92.20326475,92.052472,94.41471908333334,96.79937491666668,99.14728325,98.86075541666666,100.00923716666668,100.57570316666666,102.18235841666666,103.51993475,104.36960258333332,106.25154241666668,107.47294841666668,119.00862,131.90683966666666,135.6872365,138.88256983333335,,,,,,,,,,,,,,,,,,,,,,,,,,,,,,,,,,,,,,,,,,,,,,,,,,,,,,,,,,,,,,,,,,,,,,,,,,,,,,,,,,,,,,,,,,,,,,,
Southern Europe,74.18948983333333,76.43561991666667,78.14090091666667,79.45946391666666,81.85343625,84.23819958333333,86.2310405,90.88204966666666,91.75529,93.04341891666668,95.55479975,98.42251916666667,100.07731791666669,100.03797058333332,99.98910408333334,99.95939816666667,101.59077816666668,103.00035975,103.7568905,103.83260366666669,106.12680816666666,115.53995641666668,121.77756066666666,124.54553608333332,127.28248466666666,,,,,,,,,,,,,,,,,,,,,,,,,,,,,,,,,,,,,,,,,,,,,,,,,,,,,,,,,,,,,,,,,,,,,,,,,,,,,,,,,,,,,,,,,,,,,,,
Southern Europe,75.0479705,77.24044541666667,79.48526533333333,81.52849783333333,83.69840016666667,86.03776516666666,88.029477,91.34804775,91.76197183333332,93.464403,96.345549,99.01855483333333,100.19152891666666,100.19294341666668,99.98561241666664,99.8548915,101.34415741666668,102.66266608333332,103.316995,103.09110191666667,105.39709125,114.31749941666668,119.92734825,122.15769208333334,124.2052175,,,,,,,,,,,,,,,,,,,,,,,,,,,,,,,,,,,,,,,,,,,,,,,,,,,,,,,,,,,,,,,,,,,,,,,,,,,,,,,,,,,,,,,,,,,,,,,
Southern Europe,4.908544833333333,3.946806666666667,3.1612426666666664,2.0441203333333333,1.7665276666666667,3.0189431666666664,3.674631,6.905697916666667,1.6077116666666669,0.3727066666666666,3.8092350833333337,3.03587825,3.159245583333333,-0.4747964166666667,1.3662413333333332,0.3658468333333333,2.07318925,1.5476053333333333,1.1728541666666663,2.0597185833333334,2.044253583333333,12.346778666666664,11.492432833333332,2.851756333333333,3.2499970000000005,,,,,,,,,,,,,,,,,,,,,,,,,,,,,,,,,,,,,,,,,,,,,,,,,,,,,,,,,,,,,,,,,,,,,,,,,,,,,,,,,,,,,,,,,,,,,,,
Southern Europe,6.44031675,4.2897155,3.5903905,2.646521,1.2891304166666666,2.88964575,3.2088330833333334,5.87874025,0.6510055833333334,-0.1392270833333333,2.598483,2.535050833333333,2.4458299166666664,-0.279662,1.1647959166666666,0.5692390833333333,1.6000198333333333,1.310504,0.8179645833333332,1.8009826666666668,1.1476678333333334,10.68844075,10.931792083333336,2.87275625,2.6405425,,,,,,,,,,,,,,,,,,,,,,,,,,,,,,,,,,,,,,,,,,,,,,,,,,,,,,,,,,,,,,,,,,,,,,,,,,,,,,,,,,,,,,,,,,,,,,,
Southern Europe (FAO),,,,,,,,,,,,,,,,,,,,,,,,,,,,,,,,,,,,,,,,,,,,,,,,,,,,,,,,,,,,,,,,,,,,,,,,,,,,,,,,,,,,,,,,,,,,,,,,,,,,,,,,,,,,,,,,,,,,,,,,
Spain,70.37778033333333,73.86905891666667,76.8964915,79.869892,82.3923555,85.78079408333333,88.94788508333333,94.17716166666666,93.1870965,92.40821341666668,94.30482325,96.49934083333332,99.18829575,98.84240033333332,100.00225358333334,101.40286925,102.64990625,104.34082866666668,105.4200005,107.902627,109.89512041666666,122.68656766666668,136.9942035,141.88033175,144.88248816666666,132.0,131.0,130.0,128.0,127.0,127.0,127.0,126.0,127.0,128.0,128.0,129.0,128.0,129.0,130.0,131.0,133.0,134.0,135.0,135.0,134.0,134.0,134.0,40850412.0,41431558.0,42187645.0,42921895.0,43653155.0,44397319.0,45226803.0,45954106.0,46362946.0,46576897.0,46742697.0,46773055.0,46604197.0,46460733.0,46422303.0,46458139.0,46571232.0,46782011.0,47118501.0,47359424.0,47443821.0,47786102.0,48347910.0,48807137.0,,,0.9,1.0,0.9,0.9,0.6,0.6,0.9,0.7,1.3,1.0,1.3,0.9,1.1,1.3,0.8,1.0,0.9,1.1,0.7,0.8,0.8,,2.5,2.5,2.5,2.5,2.5,2.5,2.5,2.5,2.5,2.5,2.5,2.5,2.5,2.5,2.5,2.5,2.5,2.5,2.5,2.5,2.5,2.5,,
Spain,73.84473891666667,76.10856525,78.42141958333333,80.80484166666666,83.52700666666667,86.46346166666666,88.87302325,92.49490425,92.22869183333334,93.88868325,96.88946116666666,99.25950133333332,100.657652,100.50554333333334,100.002648,99.80004475,101.75220983333334,103.45654033333334,104.18023825,103.84399341666666,107.05602858333332,116.03864625,120.13755075,123.47038025,125.9914585,132.0,131.0,130.0,128.0,127.0,127.0,127.0,126.0,127.0,128.0,128.0,129.0,128.0,129.0,130.0,131.0,133.0,134.0,135.0,135.0,134.0,134.0,134.0,40850412.0,41431558.0,42187645.0,42921895.0,43653155.0,44397319.0,45226803.0,45954106.0,46362946.0,46576897.0,46742697.0,46773055.0,46604197.0,46460733.0,46422303.0,46458139.0,46571232.0,46782011.0,47118501.0,47359424.0,47443821.0,47786102.0,48347910.0,48807137.0,,,0.9,1.0,0.9,0.9,0.6,0.6,0.9,0.7,1.3,1.0,1.3,0.9,1.1,1.3,0.8,1.0,0.9,1.1,0.7,0.8,0.8,,2.5,2.5,2.5,2.5,2.5,2.5,2.5,2.5,2.5,2.5,2.5,2.5,2.5,2.5,2.5,2.5,2.5,2.5,2.5,2.5,2.5,2.5,,
Spain,5.902163083333334,4.962558666666666,4.099647,3.8739908333333335,3.1587522500000005,4.11471475,3.683196666666667,5.912248666666667,-1.0403585,-0.8264456666666667,2.0525954166666667,2.326119166666667,2.7926621666666667,-0.3411029166666666,1.1752598333333333,1.4042115,1.2316006666666668,1.6477018333333333,1.0339275833333332,2.358354333333333,1.8482515833333333,11.607155833333332,11.7829915,3.5988035833333334,2.284216166666667,132.0,131.0,130.0,128.0,127.0,127.0,127.0,126.0,127.0,128.0,128.0,129.0,128.0,129.0,130.0,131.0,133.0,134.0,135.0,135.0,134.0,134.0,134.0,40850412.0,41431558.0,42187645.0,42921895.0,43653155.0,44397319.0,45226803.0,45954106.0,46362946.0,46576897.0,46742697.0,46773055.0,46604197.0,46460733.0,46422303.0,46458139.0,46571232.0,46782011.0,47118501.0,47359424.0,47443821.0,47786102.0,48347910.0,48807137.0,,,0.9,1.0,0.9,0.9,0.6,0.6,0.9,0.7,1.3,1.0,1.3,0.9,1.1,1.3,0.8,1.0,0.9,1.1,0.7,0.8,0.8,,2.5,2.5,2.5,2.5,2.5,2.5,2.5,2.5,2.5,2.5,2.5,2.5,2.5,2.5,2.5,2.5,2.5,2.5,2.5,2.5,2.5,2.5,,
Sri Lanka,23.805420583333333,26.64358908333333,28.734284916666667,31.451176416666662,36.022653416666664,40.534827,48.61258683333333,62.482806,65.15501400000001,70.1912945,76.05359966666667,83.20485958333333,90.35053691666668,95.076959,100.05563825,103.12871133333331,114.82597141666668,114.569882,115.33061841666668,129.37787558333335,143.86199125,230.693051,255.36305291666667,260.8172095,267.5998226666667,102.0,103.0,103.0,104.0,104.0,105.0,106.0,108.0,108.0,107.0,107.0,108.0,110.0,117.0,120.0,121.0,117.0,117.0,123.0,125.0,123.0,118.0,114.0,19600362.0,19805752.0,19951521.0,20087605.0,20216524.0,20352411.0,20492545.0,20629378.0,20756435.0,20879089.0,21009048.0,21169458.0,20585000.0,20778000.0,20970000.0,21209000.0,21453000.0,21670000.0,21803000.0,21919000.0,22156000.0,22181000.0,22037000.0,21916000.0,,20.7,,,,12.2,,,7.8,,,6.4,,,,3.8,,,2.7,,,,,,16.6,16.0,15.7,15.1,14.1,13.4,12.0,11.0,10.2,10.5,10.1,9.3,7.9,6.6,5.2,4.3,4.0,4.2,4.0,3.8,3.8,4.1,,
Sri Lanka,31.7066015,34.734909083333335,36.92865733333333,39.726044,44.349929,48.79387333333333,56.52385316666667,69.27817541666667,71.67863883333332,76.13536491666666,81.24920116666667,87.37775825,93.41420741666668,96.38384708333332,100.01594483333334,103.97546441666668,111.9858775,114.37681833333332,118.41248266666666,125.69952175,134.51706758333333,201.400436,234.71443308333332,238.5343613333333,238.27522033333327,102.0,103.0,103.0,104.0,104.0,105.0,106.0,108.0,108.0,107.0,107.0,108.0,110.0,117.0,120.0,121.0,117.0,117.0,123.0,125.0,123.0,118.0,114.0,19600362.0,19805752.0,19951521.0,20087605.0,20216524.0,20352411.0,20492545.0,20629378.0,20756435.0,20879089.0,21009048.0,21169458.0,20585000.0,20778000.0,20970000.0,21209000.0,21453000.0,21670000.0,21803000.0,21919000.0,22156000.0,22181000.0,22037000.0,21916000.0,,20.7,,,,12.2,,,7.8,,,6.4,,,,3.8,,,2.7,,,,,,16.6,16.0,15.7,15.1,14.1,13.4,12.0,11.0,10.2,10.5,10.1,9.3,7.9,6.6,5.2,4.3,4.0,4.2,4.0,3.8,3.8,4.1,,
Sri Lanka,17.808504333333335,11.916709249999998,7.947187666666667,9.486067666666669,14.708518,12.471294916666666,19.8372205,28.747579916666663,4.43224075,7.739972083333334,8.382425249999999,9.386170333333334,8.645352749999999,5.202119583333333,5.364744583333334,3.143000333333333,11.346956416666666,-0.1060981666666668,0.7031450833333333,12.255391083333334,11.12894025,59.82508166666667,14.336335083333331,2.1459026666666667,1.6869515000000002,102.0,103.0,103.0,104.0,104.0,105.0,106.0,108.0,108.0,107.0,107.0,108.0,110.0,117.0,120.0,121.0,117.0,117.0,123.0,125.0,123.0,118.0,114.0,19600362.0,19805752.0,19951521.0,20087605.0,20216524.0,20352411.0,20492545.0,20629378.0,20756435.0,20879089.0,21009048.0,21169458.0,20585000.0,20778000.0,20970000.0,21209000.0,21453000.0,21670000.0,21803000.0,21919000.0,22156000.0,22181000.0,22037000.0,21916000.0,,20.7,,,,12.2,,,7.8,,,6.4,,,,3.8,,,2.7,,,,,,16.6,16.0,15.7,15.1,14.1,13.4,12.0,11.0,10.2,10.5,10.1,9.3,7.9,6.6,5.2,4.3,4.0,4.2,4.0,3.8,3.8,4.1,,
St. Kitts and Nevis,,,,,,,,,,,,,,,,,,,,,,,,,,,,,,,,,,,,,,,,,,,,,,,,,45761.0,46020.0,46176.0,46315.0,46437.0,46569.0,46706.0,46835.0,46916.0,46846.0,46886.0,47033.0,47069.0,47089.0,47087.0,47075.0,47050.0,47008.0,46952.0,46870.0,46763.0,46709.0,46758.0,46843.0,,,,,,,,,,,,,,,,,,,,,,,,,,,,,,,,,,,,,,,,,,,,,,,,
St. Lucia,,,,,,,,,,,,,,,,,,,,,,,,,,,,,,,,,,,,,,,,,,,,,,,,,160237.0,161641.0,162976.0,164239.0,165450.0,166639.0,167758.0,168808.0,169869.0,170906.0,171801.0,172587.0,173369.0,174138.0,174905.0,175646.0,176342.0,177017.0,177661.0,178250.0,178522.0,178781.0,179285.0,179744.0,,,,,,,,,,,,,,,0.1,,,,,,,,,,,,,,,,,,,,,,,,,,,,,,,,,
St. Martin (French part),,,,,,,,,,,,,,,,,,,,,,,,,,,,,,,,,,,,,,,,,,,,,,,,,30803.0,31604.0,32395.0,33171.0,33928.0,34658.0,35337.0,35958.0,36502.0,36856.0,37069.0,37276.0,37419.0,37450.0,37369.0,37175.0,36837.0,36012.0,34267.0,31786.0,29961.0,28870.0,27515.0,26129.0,,,,,,,,,,,,,,,,,,,,,,,,,,,,,,,,,,,,,,,,,,,,,,,,
St. Vincent and the Grenadines,,,,,,,,,,,,,,,,,,,,,,,,,,,,,,,,,,,,,,,,,,,,,,,,,113501.0,113347.0,113141.0,112835.0,112450.0,112014.0,111531.0,111028.0,110508.0,109959.0,109349.0,108736.0,108135.0,107535.0,106960.0,106349.0,105663.0,104926.0,104167.0,103526.0,102841.0,102046.0,101323.0,100616.0,,,,,,,,,,,,,,,,,,,,,,,,,13.8,12.2,9.8,9.0,8.2,7.5,7.0,6.6,6.3,6.0,5.7,5.5,5.3,5.1,5.2,5.2,5.5,5.6,5.9,6.1,5.8,4.8,,
Sub-Saharan Africa,,,,,,,,,,,,,,,,,,,,,,,,,,,,,,,,,,,,,,,,,,,,,,,,,699588585.0,718662153.0,738316131.0,758653144.0,779665113.0,801269368.0,823564883.0,846656872.0,870347292.0,894666657.0,919528126.0,944970310.0,971232906.0,997961037.0,1025251114.0,1052824144.0,1080941647.0,1109997000.0,1139315618.0,1169015451.0,1199011925.0,1229208573.0,1259902353.0,1291058694.0,61.3,60.9,59.9,57.0,55.5,54.0,53.0,51.6,51.1,49.5,48.5,47.3,46.4,45.7,45.5,45.3,45.0,44.6,44.4,46.4,46.6,46.4,46.5,46.0,25.9092598420457,25.3759221992648,24.8427698592389,23.9847019433358,22.8416308634794,21.8050558619499,20.9139043329228,20.2246887196621,19.2562600038501,18.5311430273208,17.9559748644875,17.8345061052662,17.4705746567571,17.6947521583689,18.1734570117779,18.5962604748145,18.9720742737313,19.1887350775071,19.9681298956106,20.7564533789429,21.629612443949,22.1400336092608,,
Sub-Saharan Africa (IDA & IBRD countries),,,,,,,,,,,,,,,,,,,,,,,,,,,,,,,,,,,,,,,,,,,,,,,,,699588585.0,718662153.0,738316131.0,758653144.0,779665113.0,801269368.0,823564883.0,846656872.0,870347292.0,894666657.0,919528126.0,944970310.0,971232906.0,997961037.0,1025251114.0,1052824144.0,1080941647.0,1109997000.0,1139315618.0,1169015451.0,1199011925.0,1229208573.0,1259902353.0,1291058694.0,,,,,,,,,,,,,,,,,,,,,,,,,25.9092598420457,25.3759221992648,24.8427698592389,23.9847019433358,22.8416308634794,21.8050558619499,20.9139043329228,20.2246887196621,19.2562600038501,18.5311430273208,17.9559748644875,17.8345061052662,17.4705746567571,17.6947521583689,18.1734570117779,18.5962604748145,18.9720742737313,19.1887350775071,19.9681298956106,20.7564533789429,21.629612443949,22.1400336092608,,
Sub-Saharan Africa (excluding high income),,,,,,,,,,,,,,,,,,,,,,,,,,,,,,,,,,,,,,,,,,,,,,,,,630019621.0,646942913.0,664400687.0,682493463.0,701214785.0,720481278.0,740376633.0,761026248.0,782252358.0,804038373.0,826290715.0,849083240.0,872704206.0,896754068.0,921290560.0,946011305.0,971179323.0,997236086.0,1023480610.0,1049999318.0,1076774079.0,1103704408.0,1131090888.0,1158877573.0,,,,,,,,,,,,,,,,,,,,,,,,,23.4484765569457,23.1880744467362,22.7627574621104,22.0955307074928,21.1351370375084,20.416680380448,19.8264954385388,19.4281331334131,18.6933161486297,18.1226136832836,17.6716578823267,17.718119446349,17.5034695468588,17.9517707311086,18.6141115894143,19.132626335181,19.3893150742401,19.3403365012337,19.8613081268564,20.4992067167188,21.4151675741316,22.1352644611332,,
Sudan,,,,,,,,23.6606525,26.554805166666668,30.695909,36.97053641666667,51.29531191666666,67.10370300000001,87.92153366666666,100.09010166666668,113.93215025,153.7859685,261.58729075,426.1179544166666,1054.00284875,3476.7602800833333,6760.35528625,10069.26255125,21186.0560675,31587.063840833333,,,,,,,,,,,,,120.0,121.0,120.0,118.0,117.0,116.0,117.0,117.0,118.0,,,28516770.0,29228727.0,29896035.0,30556637.0,31262444.0,31992435.0,32764135.0,33623980.0,34569113.0,35414399.0,36140806.0,36923178.0,37785849.0,38823318.0,40024431.0,41259892.0,42714306.0,44230596.0,45548175.0,46789231.0,48066924.0,49383346.0,50042791.0,50448963.0,,,,,,,,,13.1,,,,,10.1,,,,,,,,,,,,,,,,,,,,,,,9.2,8.8,9.2,10.0,10.5,10.9,10.8,11.1,11.0,11.4,,
Sudan,,,,,,,,22.75980625,25.321822916666665,28.608004416666663,33.7850855,45.79874341666667,62.52551858333334,85.6015885,100.07644933333334,117.84027325,155.96351783333333,254.67673875,384.5467261666667,1012.34918325,4647.624648833334,11098.920861833334,19312.9849785,53413.117022333325,90780.83368116668,,,,,,,,,,,,,120.0,121.0,120.0,118.0,117.0,116.0,117.0,117.0,118.0,,,28516770.0,29228727.0,29896035.0,30556637.0,31262444.0,31992435.0,32764135.0,33623980.0,34569113.0,35414399.0,36140806.0,36923178.0,37785849.0,38823318.0,40024431.0,41259892.0,42714306.0,44230596.0,45548175.0,46789231.0,48066924.0,49383346.0,50042791.0,50448963.0,,,,,,,,,13.1,,,,,10.1,,,,,,,,,,,,,,,,,,,,,,,9.2,8.8,9.2,10.0,10.5,10.9,10.8,11.1,11.0,11.4,,
Sudan,,,,,,,,,12.227182999999998,15.847429083333331,20.393322583333333,38.254828833333335,31.76263,30.89419666666667,14.5877715,13.65399575,34.92217375,69.24970741666667,62.68204308333333,140.4107894166667,235.92947516666663,102.75699066666668,49.08617233333334,107.65879758333334,93.63715233333332,,,,,,,,,,,,,120.0,121.0,120.0,118.0,117.0,116.0,117.0,117.0,118.0,,,28516770.0,29228727.0,29896035.0,30556637.0,31262444.0,31992435.0,32764135.0,33623980.0,34569113.0,35414399.0,36140806.0,36923178.0,37785849.0,38823318.0,40024431.0,41259892.0,42714306.0,44230596.0,45548175.0,46789231.0,48066924.0,49383346.0,50042791.0,50448963.0,,,,,,,,,13.1,,,,,10.1,,,,,,,,,,,,,,,,,,,,,,,9.2,8.8,9.2,10.0,10.5,10.9,10.8,11.1,11.0,11.4,,
Sudan (former),,,,,,,,,,,,,,,,,,,,,,,,,,,,,,,,,,,,,,,,,,,,,,,,,,,,,,,,,,,,,,,,,,,,,,,,,,,,,,,,,,,,,,,,,,,,,,,,,,,,,,,,,,,,,,,,,,,,,,,,
Suriname,24.94012791666667,29.26696241666667,36.76537708333333,40.83821591666666,46.285863166666665,48.51942025,52.600596583333335,65.54280533333333,64.96639458333333,70.5782895,82.27812375,86.09729516666665,88.04112191666667,91.77600825,100.05702558333331,152.28665558333333,197.01058683333332,215.0988823333333,226.49223666666668,324.5252975833333,523.35308275,793.5298079999999,1251.21269525,1354.757127,1346.9583766666667,108.0,108.0,110.0,111.0,112.0,113.0,113.0,114.0,114.0,114.0,113.0,113.0,114.0,113.0,112.0,111.0,111.0,112.0,112.0,112.0,111.0,110.0,110.0,486560.0,496551.0,506414.0,513923.0,519313.0,524997.0,531016.0,537245.0,543568.0,549923.0,556269.0,562633.0,569020.0,575373.0,581627.0,587757.0,593713.0,599513.0,605768.0,612317.0,617896.0,623164.0,628886.0,634431.0,,,,,,,,,,,,,,,,,,,,,,2.2,,,11.1,11.0,10.4,9.8,9.2,8.3,8.4,7.9,7.8,7.9,8.4,8.4,8.1,8.4,9.1,9.8,9.8,9.4,9.1,9.3,9.8,10.1,,
Suriname,28.90685583333333,33.39533875,41.07701191666667,45.179096,49.65092516666667,55.252197,58.80285758333333,67.42755675,67.33744891666667,72.01139658333334,84.76589641666666,89.01000900000001,90.72205958333336,93.79156116666668,100.25746091666667,155.81251416666666,190.086504,203.27700133333332,212.20479208333333,286.2425865833333,455.4682378333334,694.3432343333334,1052.5362724166666,1223.358867,1289.9250421666668,108.0,108.0,110.0,111.0,112.0,113.0,113.0,114.0,114.0,114.0,113.0,113.0,114.0,113.0,112.0,111.0,111.0,112.0,112.0,112.0,111.0,110.0,110.0,486560.0,496551.0,506414.0,513923.0,519313.0,524997.0,531016.0,537245.0,543568.0,549923.0,556269.0,562633.0,569020.0,575373.0,581627.0,587757.0,593713.0,599513.0,605768.0,612317.0,617896.0,623164.0,628886.0,634431.0,,,,,,,,,,,,,,,,,,,,,,2.2,,,11.1,11.0,10.4,9.8,9.2,8.3,8.4,7.9,7.8,7.9,8.4,8.4,8.1,8.4,9.1,9.8,9.8,9.4,9.1,9.3,9.8,10.1,,
Suriname,50.22912933333333,17.20643108333333,26.720061666666663,11.161626083333331,13.291936333333334,5.002143416666667,8.410911833333333,24.608450583333333,-0.3202805000000002,8.854083833333332,16.857190833333334,4.72385525,2.290588666666667,4.254794833333333,9.002548083333332,51.50530691666666,33.00771433333333,9.330028166666668,5.300853166666666,43.00718774999999,61.16287358333333,52.97392816666667,58.87210066666666,9.14010775,-0.4534716666666666,108.0,108.0,110.0,111.0,112.0,113.0,113.0,114.0,114.0,114.0,113.0,113.0,114.0,113.0,112.0,111.0,111.0,112.0,112.0,112.0,111.0,110.0,110.0,486560.0,496551.0,506414.0,513923.0,519313.0,524997.0,531016.0,537245.0,543568.0,549923.0,556269.0,562633.0,569020.0,575373.0,581627.0,587757.0,593713.0,599513.0,605768.0,612317.0,617896.0,623164.0,628886.0,634431.0,,,,,,,,,,,,,,,,,,,,,,2.2,,,11.1,11.0,10.4,9.8,9.2,8.3,8.4,7.9,7.8,7.9,8.4,8.4,8.1,8.4,9.1,9.8,9.8,9.4,9.1,9.3,9.8,10.1,,
Sweden,78.87834958333333,81.4386555,81.69878591666667,81.34336858333333,80.78550175,81.40189783333334,83.05203016666667,88.79130033333333,91.35867508333332,92.68194766666666,93.866955,95.2603495,97.364579,97.72593433333331,100.003207,101.05758358333333,103.22345266666667,105.674617,108.64208391666666,110.95667975,111.41162516666668,124.01720933333333,139.0674545,141.07696258333334,146.4551605,123.0,123.0,123.0,122.0,122.0,121.0,122.0,122.0,124.0,125.0,127.0,127.0,127.0,127.0,127.0,127.0,126.0,126.0,127.0,129.0,130.0,130.0,130.0,8895960.0,8924958.0,8958229.0,8993531.0,9029572.0,9080505.0,9148092.0,9219637.0,9298515.0,9378126.0,9449213.0,9519374.0,9600379.0,9696110.0,9799186.0,9923085.0,10057698.0,10175214.0,10278887.0,10353442.0,10415811.0,10486941.0,10536632.0,10569709.0,0.2,0.0,0.4,0.5,1.1,0.4,0.5,0.7,0.5,0.6,0.7,0.5,0.7,0.5,0.6,0.4,0.3,0.9,0.4,0.5,0.6,1.3,0.8,,2.5,2.5,2.5,2.5,2.5,2.5,2.5,2.5,2.5,2.5,2.5,2.5,2.5,2.5,2.5,2.5,2.5,2.5,2.5,2.5,2.5,2.5,,
Sweden,85.23713575000001,87.07696399999999,88.75376625,89.08540341666667,89.48911249999999,90.70635658333332,92.71293425,95.89952325,95.42533808333332,96.53035216666666,99.38876141666668,100.27170866666668,100.22729525,100.0472485,100.00044166666667,100.98471525,102.79688508333334,104.80505858333332,106.67493908333334,107.20550525,109.524572,118.691002,128.83745033333332,132.49104433333332,133.20963566666666,123.0,123.0,123.0,122.0,122.0,121.0,122.0,122.0,124.0,125.0,127.0,127.0,127.0,127.0,127.0,127.0,126.0,126.0,127.0,129.0,130.0,130.0,130.0,8895960.0,8924958.0,8958229.0,8993531.0,9029572.0,9080505.0,9148092.0,9219637.0,9298515.0,9378126.0,9449213.0,9519374.0,9600379.0,9696110.0,9799186.0,9923085.0,10057698.0,10175214.0,10278887.0,10353442.0,10415811.0,10486941.0,10536632.0,10569709.0,0.2,0.0,0.4,0.5,1.1,0.4,0.5,0.7,0.5,0.6,0.7,0.5,0.7,0.5,0.6,0.4,0.3,0.9,0.4,0.5,0.6,1.3,0.8,,2.5,2.5,2.5,2.5,2.5,2.5,2.5,2.5,2.5,2.5,2.5,2.5,2.5,2.5,2.5,2.5,2.5,2.5,2.5,2.5,2.5,2.5,,
Sweden,2.870560166666667,3.2766101666666665,0.3226076666666667,-0.43313325,-0.685426,0.7719764166666666,2.0292841666666668,6.913456833333334,2.9096523333333333,1.449772,1.27946025,1.4851808333333334,2.2098774166666666,0.37357675,2.3298118333333333,1.059095,2.1430648333333333,2.37497025,2.806790416666667,2.13572025,0.4165604166666667,11.291867666666668,12.425008583333332,1.4519498333333332,4.58876,123.0,123.0,123.0,122.0,122.0,121.0,122.0,122.0,124.0,125.0,127.0,127.0,127.0,127.0,127.0,127.0,126.0,126.0,127.0,129.0,130.0,130.0,130.0,8895960.0,8924958.0,8958229.0,8993531.0,9029572.0,9080505.0,9148092.0,9219637.0,9298515.0,9378126.0,9449213.0,9519374.0,9600379.0,9696110.0,9799186.0,9923085.0,10057698.0,10175214.0,10278887.0,10353442.0,10415811.0,10486941.0,10536632.0,10569709.0,0.2,0.0,0.4,0.5,1.1,0.4,0.5,0.7,0.5,0.6,0.7,0.5,0.7,0.5,0.6,0.4,0.3,0.9,0.4,0.5,0.6,1.3,0.8,,2.5,2.5,2.5,2.5,2.5,2.5,2.5,2.5,2.5,2.5,2.5,2.5,2.5,2.5,2.5,2.5,2.5,2.5,2.5,2.5,2.5,2.5,,
Switzerland,97.4243765,99.67418816666668,100.94042666666668,101.45120841666666,100.73163641666667,100.68915858333332,101.21373891666668,104.35426683333333,104.16050808333334,103.00754391666668,99.65555816666668,98.67997858333332,99.8869295,100.80638358333331,100.0014785,100.39193991666669,100.80864833333334,102.08087583333334,102.19539966666667,102.28991766666668,100.66251775,102.33246258333334,107.20301175000002,107.35680908333336,106.50098783333334,134.0,134.0,134.0,134.0,134.0,134.0,134.0,135.0,134.0,134.0,133.0,133.0,132.0,132.0,132.0,132.0,132.0,132.0,133.0,134.0,134.0,134.0,135.0,7229854.0,7284753.0,7339001.0,7389625.0,7437115.0,7483934.0,7551117.0,7647675.0,7743831.0,7824909.0,7912398.0,7996861.0,8089346.0,8188649.0,8282396.0,8373338.0,8451840.0,8514329.0,8575280.0,8638167.0,8704546.0,8777088.0,8888093.0,9034102.0,,0.0,,0.2,,0.1,0.1,0.1,0.0,0.1,0.0,0.0,0.0,0.0,0.0,0.0,0.0,0.0,0.0,0.1,0.0,0.2,,,2.5,2.5,2.5,2.5,2.5,2.5,2.5,2.5,2.5,2.5,2.5,2.5,2.5,2.5,2.5,2.5,2.5,2.5,2.5,2.5,2.5,2.5,,
Switzerland,94.382884,94.98949366666666,95.595786,96.36333283333332,97.49266708333332,98.525611,99.24716375,101.65494083333334,101.16650725,101.86277441666668,102.09843308333336,101.39134841666667,101.17100125,101.15764416666669,100.00049333333334,99.56587241666666,100.09734316666668,101.03458991666668,101.4012305,100.66518425,101.25086866666668,104.12135891666668,106.3447675,107.47451091666666,107.69223483333332,134.0,134.0,134.0,134.0,134.0,134.0,134.0,135.0,134.0,134.0,133.0,133.0,132.0,132.0,132.0,132.0,132.0,132.0,133.0,134.0,134.0,134.0,135.0,7229854.0,7284753.0,7339001.0,7389625.0,7437115.0,7483934.0,7551117.0,7647675.0,7743831.0,7824909.0,7912398.0,7996861.0,8089346.0,8188649.0,8282396.0,8373338.0,8451840.0,8514329.0,8575280.0,8638167.0,8704546.0,8777088.0,8888093.0,9034102.0,,0.0,,0.2,,0.1,0.1,0.1,0.0,0.1,0.0,0.0,0.0,0.0,0.0,0.0,0.0,0.0,0.0,0.1,0.0,0.2,,,2.5,2.5,2.5,2.5,2.5,2.5,2.5,2.5,2.5,2.5,2.5,2.5,2.5,2.5,2.5,2.5,2.5,2.5,2.5,2.5,2.5,2.5,,
Switzerland,2.0811501666666667,2.3221244166666666,1.2722999166666666,0.5098518333333333,-0.71047125,-0.0349329166666666,0.523896,3.10207475,-0.1709669999999999,-1.104992,-3.255978583333333,-0.9659864166666666,1.2231285,0.9210646666666666,-0.7960888333333335,0.39053475,0.4186861666666666,1.2621860833333334,0.1177391666666666,0.0911975833333333,-1.5857408333333334,1.6610229166666668,4.77811375,0.150033,-0.4959583333333333,134.0,134.0,134.0,134.0,134.0,134.0,134.0,135.0,134.0,134.0,133.0,133.0,132.0,132.0,132.0,132.0,132.0,132.0,133.0,134.0,134.0,134.0,135.0,7229854.0,7284753.0,7339001.0,7389625.0,7437115.0,7483934.0,7551117.0,7647675.0,7743831.0,7824909.0,7912398.0,7996861.0,8089346.0,8188649.0,8282396.0,8373338.0,8451840.0,8514329.0,8575280.0,8638167.0,8704546.0,8777088.0,8888093.0,9034102.0,,0.0,,0.2,,0.1,0.1,0.1,0.0,0.1,0.0,0.0,0.0,0.0,0.0,0.0,0.0,0.0,0.0,0.1,0.0,0.2,,,2.5,2.5,2.5,2.5,2.5,2.5,2.5,2.5,2.5,2.5,2.5,2.5,2.5,2.5,2.5,2.5,2.5,2.5,2.5,2.5,2.5,2.5,,
Syria,,,,,,,,,,,,,,,,,,,,,,,,,,,,,,,,,,,,,,,,,,,,,,,,,,,,,,,,,,,,,,,,,,,,,,,,,,,,,,,,,,,,,,,,,,,,,,,,,,,,,,,,,,,,,,,,,,,,,,,,
Syrian Arab Republic,11.5929815,11.23313725,11.946433833333332,12.52658175,13.520642416666668,15.006854666666667,15.514639916666669,18.71294333333333,18.79254625,19.6588635,21.15110175,29.62530108333333,62.13181741666667,74.25182158333332,100.58624808333332,158.55963283333332,185.48101475,186.13327833333332,213.9079223333333,498.6307189166667,,1439.5740193333334,3217.16956275,5135.330457090909,4521.003522,120.0,122.0,123.0,125.0,127.0,128.0,129.0,131.0,133.0,134.0,132.0,129.0,127.0,126.0,123.0,119.0,115.0,111.0,107.0,104.0,101.0,99.0,95.0,17051338.0,17468332.0,17889296.0,18336875.0,18814091.0,19637022.0,20884125.0,21636564.0,21976969.0,22482421.0,22878098.0,22759763.0,21666917.0,20273659.0,19424618.0,19193834.0,19224668.0,19577845.0,20353534.0,21049429.0,21628839.0,22462173.0,23594623.0,24672760.0,,,0.5,,,0.0,,,0.0,,,,,,,,,,,,,16.5,,,7.7,7.3,6.9,6.5,6.2,6.0,5.8,5.5,5.2,5.2,5.9,7.1,8.2,9.1,10.8,13.4,17.6,21.8,26.4,29.6,32.2,34.0,,
Syrian Arab Republic,19.92824225,19.36114308333333,20.48347558333333,21.391537,22.940358916666668,25.23992575,26.226228833333334,30.355634,31.24229083333333,32.61614358333333,34.16644241666666,46.706311,65.40370566666667,72.55044308333333,100.45417291666666,148.37599833333334,175.19536008333333,176.84392008333336,200.5720686666667,429.64389825,,1423.6325839166666,3079.0610969166664,5242.850600363637,5555.4979965,120.0,122.0,123.0,125.0,127.0,128.0,129.0,131.0,133.0,134.0,132.0,129.0,127.0,126.0,123.0,119.0,115.0,111.0,107.0,104.0,101.0,99.0,95.0,17051338.0,17468332.0,17889296.0,18336875.0,18814091.0,19637022.0,20884125.0,21636564.0,21976969.0,22482421.0,22878098.0,22759763.0,21666917.0,20273659.0,19424618.0,19193834.0,19224668.0,19577845.0,20353534.0,21049429.0,21628839.0,22462173.0,23594623.0,24672760.0,,,0.5,,,0.0,,,0.0,,,,,,,,,,,,,16.5,,,7.7,7.3,6.9,6.5,6.2,6.0,5.8,5.5,5.2,5.2,5.9,7.1,8.2,9.1,10.8,13.4,17.6,21.8,26.4,29.6,32.2,34.0,,
Syrian Arab Republic,0.4629861666666666,-3.054758666666667,6.349341,4.834705166666667,7.949154083333333,11.1410875,3.358784583333333,20.80263775,0.5255065833333333,4.611287916666667,7.590304916666667,39.822006916666666,107.16151233333332,29.97436025,35.16555291666666,57.98510166666667,18.23099008333333,0.3574611666666666,14.9184475,130.81457133333333,,60.53104925,119.32953575,78.32721090909091,-7.292572999999999,120.0,122.0,123.0,125.0,127.0,128.0,129.0,131.0,133.0,134.0,132.0,129.0,127.0,126.0,123.0,119.0,115.0,111.0,107.0,104.0,101.0,99.0,95.0,17051338.0,17468332.0,17889296.0,18336875.0,18814091.0,19637022.0,20884125.0,21636564.0,21976969.0,22482421.0,22878098.0,22759763.0,21666917.0,20273659.0,19424618.0,19193834.0,19224668.0,19577845.0,20353534.0,21049429.0,21628839.0,22462173.0,23594623.0,24672760.0,,,0.5,,,0.0,,,0.0,,,,,,,,,,,,,16.5,,,7.7,7.3,6.9,6.5,6.2,6.0,5.8,5.5,5.2,5.2,5.9,7.1,8.2,9.1,10.8,13.4,17.6,21.8,26.4,29.6,32.2,34.0,,
Taiwan,,,,,,,,,,,,,,,,,,,,,,,,,,,,,,,,,,,,,,,,,,,,,,,,,,,,,,,,,,,,,,,,,,,,,,,,,,,,,,,,,,,,,,,,,,,,,,,,,,,,,,,,,,,,,,,,,,,,,,,,
Tajikistan,23.95331133333333,27.275706916666667,32.31948633333334,34.923452250000004,37.718457916666665,41.988575833333336,48.06696908333333,60.54076191666667,64.02116033333333,68.13745516666667,79.856121,82.65520158333332,87.04970116666668,93.53925308333334,100.00609416666668,105.15572108333332,114.870177,117.94746225,130.9322434166667,146.18808408333334,161.50637883333334,173.31588675,179.72027383333332,183.61514041666663,189.57667116666667,87.0,86.0,86.0,87.0,89.0,91.0,93.0,95.0,97.0,99.0,101.0,102.0,103.0,105.0,108.0,111.0,114.0,118.0,120.0,122.0,122.0,122.0,121.0,6407377.0,6531669.0,6658575.0,6790547.0,6924720.0,7057566.0,7194477.0,7338403.0,7490230.0,7652141.0,7824785.0,8014084.0,8216724.0,8425552.0,8643840.0,8865631.0,9085946.0,9307333.0,9529966.0,9749310.0,9966908.0,10182222.0,10389799.0,10590927.0,,,56.0,37.2,,,24.2,,15.7,,,,,,13.3,,,,,,9.1,8.9,7.3,6.1,40.1,41.0,41.4,40.2,38.1,35.4,32.6,29.9,27.3,24.9,23.0,21.9,20.6,18.8,16.3,14.2,12.4,10.6,9.9,9.4,9.5,8.7,,
Tajikistan,28.03577525,31.4701535,36.60088708333333,39.21490975,41.99600475,46.20016808333333,52.27508566666666,62.97606875,67.0369135,71.35765316666667,80.228515,84.90677291666667,89.160302,94.60302808333334,100.00917433333332,106.01430616666666,113.80314091666666,118.20395266666668,127.43287575,138.48141925000002,150.89765083333333,160.81041816666666,166.04925916666667,171.78165733333333,176.7172285,87.0,86.0,86.0,87.0,89.0,91.0,93.0,95.0,97.0,99.0,101.0,102.0,103.0,105.0,108.0,111.0,114.0,118.0,120.0,122.0,122.0,122.0,121.0,6407377.0,6531669.0,6658575.0,6790547.0,6924720.0,7057566.0,7194477.0,7338403.0,7490230.0,7652141.0,7824785.0,8014084.0,8216724.0,8425552.0,8643840.0,8865631.0,9085946.0,9307333.0,9529966.0,9749310.0,9966908.0,10182222.0,10389799.0,10590927.0,,,56.0,37.2,,,24.2,,15.7,,,,,,13.3,,,,,,9.1,8.9,7.3,6.1,40.1,41.0,41.4,40.2,38.1,35.4,32.6,29.9,27.3,24.9,23.0,21.9,20.6,18.8,16.3,14.2,12.4,10.6,9.9,9.4,9.5,8.7,,
Tajikistan,48.24470466666667,13.851495083333331,18.548987,8.0997355,8.0096265,11.29030125,14.329667833333332,26.40824858333333,5.936178583333334,6.4001855,17.350604083333334,3.519032166666667,5.3667395,7.4452355,6.9646255833333335,5.148231583333334,9.241388166666669,2.72042825,11.014396499999998,11.668517583333331,10.546822916666668,7.316026,3.719966916666667,2.1726155833333336,3.759436333333333,87.0,86.0,86.0,87.0,89.0,91.0,93.0,95.0,97.0,99.0,101.0,102.0,103.0,105.0,108.0,111.0,114.0,118.0,120.0,122.0,122.0,122.0,121.0,6407377.0,6531669.0,6658575.0,6790547.0,6924720.0,7057566.0,7194477.0,7338403.0,7490230.0,7652141.0,7824785.0,8014084.0,8216724.0,8425552.0,8643840.0,8865631.0,9085946.0,9307333.0,9529966.0,9749310.0,9966908.0,10182222.0,10389799.0,10590927.0,,,56.0,37.2,,,24.2,,15.7,,,,,,13.3,,,,,,9.1,8.9,7.3,6.1,40.1,41.0,41.4,40.2,38.1,35.4,32.6,29.9,27.3,24.9,23.0,21.9,20.6,18.8,16.3,14.2,12.4,10.6,9.9,9.4,9.5,8.7,,
Tanzania,,,,,,,,,,,,,,,,,,,,,,,,,,,,,,,,,,,,,,,,,,,,,,,,,35198299.0,36121304.0,37089555.0,38109668.0,39182076.0,40294902.0,41435512.0,42570728.0,43633982.0,44758488.0,46029367.0,47374260.0,48824128.0,50351512.0,52020962.0,53824013.0,55652890.0,57437145.0,59174891.0,60972798.0,62830412.0,64711821.0,66617606.0,68560157.0,,,,,,,61.9,,,,51.5,,,,,,,51.3,,,,,,,32.6,33.4,32.0,31.4,28.4,26.9,25.8,25.0,24.7,24.1,23.3,22.2,21.7,21.7,21.9,22.5,23.3,23.6,23.7,23.5,23.9,23.8,,
Thailand,53.27807808333333,53.48684108333333,55.46139191666666,57.96654875,60.82834258333333,63.58575508333333,66.16919825000001,73.84124141666668,77.08576766666667,81.27494683333333,87.74755316666666,92.00170525,95.13638208333332,98.87942166666666,100.00182158333332,101.61047316666668,101.61033475,102.02175866666666,104.38374558333334,105.66461458333332,105.53234691666668,112.83122608333332,115.7252045,116.9774185,141.56762866666665,107.0,108.0,109.0,110.0,112.0,113.0,113.0,112.0,112.0,112.0,112.0,112.0,112.0,112.0,113.0,113.0,113.0,113.0,114.0,115.0,116.0,116.0,117.0,63651141.0,64266437.0,64868166.0,65452047.0,66017420.0,66567687.0,67102394.0,67619830.0,68121080.0,68579447.0,69007208.0,69436098.0,69845114.0,70216367.0,70540795.0,70859841.0,71160187.0,71376079.0,71522271.0,71641484.0,71727332.0,71735329.0,71702435.0,71668011.0,,4.7,,3.1,,2.2,1.3,1.0,0.8,0.7,0.3,0.4,0.2,0.2,0.1,0.1,0.1,0.1,0.1,0.1,0.0,0.0,0.0,,17.4,16.5,15.2,13.9,12.1,10.8,10.3,10.8,10.4,10.1,9.2,9.1,8.5,7.9,7.4,7.3,7.3,7.0,6.4,6.1,5.8,5.6,,
Thailand,71.23915658333334,71.73591358333333,73.03028033333334,75.04529491666666,78.45262833333334,82.09084875,83.93094875,88.52070408333333,87.74855133333334,90.62646558333334,94.07823791666668,96.91460216666668,99.03207608333334,100.90887408333332,100.0002655,100.18841583333334,100.85530175,101.92829883333332,102.64865525,101.78031225,103.03261241666668,109.33236808333334,110.631954,111.46949191666666,110.41437,107.0,108.0,109.0,110.0,112.0,113.0,113.0,112.0,112.0,112.0,112.0,112.0,112.0,112.0,113.0,113.0,113.0,113.0,114.0,115.0,116.0,116.0,117.0,63651141.0,64266437.0,64868166.0,65452047.0,66017420.0,66567687.0,67102394.0,67619830.0,68121080.0,68579447.0,69007208.0,69436098.0,69845114.0,70216367.0,70540795.0,70859841.0,71160187.0,71376079.0,71522271.0,71641484.0,71727332.0,71735329.0,71702435.0,71668011.0,,4.7,,3.1,,2.2,1.3,1.0,0.8,0.7,0.3,0.4,0.2,0.2,0.1,0.1,0.1,0.1,0.1,0.1,0.0,0.0,0.0,,17.4,16.5,15.2,13.9,12.1,10.8,10.3,10.8,10.4,10.1,9.2,9.1,8.5,7.9,7.4,7.3,7.3,7.0,6.4,6.1,5.8,5.6,,
Thailand,0.6774160833333333,0.3933435833333333,3.6889599166666662,4.5245066666666665,4.933538749999999,4.531175666666667,4.084910333333333,11.55658925,4.540030333333333,5.431694416666667,7.943921916666667,4.894220916666667,3.414431833333333,3.9370196666666666,1.13904825,1.60806575,0.0065063333333333,0.4049279166666666,2.315715583333333,1.2302154166666666,-0.1229880833333333,6.909554166666666,2.6329790833333333,1.0822378333333331,21.287736,107.0,108.0,109.0,110.0,112.0,113.0,113.0,112.0,112.0,112.0,112.0,112.0,112.0,112.0,113.0,113.0,113.0,113.0,114.0,115.0,116.0,116.0,117.0,63651141.0,64266437.0,64868166.0,65452047.0,66017420.0,66567687.0,67102394.0,67619830.0,68121080.0,68579447.0,69007208.0,69436098.0,69845114.0,70216367.0,70540795.0,70859841.0,71160187.0,71376079.0,71522271.0,71641484.0,71727332.0,71735329.0,71702435.0,71668011.0,,4.7,,3.1,,2.2,1.3,1.0,0.8,0.7,0.3,0.4,0.2,0.2,0.1,0.1,0.1,0.1,0.1,0.1,0.0,0.0,0.0,,17.4,16.5,15.2,13.9,12.1,10.8,10.3,10.8,10.4,10.1,9.2,9.1,8.5,7.9,7.4,7.3,7.3,7.0,6.4,6.1,5.8,5.6,,
Timor-Leste,42.6554575,44.702474,46.821627416666665,48.99886816666666,49.2433895,51.59394666666668,58.10136216666667,63.35462141666667,63.2126415,66.80157983333334,77.63938491666666,87.56220783333333,98.81806508333334,99.52796491666668,100.00123141666668,97.92674616666666,98.8022895,100.53309516666668,101.61077266666666,102.52972225,108.28568891666669,116.45598708333334,128.310438,133.7656575,134.0496965,82.0,89.0,94.0,96.0,97.0,98.0,100.0,101.0,102.0,103.0,103.0,103.0,104.0,103.0,103.0,102.0,102.0,101.0,100.0,100.0,100.0,100.0,99.0,812249.0,879159.0,916878.0,929074.0,948311.0,976597.0,1004889.0,1032429.0,1058782.0,1084679.0,1110207.0,1134885.0,1158695.0,1181903.0,1205131.0,1228312.0,1251703.0,1275959.0,1300945.0,1326053.0,1350139.0,1369295.0,1384286.0,1400638.0,55.7,,,,,,60.1,,,,,,,43.9,,,,,,,,,,,42.4,37.0,33.0,31.7,30.7,29.7,28.7,28.8,24.3,19.6,14.5,13.7,12.9,12.3,12.2,12.4,13.2,13.4,14.5,15.4,16.0,15.9,,
Timor-Leste,43.44852066666667,46.59302725,49.931491666666666,51.54803066666667,52.12107675000001,54.172647000000005,59.75291816666667,65.169064,65.60548891666666,70.04434108333334,79.50021525,88.88148683333333,98.73391825,99.45099808333332,100.00075925,98.66221041666668,99.21197141666666,101.82766741666669,102.80400408333333,103.31339708333331,107.13384491666666,114.63890216666664,124.29190016666666,126.85584516666668,126.95772366666668,82.0,89.0,94.0,96.0,97.0,98.0,100.0,101.0,102.0,103.0,103.0,103.0,104.0,103.0,103.0,102.0,102.0,101.0,100.0,100.0,100.0,100.0,99.0,812249.0,879159.0,916878.0,929074.0,948311.0,976597.0,1004889.0,1032429.0,1058782.0,1084679.0,1110207.0,1134885.0,1158695.0,1181903.0,1205131.0,1228312.0,1251703.0,1275959.0,1300945.0,1326053.0,1350139.0,1369295.0,1384286.0,1400638.0,55.7,,,,,,60.1,,,,,,,43.9,,,,,,,,,,,42.4,37.0,33.0,31.7,30.7,29.7,28.7,28.8,24.3,19.6,14.5,13.7,12.9,12.3,12.2,12.4,13.2,13.4,14.5,15.4,16.0,15.9,,
Timor-Leste,5.04192475,4.799870583333333,4.739176916666667,4.6558685,0.5226058333333333,4.785727583333333,12.691853333333334,9.050540083333331,-0.1318270833333333,5.664241083333334,16.192853333333332,12.806267166666666,12.961714333333331,0.7311373333333333,0.4776668333333333,-2.071029916666667,0.8950263333333334,1.7522813333333334,1.072320333333333,0.9054438333333332,5.613259583333334,7.540085916666666,10.179659083333332,4.316100333333334,0.2390906666666666,82.0,89.0,94.0,96.0,97.0,98.0,100.0,101.0,102.0,103.0,103.0,103.0,104.0,103.0,103.0,102.0,102.0,101.0,100.0,100.0,100.0,100.0,99.0,812249.0,879159.0,916878.0,929074.0,948311.0,976597.0,1004889.0,1032429.0,1058782.0,1084679.0,1110207.0,1134885.0,1158695.0,1181903.0,1205131.0,1228312.0,1251703.0,1275959.0,1300945.0,1326053.0,1350139.0,1369295.0,1384286.0,1400638.0,55.7,,,,,,60.1,,,,,,,43.9,,,,,,,,,,,42.4,37.0,33.0,31.7,30.7,29.7,28.7,28.8,24.3,19.6,14.5,13.7,12.9,12.3,12.2,12.4,13.2,13.4,14.5,15.4,16.0,15.9,,
Togo,62.52445341666667,64.88337633333333,61.77611291666667,61.02660666666667,67.6664055,66.92136158333334,68.80506083333334,82.82995308333334,90.707433,90.393493,91.438327,94.51587908333332,95.1115645,90.98663291666666,100.06808325,104.52840966666668,100.983102,101.28134183333331,100.75825100000002,103.80388966666668,113.13442716666668,126.96979291666666,131.66590075,138.60583433333332,141.93571033333333,99.0,99.0,100.0,102.0,104.0,105.0,107.0,108.0,109.0,109.0,108.0,108.0,108.0,107.0,107.0,106.0,106.0,107.0,109.0,111.0,114.0,117.0,120.0,5277382.0,5413274.0,5552167.0,5696508.0,5844631.0,6010668.0,6188344.0,6368812.0,6551865.0,6732590.0,6916474.0,7100736.0,7285442.0,7472450.0,7663195.0,7858289.0,8057140.0,8258778.0,8463068.0,8669720.0,8878379.0,9089738.0,9304337.0,9515236.0,,,,,,67.2,,,,,65.2,,,,61.5,,,35.1,,,34.4,,,,31.5,31.4,30.1,28.4,27.0,25.7,24.3,22.8,21.2,20.3,20.0,19.9,19.6,20.1,20.2,20.7,20.5,19.9,18.3,16.0,14.1,12.8,,
Togo,69.63603075,71.76676708333333,71.09933533333333,71.37881166666666,76.22038575,77.91932133333334,78.6561835,85.49520324999999,88.67015833333333,89.95228016666665,93.15774291666668,95.55858733333334,97.30290891666664,97.48863575,100.00872091666668,101.29428141666666,100.29968308333332,101.230219,101.91317141666669,103.64496633333331,107.98376733333332,116.58745366666666,122.987272,126.507931,127.776388,99.0,99.0,100.0,102.0,104.0,105.0,107.0,108.0,109.0,109.0,108.0,108.0,108.0,107.0,107.0,106.0,106.0,107.0,109.0,111.0,114.0,117.0,120.0,5277382.0,5413274.0,5552167.0,5696508.0,5844631.0,6010668.0,6188344.0,6368812.0,6551865.0,6732590.0,6916474.0,7100736.0,7285442.0,7472450.0,7663195.0,7858289.0,8057140.0,8258778.0,8463068.0,8669720.0,8878379.0,9089738.0,9304337.0,9515236.0,,,,,,67.2,,,,,65.2,,,,61.5,,,35.1,,,34.4,,,,31.5,31.4,30.1,28.4,27.0,25.7,24.3,22.8,21.2,20.3,20.0,19.9,19.6,20.1,20.2,20.7,20.5,19.9,18.3,16.0,14.1,12.8,,
Togo,6.023236833333333,3.8747098333333336,-4.7571104166666665,-0.9575504166666664,10.868757,-0.9527374166666668,2.953109916666667,20.422905416666666,9.848021666666666,-0.2674915,1.1738301666666666,3.4116019166666667,0.6589035,-4.285059833333333,10.020604583333332,4.5402466666666665,-3.3258396666666665,0.3052940833333333,-0.4915883333333333,3.126926333333333,8.95127375,12.480951333333332,3.717019083333333,5.236233749999999,7.780288666666666,99.0,99.0,100.0,102.0,104.0,105.0,107.0,108.0,109.0,109.0,108.0,108.0,108.0,107.0,107.0,106.0,106.0,107.0,109.0,111.0,114.0,117.0,120.0,5277382.0,5413274.0,5552167.0,5696508.0,5844631.0,6010668.0,6188344.0,6368812.0,6551865.0,6732590.0,6916474.0,7100736.0,7285442.0,7472450.0,7663195.0,7858289.0,8057140.0,8258778.0,8463068.0,8669720.0,8878379.0,9089738.0,9304337.0,9515236.0,,,,,,67.2,,,,,65.2,,,,61.5,,,35.1,,,34.4,,,,31.5,31.4,30.1,28.4,27.0,25.7,24.3,22.8,21.2,20.3,20.0,19.9,19.6,20.1,20.2,20.7,20.5,19.9,18.3,16.0,14.1,12.8,,
Tonga,42.92915666666666,47.549999333333325,53.302117,59.37990358333334,67.2789805,67.00788083333333,71.94465416666667,77.45534258333333,83.5306235,86.01493233333333,91.68597291666669,93.03523708333334,94.7535005,98.21208325,100.04325491666668,101.36374133333334,110.03080075,116.77571108333332,118.79737666666666,121.05457591666668,129.81839725,142.60592158333333,157.3856695,164.04931424999998,164.37739333333334,,,,,,,,,,,,,,,,,,,,,,,,103288.0,103874.0,104464.0,105071.0,105671.0,106253.0,106726.0,107020.0,107203.0,107400.0,107570.0,107460.0,107078.0,106609.0,106095.0,105524.0,105356.0,105567.0,105669.0,105704.0,105490.0,105042.0,104597.0,104175.0,,,,,,,,,3.6,,,,,,4.0,,,,,,0.4,,,,,,,,,,,,,,,,,,,,,,,,,,,
Tonga,47.01654958333333,51.88702233333333,57.92595666666667,64.28240674999999,69.85292233333332,74.1482595,78.48018533333334,86.67900058333333,87.91578825,91.02353441666668,96.73139541666666,97.84142525,98.60031208333334,101.07604416666668,100.01070408333334,102.5891355,110.30082516666666,115.85126958333336,117.21778558333334,116.80783083333334,123.39638966666666,136.93465833333332,145.63155625,150.26794975,150.32116066666666,,,,,,,,,,,,,,,,,,,,,,,,103288.0,103874.0,104464.0,105071.0,105671.0,106253.0,106726.0,107020.0,107203.0,107400.0,107570.0,107460.0,107078.0,106609.0,106095.0,105524.0,105356.0,105567.0,105669.0,105704.0,105490.0,105042.0,104597.0,104175.0,,,,,,,,,3.6,,,,,,4.0,,,,,,0.4,,,,,,,,,,,,,,,,,,,,,,,,,,,
Tonga,8.593534083333333,10.7665475,12.078291583333334,11.433628583333332,13.422929833333331,-0.3999999999999999,7.363391666666666,7.779003166666667,7.852001749999999,3.006282666666667,6.59670325,1.517117833333333,1.865433,3.6639044166666666,1.8730116666666667,1.4624335000000002,8.604596166666667,6.140481833333333,1.7696084166666666,1.9175776666666664,7.232798249999999,9.8679555,10.384906416666666,4.26676475,-0.4166666666666668,,,,,,,,,,,,,,,,,,,,,,,,103288.0,103874.0,104464.0,105071.0,105671.0,106253.0,106726.0,107020.0,107203.0,107400.0,107570.0,107460.0,107078.0,106609.0,106095.0,105524.0,105356.0,105567.0,105669.0,105704.0,105490.0,105042.0,104597.0,104175.0,,,,,,,,,3.6,,,,,,4.0,,,,,,0.4,,,,,,,,,,,,,,,,,,,,,,,,,,,
Trinidad and Tobago,13.956525,15.570771333333331,16.840801083333336,19.00205025,23.361724,28.78339133333333,33.79996283333333,42.56275883333333,47.94577366666667,58.53657283333333,64.64713983333333,77.0039235,83.73728508333333,92.13651275,100.02627,107.49626275,110.63896183333333,111.878066,112.513922,115.66874658333334,120.75735683333332,133.30967733333333,143.57304708333334,145.7088715,150.339208,114.0,113.0,112.0,112.0,113.0,114.0,115.0,116.0,118.0,119.0,121.0,122.0,122.0,122.0,122.0,122.0,121.0,121.0,121.0,120.0,120.0,119.0,121.0,1325567.0,1332011.0,1338709.0,1345380.0,1294494.0,1297944.0,1303188.0,1308587.0,1310106.0,1317714.0,1328019.0,1335194.0,1340557.0,1345343.0,1349667.0,1353895.0,1356633.0,1359193.0,1363985.0,1366725.0,1367558.0,1365805.0,1367510.0,1368333.0,,,,,,,,,,,,,,,,,,,,,,,,,9.6,10.1,10.7,11.2,10.8,10.3,9.8,9.4,9.0,8.1,7.2,6.6,6.5,6.6,6.8,6.8,6.9,7.0,9.1,11.2,12.8,12.6,,
Trinidad and Tobago,40.321303,41.994661,43.59512208333334,45.21753583333333,48.32603108333333,52.35139783333333,56.484220666666666,63.27946683333334,67.69516325,74.83646166666666,78.65845916666667,85.94245391666668,90.41130441666668,95.55066108333334,100.00448366666666,103.07528875,105.01350066666669,106.08313583333334,107.14454316666668,107.78632441666667,110.00588991666666,116.41745825,121.80677433333334,122.44855558333334,123.5840145,114.0,113.0,112.0,112.0,113.0,114.0,115.0,116.0,118.0,119.0,121.0,122.0,122.0,122.0,122.0,122.0,121.0,121.0,121.0,120.0,120.0,119.0,121.0,1325567.0,1332011.0,1338709.0,1345380.0,1294494.0,1297944.0,1303188.0,1308587.0,1310106.0,1317714.0,1328019.0,1335194.0,1340557.0,1345343.0,1349667.0,1353895.0,1356633.0,1359193.0,1363985.0,1366725.0,1367558.0,1365805.0,1367510.0,1368333.0,,,,,,,,,,,,,,,,,,,,,,,,,9.6,10.1,10.7,11.2,10.8,10.3,9.8,9.4,9.0,8.1,7.2,6.6,6.5,6.6,6.8,6.8,6.9,7.0,9.1,11.2,12.8,12.6,,
Trinidad and Tobago,15.675262166666668,11.581620166666667,8.168908416666666,12.806919333333331,22.944585916666668,23.14734725,17.511964083333336,25.64151925,13.62175,22.034701,11.324707083333337,19.28364725,8.801721083333334,10.0919815,8.723155583333334,7.493951833333334,2.942992333333333,1.1324713333333334,0.5777491666666666,2.8073692500000003,4.3822798333333335,10.32895075,7.97451625,1.4974220833333334,4.358240166666667,114.0,113.0,112.0,112.0,113.0,114.0,115.0,116.0,118.0,119.0,121.0,122.0,122.0,122.0,122.0,122.0,121.0,121.0,121.0,120.0,120.0,119.0,121.0,1325567.0,1332011.0,1338709.0,1345380.0,1294494.0,1297944.0,1303188.0,1308587.0,1310106.0,1317714.0,1328019.0,1335194.0,1340557.0,1345343.0,1349667.0,1353895.0,1356633.0,1359193.0,1363985.0,1366725.0,1367558.0,1365805.0,1367510.0,1368333.0,,,,,,,,,,,,,,,,,,,,,,,,,9.6,10.1,10.7,11.2,10.8,10.3,9.8,9.4,9.0,8.1,7.2,6.6,6.5,6.6,6.8,6.8,6.9,7.0,9.1,11.2,12.8,12.6,,
Tunisia,52.76736941666667,54.61040791666667,56.5154805,59.15289125,60.473805166666665,62.478261833333335,65.08130333333334,68.67240841666667,72.70518266666666,75.99179991666666,79.47840966666666,85.05055966666667,91.1648455,95.679437,100.00000008333336,102.71520608333331,108.50531733333332,116.36743533333332,124.3656965,130.16666666666666,138.41666666666666,153.48333333333332,175.50833333333333,192.05,201.3,136.0,136.0,135.0,136.0,136.0,136.0,137.0,138.0,139.0,140.0,140.0,141.0,142.0,143.0,144.0,144.0,145.0,147.0,149.0,150.0,149.0,147.0,146.0,9869677.0,9971515.0,10071632.0,10166163.0,10255472.0,10346410.0,10441702.0,10542635.0,10650681.0,10765980.0,10886035.0,11009647.0,11141361.0,11274288.0,11402264.0,11528674.0,11650498.0,11765514.0,11875081.0,11974057.0,12048622.0,12119334.0,12200431.0,12277109.0,,,,,5.9,,,,,3.1,,,,,0.7,,,,,,0.7,,,,4.1,4.2,4.2,4.1,4.0,4.0,3.8,3.6,3.6,3.7,3.8,3.6,3.5,3.3,3.2,3.1,3.0,2.7,2.8,3.2,3.4,3.2,,
Tunisia,60.71715133333333,62.369285,64.0611095,66.38798833333333,67.72212091666667,69.90633083333334,71.98041283333333,75.10798191666667,77.860617,80.46036708333334,83.06730566666667,86.89824066666667,91.5179555,95.75116541666668,99.99999991666668,103.62939933333332,109.13092716666668,117.10576966666666,124.97536566666668,132.01666666666668,139.54999999999998,151.14166666666668,165.24166666666667,176.8166666666667,183.88333333333333,136.0,136.0,135.0,136.0,136.0,136.0,137.0,138.0,139.0,140.0,140.0,141.0,142.0,143.0,144.0,144.0,145.0,147.0,149.0,150.0,149.0,147.0,146.0,9869677.0,9971515.0,10071632.0,10166163.0,10255472.0,10346410.0,10441702.0,10542635.0,10650681.0,10765980.0,10886035.0,11009647.0,11141361.0,11274288.0,11402264.0,11528674.0,11650498.0,11765514.0,11875081.0,11974057.0,12048622.0,12119334.0,12200431.0,12277109.0,,,,,5.9,,,,,3.1,,,,,0.7,,,,,,0.7,,,,4.1,4.2,4.2,4.1,4.0,4.0,3.8,3.6,3.6,3.7,3.8,3.6,3.5,3.3,3.2,3.1,3.0,2.7,2.8,3.2,3.4,3.2,,
Tunisia,2.5408054166666667,3.5084175833333333,3.479693333333333,4.702290916666667,2.232813333333333,3.3271765,4.162142916666666,5.532812833333334,5.874227416666667,4.5294995,4.578069583333334,7.0282485,7.19600675,4.956366500000001,4.539191833333334,2.714961,5.62916325,7.264494583333334,6.880362166666667,4.663585166666667,6.333956416666666,10.841560333333334,14.39444125,9.457226833333332,7.038868666666667,136.0,136.0,135.0,136.0,136.0,136.0,137.0,138.0,139.0,140.0,140.0,141.0,142.0,143.0,144.0,144.0,145.0,147.0,149.0,150.0,149.0,147.0,146.0,9869677.0,9971515.0,10071632.0,10166163.0,10255472.0,10346410.0,10441702.0,10542635.0,10650681.0,10765980.0,10886035.0,11009647.0,11141361.0,11274288.0,11402264.0,11528674.0,11650498.0,11765514.0,11875081.0,11974057.0,12048622.0,12119334.0,12200431.0,12277109.0,,,,,5.9,,,,,3.1,,,,,0.7,,,,,,0.7,,,,4.1,4.2,4.2,4.1,4.0,4.0,3.8,3.6,3.6,3.7,3.8,3.6,3.5,3.3,3.2,3.1,3.0,2.7,2.8,3.2,3.4,3.2,,
Turkey,,,,,,,,,,,,,,,,,,,,,,,,,,,,,,,,,,,,,,,,,,,,,,,,,,,,,,,,,,,,,,,,,,,,,,,,,,,,,,,,,,,,,,,,,,,,,,,,,,,,,,,,,,,,,,,,,,,,,,,,
Turkiye,,,,,,,,,,,,,,,,,,,,,,,,,,,,,,,,,,,,,,,,,,,,,,,,,66245128.0,67048795.0,67831730.0,68592617.0,69329557.0,70045349.0,70158112.0,71051678.0,72039206.0,73142150.0,74223629.0,75175827.0,76147624.0,77181884.0,78218479.0,79277962.0,80312698.0,81407204.0,82579440.0,83384680.0,84147318.0,84979913.0,85325965.0,85518661.0,,7.6,10.0,6.6,6.5,4.8,4.0,3.3,3.0,2.8,2.0,1.7,1.5,1.0,1.3,0.9,1.1,1.0,1.3,1.1,0.9,0.5,,,3.9,4.3,4.6,4.5,3.8,2.9,2.5,2.5,2.5,2.5,2.5,2.5,2.5,2.5,2.5,2.5,2.5,2.5,2.5,2.5,2.5,2.5,,
Turkmenistan,,,,,,,,,,,,,,,,,,,,,,,,,,116.0,118.0,120.0,121.0,121.0,121.0,121.0,121.0,121.0,121.0,121.0,121.0,123.0,125.0,126.0,126.0,125.0,125.0,125.0,125.0,124.0,123.0,122.0,4675409.0,4769465.0,4863865.0,4958093.0,5052257.0,5147105.0,5244046.0,5345029.0,5451592.0,5564356.0,5683417.0,5808546.0,5939341.0,6075283.0,6215770.0,6360041.0,6507061.0,6655524.0,6803944.0,6949912.0,7092043.0,7230193.0,7364438.0,7494498.0,,,,,,,,,,,,,,,,,,,,,,,,,6.4,5.9,5.1,4.5,4.2,4.0,4.0,4.0,4.3,4.5,4.6,4.5,4.0,3.5,3.3,3.3,3.4,3.5,3.6,3.8,3.9,4.1,,
Turks and Caicos Islands,,,,,,,,,,,,,,,,,,,,,,,,,,,,,,,,,,,,,,,,,,,,,,,,,19576.0,20597.0,21727.0,22856.0,23988.0,25123.0,26270.0,27427.0,28588.0,29739.0,30846.0,32127.0,33653.0,35050.0,36605.0,38315.0,39913.0,41559.0,43166.0,44386.0,45243.0,45847.0,46198.0,46535.0,,,,,,,,,,,,,,,,,,,,,,,,,,,,,,,,,,,,,,,,,,,,,,,,
Tuvalu,,,,,,,,,,,,,,,,,,,,,,,,,,,,,,,,,,,,,,,,,,,,,,,,,9586.0,9623.0,9695.0,9816.0,9940.0,10056.0,10182.0,10321.0,10461.0,10614.0,10780.0,10934.0,11001.0,10984.0,10963.0,10930.0,10869.0,10751.0,10581.0,10399.0,10194.0,9992.0,9816.0,9646.0,,,,,,,,,,9.0,,,,,,,,,,,,,,,,,,,,,,,,,,,,,,,,,,,,,,
Türkiye,18.61514808333333,27.84508333333333,34.153690000000005,36.48095975,38.27856741666667,41.98990391666667,47.20370591666667,53.23975108333334,57.51006525,63.59364058333333,67.5605585,73.24425441666666,79.90957608333333,89.99166133333334,100.02223183333332,105.811234,119.24832200000002,140.66819925,168.14888299999998,191.43581308333333,237.90863616666664,441.666144,732.3497603333334,1149.2225245,1455.3915795,111.0,110.0,110.0,112.0,115.0,118.0,121.0,123.0,126.0,128.0,130.0,131.0,130.0,130.0,129.0,130.0,130.0,131.0,131.0,132.0,132.0,133.0,134.0,,,,,,,,,,,,,,,,,,,,,,,,,,,,,,,,,,,,,,,,,,,,,,,,,,,,,,,,,,,,,,,,,,,,,,,,
Türkiye,21.77507,31.566038666666667,38.38507275,41.685521666666666,45.09504733333333,49.42292816666667,53.75048916666666,59.36425941666667,63.07510525,68.47839900000001,72.9102385,79.39310358333334,85.34210041666667,92.89877875,100.02490816666666,107.80197916666668,119.81576675,139.38463358333334,160.53879091666667,180.25128066666664,215.57420958333333,371.4534114166667,571.5160225833333,905.8897626666668,1146.6312553333337,111.0,110.0,110.0,112.0,115.0,118.0,121.0,123.0,126.0,128.0,130.0,131.0,130.0,130.0,129.0,130.0,130.0,131.0,131.0,132.0,132.0,133.0,134.0,,,,,,,,,,,,,,,,,,,,,,,,,,,,,,,,,,,,,,,,,,,,,,,,,,,,,,,,,,,,,,,,,,,,,,,,
Türkiye,48.16248925,53.05956033333334,22.93375875,6.8684375,4.931249916666666,9.703204166666668,12.423841,12.80451525,8.03940225,10.597716833333331,6.2976158333333325,8.489775916666668,9.132337916666666,12.616621666666669,11.167820666666666,5.835610666666667,12.727914833333337,17.914741,20.172666083333333,13.844756416666668,24.083127416666667,85.20673641666666,65.70611316666667,58.57514975,35.52620833333334,111.0,110.0,110.0,112.0,115.0,118.0,121.0,123.0,126.0,128.0,130.0,131.0,130.0,130.0,129.0,130.0,130.0,131.0,131.0,132.0,132.0,133.0,134.0,,,,,,,,,,,,,,,,,,,,,,,,,,,,,,,,,,,,,,,,,,,,,,,,,,,,,,,,,,,,,,,,,,,,,,,,
USSR,,,,,,,,,,,,,,,,,,,,,,,,,,,,,,,,,,,,,,,,,,,,,,,,,,,,,,,,,,,,,,,,,,,,,,,,,,,,,,,,,,,,,,,,,,,,,,,,,,,,,,,,,,,,,,,,,,,,,,,,
Uganda,30.990119916666668,30.88423708333333,34.14164066666667,35.68188408333334,39.34434433333333,42.833992333333335,46.019810666666665,52.790614833333336,61.17397008333333,63.118786416666666,78.12965200000001,88.08766291666666,90.14309183333334,93.26904583333334,100.07671358333334,105.60161941666668,116.30894683333334,114.92914741666668,114.69719166666664,116.71653691666668,118.34624225,134.36574591666667,148.53268891666667,147.67936933333334,152.16617933333333,112.0,114.0,115.0,116.0,115.0,114.0,113.0,112.0,112.0,113.0,112.0,110.0,109.0,108.0,102.0,98.0,98.0,99.0,102.0,101.0,108.0,108.0,109.0,24745676.0,25532870.0,26352124.0,27154515.0,27963289.0,28794003.0,29653430.0,30539553.0,31451151.0,32390802.0,33354543.0,34337438.0,35337042.0,36395539.0,37531446.0,38799152.0,40177388.0,41565831.0,42999637.0,44457152.0,45910930.0,47312719.0,48656601.0,50015092.0,,78.6,,,72.4,,,,63.5,,,56.2,,,,60.1,,,59.8,,,,,,21.0,19.3,18.2,18.0,18.6,19.1,19.4,19.7,19.7,20.4,21.1,22.4,24.4,27.9,33.3,37.5,38.9,38.4,37.3,37.1,36.8,36.9,,
Uganda,36.48880008333333,36.38389166666666,39.542186666666666,41.01366525,44.48170783333333,47.73049841666667,50.66044008333333,56.7654565,64.15476158333333,66.70590958333334,77.75530966666666,87.61393475,91.91158125,94.73851183333332,100.03409716666664,105.74241783333332,111.25129875,114.161646,117.43533158333334,121.32634333333333,124.00107,132.92392533333333,140.03661558333332,144.69056508333333,148.97891783333333,112.0,114.0,115.0,116.0,115.0,114.0,113.0,112.0,112.0,113.0,112.0,110.0,109.0,108.0,102.0,98.0,98.0,99.0,102.0,101.0,108.0,108.0,109.0,24745676.0,25532870.0,26352124.0,27154515.0,27963289.0,28794003.0,29653430.0,30539553.0,31451151.0,32390802.0,33354543.0,34337438.0,35337042.0,36395539.0,37531446.0,38799152.0,40177388.0,41565831.0,42999637.0,44457152.0,45910930.0,47312719.0,48656601.0,50015092.0,,78.6,,,72.4,,,,63.5,,,56.2,,,,60.1,,,59.8,,,,,,21.0,19.3,18.2,18.0,18.6,19.1,19.4,19.7,19.7,20.4,21.1,22.4,24.4,27.9,33.3,37.5,38.9,38.4,37.3,37.1,36.8,36.9,,
Uganda,2.419935833333333,-0.2883546666666667,10.589160583333332,4.490545166666666,10.375430916666668,8.860728583333334,7.47713925,14.665838166666669,15.93044,3.3664204166666667,23.86416983333333,13.823709833333334,2.394429,3.55528075,7.297635083333333,5.590941333333333,10.205832166666667,-1.1681345833333332,-0.191052,1.7720533333333333,1.4269396666666667,13.464544416666667,11.093397916666667,-0.5688180833333333,2.8326805,112.0,114.0,115.0,116.0,115.0,114.0,113.0,112.0,112.0,113.0,112.0,110.0,109.0,108.0,102.0,98.0,98.0,99.0,102.0,101.0,108.0,108.0,109.0,24745676.0,25532870.0,26352124.0,27154515.0,27963289.0,28794003.0,29653430.0,30539553.0,31451151.0,32390802.0,33354543.0,34337438.0,35337042.0,36395539.0,37531446.0,38799152.0,40177388.0,41565831.0,42999637.0,44457152.0,45910930.0,47312719.0,48656601.0,50015092.0,,78.6,,,72.4,,,,63.5,,,56.2,,,,60.1,,,59.8,,,,,,21.0,19.3,18.2,18.0,18.6,19.1,19.4,19.7,19.7,20.4,21.1,22.4,24.4,27.9,33.3,37.5,38.9,38.4,37.3,37.1,36.8,36.9,,
Ukraine,23.946349666666663,24.076159083333334,25.30344425,27.50094633333333,30.97738875,32.62252725,35.76749275,48.534183250000005,54.33109108333333,60.247362333333335,64.10331816666667,62.73842391666667,61.38909891666666,68.78962766666668,100.384592,109.37836241666668,123.46842933333332,137.23154466666668,148.20778458333334,152.28170841666667,168.71752525,213.6500485,245.09970091666665,257.23324675,296.9034023333333,121.0,123.0,126.0,128.0,130.0,131.0,132.0,132.0,129.0,127.0,126.0,127.0,127.0,126.0,124.0,123.0,122.0,120.0,118.0,118.0,117.0,116.0,114.0,49106855.0,48677281.0,48315136.0,47979507.0,47585556.0,47278694.0,47062798.0,46819175.0,46623731.0,46456003.0,46307853.0,46210056.0,46126770.0,45972380.0,45784896.0,45616832.0,45436041.0,45208907.0,44957458.0,44680014.0,44298640.0,41048766.0,37732836.0,37860221.0,,6.3,3.2,2.8,1.1,0.7,0.5,0.1,0.3,0.1,0.1,0.1,0.1,0.0,0.3,0.2,0.1,0.2,0.2,0.0,,,,,3.0,2.5,2.5,2.5,2.5,2.5,2.5,2.5,2.5,2.5,2.5,2.5,2.5,2.5,2.5,2.5,2.6,3.0,3.7,4.3,5.3,5.8,,
Ukraine,21.76349575,21.92833708333333,23.069588666666665,25.158260666666667,28.52695808333333,31.109368083333333,35.10343125,43.958784916666666,50.939964333333336,55.714532,60.14702675,60.4890995,60.34456191666666,67.62927058333334,100.56463391666666,114.55589975,131.0958505,145.45327916666668,156.92476825,161.21272516666667,176.30729708333334,211.89252116666668,239.1186385833333,254.66609566666668,282.87025266666666,121.0,123.0,126.0,128.0,130.0,131.0,132.0,132.0,129.0,127.0,126.0,127.0,127.0,126.0,124.0,123.0,122.0,120.0,118.0,118.0,117.0,116.0,114.0,49106855.0,48677281.0,48315136.0,47979507.0,47585556.0,47278694.0,47062798.0,46819175.0,46623731.0,46456003.0,46307853.0,46210056.0,46126770.0,45972380.0,45784896.0,45616832.0,45436041.0,45208907.0,44957458.0,44680014.0,44298640.0,41048766.0,37732836.0,37860221.0,,6.3,3.2,2.8,1.1,0.7,0.5,0.1,0.3,0.1,0.1,0.1,0.1,0.0,0.3,0.2,0.1,0.2,0.2,0.0,,,,,3.0,2.5,2.5,2.5,2.5,2.5,2.5,2.5,2.5,2.5,2.5,2.5,2.5,2.5,2.5,2.5,2.6,3.0,3.7,4.3,5.3,5.8,,
Ukraine,11.50145975,0.5462825833333333,5.152436583333333,8.682910833333333,12.671688833333334,5.35499425,9.688283666666663,36.07217975,12.178234333333334,10.899335583333333,6.4593671666666665,-2.1098435833333333,-2.145372583333333,12.100088416666669,45.839896083333336,9.872513333333332,12.9061675,11.344656166666669,8.017908499999999,2.746711166666667,10.784550666666666,26.4382495,15.6086415,5.02206375,18.632304,121.0,123.0,126.0,128.0,130.0,131.0,132.0,132.0,129.0,127.0,126.0,127.0,127.0,126.0,124.0,123.0,122.0,120.0,118.0,118.0,117.0,116.0,114.0,49106855.0,48677281.0,48315136.0,47979507.0,47585556.0,47278694.0,47062798.0,46819175.0,46623731.0,46456003.0,46307853.0,46210056.0,46126770.0,45972380.0,45784896.0,45616832.0,45436041.0,45208907.0,44957458.0,44680014.0,44298640.0,41048766.0,37732836.0,37860221.0,,6.3,3.2,2.8,1.1,0.7,0.5,0.1,0.3,0.1,0.1,0.1,0.1,0.0,0.3,0.2,0.1,0.2,0.2,0.0,,,,,3.0,2.5,2.5,2.5,2.5,2.5,2.5,2.5,2.5,2.5,2.5,2.5,2.5,2.5,2.5,2.5,2.6,3.0,3.7,4.3,5.3,5.8,,
United Arab Emirates,57.45557975,58.15085666666667,59.22948816666667,62.091552166666666,65.5512685,68.87288233333334,72.71119116666667,80.27088475000001,80.90811216666667,84.51165741666667,89.46704675000001,94.15733608333332,96.69389616666666,98.79328858333334,100.01587583333333,101.0244075,102.2519345,105.85304708333332,104.38181816666668,108.23881833333331,108.00588466666666,115.76794825,119.9597645,122.6467075,,130.0,129.0,127.0,125.0,123.0,121.0,119.0,117.0,116.0,116.0,118.0,121.0,122.0,122.0,121.0,122.0,122.0,124.0,125.0,126.0,127.0,127.0,129.0,3723590.0,3956826.0,4192457.0,4428967.0,4664790.0,5009100.0,5624635.0,6302664.0,6707058.0,6869838.0,7104538.0,7391448.0,7693031.0,8059440.0,8505237.0,8935095.0,9223225.0,9346701.0,9445785.0,9401038.0,9575152.0,10074977.0,10483751.0,10876981.0,,,,,,,,,,,,,0.0,,,,,0.0,,,,,,,3.3,4.1,5.3,6.8,7.8,8.1,8.1,7.5,7.8,7.1,6.5,5.1,4.6,4.5,4.6,4.4,4.2,3.6,3.3,3.1,3.4,2.7,,
United Arab Emirates,54.620866166666666,56.1856565,57.88729658333333,60.30398175,63.72949233333333,68.77377691666668,79.520525,89.26548258333334,90.65964258333334,91.45561908333332,92.25800175,92.86899783333332,93.8915955,96.09454458333332,100.00555991666666,101.62313791666666,103.62188775,106.80166408333334,104.73923716666668,102.56128625,102.74583033333332,108.18234433333332,109.94215558333332,111.770895,112.51836233333334,130.0,129.0,127.0,125.0,123.0,121.0,119.0,117.0,116.0,116.0,118.0,121.0,122.0,122.0,121.0,122.0,122.0,124.0,125.0,126.0,127.0,127.0,129.0,3723590.0,3956826.0,4192457.0,4428967.0,4664790.0,5009100.0,5624635.0,6302664.0,6707058.0,6869838.0,7104538.0,7391448.0,7693031.0,8059440.0,8505237.0,8935095.0,9223225.0,9346701.0,9445785.0,9401038.0,9575152.0,10074977.0,10483751.0,10876981.0,,,,,,,,,,,,,0.0,,,,,0.0,,,,,,,3.3,4.1,5.3,6.8,7.8,8.1,8.1,7.5,7.8,7.1,6.5,5.1,4.6,4.5,4.6,4.4,4.2,3.6,3.3,3.1,3.4,2.7,,
United Arab Emirates,0.785872,1.2097945,1.853907083333333,4.823498,5.585820000000001,5.063278166666667,5.572894000000001,10.368910833333333,0.90009,4.443979583333333,5.85366725,5.307059,2.69587775,2.1710365,1.2379418333333334,1.02867175,1.2121389166666667,3.544887,-1.3888711666666664,3.711027666666667,-0.1996741666666667,7.190245999999999,3.655301416666666,2.2418716666666665,,130.0,129.0,127.0,125.0,123.0,121.0,119.0,117.0,116.0,116.0,118.0,121.0,122.0,122.0,121.0,122.0,122.0,124.0,125.0,126.0,127.0,127.0,129.0,3723590.0,3956826.0,4192457.0,4428967.0,4664790.0,5009100.0,5624635.0,6302664.0,6707058.0,6869838.0,7104538.0,7391448.0,7693031.0,8059440.0,8505237.0,8935095.0,9223225.0,9346701.0,9445785.0,9401038.0,9575152.0,10074977.0,10483751.0,10876981.0,,,,,,,,,,,,,0.0,,,,,0.0,,,,,,,3.3,4.1,5.3,6.8,7.8,8.1,8.1,7.5,7.8,7.1,6.5,5.1,4.6,4.5,4.6,4.4,4.2,3.6,3.3,3.1,3.4,2.7,,
United Kingdom,,,,,,,,,,,,,,,,,,,,,,,,,,,,,,,,,,,,,,,,,,,,,,,,,59119673.0,59370479.0,59647577.0,59987905.0,60401206.0,60846820.0,61322463.0,61806995.0,62276270.0,62766365.0,63258810.0,63711000.0,64139000.0,64620000.0,65088000.0,65607000.0,65966000.0,66289000.0,66631000.0,66744000.0,66984000.0,67604000.0,68492000.0,69226000.0,0.2,0.2,0.2,0.2,0.2,0.2,0.2,0.2,0.2,0.2,0.2,0.5,0.2,0.2,0.2,0.2,0.2,0.5,0.5,0.5,0.5,,,,2.5,2.5,2.5,2.5,2.5,2.5,2.5,2.5,2.5,2.5,2.5,2.5,2.5,2.5,2.5,2.5,2.5,2.5,2.5,2.5,2.5,2.5,,
United Kingdom of Great Britain and Northern Ireland,68.35833333333333,68.91666666666667,69.80833333333334,70.35833333333333,71.425,73.14166666666667,76.44166666666666,83.44166666666666,88.00833333333333,91.01666666666668,96.025,99.14166666666668,102.84166666666664,102.65,100.0,97.625,99.825,101.9,103.3,104.04166666666669,104.35,115.75833333333333,132.625,136.19166666666666,140.48333333333332,137.0,138.0,138.0,138.0,139.0,138.0,137.0,136.0,135.0,134.0,133.0,134.0,134.0,135.0,135.0,136.0,135.0,136.0,136.0,135.0,135.0,134.0,133.0,,,,,,,,,,,,,,,,,,,,,,,,,,,,,,,,,,,,,,,,,,,,,,,,,,,,,,,,,,,,,,,,,,,,,,,,
United Kingdom of Great Britain and Northern Ireland,74.54166666666667,75.675,76.71666666666667,77.78333333333333,79.40833333333333,81.35833333333333,83.3,86.23333333333333,87.925,90.11666666666667,93.59166666666664,96.0,98.2,99.625,99.99166666666667,101.0,103.58333333333331,105.95833333333331,107.8,108.86666666666667,111.60833333333332,120.45,128.63333333333333,132.84166666666667,136.81666666666666,137.0,138.0,138.0,138.0,139.0,138.0,137.0,136.0,135.0,134.0,133.0,134.0,134.0,135.0,135.0,136.0,135.0,136.0,136.0,135.0,135.0,134.0,133.0,,,,,,,,,,,,,,,,,,,,,,,,,,,,,,,,,,,,,,,,,,,,,,,,,,,,,,,,,,,,,,,,,,,,,,,,
United Kingdom of Great Britain and Northern Ireland,3.7581135,0.8407575,1.29893625,0.7964884166666667,1.5177341666666668,2.405967,4.512973166666667,9.137967083333333,5.603086833333333,3.419826666666667,5.513566666666667,3.2516919166666667,3.738455333333333,-0.1802831666666666,-2.5798216666666667,-2.37324225,2.261151416666667,2.087149333333333,1.3742785,0.7214076666666666,0.3049250833333333,10.894987416666666,14.752063833333333,2.722211333333333,3.6897963333333337,137.0,138.0,138.0,138.0,139.0,138.0,137.0,136.0,135.0,134.0,133.0,134.0,134.0,135.0,135.0,136.0,135.0,136.0,136.0,135.0,135.0,134.0,133.0,,,,,,,,,,,,,,,,,,,,,,,,,,,,,,,,,,,,,,,,,,,,,,,,,,,,,,,,,,,,,,,,,,,,,,,,
United Republic of Tanzania,26.259852,28.02743225,29.91135675,31.705587750000003,33.727710916666666,36.83421783333333,40.11972,45.38085891666666,52.418944333333336,56.52129,65.97459341666666,79.57287141666667,86.29707658333332,92.70942216666668,100.02797141666667,107.5326145,117.34214175,120.81150458333332,124.27369733333336,129.4173805833333,134.26866883333332,144.08276708333332,153.92212541666666,157.16335949999998,166.4770775,98.0,97.0,98.0,98.0,101.0,102.0,103.0,104.0,105.0,106.0,108.0,109.0,110.0,111.0,111.0,111.0,111.0,111.0,111.0,111.0,112.0,113.0,114.0,,,,,,,,,,,,,,,,,,,,,,,,,,,,,,,,,,,,,,,,,,,,,,,,,,,,,,,,,,,,,,,,,,,,,,,,
United Republic of Tanzania,34.41026191666666,36.24014233333333,38.16216216666667,39.96944666666666,41.9817365,45.025820583333335,48.18911608333334,53.14218308333333,59.59482825,63.289800333333325,71.32188975,82.73417225,89.24595025,94.7181675,100.01117958333332,105.18652425,110.78109675,114.65229633333333,118.62417341666666,122.5272535,127.04963591666666,132.57664075,137.61353608333334,141.8203085,145.9974705,98.0,97.0,98.0,98.0,101.0,102.0,103.0,104.0,105.0,106.0,108.0,109.0,110.0,111.0,111.0,111.0,111.0,111.0,111.0,111.0,112.0,113.0,114.0,,,,,,,,,,,,,,,,,,,,,,,,,,,,,,,,,,,,,,,,,,,,,,,,,,,,,,,,,,,,,,,,,,,,,,,,
United Republic of Tanzania,6.52034775,6.8249882500000005,6.718896583333333,5.999105833333334,6.383942666666667,9.22616625,8.93885175,13.089717583333334,15.562934666666663,7.845988083333332,16.68314091666667,20.93398575,8.484598833333333,7.440229833333333,7.894062166666667,7.529454333333334,9.129263166666666,2.966896333333333,2.897466083333333,4.146989666666667,3.745953833333333,7.311962083333333,6.868547333333333,2.114344,5.649011333333333,98.0,97.0,98.0,98.0,101.0,102.0,103.0,104.0,105.0,106.0,108.0,109.0,110.0,111.0,111.0,111.0,111.0,111.0,111.0,111.0,112.0,113.0,114.0,,,,,,,,,,,,,,,,,,,,,,,,,,,,,,,,,,,,,,,,,,,,,,,,,,,,,,,,,,,,,,,,,,,,,,,,
United States,,,,,,,,,,,,,,,,,,,,,,,,,,,,,,,,,,,,,,,,,,,,,,,,,284968955.0,287625193.0,290107933.0,292805298.0,295516599.0,298379912.0,301231207.0,304093966.0,306771529.0,309378227.0,311839461.0,314339099.0,316726282.0,319257560.0,321815121.0,324353340.0,326608609.0,328529577.0,330226227.0,331577720.0,332099760.0,334017321.0,336806231.0,340110988.0,1.0,1.0,1.0,1.0,1.0,1.0,1.0,1.0,1.0,1.2,1.0,1.0,1.0,1.2,1.2,1.2,1.2,1.0,1.0,0.5,0.5,1.2,1.2,,2.5,2.5,2.5,2.5,2.5,2.5,2.5,2.5,2.5,2.5,2.5,2.5,2.5,2.5,2.5,2.5,2.5,2.5,2.5,2.5,2.5,2.5,,
United States of America,71.55202158333334,72.48064475,74.03866816666667,76.84172958333333,78.32408233333334,79.70326133333333,83.05799,88.37390266666667,88.78593766666667,89.07979466666666,93.3576445,95.65773566666668,96.52256025,98.84644233333334,100.00068266666666,98.67532466666668,98.47582125,98.9244425,99.8000535,103.2980755,106.8816565,119.10772625,124.99673208333331,126.4543685,128.89564233333334,148.0,148.0,149.0,150.0,150.0,149.0,148.0,146.0,145.0,145.0,146.0,147.0,147.0,147.0,147.0,147.0,148.0,149.0,151.0,152.0,152.0,152.0,152.0,,,,,,,,,,,,,,,,,,,,,,,,,,,,,,,,,,,,,,,,,,,,,,,,,,,,,,,,,,,,,,,,,,,,,,,,
United States of America,74.70780025,75.89268966666667,77.61552558333334,79.693477,82.39727508333333,85.05536508333334,87.48171591666666,90.84022683333336,90.51724775,92.00176991666667,94.90612,96.87004758333336,98.28903183333334,99.88349916666668,100.00198816666666,101.26359633333334,103.42062225,105.94675725,107.866735,109.19736216666666,114.32730025,123.47668508333334,128.55940333333334,132.35129533333333,135.11064566666667,148.0,148.0,149.0,150.0,150.0,149.0,148.0,146.0,145.0,145.0,146.0,147.0,147.0,147.0,147.0,147.0,148.0,149.0,151.0,152.0,152.0,152.0,152.0,,,,,,,,,,,,,,,,,,,,,,,,,,,,,,,,,,,,,,,,,,,,,,,,,,,,,,,,,,,,,,,,,,,,,,,,
United States of America,3.2667641666666665,1.3046380833333333,2.1515810833333333,3.7917655833333335,1.9325673333333333,1.7622760833333333,4.206899,6.391024916666666,0.5278070833333334,0.3423091666666666,4.799998416666667,2.484110166666667,0.9044725,2.4079118333333334,1.1768849166666666,-1.3243045833333331,-0.1956780833333333,0.4559694999999999,0.8855053333333333,3.5060688333333334,3.476489666666667,11.414773416666668,5.053727666666666,1.16623025,2.252234666666667,148.0,148.0,149.0,150.0,150.0,149.0,148.0,146.0,145.0,145.0,146.0,147.0,147.0,147.0,147.0,147.0,148.0,149.0,151.0,152.0,152.0,152.0,152.0,,,,,,,,,,,,,,,,,,,,,,,,,,,,,,,,,,,,,,,,,,,,,,,,,,,,,,,,,,,,,,,,,,,,,,,,
Upper middle income,,,,,,,,,,,,,,,,,,,,,,,,,,,,,,,,,,,,,,,,,,,,,,,,,2387807616.0,2409341702.0,2430373908.0,2451601935.0,2472862826.0,2493333038.0,2512165159.0,2532345548.0,2553016162.0,2573477299.0,2594753350.0,2618433663.0,2642565703.0,2665784793.0,2688052361.0,2709558794.0,2731375253.0,2751833495.0,2770250954.0,2785181241.0,2796326198.0,2803432387.0,2809441887.0,2818128105.0,39.0,35.1,32.1,28.9,25.4,23.8,21.7,20.2,18.8,16.5,13.4,11.6,7.8,6.9,5.5,4.8,4.2,3.5,3.0,2.9,2.9,2.5,2.3,2.1,10.3223372616646,9.9204676142775,9.37860294977753,8.8417369138213,8.21541020616991,7.5209885482265,6.7839806172132,6.0353087903749,5.22511158835999,4.74445967202401,4.46862058515447,4.25783892041389,4.04676093396268,3.96322365018154,3.87722323488261,3.82857321861652,3.76987040936472,3.74898734632687,3.79342206695372,3.86103316349209,4.01102773438059,4.03019093435085,,
Upper-middle-income countries,,,,,,,,,,,,,,,,,,,,,,,,,,,,,,,,,,,,,,,,,,,,,,,,,,,,,,,,,,,,,,,,,,,,,,,,,,,,,,,,,,,,,,,,,,,,,,,,,,,,,,,,,,,,,,,,,,,,,,,,
Upper-middle-income economies,42.92915666666666,46.5995545,48.30697508333333,53.98585125,55.8187455,58.91318075,63.36406216666666,71.71103741666667,75.34518716666666,79.56801341666666,86.16170708333334,90.07757608333333,92.95233466666669,96.57302375,99.93322608333334,103.16719883333332,106.491792,109.08248366666668,112.21680016666666,115.21320916666669,121.28509341666668,137.03572,150.58659,158.33171091666668,163.39622,,,,,,,,,,,,,,,,,,,,,,,,,,,,,,,,,,,,,,,,,,,,,,,,,,,,,,,,,,,,,,,,,,,,,,,,,,,,,,,,,,,,,,,,,,,,,,,
Upper-middle-income economies,40.0556255,41.90214566666666,44.85637608333334,48.35456466666667,50.39022533333334,52.4954255,57.84365866666667,65.64607175,68.03689933333334,72.57191733333333,79.5225815,84.571894,90.0949475,94.963156,100.01725358333334,106.49684891666668,109.54480983333332,115.47704341666667,129.71345783333334,146.81803791666667,165.90940983333334,213.30721358333332,312.4334998333333,601.5629365833333,737.0292773333334,,,,,,,,,,,,,,,,,,,,,,,,,,,,,,,,,,,,,,,,,,,,,,,,,,,,,,,,,,,,,,,,,,,,,,,,,,,,,,,,,,,,,,,,,,,,,,,
Upper-middle-income economies,51.81427441666667,55.68231466666666,57.02198091666667,60.84241641666667,63.156808000000005,66.5796795,70.23629741666666,77.68898424999999,80.03646266666667,83.89794525,88.26756058333332,91.64033625,94.3248845,97.70524291666668,99.99713066666668,102.217215,105.93203416666668,109.480418,112.35890308333336,113.73069875,117.04939308333331,127.78012175,137.32019575,142.15487316666668,146.46048366666665,,,,,,,,,,,,,,,,,,,,,,,,,,,,,,,,,,,,,,,,,,,,,,,,,,,,,,,,,,,,,,,,,,,,,,,,,,,,,,,,,,,,,,,,,,,,,,,
Upper-middle-income economies,54.46247983333333,56.34686691666667,58.91772391666667,61.705913,64.13847008333333,66.62391649999999,70.05170141666666,74.91188016666666,76.45368908333333,79.64237575,84.26573833333333,87.89603166666667,91.82163241666666,95.85442483333333,100.01705625,104.51740683333333,109.13480125,115.51319025,125.269703,135.5266735,152.08508658333332,189.11043116666667,269.9478663333333,530.8818116666666,665.0124481666667,,,,,,,,,,,,,,,,,,,,,,,,,,,,,,,,,,,,,,,,,,,,,,,,,,,,,,,,,,,,,,,,,,,,,,,,,,,,,,,,,,,,,,,,,,,,,,,
Upper-middle-income economies,4.044902666666666,4.69555425,4.73304925,5.717303333333334,5.173072,5.557329666666667,7.862422833333333,13.398215083333334,4.5865859166666665,4.582978333333333,6.742668833333333,4.9507121666666665,4.145252916666666,3.373621083333333,3.74510125,2.966534916666667,2.96665275,2.5170161666666666,2.6676819166666665,3.4457771666666663,5.101850416666667,12.5082805,9.188339916666669,4.167044583333333,4.232972166666667,,,,,,,,,,,,,,,,,,,,,,,,,,,,,,,,,,,,,,,,,,,,,,,,,,,,,,,,,,,,,,,,,,,,,,,,,,,,,,,,,,,,,,,,,,,,,,,
Upper-middle-income economies,6.3938935,8.03985625,8.587559083333334,8.2036235,4.7248205,4.671175000000001,10.551643,13.843415333333333,4.00991275,6.963611083333333,9.909752083333332,7.12068825,7.219394833333333,5.65372975,5.234192333333334,6.439203666666667,2.6594529166666665,4.85772725,10.909345166666666,10.99851575,7.491502916666668,15.780531166666668,14.070725083333334,16.427196249999998,6.940233833333333,,,,,,,,,,,,,,,,,,,,,,,,,,,,,,,,,,,,,,,,,,,,,,,,,,,,,,,,,,,,,,,,,,,,,,,,,,,,,,,,,,,,,,,,,,,,,,,
Uruguay,23.51786008333333,27.406599416666666,34.51281291666667,38.61059066666667,40.486721333333335,42.76895566666667,49.6759325,56.480282,59.41737616666666,62.975120833333335,68.9801725,74.76748033333332,82.75177183333334,91.37571883333334,100.03278875,109.65803,112.73956275,122.1394585,132.84038533333333,151.12269691666668,161.40605575,179.25501433333332,194.89815341666667,204.0940855833333,212.17265666666663,118.0,118.0,118.0,119.0,121.0,122.0,124.0,126.0,127.0,128.0,129.0,130.0,131.0,131.0,131.0,131.0,132.0,134.0,134.0,135.0,135.0,133.0,132.0,3274251.0,3278867.0,3281186.0,3283148.0,3285771.0,3289506.0,3295153.0,3302177.0,3310091.0,3318580.0,3326825.0,3335401.0,3345337.0,3356334.0,3368017.0,3379283.0,3388438.0,3394534.0,3397206.0,3398968.0,3396695.0,3390913.0,3388081.0,3386588.0,0.7,1.1,1.5,1.7,1.5,1.0,0.7,0.4,0.4,0.3,0.2,0.3,0.3,0.2,0.2,0.1,0.1,0.1,0.1,0.3,0.2,0.2,0.2,0.2,3.2,2.9,2.9,2.8,2.7,2.5,2.5,2.5,2.5,2.5,2.5,2.5,2.5,2.5,2.5,2.5,2.5,2.5,2.5,2.5,2.5,2.5,,
Uruguay,30.23256783333333,34.456805333333335,41.134441,44.90137058333334,47.01212575,50.01979683333334,54.078726,58.33854725,62.45854308333333,66.642459,72.03572141666668,77.86900533333333,84.54637774999999,92.05185841666668,100.02932091666666,109.67156066666666,116.49104125,125.3519715,135.23219966666667,148.42600258333334,159.92592175,174.48618491666664,184.72695983333327,193.68463566666665,201.6783108333333,118.0,118.0,118.0,119.0,121.0,122.0,124.0,126.0,127.0,128.0,129.0,130.0,131.0,131.0,131.0,131.0,132.0,134.0,134.0,135.0,135.0,133.0,132.0,3274251.0,3278867.0,3281186.0,3283148.0,3285771.0,3289506.0,3295153.0,3302177.0,3310091.0,3318580.0,3326825.0,3335401.0,3345337.0,3356334.0,3368017.0,3379283.0,3388438.0,3394534.0,3397206.0,3398968.0,3396695.0,3390913.0,3388081.0,3386588.0,0.7,1.1,1.5,1.7,1.5,1.0,0.7,0.4,0.4,0.3,0.2,0.3,0.3,0.2,0.2,0.1,0.1,0.1,0.1,0.3,0.2,0.2,0.2,0.2,3.2,2.9,2.9,2.8,2.7,2.5,2.5,2.5,2.5,2.5,2.5,2.5,2.5,2.5,2.5,2.5,2.5,2.5,2.5,2.5,2.5,2.5,,
Uruguay,5.416255916666667,16.441725166666668,26.842143083333337,11.881542,4.913966083333333,5.630381416666666,16.069878083333332,13.86151225,5.298656833333333,5.9803240833333335,9.571525416666669,8.364047166666667,10.705591750000002,10.418278666666668,9.481235083333331,9.63597975,2.84227275,8.342398083333334,8.734102083333333,13.830728666666666,6.84823425,11.04412525,8.80139325,4.736578833333334,4.8279000000000005,118.0,118.0,118.0,119.0,121.0,122.0,124.0,126.0,127.0,128.0,129.0,130.0,131.0,131.0,131.0,131.0,132.0,134.0,134.0,135.0,135.0,133.0,132.0,3274251.0,3278867.0,3281186.0,3283148.0,3285771.0,3289506.0,3295153.0,3302177.0,3310091.0,3318580.0,3326825.0,3335401.0,3345337.0,3356334.0,3368017.0,3379283.0,3388438.0,3394534.0,3397206.0,3398968.0,3396695.0,3390913.0,3388081.0,3386588.0,0.7,1.1,1.5,1.7,1.5,1.0,0.7,0.4,0.4,0.3,0.2,0.3,0.3,0.2,0.2,0.1,0.1,0.1,0.1,0.3,0.2,0.2,0.2,0.2,3.2,2.9,2.9,2.8,2.7,2.5,2.5,2.5,2.5,2.5,2.5,2.5,2.5,2.5,2.5,2.5,2.5,2.5,2.5,2.5,2.5,2.5,,
Uzbekistan,24.0180495,32.872681666666665,37.311100333333336,38.1141165,41.36389016666667,45.957696,49.39775175,54.12997691666666,59.70570241666667,65.67622866666666,71.99818183333333,78.81683141666666,86.09505075,93.41869716666668,100.00880525,104.91826525,123.69145616666668,148.41051075,173.73289558333332,203.65866866666667,233.02045125,268.081295,299.27578275,311.4615943333333,325.71552,99.0,97.0,99.0,101.0,105.0,108.0,111.0,114.0,118.0,121.0,125.0,128.0,131.0,133.0,135.0,135.0,135.0,135.0,136.0,137.0,138.0,139.0,140.0,25090283.0,25399980.0,25711259.0,26029350.0,26356975.0,26699043.0,27076008.0,27494774.0,27939328.0,28385506.0,28823196.0,29261903.0,29724065.0,30222994.0,30749346.0,31284568.0,31819178.0,32373490.0,32964701.0,33586372.0,34243696.0,34938955.0,35652307.0,36361859.0,,93.1,93.3,,,,,,,,,,,,,,,,,,4.4,4.4,4.1,2.7,18.0,19.3,18.8,16.6,14.2,11.1,8.5,6.4,4.8,3.6,2.7,2.5,2.5,2.5,2.5,2.5,2.5,2.5,2.5,2.5,2.5,2.5,,
Uzbekistan,26.489626916666666,33.68748033333333,37.12501091666667,37.73650533333333,40.17354741666667,43.546364833333335,46.01804075,49.35345275,53.1981405,58.415937500000005,66.4655045,75.24480208333334,84.15486516666667,91.96704,100.01588666666667,108.14806491666668,123.15441233333333,144.73621283333333,165.76021291666666,187.08978891666663,207.38760883333336,231.1265295,254.1388518333333,278.6079879166667,298.93419516666665,99.0,97.0,99.0,101.0,105.0,108.0,111.0,114.0,118.0,121.0,125.0,128.0,131.0,133.0,135.0,135.0,135.0,135.0,136.0,137.0,138.0,139.0,140.0,25090283.0,25399980.0,25711259.0,26029350.0,26356975.0,26699043.0,27076008.0,27494774.0,27939328.0,28385506.0,28823196.0,29261903.0,29724065.0,30222994.0,30749346.0,31284568.0,31819178.0,32373490.0,32964701.0,33586372.0,34243696.0,34938955.0,35652307.0,36361859.0,,93.1,93.3,,,,,,,,,,,,,,,,,,4.4,4.4,4.1,2.7,18.0,19.3,18.8,16.6,14.2,11.1,8.5,6.4,4.8,3.6,2.7,2.5,2.5,2.5,2.5,2.5,2.5,2.5,2.5,2.5,2.5,2.5,,
Uzbekistan,36.84935875,37.14610025,14.001322083333337,2.2270910833333333,8.531330416666666,11.151038166666666,7.482407416666667,9.57215625,10.30655525,10.003232916666668,9.620503583333331,9.479817333333331,9.236115916666668,8.510782,7.0631955,4.904598333333333,17.871596333333333,20.137733,17.043454333333333,17.245911333333336,14.441384,15.027798083333332,11.709816333333334,4.111024916666667,3.653755833333333,99.0,97.0,99.0,101.0,105.0,108.0,111.0,114.0,118.0,121.0,125.0,128.0,131.0,133.0,135.0,135.0,135.0,135.0,136.0,137.0,138.0,139.0,140.0,25090283.0,25399980.0,25711259.0,26029350.0,26356975.0,26699043.0,27076008.0,27494774.0,27939328.0,28385506.0,28823196.0,29261903.0,29724065.0,30222994.0,30749346.0,31284568.0,31819178.0,32373490.0,32964701.0,33586372.0,34243696.0,34938955.0,35652307.0,36361859.0,,93.1,93.3,,,,,,,,,,,,,,,,,,4.4,4.4,4.1,2.7,18.0,19.3,18.8,16.6,14.2,11.1,8.5,6.4,4.8,3.6,2.7,2.5,2.5,2.5,2.5,2.5,2.5,2.5,2.5,2.5,2.5,2.5,,
Vanuatu,66.06107858333333,66.46889616666667,67.77820516666667,70.17681608333334,69.98900566666667,72.2427345,74.96330658333333,80.55470008333333,86.800748,90.65891683333332,91.67309466666669,93.51900566666666,94.88734083333333,96.52397716666668,100.07091675,101.78804325,108.79606608333334,113.55572633333333,119.31883233333332,132.30996808333333,139.79556658333334,151.84061583333332,181.069612,186.34481275,186.192964,121.0,121.0,122.0,123.0,123.0,125.0,126.0,127.0,128.0,129.0,129.0,128.0,128.0,129.0,130.0,131.0,131.0,131.0,130.0,129.0,129.0,130.0,132.0,191031.0,195863.0,200746.0,205711.0,210760.0,215923.0,221276.0,226896.0,232731.0,238248.0,243474.0,248883.0,254482.0,260240.0,266101.0,272087.0,278507.0,285259.0,291985.0,298858.0,305868.0,313046.0,320409.0,327777.0,,,,,,,,,,25.7,,,,,,,,,19.5,,,,,,6.9,6.9,6.9,6.8,6.8,6.4,6.1,5.9,6.1,6.4,7.0,7.5,7.5,7.4,7.4,7.4,7.4,7.5,7.8,8.0,8.1,7.9,,
Vanuatu,72.59891725,74.02714908333333,76.21825183333333,77.43425658333332,78.29463691666668,79.88920908333334,82.8890695,86.78372583333334,90.75831341666668,93.20089341666666,94.17292475,95.47357016666666,96.810028,97.61878591666668,100.01064391666668,100.79645825,103.8077905,106.34878133333332,109.14788633333336,114.68300158333334,117.92376858333334,124.76092683333331,139.16650391666667,141.65338991666667,140.91786433333334,121.0,121.0,122.0,123.0,123.0,125.0,126.0,127.0,128.0,129.0,129.0,128.0,128.0,129.0,130.0,131.0,131.0,131.0,130.0,129.0,129.0,130.0,132.0,191031.0,195863.0,200746.0,205711.0,210760.0,215923.0,221276.0,226896.0,232731.0,238248.0,243474.0,248883.0,254482.0,260240.0,266101.0,272087.0,278507.0,285259.0,291985.0,298858.0,305868.0,313046.0,320409.0,327777.0,,,,,,,,,,25.7,,,,,,,,,19.5,,,,,,6.9,6.9,6.9,6.8,6.8,6.4,6.1,5.9,6.1,6.4,7.0,7.5,7.5,7.4,7.4,7.4,7.4,7.5,7.8,8.0,8.1,7.9,,
Vanuatu,2.434536583333333,0.616219,1.9665248333333332,3.5483526666666667,-0.2581319166666667,3.2201124166666664,3.766041416666667,7.4358614166666674,7.845538166666667,4.447837333333333,1.1265215,2.0170706666666667,1.46331875,1.725383,3.67183275,1.858092,6.884776,4.39789925,5.063050166666667,10.833814416666668,5.855386666666667,8.595241833333333,19.2823225,3.211369916666667,-0.2329046666666666,121.0,121.0,122.0,123.0,123.0,125.0,126.0,127.0,128.0,129.0,129.0,128.0,128.0,129.0,130.0,131.0,131.0,131.0,130.0,129.0,129.0,130.0,132.0,191031.0,195863.0,200746.0,205711.0,210760.0,215923.0,221276.0,226896.0,232731.0,238248.0,243474.0,248883.0,254482.0,260240.0,266101.0,272087.0,278507.0,285259.0,291985.0,298858.0,305868.0,313046.0,320409.0,327777.0,,,,,,,,,,25.7,,,,,,,,,19.5,,,,,,6.9,6.9,6.9,6.8,6.8,6.4,6.1,5.9,6.1,6.4,7.0,7.5,7.5,7.4,7.4,7.4,7.4,7.5,7.8,8.0,8.1,7.9,,
Venezuela,,,,,,,,,,,,,,,,,,,,,,,,,,,,,,,,,,,,,,,,,,,,,,,,,,,,,,,,,,,,,,,,,,,,,,,,,,,,,,,,,,,,,,,,,,,,,,,,,,,,,,,,,,,,,,,,,,,,,,,,
Venezuela (Bolivarian Republic of),0.7747435,0.9541118333333332,1.2781655833333334,1.7296059999999998,2.1796303333333333,2.626311,3.257501166666667,4.335090999999999,5.547064833333334,7.375846916666667,9.5827695,11.959223916666666,18.4354085,34.42482325,109.6958425,536.2442072499999,3436.619665583333,2596017.3322058334,462397145.2799526,15767258355.596272,155218298663.8151,435386703862.0065,1938812226408.1345,2678353477820.111,,105.0,104.0,104.0,107.0,109.0,111.0,116.0,121.0,124.0,125.0,124.0,123.0,122.0,118.0,109.0,101.0,95.0,95.0,95.0,101.0,108.0,114.0,117.0,,,,,,,,,,,,,,,,,,,,,,,,,,,,,,,,,,,,,,,,,,,,,,,,,,,,,,,,,,,,,,,,,,,,,,,,
Venezuela (Bolivarian Republic of),1.977108833333333,2.336585916666667,2.9803655,3.7377679166666655,4.422896833333334,5.069929416666667,6.363685583333333,8.371219416666667,10.638224416666668,13.636870166666666,17.19475866666667,20.817521666666668,29.277643416666667,47.47915875,105.279378,373.68760908333337,2011.4383688333332,1316603.46223725,263398422.6081586,12761951427.340693,109193069434.23302,313091177972.2918,1368919042322.0012,1944943625625.3064,,105.0,104.0,104.0,107.0,109.0,111.0,116.0,121.0,124.0,125.0,124.0,123.0,122.0,118.0,109.0,101.0,95.0,95.0,95.0,101.0,108.0,114.0,117.0,,,,,,,,,,,,,,,,,,,,,,,,,,,,,,,,,,,,,,,,,,,,,,,,,,,,,,,,,,,,,,,,,,,,,,,,
Venezuela (Bolivarian Republic of),12.14119175,23.00538933333333,33.776851916666665,35.41666958333334,26.31110783333333,20.50859925,23.9343385,32.807065,28.52985058333333,32.863221583333335,30.07697158333333,25.240976,53.282423,85.32950025000001,204.44454016666668,383.65390675,480.8633889166667,38440.76186583333,143491.55442208334,4026.665429666667,1773.4501012499998,196.9232985,382.53550666666666,49.1624234,,105.0,104.0,104.0,107.0,109.0,111.0,116.0,121.0,124.0,125.0,124.0,123.0,122.0,118.0,109.0,101.0,95.0,95.0,95.0,101.0,108.0,114.0,117.0,,,,,,,,,,,,,,,,,,,,,,,,,,,,,,,,,,,,,,,,,,,,,,,,,,,,,,,,,,,,,,,,,,,,,,,,
"Venezuela, RB",,,,,,,,,,,,,,,,,,,,,,,,,,,,,,,,,,,,,,,,,,,,,,,,,24979922.0,25435671.0,25892703.0,26340838.0,26785804.0,27224686.0,27649363.0,28053696.0,28438298.0,28813101.0,29185212.0,29553826.0,29912198.0,30254079.0,30573972.0,30765720.0,30565323.0,29807592.0,28938098.0,28444077.0,28237826.0,28213017.0,28300854.0,28405543.0,14.7,22.1,27.1,22.8,18.1,9.7,,,,,,,,,,,,,,,,,,,14.1,14.2,13.8,9.3,7.8,6.5,4.4,2.6,2.5,2.5,2.5,2.5,2.5,3.8,11.1,17.2,23.4,23.2,23.9,22.2,20.0,17.6,,
Viet Nam,25.070315500000003,26.508756916666663,27.178685416666667,30.577242916666663,33.993396,36.93270166666667,41.08506008333333,56.2464355,60.946299833333335,67.50421216666668,85.52037066666666,92.27338441666666,94.75282708333332,98.542951,100.00024691666664,102.36362391666668,101.25854866666668,104.53662833333334,108.79717516666666,119.62833183333332,120.49632775,123.58973283333334,127.83244383333331,132.99064491666667,136.25555999999995,103.0,106.0,108.0,109.0,110.0,111.0,113.0,115.0,117.0,118.0,120.0,121.0,122.0,123.0,123.0,124.0,125.0,126.0,128.0,130.0,131.0,132.0,133.0,77969361.0,78772224.0,79563777.0,80338971.0,81088313.0,82167897.0,83633375.0,85175788.0,86460018.0,87455152.0,88468314.0,89510356.0,90573104.0,91679578.0,92823254.0,94000117.0,95176977.0,96237319.0,97173776.0,98079191.0,98935098.0,99680655.0,100352192.0,100987686.0,,43.3,,30.9,,23.7,,17.6,,5.2,,3.7,,3.4,,2.5,,2.2,,1.3,,1.6,,,19.5,17.7,16.1,15.4,15.3,15.0,13.9,12.7,11.4,10.5,9.3,8.8,8.3,8.2,7.8,7.5,7.0,6.6,6.0,5.5,5.2,5.2,,
Viet Nam,33.15674958333333,34.393126333333335,35.505622833333334,38.259065666666665,41.4286655,44.501851,48.215285083333335,59.3604645,63.34769683333334,69.18041458333333,82.10174733333334,89.56865775,95.47362791666669,99.37330016666664,100.00054558333332,102.66880816666666,106.283014,110.04503725,113.12170258333332,116.76527841666666,118.90758908333332,122.660916,126.65094416666666,131.2370925,134.4051946666667,103.0,106.0,108.0,109.0,110.0,111.0,113.0,115.0,117.0,118.0,120.0,121.0,122.0,123.0,123.0,124.0,125.0,126.0,128.0,130.0,131.0,132.0,133.0,77969361.0,78772224.0,79563777.0,80338971.0,81088313.0,82167897.0,83633375.0,85175788.0,86460018.0,87455152.0,88468314.0,89510356.0,90573104.0,91679578.0,92823254.0,94000117.0,95176977.0,96237319.0,97173776.0,98079191.0,98935098.0,99680655.0,100352192.0,100987686.0,,43.3,,30.9,,23.7,,17.6,,5.2,,3.7,,3.4,,2.5,,2.2,,1.3,,1.6,,,19.5,17.7,16.1,15.4,15.3,15.0,13.9,12.7,11.4,10.5,9.3,8.8,8.3,8.2,7.8,7.5,7.0,6.6,6.0,5.5,5.2,5.2,,
Viet Nam,-0.5707228333333333,5.744411666666667,2.5348580833333334,12.53350725,11.240448666666666,8.663434166666667,11.200887833333333,36.79060925,9.030704083333331,10.73475475,26.6423995,8.389524833333335,2.6918885,4.007883333333333,1.4826798333333333,2.363180333333333,-1.0726094166666666,3.2546765,4.078946833333333,10.02097525,0.7271531666666666,2.57032625,3.4472430000000003,4.035768333333333,3.784436,103.0,106.0,108.0,109.0,110.0,111.0,113.0,115.0,117.0,118.0,120.0,121.0,122.0,123.0,123.0,124.0,125.0,126.0,128.0,130.0,131.0,132.0,133.0,77969361.0,78772224.0,79563777.0,80338971.0,81088313.0,82167897.0,83633375.0,85175788.0,86460018.0,87455152.0,88468314.0,89510356.0,90573104.0,91679578.0,92823254.0,94000117.0,95176977.0,96237319.0,97173776.0,98079191.0,98935098.0,99680655.0,100352192.0,100987686.0,,43.3,,30.9,,23.7,,17.6,,5.2,,3.7,,3.4,,2.5,,2.2,,1.3,,1.6,,,19.5,17.7,16.1,15.4,15.3,15.0,13.9,12.7,11.4,10.5,9.3,8.8,8.3,8.2,7.8,7.5,7.0,6.6,6.0,5.5,5.2,5.2,,
Vietnam,,,,,,,,,,,,,,,,,,,,,,,,,,,,,,,,,,,,,,,,,,,,,,,,,,,,,,,,,,,,,,,,,,,,,,,,,,,,,,,,,,,,,,,,,,,,,,,,,,,,,,,,,,,,,,,,,,,,,,,,
Virgin Islands (U.S.),,,,,,,,,,,,,,,,,,,,,,,,,,,,,,,,,,,,,,,,,,,,,,,,,108549.0,108509.0,108505.0,108466.0,108453.0,108369.0,108337.0,108397.0,108404.0,108357.0,108290.0,108188.0,108041.0,107882.0,107712.0,107516.0,107281.0,107001.0,106669.0,106290.0,105870.0,105413.0,104917.0,104377.0,,,,,,,,,,,,,,,,,,,,,,,,,,,,,,,,,,,,,,,,,,,,,,,,
West Bank and Gaza,,,,,,,,,,,,,,,,,,,,,,,,,,,,,,,,,,,,,,,,,,,,,,,,,2997784.0,3075373.0,3154969.0,3236626.0,3320396.0,3406334.0,3494496.0,3591977.0,3689099.0,3786161.0,3882986.0,3979998.0,4076708.0,4173398.0,4270092.0,4367088.0,4454805.0,4569087.0,4685306.0,4803269.0,4922749.0,5043612.0,5165775.0,5289152.0,,,,1.8,1.3,0.5,2.9,,0.6,0.6,0.4,,,,,1.4,,,,,,,2.1,,,,,,,,,,,,,,,,,,,,,,,,,
Western Africa,61.80750433333333,64.12223491666667,62.17428658333333,60.93775441666667,66.89857583333334,67.84489308333333,68.14383341666667,80.56778675,83.55154441666666,86.51594666666666,91.33906475,95.00770008333336,95.85643608333334,94.92444925,99.923312,104.21804491666668,106.10318383333332,107.98139891666666,107.63422658333332,110.7449195,116.14269675,135.93830458333335,139.95306208333332,145.95415183333333,149.48661533333333,,,,,,,,,,,,,,,,,,,,,,,,,,,,,,,,,,,,,,,,,,,,,,,,,,,,,,,,,,,,,,,,,,,,,,,,,,,,,,,,,,,,,,,,,,,,,,,
Western Africa,29.04192225,31.98945625,33.726837333333336,36.80250783333333,43.23848316666667,45.37840075,46.88958591666667,54.17134041666667,60.430889,67.40628441666667,73.59186025000001,80.02195816666666,86.14172125,92.24953566666666,100.03832191666667,112.18709166666667,129.86816558333334,145.63346975,162.34047875,185.8100239166667,219.62132025,264.92048500000004,336.9912575,455.83030475,520.1918101666666,,,,,,,,,,,,,,,,,,,,,,,,,,,,,,,,,,,,,,,,,,,,,,,,,,,,,,,,,,,,,,,,,,,,,,,,,,,,,,,,,,,,,,,,,,,,,,,
Western Africa,70.20880141666667,72.28791791666667,72.48596941666666,72.26532033333332,76.101443,78.23343766666666,79.402745,86.24706408333333,88.43118175000001,89.81672825,92.90845933333333,95.7044365,97.41234316666667,97.89676866666667,99.95042158333332,102.122742,103.49774508333331,105.57746141666668,104.88646216666666,107.54369683333331,110.85754216666668,121.42122991666668,126.5810615,131.356606,132.59774416666667,,,,,,,,,,,,,,,,,,,,,,,,,,,,,,,,,,,,,,,,,,,,,,,,,,,,,,,,,,,,,,,,,,,,,,,,,,,,,,,,,,,,,,,,,,,,,,,
Western Africa,29.916897833333334,32.511923,35.632644,39.22449316666667,44.575965,47.65649866666666,50.02225941666666,55.436281916666665,60.76209825,67.09751225000001,73.2652815,80.65062933333333,86.52650975,92.5683065,100.03255058333332,113.13297791666666,128.78378558333333,142.18854616666667,156.09602766666666,174.54223100000002,200.68761383333333,237.80950633333336,294.61374075,382.84011733333335,442.9892115,,,,,,,,,,,,,,,,,,,,,,,,,,,,,,,,,,,,,,,,,,,,,,,,,,,,,,,,,,,,,,,,,,,,,,,,,,,,,,,,,,,,,,,,,,,,,,,
Western Africa,7.489903666666667,6.8110151666666665,2.1831911666666666,2.1690935833333334,10.141072083333333,3.2287431666666664,5.14359225,14.163948333333332,4.673097666666667,5.429846416666667,6.401748583333333,4.726256416666667,3.1323314166666667,0.5057325833333334,5.166916583333333,4.08803125,4.043962416666667,3.2570308333333333,2.3506485833333333,5.144773833333334,7.127006916666667,14.161236083333334,8.495711416666667,6.272311333333334,7.120287166666667,,,,,,,,,,,,,,,,,,,,,,,,,,,,,,,,,,,,,,,,,,,,,,,,,,,,,,,,,,,,,,,,,,,,,,,,,,,,,,,,,,,,,,,,,,,,,,,
Western Africa,25.355603416666668,12.341649833333332,6.984841833333333,11.80133275,19.78686783333333,5.998609833333333,3.367801416666667,15.681584083333334,12.711124166666666,12.490305416666668,9.530579833333332,9.243541666666667,7.988630166666667,7.375242,8.525425583333334,12.101225333333334,15.442212083333333,11.695153,10.669995,13.585096583333334,17.150535,19.96372875,25.261082833333333,31.650188,20.697373666666667,,,,,,,,,,,,,,,,,,,,,,,,,,,,,,,,,,,,,,,,,,,,,,,,,,,,,,,,,,,,,,,,,,,,,,,,,,,,,,,,,,,,,,,,,,,,,,,
Western Africa (FAO),,,,,,,,,,,,,,,,,,,,,,,,,,,,,,,,,,,,,,,,,,,,,,,,,,,,,,,,,,,,,,,,,,,,,,,,,,,,,,,,,,,,,,,,,,,,,,,,,,,,,,,,,,,,,,,,,,,,,,,,
Western Asia,50.84126741666666,51.8194755,53.56455683333333,56.54788249999999,59.303141333333336,62.011172,67.31393766666666,78.51447483333334,80.51892933333333,84.92188483333334,90.46115775,94.29594741666666,97.16007,98.243593,99.85080525,99.86730858333334,101.66012033333334,103.51666291666668,104.28784491666666,108.49936716666669,113.39539966666666,124.19543675,127.35412491666666,132.04238941666668,134.56554233333333,,,,,,,,,,,,,,,,,,,,,,,,,,,,,,,,,,,,,,,,,,,,,,,,,,,,,,,,,,,,,,,,,,,,,,,,,,,,,,,,,,,,,,,,,,,,,,,
Western Asia,40.85193425,44.82434633333333,48.23210983333333,50.26321058333334,52.76118841666667,56.80049916666667,61.95577275,69.87996425,72.77032016666666,77.53808341666667,81.83730116666668,86.03082983333333,91.23428275,95.50606316666666,100.02496508333331,102.80424108333334,108.28629683333332,117.608334,128.29580858333333,150.91275058333335,210.7390685,407.6276461666666,951.4072655,1336.4722161666666,1565.5433365,,,,,,,,,,,,,,,,,,,,,,,,,,,,,,,,,,,,,,,,,,,,,,,,,,,,,,,,,,,,,,,,,,,,,,,,,,,,,,,,,,,,,,,,,,,,,,,
Western Asia,57.042182833333335,58.27934625,59.68815216666667,62.02293275,64.93185558333333,68.20748708333333,72.6035805,81.33589433333333,82.18794208333334,86.25702233333334,90.54102466666666,92.87084891666666,95.61215908333332,98.06702166666666,99.96260383333332,101.78083866666668,103.09335566666664,106.03405133333332,106.05256975,105.99914091666666,109.07005116666666,113.71777366666667,117.65185591666666,122.7134365,124.84386366666666,,,,,,,,,,,,,,,,,,,,,,,,,,,,,,,,,,,,,,,,,,,,,,,,,,,,,,,,,,,,,,,,,,,,,,,,,,,,,,,,,,,,,,,,,,,,,,,
Western Asia,45.1764165,49.591434166666666,52.852211583333336,55.13152025,58.02364583333334,62.03668583333334,66.81512875,73.67581750000001,76.65336491666666,80.39541591666666,84.40503541666668,88.45309516666667,92.2995865,96.23295108333332,100.01884716666666,104.41459908333331,109.77564975,117.96327191666668,125.409763,138.47072649999998,167.249186,257.65966783333334,443.6543413333334,649.0539955,760.6302641666666,,,,,,,,,,,,,,,,,,,,,,,,,,,,,,,,,,,,,,,,,,,,,,,,,,,,,,,,,,,,,,,,,,,,,,,,,,,,,,,,,,,,,,,,,,,,,,,
Western Asia,1.99531075,2.8225681666666667,3.953376,4.703770333333334,5.09395575,6.030272,7.191829333333334,13.00607875,3.1189899166666666,5.127849416666667,5.572074583333333,3.736500166666667,3.2320498333333334,1.6894274166666667,2.0392295,0.3277024999999999,1.68866725,2.4444619166666666,2.07665175,3.5883671666666666,4.175871666666667,7.59261775,4.900615416666667,3.61002875,3.0613458333333337,,,,,,,,,,,,,,,,,,,,,,,,,,,,,,,,,,,,,,,,,,,,,,,,,,,,,,,,,,,,,,,,,,,,,,,,,,,,,,,,,,,,,,,,,,,,,,,
Western Asia,18.08517625,20.086461,10.701318583333332,5.11190875,5.498281250000001,8.531962833333333,9.805707916666668,13.049072583333334,4.688791916666667,7.052158250000001,5.743931833333334,5.832186583333333,7.165049333333333,5.39239125,5.052453750000001,2.810893,5.0738615000000005,8.119322333333335,7.973709416666666,16.371796083333333,20.911611,42.1011105,33.858576166666666,24.312420333333336,14.408164833333332,,,,,,,,,,,,,,,,,,,,,,,,,,,,,,,,,,,,,,,,,,,,,,,,,,,,,,,,,,,,,,,,,,,,,,,,,,,,,,,,,,,,,,,,,,,,,,,
Western Asia (FAO),,,,,,,,,,,,,,,,,,,,,,,,,,,,,,,,,,,,,,,,,,,,,,,,,,,,,,,,,,,,,,,,,,,,,,,,,,,,,,,,,,,,,,,,,,,,,,,,,,,,,,,,,,,,,,,,,,,,,,,,
Western Europe,79.09752316666668,79.76614041666666,79.64727574999999,79.37982833333334,79.85974708333333,81.33766883333332,84.184565,89.30513058333332,89.81290583333333,90.71750883333334,93.11114025,95.9093615,99.18141966666668,99.37970541666668,100.00160266666668,100.96352191666666,103.22275116666668,104.78700916666666,106.72898975,109.179933,109.67362575,119.73764316666666,133.69697591666667,136.822067,140.362061,,,,,,,,,,,,,,,,,,,,,,,,,,,,,,,,,,,,,,,,,,,,,,,,,,,,,,,,,,,,,,,,,,,,,,,,,,,,,,,,,,,,,,,,,,,,,,,
Western Europe,81.27431741666666,82.81177000000001,83.6848965,83.6168265,83.67929991666666,85.09752191666666,87.24070491666667,91.98450958333332,91.63421058333334,92.32491875,94.14035258333332,96.69025316666666,99.22263458333332,99.53660025,100.0008655,100.78704083333334,102.74411408333332,104.73628025,106.50539766666668,108.60322158333334,110.10004341666668,120.728281,134.87235966666665,137.08119341666668,139.54904150000002,,,,,,,,,,,,,,,,,,,,,,,,,,,,,,,,,,,,,,,,,,,,,,,,,,,,,,,,,,,,,,,,,,,,,,,,,,,,,,,,,,,,,,,,,,,,,,,
Western Europe,78.17416666666666,80.74416666666667,82.43333333333334,83.47500000000001,84.88416666666667,85.81916666666666,87.23575416666667,90.13274866666666,90.57484991666666,92.11049283333334,95.12296316666668,97.3793645,98.97431683333332,99.63134725,99.97393441666668,100.35575741666666,101.93816608333331,103.63973841666666,105.55232658333334,106.25101033333334,109.04352708333332,116.55719533333333,123.03727958333332,125.8136135,127.85193466666664,,,,,,,,,,,,,,,,,,,,,,,,,,,,,,,,,,,,,,,,,,,,,,,,,,,,,,,,,,,,,,,,,,,,,,,,,,,,,,,,,,,,,,,,,,,,,,,
Western Europe,81.73995266666667,83.10789491666667,84.31361333333334,85.77993500000001,87.22518774999999,88.56068383333333,90.1690155,92.67845933333332,92.88906391666669,94.10130016666666,96.055556,97.83652366666666,99.04677858333334,99.74887366666668,100.00074883333332,100.40532508333332,101.74430791666668,103.50385133333332,104.90569383333332,105.28505941666668,107.75614725,114.80915716666668,120.68936775000002,123.42620241666668,125.15857716666666,,,,,,,,,,,,,,,,,,,,,,,,,,,,,,,,,,,,,,,,,,,,,,,,,,,,,,,,,,,,,,,,,,,,,,,,,,,,,,,,,,,,,,,,,,,,,,,
Western Europe,4.589609416666667,2.4656128333333336,1.549091,0.7106145833333333,0.2957671666666666,1.7904168333333337,3.03438375,5.53587775,0.3685212499999999,0.6429916666666667,2.574769666666666,2.8219526666666668,3.1230065,0.4299557499999999,0.5196643333333334,0.9699503333333334,2.2221275833333336,1.7980073333333333,1.1580724166666667,2.0909935833333333,0.5322296666666667,8.839467333333333,11.936271,1.84407925,2.3743895,,,,,,,,,,,,,,,,,,,,,,,,,,,,,,,,,,,,,,,,,,,,,,,,,,,,,,,,,,,,,,,,,,,,,,,,,,,,,,,,,,,,,,,,,,,,,,,
Western Europe,4.760919,1.8934944166666667,1.04576125,-0.0621328333333333,0.1101273333333333,1.7426564166666667,2.597049166666667,5.506358333333334,-0.3855937499999999,0.79449575,2.036582166666667,2.737498833333333,2.6493175,0.3294855833333334,0.4703129166666666,0.7871599166666666,1.9427075833333332,1.9404905,1.6931506666666667,1.966748,1.3710739166666668,9.538456166666666,11.818234833333332,1.6149379999999998,2.054613,,,,,,,,,,,,,,,,,,,,,,,,,,,,,,,,,,,,,,,,,,,,,,,,,,,,,,,,,,,,,,,,,,,,,,,,,,,,,,,,,,,,,,,,,,,,,,,
Western Europe (FAO),,,,,,,,,,,,,,,,,,,,,,,,,,,,,,,,,,,,,,,,,,,,,,,,,,,,,,,,,,,,,,,,,,,,,,,,,,,,,,,,,,,,,,,,,,,,,,,,,,,,,,,,,,,,,,,,,,,,,,,,
World,53.20833066666666,54.60861358333333,55.81645433333333,58.54776308333334,61.33646808333333,64.17353633333333,68.10066508333334,77.51381083333332,81.28034608333333,83.93918541666666,88.75486358333335,92.58708583333332,95.35877158333334,97.466184,99.95539758333332,101.67785966666668,103.8396785,106.09216616666669,108.99539475,112.35101766666666,116.67433708333334,129.024729,140.11908466666668,144.54742633333333,149.44123216666665,,,,,,,,,,,,,,,,,,,,,,,,6245112906.0,6327557399.0,6409750441.0,6492769815.0,6575841506.0,6659977025.0,6744489399.0,6830513541.0,6916589116.0,7001266876.0,7087120034.0,7176968877.0,7265970522.0,7354183367.0,7441826877.0,7529066617.0,7614748582.0,7697492379.0,7778303912.0,7855075060.0,7920861888.0,7990399768.0,8064976601.0,8142056446.0,35.3,33.8,32.2,30.3,28.4,27.0,25.3,24.1,23.0,21.0,19.2,17.9,15.6,14.6,13.4,12.6,11.9,11.2,,11.4,11.2,10.8,10.5,10.3,13.0,13.0,12.9,12.6,12.0,11.2,10.3,9.6,9.1,8.7,8.3,8.0,7.7,7.6,7.5,7.5,7.3,7.3,7.8,8.3,8.9,9.1,,
World,61.715324,63.11654733333333,64.89941058333334,67.20615883333333,68.65467808333334,70.47707833333332,73.90228058333334,79.88459333333333,81.69486491666667,83.825362,88.36912324999999,91.589394,94.57888483333332,97.40112333333332,100.00830308333332,102.05598308333332,104.13265366666668,106.95512616666667,111.84292708333334,119.18244125,127.88511616666666,152.64581675,200.38586275,279.31050991666666,318.024164,,,,,,,,,,,,,,,,,,,,,,,,6245112906.0,6327557399.0,6409750441.0,6492769815.0,6575841506.0,6659977025.0,6744489399.0,6830513541.0,6916589116.0,7001266876.0,7087120034.0,7176968877.0,7265970522.0,7354183367.0,7441826877.0,7529066617.0,7614748582.0,7697492379.0,7778303912.0,7855075060.0,7920861888.0,7990399768.0,8064976601.0,8142056446.0,35.3,33.8,32.2,30.3,28.4,27.0,25.3,24.1,23.0,21.0,19.2,17.9,15.6,14.6,13.4,12.6,11.9,11.2,,11.4,11.2,10.8,10.5,10.3,13.0,13.0,12.9,12.6,12.0,11.2,10.3,9.6,9.1,8.7,8.3,8.0,7.7,7.6,7.5,7.5,7.3,7.3,7.8,8.3,8.9,9.1,,
World,62.229720500000006,62.46510791666666,63.845784083333335,66.15808383333334,68.61937516666667,71.70619866666667,75.87567125,82.59346216666667,84.91497183333333,86.98146966666667,91.35479616666667,94.03065408333332,96.50823216666667,98.671178,99.962046,101.41065883333331,103.4222175,105.88055341666666,107.94435291666667,109.61472691666668,112.84530191666666,121.95871125,128.50819266666667,132.25522308333333,134.90417183333332,,,,,,,,,,,,,,,,,,,,,,,,6245112906.0,6327557399.0,6409750441.0,6492769815.0,6575841506.0,6659977025.0,6744489399.0,6830513541.0,6916589116.0,7001266876.0,7087120034.0,7176968877.0,7265970522.0,7354183367.0,7441826877.0,7529066617.0,7614748582.0,7697492379.0,7778303912.0,7855075060.0,7920861888.0,7990399768.0,8064976601.0,8142056446.0,35.3,33.8,32.2,30.3,28.4,27.0,25.3,24.1,23.0,21.0,19.2,17.9,15.6,14.6,13.4,12.6,11.9,11.2,,11.4,11.2,10.8,10.5,10.3,13.0,13.0,12.9,12.6,12.0,11.2,10.3,9.6,9.1,8.7,8.3,8.0,7.7,7.6,7.5,7.5,7.3,7.3,7.8,8.3,8.9,9.1,,
World,67.7000845,69.16324008333333,70.97502575,72.99219033333334,75.20154125,77.48869341666666,79.98478325,83.86326383333333,84.89170125,87.14869658333333,90.57700325,93.271528,95.71650225,98.17059808333332,100.00395358333331,102.32505075,105.38768808333332,108.98349575,112.99297516666668,117.03297108333334,124.78124766666669,141.61956025,170.07075925,236.9216143333333,271.48192033333333,,,,,,,,,,,,,,,,,,,,,,,,6245112906.0,6327557399.0,6409750441.0,6492769815.0,6575841506.0,6659977025.0,6744489399.0,6830513541.0,6916589116.0,7001266876.0,7087120034.0,7176968877.0,7265970522.0,7354183367.0,7441826877.0,7529066617.0,7614748582.0,7697492379.0,7778303912.0,7855075060.0,7920861888.0,7990399768.0,8064976601.0,8142056446.0,35.3,33.8,32.2,30.3,28.4,27.0,25.3,24.1,23.0,21.0,19.2,17.9,15.6,14.6,13.4,12.6,11.9,11.2,,11.4,11.2,10.8,10.5,10.3,13.0,13.0,12.9,12.6,12.0,11.2,10.3,9.6,9.1,8.7,8.3,8.0,7.7,7.6,7.5,7.5,7.3,7.3,7.8,8.3,8.9,9.1,,
World,4.258474666666667,3.651881916666667,3.2441093333333337,3.8525520833333338,4.0265965,4.671532083333333,6.020327583333334,11.461196,4.28038625,3.2382788333333337,5.747342,4.317978416666667,3.61648025,2.4115545,2.505142833333333,1.8104240833333332,2.452059166666667,2.2379156666666664,2.3442235,3.35819175,3.2973765,10.508436583333332,9.331074333333332,3.5881600833333334,3.6466545,,,,,,,,,,,,,,,,,,,,,,,,6245112906.0,6327557399.0,6409750441.0,6492769815.0,6575841506.0,6659977025.0,6744489399.0,6830513541.0,6916589116.0,7001266876.0,7087120034.0,7176968877.0,7265970522.0,7354183367.0,7441826877.0,7529066617.0,7614748582.0,7697492379.0,7778303912.0,7855075060.0,7920861888.0,7990399768.0,8064976601.0,8142056446.0,35.3,33.8,32.2,30.3,28.4,27.0,25.3,24.1,23.0,21.0,19.2,17.9,15.6,14.6,13.4,12.6,11.9,11.2,,11.4,11.2,10.8,10.5,10.3,13.0,13.0,12.9,12.6,12.0,11.2,10.3,9.6,9.1,8.7,8.3,8.0,7.7,7.6,7.5,7.5,7.3,7.3,7.8,8.3,8.9,9.1,,
World,5.315878416666666,3.9126429166666665,4.093851666666667,4.479617833333333,2.96007925,3.1990948333333336,5.603061,9.0859275,2.8840280833333334,3.2097366666666667,5.8739316666666666,4.0220045,3.6297413333333335,3.1960836666666665,2.8415613333333334,2.053269,1.923495,2.4417001666666667,3.9021121666666665,5.485101333333333,4.395503916666667,12.00039325,10.335522833333334,6.361000833333333,4.376561,,,,,,,,,,,,,,,,,,,,,,,,6245112906.0,6327557399.0,6409750441.0,6492769815.0,6575841506.0,6659977025.0,6744489399.0,6830513541.0,6916589116.0,7001266876.0,7087120034.0,7176968877.0,7265970522.0,7354183367.0,7441826877.0,7529066617.0,7614748582.0,7697492379.0,7778303912.0,7855075060.0,7920861888.0,7990399768.0,8064976601.0,8142056446.0,35.3,33.8,32.2,30.3,28.4,27.0,25.3,24.1,23.0,21.0,19.2,17.9,15.6,14.6,13.4,12.6,11.9,11.2,,11.4,11.2,10.8,10.5,10.3,13.0,13.0,12.9,12.6,12.0,11.2,10.3,9.6,9.1,8.7,8.3,8.0,7.7,7.6,7.5,7.5,7.3,7.3,7.8,8.3,8.9,9.1,,
Yemen,17.878074416666667,21.90673083333333,25.935387416666668,29.96404383333333,34.04126591666667,38.92314641666667,44.42261333333334,55.03063458333333,56.393380416666666,62.35559,71.77468283333333,79.12580183333334,88.0109915,89.63417158333334,100.12611183333333,117.16726625,124.49283666666668,,,,,,,,,,,,,,,,,,,,,,,,,,,,,,,,,,,,,,,,,,,,,,,,,,,,,,,,,,,,,,,,,,,,,,,,,,,,,,,,,,,,,,,,,,,,,,,,,,,,,,,
Yemen,20.39020825,22.88567083333333,25.36472925,28.539149416666664,31.909983666666665,35.37055708333333,38.166641166666665,45.40924141666667,47.864864583333336,53.21368366666667,63.61353283333333,69.90197683333334,77.56913475,83.85590016666667,100.1861785,115.98579541666668,126.05746283333332,,,,,,,,,,,,,,,,,,,,,,,,,,,,,,,,,,,,,,,,,,,,,,,,,,,,,,,,,,,,,,,,,,,,,,,,,,,,,,,,,,,,,,,,,,,,,,,,,,,,,,,
Yemen,29.29527075,22.62947008333333,18.441766416666667,15.5645625,13.539075833333332,14.3954985,14.074028833333337,24.210781,2.5064496666666667,10.598588166666667,14.9837635,10.461776416666666,11.38856,1.8776966666666668,11.737003666666666,17.092958166666666,9.990280666666669,,,,,,,,,,,,,,,,,,,,,,,,,,,,,,,,,,,,,,,,,,,,,,,,,,,,,,,,,,,,,,,,,,,,,,,,,,,,,,,,,,,,,,,,,,,,,,,,,,,,,,,
"Yemen, Rep.",,,,,,,,,,,,,,,,,,,,,,,,,,,,,,,,,,,,,,,,,,,,,,,,,20226147.0,20835086.0,21456379.0,22095167.0,22790085.0,23543083.0,24318082.0,25111941.0,25927724.0,26754387.0,27582897.0,28433647.0,29312952.0,30226309.0,31159379.0,32109010.0,33090921.0,34085182.0,35111408.0,36134863.0,37140230.0,38222876.0,39390799.0,40583164.0,,,,,21.4,,,,,,,,,33.3,,,,,,,,,,,24.4,25.3,25.7,26.0,25.5,24.4,23.8,23.7,22.2,24.2,25.2,28.1,28.5,32.4,38.1,41.3,42.0,40.2,38.4,36.7,36.9,39.5,,
Yugoslavia,,,,,,,,,,,,,,,,,,,,,,,,,,,,,,,,,,,,,,,,,,,,,,,,,,,,,,,,,,,,,,,,,,,,,,,,,,,,,,,,,,,,,,,,,,,,,,,,,,,,,,,,,,,,,,,,,,,,,,,,
Zambia,23.87433533333333,28.41903758333333,33.471310083333336,38.94739183333333,46.1795615,48.45381125,51.00837241666667,58.04273658333333,66.31364591666666,70.41569783333334,73.82477166666666,79.00607775,84.15975350000001,90.25397733333334,100.24136533333332,121.58164908333332,128.586028,137.76991525,152.15389783333333,176.85794141666668,225.86704141666667,255.49763633333336,287.26187266666665,335.28533108333335,382.37523733333336,84.0,85.0,85.0,86.0,86.0,87.0,88.0,89.0,89.0,90.0,91.0,92.0,94.0,96.0,97.0,99.0,101.0,101.0,101.0,100.0,98.0,98.0,96.0,10325185.0,10647949.0,10983595.0,11338198.0,11718819.0,12129553.0,12565085.0,13021324.0,13490389.0,13965594.0,14437796.0,14913629.0,15398997.0,15895315.0,16399089.0,16914423.0,17441320.0,17973569.0,18513839.0,19059395.0,19603607.0,20152938.0,20723965.0,21314956.0,,68.0,,68.9,,72.0,,,,71.4,,,,,67.9,,,,,,,71.7,,,50.1,50.3,50.2,49.6,49.1,47.9,46.6,45.4,44.1,42.7,41.2,39.6,37.7,36.0,34.0,32.3,30.8,30.5,31.2,32.9,34.4,35.4,,
Zambia,20.11808008333333,24.591002166666662,29.853864833333333,35.21794441666666,41.671435333333335,45.43002066666667,50.27165666666667,56.52825566666667,64.10035933333333,69.550019,74.02166558333333,78.88925633333334,84.393893,90.98241908333334,100.18128116666666,118.08340558333332,125.85011908333333,135.28204691666667,147.66078224999998,170.89234241666668,208.5241479166667,231.44763291666663,256.63962383333336,295.0986786666667,330.8986385,84.0,85.0,85.0,86.0,86.0,87.0,88.0,89.0,89.0,90.0,91.0,92.0,94.0,96.0,97.0,99.0,101.0,101.0,101.0,100.0,98.0,98.0,96.0,10325185.0,10647949.0,10983595.0,11338198.0,11718819.0,12129553.0,12565085.0,13021324.0,13490389.0,13965594.0,14437796.0,14913629.0,15398997.0,15895315.0,16399089.0,16914423.0,17441320.0,17973569.0,18513839.0,19059395.0,19603607.0,20152938.0,20723965.0,21314956.0,,68.0,,68.9,,72.0,,,,71.4,,,,,67.9,,,,,,,71.7,,,50.1,50.3,50.2,49.6,49.1,47.9,46.6,45.4,44.1,42.7,41.2,39.6,37.7,36.0,34.0,32.3,30.8,30.5,31.2,32.9,34.4,35.4,,
Zambia,18.566131833333333,18.9877105,17.868944083333332,16.379155333333333,18.57186833333333,5.071146,5.2906555,13.771580666666663,14.3758145,6.217112,4.842053666666667,7.009731583333334,6.528486583333333,7.241381333333333,10.988264916666663,21.755113,5.773023833333333,7.136825999999999,10.403339083333334,16.21483458333333,27.7818075,13.18690775,12.415217833333337,16.671438583333334,18.4989085,84.0,85.0,85.0,86.0,86.0,87.0,88.0,89.0,89.0,90.0,91.0,92.0,94.0,96.0,97.0,99.0,101.0,101.0,101.0,100.0,98.0,98.0,96.0,10325185.0,10647949.0,10983595.0,11338198.0,11718819.0,12129553.0,12565085.0,13021324.0,13490389.0,13965594.0,14437796.0,14913629.0,15398997.0,15895315.0,16399089.0,16914423.0,17441320.0,17973569.0,18513839.0,19059395.0,19603607.0,20152938.0,20723965.0,21314956.0,,68.0,,68.9,,72.0,,,,71.4,,,,,67.9,,,,,,,71.7,,,50.1,50.3,50.2,49.6,49.1,47.9,46.6,45.4,44.1,42.7,41.2,39.6,37.7,36.0,34.0,32.3,30.8,30.5,31.2,32.9,34.4,35.4,,
Zimbabwe,92.06958991666666,93.75627833333331,95.44296666666666,97.12965508333332,98.81634341666668,100.50303175,102.18972016666667,103.87640849999998,92.995292,96.54104008333331,100.40912816666666,105.02446091666668,106.79733475,103.50066875,100.01352833333334,96.7608175,99.2076765,113.94743775,519.8769425,3644.4425676666665,7500.208767666667,18748.049437583333,38837.42558091666,72076.19951233333,102607.34524383332,95.0,96.0,96.0,97.0,98.0,98.0,99.0,100.0,100.0,99.0,98.0,99.0,97.0,96.0,95.0,96.0,98.0,98.0,98.0,100.0,102.0,104.0,105.0,11971901.0,12087653.0,12232323.0,12365896.0,12483432.0,12636445.0,12804058.0,12959149.0,13142790.0,13356548.0,13595424.0,13817887.0,14013808.0,14207359.0,14399013.0,14600294.0,14812482.0,15034452.0,15271368.0,15526888.0,15797210.0,16069056.0,16340822.0,16634373.0,,,,,,,,,,,35.7,,,,,,44.7,,49.2,,,,,,32.8,31.9,31.5,30.7,29.6,28.8,28.0,27.2,26.6,26.2,25.6,25.5,27.4,30.4,33.0,35.5,36.7,38.7,39.4,39.5,38.9,38.1,,
Zimbabwe,90.41964175,91.27204116666668,92.12444083333334,92.97684033333331,93.82923991666668,94.6816395,95.53403908333333,96.38643858333334,91.39096725,94.15341466666666,97.41689433333332,101.04599175,102.69804366666666,102.49492266666664,100.00330316666668,98.45958258333332,99.33977433333332,109.88853158333332,390.439437,2565.9750763333336,5094.643572083333,10428.998816833331,19918.589874583333,30721.9181205,38416.760493166665,95.0,96.0,96.0,97.0,98.0,98.0,99.0,100.0,100.0,99.0,98.0,99.0,97.0,96.0,95.0,96.0,98.0,98.0,98.0,100.0,102.0,104.0,105.0,11971901.0,12087653.0,12232323.0,12365896.0,12483432.0,12636445.0,12804058.0,12959149.0,13142790.0,13356548.0,13595424.0,13817887.0,14013808.0,14207359.0,14399013.0,14600294.0,14812482.0,15034452.0,15271368.0,15526888.0,15797210.0,16069056.0,16340822.0,16634373.0,,,,,,,,,,,35.7,,,,,,44.7,,49.2,,,,,,32.8,31.9,31.5,30.7,29.6,28.8,28.0,27.2,26.6,26.2,25.6,25.5,27.4,30.4,33.0,35.5,36.7,38.7,39.4,39.5,38.9,38.1,,
Zimbabwe,1.8662124166666665,1.83202225,1.79906175,1.7672669166666666,1.7365761666666666,1.7069333333333334,1.6782853333333332,1.6505832500000002,-10.456386,4.138334166666667,4.022698416666667,4.6003222500000005,1.70887,-3.082368916666667,-3.37426225,-3.2364965,2.5349850000000003,14.589943083333331,324.18259616666666,728.5895881666667,156.98910116666667,144.82083483333335,115.15471425,98.607873,57.19015666666667,95.0,96.0,96.0,97.0,98.0,98.0,99.0,100.0,100.0,99.0,98.0,99.0,97.0,96.0,95.0,96.0,98.0,98.0,98.0,100.0,102.0,104.0,105.0,11971901.0,12087653.0,12232323.0,12365896.0,12483432.0,12636445.0,12804058.0,12959149.0,13142790.0,13356548.0,13595424.0,13817887.0,14013808.0,14207359.0,14399013.0,14600294.0,14812482.0,15034452.0,15271368.0,15526888.0,15797210.0,16069056.0,16340822.0,16634373.0,,,,,,,,,,,35.7,,,,,,44.7,,49.2,,,,,,32.8,31.9,31.5,30.7,29.6,28.8,28.0,27.2,26.6,26.2,25.6,25.5,27.4,30.4,33.0,35.5,36.7,38.7,39.4,39.5,38.9,38.1,,
Åland Islands,76.541766,80.2736065,80.09595850000001,80.20783366666667,80.04370899999999,81.46612358333333,83.19957624999999,88.50443283333334,90.82799683333332,88.46755083333333,91.10461158333334,95.05712941666668,99.08341091666668,99.82200233333332,100.00202358333333,98.93731916666668,99.49884125,101.1250685,102.92631533333332,103.59722508333331,104.793195,114.94435191666666,127.34889058333331,128.4281805,130.44820233333334,,,,,,,,,,,,,,,,,,,,,,,,,,,,,,,,,,,,,,,,,,,,,,,,,,,,,,,,,,,,,,,,,,,,,,,,,,,,,,,,,,,,,,,,,,,,,,,
Åland Islands,80.433886,82.16159791666666,82.6805685,82.81852275,83.55427875,85.0717755,86.5432875,90.18265108333333,90.392867,92.1140105,95.45775858333332,97.63874875,98.7883675,99.91446183333332,100.00247266666668,100.55514191666668,102.312938,103.61785208333332,104.36242066666668,103.90186275,105.65965866666666,112.68316683333336,121.5105265,124.8188675,124.94935883333332,,,,,,,,,,,,,,,,,,,,,,,,,,,,,,,,,,,,,,,,,,,,,,,,,,,,,,,,,,,,,,,,,,,,,,,,,,,,,,,,,,,,,,,,,,,,,,,
Åland Islands,3.7743154166666666,4.906092416666667,-0.2134766666666666,0.14532325,-0.1995828333333333,1.7805415833333331,2.1316925,6.3769099166666665,2.703705583333333,-2.524949666666666,2.983719916666667,4.345456,4.245504749999999,0.7502310833333333,0.1833798333333333,-1.0608879166666667,0.5693381666666667,1.6374324166666667,1.7856515833333333,0.6569176666666666,1.1611513333333334,9.669631416666666,11.035059166666668,0.8525433333333333,1.6019516666666669,,,,,,,,,,,,,,,,,,,,,,,,,,,,,,,,,,,,,,,,,,,,,,,,,,,,,,,,,,,,,,,,,,,,,,,,,,,,,,,,,,,,,,,,,,,,,,,
