country_name,year,energy_supply_adeq,food_calories,gdp_percapita,max_inflation_shock,mean_inflation_rate,population,poverty,undernourishment
Afghanistan,2001,87.0,1828.0873,747.688045492413,24.357903426441485,12.78069210883742,20284307.0,,46.0
Afghanistan,2002,88.0,1896.4564,926.507941011646,22.025232221579017,18.254516540631823,21378117.0,,43.7
Afghanistan,2003,91.0,1923.8715,966.962032055781,20.87208200566142,14.102243424478893,22733049.0,,38.6
Afghanistan,2004,93.0,2005.2656,971.633503046666,21.4394906523502,14.072172245760497,23560654.0,,35.9
Afghanistan,2005,95.0,1984.4324,1076.08735260871,15.8219976286186,12.606239508286867,24404567.0,,34.2
Afghanistan,2006,97.0,1981.9991,1121.83447077749,10.635894714509742,6.305341041868214,25424094.0,,31.6
Afghanistan,2007,99.0,2080.6777,1286.94984312675,24.421353688528825,12.265916116507158,25909852.0,,28.3
Afghanistan,2008,102.0,2083.3396,1333.74726661897,61.05695103805597,41.136455688635984,26482622.0,,25.1
Afghanistan,2009,104.0,2099.3276,1570.69814517949,16.731185704517348,-12.142569401033938,27466101.0,,21.6
Afghanistan,2010,105.0,2200.2107,1765.53802830615,12.8439920938626,0.0946165994431099,28284089.0,,19.4
Afghanistan,2011,105.0,2171.8523,1744.06062321558,15.442461205185886,10.842787095435831,29347708.0,,18.3
Afghanistan,2012,104.0,2165.8892,1988.42930381554,7.420966220296554,4.756431552698307,30560034.0,,19.5
Afghanistan,2013,106.0,2205.3318,2133.24127098647,9.98897040568103,7.569623273962654,31622704.0,,19.4
Afghanistan,2014,107.0,2270.4536,2224.49074815215,10.65833745599638,7.795959934411898,32792523.0,,19.3
Afghanistan,2015,107.0,2251.3596,2284.07584789349,2.957042024791812,-0.8268117455809122,33831764.0,,20.0
Afghanistan,2016,107.0,2241.3125,2213.1814410479,7.975063576601227,5.684993993721531,34700612.0,,20.5
Afghanistan,2017,107.0,2308.0024,2335.79586234454,10.879359627072096,6.957528739228014,35688935.0,,21.4
Afghanistan,2018,107.0,2261.7915,2432.27670083336,5.536004636931158,-1.0459523900781087,36743039.0,,22.6
Afghanistan,2019,106.0,2223.3108,2583.48533239877,7.0405656999043,3.794770210297989,37856121.0,,25.1
Afghanistan,2020,105.0,2260.6082,2561.98176058622,16.562751780932473,9.999103003377618,39068979.0,,27.7
Afghanistan,2021,106.0,2245.2058,2144.16657002819,17.739358144381523,5.650537905652623,40000412.0,,29.4
Afghanistan,2022,106.0,2273.8936,2122.99581512663,25.966047845502583,19.18386292323023,40578842.0,,30.4
Afghanistan,2023,107.0,,2201.72290691677,3.1749804917359903,-7.448816192985596,41454761.0,,
Afghanistan,2024,,,,-4.509165418061323,-10.612025120623302,42647492.0,,
Albania,2001,122.0,2925.9292,4451.00052366074,7.60191991918151,4.061812536861359,3060173.0,,4.9
Albania,2002,122.0,2982.71,4840.34788189155,10.410651756019472,7.4140260371228175,3051010.0,4.2,6.0
Albania,2003,121.0,2879.4868,5169.84251077847,4.617362910100642,3.161571903328067,3039616.0,,7.4
Albania,2004,120.0,2897.7256,5595.55058025693,5.895945176397155,3.62236349369557,3026939.0,,8.6
Albania,2005,121.0,2985.9683,6014.3268228394,-0.4975133312894231,-1.9077132597397677,3011487.0,2.7,8.9
Albania,2006,121.0,2975.903,6754.35679524853,4.982372692577575,3.409966526546904,2992547.0,,8.9
Albania,2007,122.0,2995.4014,7584.97068697555,7.2607263862147775,3.77882004360278,2970017.0,,8.4
Albania,2008,125.0,3108.549,8469.2601248565,7.680000083608518,5.235525116588565,2947314.0,0.8,7.4
Albania,2009,128.0,3184.5295,9025.92610692288,6.835066401778533,4.898903410022909,2927519.0,,6.2
Albania,2010,130.0,3239.1545,9755.92875964596,8.403154667071199,5.188420746084598,2913021.0,,5.4
Albania,2011,132.0,3284.2263,10273.466834566,6.92065663476269,4.388839236086106,2905195.0,,4.8
Albania,2012,133.0,3325.8162,10463.6062414773,4.184816371008182,2.399738200016301,2900401.0,1.8,4.5
Albania,2013,133.0,3318.8633,10588.157876701,5.705019779724041,4.234801536538765,2895092.0,,4.4
Albania,2014,133.0,3295.1814,11317.2837770993,3.184344036623199,2.197046149370724,2889104.0,3.7,4.5
Albania,2015,134.0,3311.6807,11747.318031542,5.8552680691442704,4.283320157091841,2880703.0,1.1,4.4
Albania,2016,134.0,3345.6516,12208.3753473372,4.710936773628704,3.274392808694417,2876101.0,1.1,4.3
Albania,2017,135.0,3355.6711,13004.7776256846,5.815495618538691,3.9138648405316903,2873457.0,1.4,4.3
Albania,2018,135.0,3332.4949,13696.5339985413,3.159612562611902,2.6782876233775528,2866376.0,1.0,4.2
Albania,2019,135.0,3361.9385,14792.0308217221,4.346390427265767,2.9203397228108106,2854191.0,0.3,4.3
Albania,2020,132.0,3343.6917,14512.0376833706,4.875621217816395,3.610545187973949,2837849.0,0.3,4.4
Albania,2021,130.0,3336.1538,16127.7048522441,6.357925336963666,3.9091354457348895,2811666.0,,4.3
Albania,2022,129.0,3408.1135,19446.2252459573,14.692588081495138,11.782812305431326,2777689.0,,4.5
Albania,2023,131.0,,21263.1545689521,13.45738264055283,9.464239851066,2745972.0,,
Albania,2024,,,23488.0989465081,5.34884257614805,2.6426485301446663,2714617.0,,
Algeria,2001,127.0,2961.4194,9543.52035384959,8.097850151009233,4.5738010092374335,31331221.0,,7.5
Algeria,2002,129.0,3000.741,10080.182500398,5.261940554730016,-0.2253323514690273,31750835.0,,6.8
Algeria,2003,130.0,3046.3538,10802.7506703127,7.692306792258696,3.64872120145772,32175818.0,,6.5
Algeria,2004,130.0,3063.232,11431.6856715426,9.01882999487822,4.527924632818675,32628286.0,,6.5
Algeria,2005,131.0,3034.0952,12246.2692243613,3.1505586595387047,-1.06187593481911,33109249.0,,6.2
Algeria,2006,132.0,3127.0632,12791.3412605973,9.907769259100174,4.305825151304871,33623506.0,,6.0
Algeria,2007,133.0,3121.7253,13320.964120903,10.552809128068397,6.34936672207121,34189416.0,,5.5
Algeria,2008,135.0,3127.4927,13666.2181960534,12.608581265303464,7.588900604129322,34816961.0,,5.2
Algeria,2009,136.0,3188.214,13651.4472995041,10.342127521232246,8.216477061390814,35490445.0,,4.8
Algeria,2010,139.0,3213.1382,14201.3659906969,9.68693159519949,4.337529950947576,36188236.0,,4.1
Algeria,2011,142.0,3316.9983,14639.8779436268,7.128685026818582,4.222616812391808,36903376.0,0.0,3.6
Algeria,2012,145.0,3329.8298,14441.3293398806,15.870549235395393,12.220070445250856,37646166.0,,3.1
Algeria,2013,147.0,3405.3408,14370.820661674,10.470809861176011,3.272627502132447,38414171.0,,2.9
Algeria,2014,148.0,3398.1978,14694.143827383,9.991955627277637,3.9071358532418894,39205031.0,,2.7
Algeria,2015,149.0,3384.2002,13807.3515841478,7.498435388466729,4.765019706799159,40019529.0,,2.6
Algeria,2016,148.0,3413.2693,13437.8460232169,7.130528891625265,3.4086175805756938,40850721.0,,2.6
Algeria,2017,148.0,3349.8677,13493.560749484,8.300536807536218,5.040495808373073,41689299.0,,2.5
Algeria,2018,148.0,3346.05,13727.1266357859,8.532006511007072,3.399442220118987,42505035.0,,2.5
Algeria,2019,150.0,3431.103,13892.5333446205,2.364929507346547,-0.5175882855359462,43294546.0,,2.5
Algeria,2020,152.0,3457.4797,12676.5130564294,2.462913617384866,0.2071567817053014,44042091.0,,2.5
Algeria,2021,152.0,3453.5544,14496.8654697299,15.67537011873772,10.11079045121569,44761099.0,,2.5
Algeria,2022,151.0,3424.5012,15836.0944370321,16.891359444444575,13.429585760421602,45477389.0,,2.5
Algeria,2023,150.0,,16824.4879034626,15.043642490662478,13.290832649878253,46164219.0,,
Algeria,2024,,,17552.7742475631,7.222816247382169,3.2995539925512376,46814308.0,,
American Samoa,2001,,,,,,57053.0,,
American Samoa,2002,,,,,,57062.0,,
American Samoa,2003,,,,,,56971.0,,
American Samoa,2004,,,,,,56818.0,,
American Samoa,2005,,,,,,56617.0,,
American Samoa,2006,,,,,,56374.0,,
American Samoa,2007,,,,,,56113.0,,
American Samoa,2008,,,,,,55828.0,,
American Samoa,2009,,,,,,55528.0,,
American Samoa,2010,,,,,,55228.0,,
American Samoa,2011,,,,,,54895.0,,
American Samoa,2012,,,,,,54489.0,,
American Samoa,2013,,,,,,54006.0,,
American Samoa,2014,,,,,,53466.0,,
American Samoa,2015,,,,,,52878.0,,
American Samoa,2016,,,,,,52245.0,,
American Samoa,2017,,,,,,51586.0,,
American Samoa,2018,,,,,,50908.0,,
American Samoa,2019,,,,,,50209.0,,
American Samoa,2020,,,,,,49761.0,,
American Samoa,2021,,,,,,49225.0,,
American Samoa,2022,,,,,,48342.0,,
American Samoa,2023,,,,,,47521.0,,
American Samoa,2024,,,,,,46765.0,,
Andorra,2001,,,36895.4402454079,4.594660916027538,4.500642719490432,65852.0,,
Andorra,2002,,,38787.0522534918,4.838710251233636,4.644702814553946,66506.0,,
Andorra,2003,,,41147.8806955474,4.661067903035332,3.7169284449926896,69486.0,,
Andorra,2004,,,42717.2377735456,2.70930247269714,2.235405101071441,74325.0,,
Andorra,2005,,,44577.8193343081,2.1390363538363437,1.970377495524574,77421.0,,
Andorra,2006,,,46852.6583902384,2.3560215428372056,2.2573302288384074,79585.0,,
Andorra,2007,,,47501.4309292019,2.2860880014226925,1.9078789673808216,81877.0,,
Andorra,2008,,,44838.9949992176,5.16372790553179,3.5094917708125224,83495.0,,
Andorra,2009,,,42522.9945639501,4.650433533613474,1.9284732225130892,83888.0,,
Andorra,2010,,,43853.1712385354,0.1206274722846068,-0.2650032042154147,80706.0,,
Andorra,2011,,,46436.1158596161,0.7228906609767272,0.4469738075788321,77783.0,,
Andorra,2012,,,45503.0444832658,2.8708141274596644,1.888910021924337,76834.0,,
Andorra,2013,,,45609.2307224247,2.7744624949747942,2.2552793015539807,75194.0,,
Andorra,2014,,,48505.6017361608,2.660944744526761,1.819147883470601,73737.0,,
Andorra,2015,,,50733.2390011704,2.48587598616885,1.668382394049304,72174.0,,
Andorra,2016,,,53110.1426263211,1.689189110555822,0.8291579304789484,72181.0,,
Andorra,2017,,,53084.8639640903,4.281009462376884,2.8867258713550634,73763.0,,
Andorra,2018,,,55244.6554088177,3.1590420352096693,2.063797558040165,75162.0,,
Andorra,2019,,,57475.0692842215,1.5739768318906888,1.120534056293785,76474.0,,
Andorra,2020,,,52095.8414004627,3.4554977842091272,2.3670395351932623,77380.0,,
Andorra,2021,,,59332.2029100127,3.045686052576224,1.549330095359693,78364.0,,
Andorra,2022,,,68470.0759483848,13.497536582947966,8.980759286168839,79705.0,,
Andorra,2023,,,71730.668682165,16.346153862770628,12.273968250174432,80856.0,,
Andorra,2024,,,74939.4746038578,7.296137772739497,2.778108015383788,81938.0,,
Angola,2001,73.0,1574.4541,3427.85394963395,166.1155371202457,119.8111270515038,16747208.0,,67.4
Angola,2002,76.0,1645.2618,3824.28480437228,122.59524662318904,97.338845951925,17327699.0,,63.1
Angola,2003,80.0,1704.2089,3878.50795458421,133.26974573248657,112.43668752415824,17943712.0,,58.7
Angola,2004,84.0,1743.6864,4262.90601258776,78.17636045038512,51.5336394045246,18600423.0,,55.1
Angola,2005,89.0,1781.2246,4876.28768394823,28.816386738031262,23.3996714857134,19291161.0,,52.2
Angola,2006,94.0,1812.6909,5404.38383016978,22.166946915552323,17.286256706404654,20015279.0,,49.4
Angola,2007,99.0,1852.406,6095.9992668935,14.96563255458594,14.186883847365236,20778561.0,,46.4
Angola,2008,104.0,1905.3518,6651.37774116168,20.245351199574426,18.515093821365145,21578655.0,22.1,43.3
Angola,2009,109.0,1944.6495,6498.1692820981,19.83187268648563,18.159508057532957,22414773.0,,32.6
Angola,2010,113.0,2430.496,6607.0221970301,18.330106329245744,17.4266690552129,23294825.0,,22.8
Angola,2011,115.0,2494.6606,6711.39025723883,16.17688411582996,14.947694227553916,24218352.0,,14.7
Angola,2012,116.0,2440.3452,7354.94296631261,14.183916917664806,12.7709065122493,25177394.0,,13.8
Angola,2013,117.0,2517.098,7561.03920495179,11.114672194229636,10.350244379168975,26165620.0,,13.2
Angola,2014,118.0,2549.5027,7990.27445672775,8.778658159217656,7.034177978775887,27160769.0,,13.0
Angola,2015,116.0,2469.279,7119.72644274401,12.974999320801262,8.692675185462909,28157798.0,,14.0
Angola,2016,115.0,2428.0015,6843.73589660504,44.29751560354782,33.10294618715408,29183070.0,,14.9
Angola,2017,114.0,2448.9856,6992.7288342812,44.961982226196696,28.91196206444934,30234839.0,,15.2
Angola,2018,114.0,2450.5085,7347.79993635052,18.103539319343675,15.918599926699406,31297155.0,39.3,15.7
Angola,2019,113.0,2424.9878,7528.38241791217,18.996027444687403,16.513903495814873,32375632.0,,18.0
Angola,2020,112.0,2395.1272,6450.74994625154,31.40349482941418,27.150493532595004,33451132.0,,20.5
Angola,2021,112.0,2400.7861,7408.12659121059,33.73710551375064,32.097827079418515,34532429.0,,22.1
Angola,2022,112.0,2431.6443,7924.88880583901,34.279834954568386,24.74017150868586,35635029.0,,23.2
Angola,2023,113.0,,8046.81729875579,21.882105279607966,13.22476151918709,36749906.0,,
Angola,2024,,,8347.95279117055,35.442629103782,31.975465238310147,37885849.0,,
Anguilla,2001,,,,4.893516509844975,4.023405681980438,,,
Anguilla,2002,,,,1.894317108295418,0.77499864908414,,,
Anguilla,2003,,,,0.0,-2.539359338391105,,,
Anguilla,2004,,,,5.369807898173296,3.894805979557925,,,
Anguilla,2005,,,,4.238603960822118,3.220490397755127,,,
Anguilla,2006,,,,8.728017175277024,6.107836393337472,,,
Anguilla,2007,,,,8.152173610486368,7.129097334102792,,,
Anguilla,2008,,,,17.534469485761672,13.684863326756808,,,
Anguilla,2009,,,,13.818047662418476,5.807683098503989,,,
Anguilla,2010,,,,2.6872254684709773,1.6880065975299674,,,
Anguilla,2011,,,,8.794269512601694,5.207385740916863,,,
Anguilla,2012,,,,5.41597718694129,3.118038027742136,,,
Anguilla,2013,,,,3.599148939971597,1.5157194109498249,,,
Anguilla,2014,,,,3.205229499000084,1.943038826434749,,,
Anguilla,2015,,,,0.8166599503769634,-0.3993667551304694,,,
Anguilla,2016,,,,0.6559541540892333,-0.485469600634673,,,
Anguilla,2017,,,,1.4406603921881531,1.2032779261454352,,,
Anguilla,2018,,,,2.6068636608718165,0.7608627506849217,,,
Anguilla,2019,,,,4.309806367888336,2.597889042290799,,,
Anguilla,2020,,,,1.9674933541405704,0.451908320265836,,,
Anguilla,2021,,,,7.218353412918477,2.637159686975622,,,
Anguilla,2022,,,,15.290628554954267,10.201670860124445,,,
Anguilla,2023,,,,15.024783098662908,9.748059040361095,,,
Anguilla,2024,,,,4.427530109682665,2.6900335771919264,,,
Antigua and Barbuda,2001,,2164.9668,18568.679914651,1.9473873673724773,1.7419739778645489,76069.0,,
Antigua and Barbuda,2002,,2148.2434,18812.7827770729,2.97078974680669,1.4392376156238396,77032.0,,
Antigua and Barbuda,2003,,2153.5251,20127.345572169,-1.7032102317015465,-2.584405694243186,77884.0,,
Antigua and Barbuda,2004,,2194.4014,21628.6836541675,6.744869359530625,4.165822307883219,78719.0,,
Antigua and Barbuda,2005,,2429.7107,23484.8001051691,3.331374012128485,2.2180871980850743,79611.0,,
Antigua and Barbuda,2006,,2396.7551,26949.4085821346,3.528629452254628,1.659899590175127,80604.0,,
Antigua and Barbuda,2007,,2478.3887,29850.5675734636,6.973102626907224,3.977006540278344,81704.0,,
Antigua and Barbuda,2008,,2439.5244,29978.2095861092,8.161966135145459,5.82114695561021,82912.0,,
Antigua and Barbuda,2009,,2371.8362,26156.9151715965,8.831577029669146,7.133500439641234,84173.0,,
Antigua and Barbuda,2010,,2337.4392,24071.0297956482,10.936146639125898,6.925747308075238,85320.0,,
Antigua and Barbuda,2011,,2378.18,23804.0790107696,6.241852301425022,4.657432044234081,86332.0,,
Antigua and Barbuda,2012,,2421.7715,23011.7386611366,5.134924638198646,4.166857695751005,87260.0,,
Antigua and Barbuda,2013,,2454.9973,21760.5232864254,4.510813830173843,2.548471447628555,88064.0,,
Antigua and Barbuda,2014,,2415.4526,21671.4737856616,1.7639984713454735,0.9866251726172708,88765.0,,
Antigua and Barbuda,2015,,2424.0984,20985.4388292177,3.19190646336327,2.474307092721706,89409.0,,
Antigua and Barbuda,2016,,2411.0217,21320.4375067809,1.8385652677116004,-0.1440544762437194,89969.0,,
Antigua and Barbuda,2017,,2452.364,21422.0021576627,3.0503723756224232,1.8745538277407807,90468.0,,
Antigua and Barbuda,2018,,2493.8047,24524.2137953887,6.113428644876717,3.283151104694624,90926.0,,
Antigua and Barbuda,2019,,2474.468,26550.589844733,2.2734133176800064,1.562327287784358,91364.0,,
Antigua and Barbuda,2020,,2449.1497,22370.0918693813,3.8602191215921566,2.1474624087183147,91846.0,,
Antigua and Barbuda,2021,,2465.2964,25745.4958067746,5.314196747740141,1.1904600048478893,92349.0,,
Antigua and Barbuda,2022,,2482.4941,29933.8893698902,14.367432861034636,10.550392794308603,92840.0,,
Antigua and Barbuda,2023,,,31601.7527146877,11.236470485001735,7.112266460373053,93316.0,,
Antigua and Barbuda,2024,,,33602.3539957929,6.333973743542454,5.337738042071571,93772.0,,
Argentina,2001,132.0,3181.9656,11117.754923787,-0.5699946708251802,-1.9063107995637465,37624825.0,10.7,2.9
Argentina,2002,128.0,2945.582,9953.46492880857,57.944710826311365,34.75014223406191,38029349.0,17.1,3.7
Argentina,2003,125.0,2973.425,10933.3925491594,57.08639446347868,21.910500769215247,38424282.0,8.2,4.3
Argentina,2004,126.0,2988.456,12117.6797423098,7.278593270791078,4.983546424493908,38815916.0,6.0,3.9
Argentina,2005,127.0,3061.9373,13464.8128470561,15.696732355403675,10.922421641445796,39216789.0,4.4,3.6
Argentina,2006,128.0,3064.2422,14843.5778659642,15.89303390386323,12.20777738173412,39622115.0,3.5,3.3
Argentina,2007,129.0,3091.1042,16455.1129801674,12.33972059493018,11.227295204855546,40016763.0,2.8,3.2
Argentina,2008,129.0,3099.5532,17276.7570886806,8.20972468004948,6.768489757392846,40424148.0,2.6,3.2
Argentina,2009,128.0,3068.3071,16182.0753477677,5.94360948482382,2.841298778046321,40854831.0,2.4,3.4
Argentina,2010,127.0,3064.1113,17847.6110373178,16.074659802961165,14.379745432000009,41288694.0,1.5,3.6
Argentina,2011,127.0,3055.0745,19104.9909405228,13.110563499049888,8.730299140688109,41730660.0,1.2,3.6
Argentina,2012,128.0,3085.97,19430.4178068112,11.059509400249931,10.211440483618489,42161721.0,1.3,3.4
Argentina,2013,129.0,3117.2996,19928.989490167,9.922003316985029,7.596193677054551,42582455.0,1.1,3.1
Argentina,2014,131.0,3156.417,19487.4181748868,19.2979381185147,17.616885041338524,43024071.0,1.1,2.8
Argentina,2015,131.0,3210.0088,19899.1499275245,16.821455147708853,12.260237323968804,43477012.0,,2.8
Argentina,2016,131.0,3150.7654,20105.761359796,13.762339262149226,12.99780287273962,43900313.0,1.3,3.0
Argentina,2017,131.0,3178.4475,23385.0740904917,20.699694989661708,17.671433048530364,44288894.0,1.1,3.4
Argentina,2018,133.0,3220.0972,24410.3919063335,51.15977088238846,32.16295398641873,44654882.0,1.6,3.5
Argentina,2019,134.0,3253.187,23516.8261980886,66.20907538048257,58.68555387331535,44973465.0,1.7,3.5
Argentina,2020,135.0,3297.1443,22393.3479575353,58.826276575975896,47.60767838868423,45191965.0,2.2,3.4
Argentina,2021,136.0,3342.4292,26300.274261175,56.364740168381935,49.63332677027132,45312281.0,1.4,3.3
Argentina,2022,137.0,3354.89,29597.6938429263,94.95561607763808,73.04820066730147,45407904.0,1.3,3.2
Argentina,2023,136.0,,30082.3045247325,251.34164181200217,137.15554807465946,45538401.0,1.2,
Argentina,2024,,,30175.5359656699,308.26978730830234,242.9145036591888,45696159.0,1.0,
Armenia,2001,92.0,2221.3237,2844.36266367009,5.837075801984137,3.634928767580645,3211800.0,24.1,25.9
Armenia,2002,94.0,2252.6155,3282.11706337369,4.107460634022764,1.2587306076061529,3199800.0,19.8,24.3
Armenia,2003,98.0,2429.6184,3836.22556768673,13.499998768549949,5.69437590771027,3182500.0,14.8,21.0
Armenia,2004,103.0,2556.9202,4377.22759682551,10.892558503502414,8.007157510861537,3164900.0,10.3,16.0
Armenia,2005,107.0,2675.6675,5172.2189210295,5.525635415436758,0.6158441561981124,3146400.0,6.1,12.4
Armenia,2006,111.0,2768.6433,6072.75924479855,8.204793088160622,3.5218742836494843,3127100.0,4.5,9.5
Armenia,2007,115.0,2775.0842,7136.75405519953,10.89999876421317,5.268252174521799,3107400.0,3.7,7.2
Armenia,2008,120.0,2885.4812,7827.31666746494,13.044295331544696,9.99408952071806,3087100.0,2.0,5.9
Armenia,2009,124.0,2840.5164,6811.69247959581,5.204281174131786,3.424938090547839,3066000.0,3.1,3.9
Armenia,2010,127.0,3163.9805,7095.21267979009,15.200000875733632,8.954842574899173,3044800.0,2.9,2.7
Armenia,2011,129.0,3163.7188,7624.26772626905,17.267516156401076,12.335509594627853,3027900.0,3.1,2.5
Armenia,2012,130.0,3139.9834,8942.63537897164,5.995612094344183,1.9954327453533356,3024100.0,2.5,2.5
Armenia,2013,131.0,3178.8328,9454.87852836557,10.266540326328322,5.926426025222072,3022000.0,2.9,2.5
Armenia,2014,132.0,3182.4075,9736.2349746279,6.234061619245468,1.7078063111376782,3013800.0,3.4,2.5
Armenia,2015,132.0,3167.0828,9756.84084836026,7.315150035463525,3.080137270472472,3004600.0,2.9,2.5
Armenia,2016,131.0,3126.9688,10570.2720413936,-0.3358148711541053,-3.227312651108381,2992300.0,2.5,2.5
Armenia,2017,130.0,3065.2383,12066.0043093819,6.167154402523289,4.0751210561036695,2979400.0,2.4,2.5
Armenia,2018,131.0,3096.5796,12877.4937543553,5.313293050798063,2.362448284552292,2969000.0,2.9,2.5
Armenia,2019,132.0,3137.3328,14975.7539538157,5.272649306690691,1.8501134522767952,2962500.0,2.4,2.5
Armenia,2020,133.0,3121.136,14706.3173043422,4.946203806244487,0.3391213462389695,2961500.0,1.5,2.5
Armenia,2021,133.0,3139.1396,15921.705281964,16.928921724814614,11.34110565007805,2962300.0,2.1,2.5
Armenia,2022,133.0,3162.6196,19161.3700514189,17.053886204464554,12.974977898920947,2969200.0,1.9,2.5
Armenia,2023,132.0,,21534.0305361169,9.788325145100307,-0.4450310561017274,2964300.0,1.9,
Armenia,2024,,,22823.1795255692,2.0190485170512584,-1.8463267004309056,3033500.0,,
Aruba,2001,,,31920.2390732318,4.539627326886153,4.102221112659514,91439.0,,
Aruba,2002,,,31888.5087369598,4.087676724443012,3.4083142610885315,92074.0,,
Aruba,2003,,,32507.0843148328,3.306671148835316,2.631762438030359,93128.0,,
Aruba,2004,,,35059.2730975712,3.792818245771601,3.332924084905015,95138.0,,
Aruba,2005,,,35098.7976691425,4.583966226318248,3.746330988700299,97635.0,,
Aruba,2006,,,35937.594655647,8.743260567983757,5.153948697833274,99405.0,,
Aruba,2007,,,37768.5660142352,16.38412794249815,14.107848719870908,100150.0,,
Aruba,2008,,,38904.9992484644,13.904103696143322,11.37249786258794,100917.0,,
Aruba,2009,,,34339.9391559529,9.802126337872052,4.072578838423016,101604.0,,
Aruba,2010,,,33729.5119105028,-0.0054421620811151,-2.1571523662165184,101838.0,,
Aruba,2011,,,35324.0720643325,7.852499705417593,5.127600089639052,102591.0,,
Aruba,2012,,,34095.6471714416,7.252642299086198,4.395784012109313,104110.0,,
Aruba,2013,,,35901.653313159,2.1262910337576324,1.4275956702686756,105675.0,,
Aruba,2014,,,35657.2871970529,5.867597947531711,3.019013572962089,106807.0,,
Aruba,2015,,,35972.8664446515,5.519580258283074,2.45204783326549,107906.0,,
Aruba,2016,,,36117.5082112517,0.7109009220431339,-0.5449812386591016,108727.0,,
Aruba,2017,,,37524.9284784013,-1.9580260662533264,-3.029559753131964,108735.0,,
Aruba,2018,,,39287.0195169703,11.227154335495392,7.129486087783473,108908.0,,
Aruba,2019,,,39110.2761899841,13.344315652772496,10.606805677369689,109203.0,,
Aruba,2020,,,28976.4635497124,4.823889688184924,-0.4786126799569032,108587.0,,
Aruba,2021,,,35696.3093722926,4.360902831160973,-0.1978463969178602,107700.0,,
Aruba,2022,,,41649.4507917813,13.328530176221664,10.103431108788383,107310.0,,
Aruba,2023,,,44967.3445127082,12.859195547425673,6.739166818787278,107359.0,,
Aruba,2024,,,,2.92807062103404,2.564053868020133,107624.0,,
Australia,2001,124.0,3067.133,27645.8140289701,7.566765241857154,6.297069697726198,19274701.0,1.0,2.5
Australia,2002,126.0,3095.7874,29032.4909555888,6.604696176970659,3.999849843801484,19495210.0,,2.5
Australia,2003,127.0,3124.916,30121.8184177337,4.413793343030914,3.581463199091726,19720737.0,1.0,2.5
Australia,2004,129.0,3078.0828,31763.7960926854,3.34373567244699,2.479090276221163,19932722.0,0.7,2.5
Australia,2005,131.0,3133.5884,33036.5834770249,3.713188353318353,2.21397540497578,20176844.0,,2.5
Australia,2006,133.0,3198.2168,34846.7156302418,10.06289291709206,7.382878122515336,20450966.0,,2.5
Australia,2007,135.0,3242.4807,36653.8417179443,7.169192957899484,2.975002520692262,20827622.0,,2.5
Australia,2008,137.0,3240.0762,37532.9990434133,5.8275051291152735,4.299505915343949,21249199.0,0.7,2.5
Australia,2009,139.0,3242.3696,40312.3951186945,5.726872423422802,4.056122975282149,21691653.0,,2.5
Australia,2010,141.0,3514.7004,39372.8511038542,2.4033438121999096,1.5076044729037212,22031750.0,0.3,2.5
Australia,2011,142.0,3496.453,42022.7392158859,6.360791672871113,4.829001769062594,22340024.0,,2.5
Australia,2012,142.0,3544.3806,42863.3483169945,0.8420339016274925,-1.4399503352672658,22733465.0,,2.5
Australia,2013,142.0,3526.6636,45930.8505081503,1.6260158130168456,0.739956576237169,23128129.0,,2.5
Australia,2014,142.0,3514.5686,46903.770304139,3.489531627172582,2.4636779664536976,23475686.0,0.5,2.5
Australia,2015,142.0,3500.048,46263.731388772,1.9281047765642656,1.0568791162876603,23815995.0,,2.5
Australia,2016,141.0,3517.4314,47260.1529933747,1.8216688941322,0.6963152153968329,24190907.0,0.5,2.5
Australia,2017,140.0,3472.9866,48371.1409956585,1.92678224848859,0.8911256767543794,24592588.0,,2.5
Australia,2018,140.0,3450.4666,50183.6898127634,1.620590970987923,0.8293407261604973,24963258.0,0.5,2.5
Australia,2019,140.0,3485.334,52673.0638176231,2.602230249551974,2.2985120811480835,25334826.0,,2.5
Australia,2020,140.0,3468.427,53984.1246979075,4.143647083908153,3.281084226819307,25649248.0,1.0,2.5
Australia,2021,140.0,3473.7856,58182.3369477501,1.860053447298382,1.184938895353732,25685412.0,,2.5
Australia,2022,140.0,3467.567,65871.7715157769,9.217391269721764,6.498825405920513,26014399.0,,2.5
Australia,2023,141.0,,70513.4748706981,8.788052450734218,6.585672392310156,26652777.0,,
Australia,2024,,,71193.2158509788,4.223865066975074,3.459259946400106,27204809.0,,
Austria,2001,146.0,3731.137,29556.403560049,5.057892098680727,3.646068186537373,8042293.0,,2.5
Austria,2002,144.0,3656.6816,30952.1708232398,4.682933139079903,1.397443272563782,8081957.0,,2.5
Austria,2003,143.0,3617.618,31962.9255331065,3.142851876467101,1.7753319458410457,8121423.0,0.4,2.5
Austria,2004,142.0,3614.6047,33523.0204968283,3.007527383178288,1.9201005243351568,8171966.0,0.1,2.5
Austria,2005,144.0,3644.333,34776.6699535218,3.000850158054757,2.0834021672469656,8227829.0,0.2,2.5
Austria,2006,145.0,3722.1924,37396.0350960866,3.2388601894165703,1.8480873625446053,8268641.0,0.1,2.5
Austria,2007,146.0,3743.329,39193.8173640977,7.618135154565153,4.182091776205075,8295487.0,0.4,2.5
Austria,2008,146.0,3725.3733,41046.7900352112,8.453411148408163,6.329387514758241,8321496.0,0.5,2.5
Austria,2009,147.0,3735.013,40665.5046605019,2.849504853258189,0.2108622743597688,8343323.0,0.7,2.5
Austria,2010,149.0,3784.9084,41740.1149241758,2.406423802236901,0.4930542094276864,8363404.0,0.5,2.5
Austria,2011,150.0,3834.4932,44171.5618687028,4.76702817386121,4.270173994786773,8391643.0,0.5,2.5
Austria,2012,150.0,3822.9414,46156.4832073037,4.757374498313283,3.222592662012495,8429991.0,0.7,2.5
Austria,2013,149.0,3796.9521,47519.8522796571,4.681647653157439,3.466696362148145,8479823.0,0.3,2.5
Austria,2014,148.0,3754.4148,48355.4977624407,2.714934118139567,1.9644917008363976,8546356.0,0.2,2.5
Austria,2015,147.0,3734.1113,49562.5939257986,1.377287707206909,0.8260689746488007,8642699.0,0.7,2.5
Austria,2016,147.0,3715.2322,52397.8635176674,1.2024059080030014,0.734029278211105,8736668.0,0.7,2.5
Austria,2017,147.0,3752.9644,53869.8321183556,3.1746003873909467,2.3663265340761632,8797566.0,0.3,2.5
Austria,2018,149.0,3754.1047,56636.4953030542,2.0527964384611685,1.5220935366377937,8840521.0,0.6,2.5
Austria,2019,149.0,3813.1782,60354.9279422121,1.534034611430246,1.0197370390186755,8879920.0,0.6,2.5
Austria,2020,149.0,3764.064,58523.0337816246,2.970879165611695,2.3315523793413933,8916864.0,0.7,2.5
Austria,2021,150.0,3765.1711,62968.9422311892,1.8163471956341937,0.7824258155916493,8955797.0,0.5,2.5
Austria,2022,150.0,3759.5864,70734.9425647902,16.09756106797007,10.71927756753196,9041851.0,0.6,2.5
Austria,2023,150.0,,70478.7873635411,16.992187596947495,11.124581300119802,9131761.0,0.5,
Austria,2024,,,71617.9017496321,5.425709391583711,2.550670528091304,9178482.0,,
Azerbaijan,2001,99.0,2354.6865,3834.89815686956,2.527564083139966,1.810523602915846,8111200.0,11.4,16.9
Azerbaijan,2002,102.0,2447.3618,4230.40590255405,4.249207972204938,3.247065497623621,8171950.0,0.2,13.4
Azerbaijan,2003,105.0,2544.7185,4718.4211499969,4.16026088705328,2.614112553904811,8234100.0,0.2,10.4
Azerbaijan,2004,110.0,2631.268,5247.53835061462,12.30026649606264,7.861812630071576,8306500.0,0.0,7.4
Azerbaijan,2005,116.0,2825.6985,6854.93619475823,15.958184348636896,10.523742433900424,8391850.0,0.0,4.7
Azerbaijan,2006,121.0,2989.9958,9398.01323940435,18.158445782415235,12.48697095106006,8484550.0,,2.8
Azerbaijan,2007,124.0,2999.0588,11973.9596381455,20.73403028136609,16.844276769503974,8581300.0,,2.5
Azerbaijan,2008,124.0,3004.1282,13216.8434837487,38.50565410387863,29.360347543407403,8763400.0,,2.5
Azerbaijan,2009,123.0,2975.0244,14245.5035454881,14.634212351059418,-1.3740007580779745,8947243.0,,2.5
Azerbaijan,2010,122.0,2973.3823,14930.4100337944,13.129500406159057,7.511597276170448,9054332.0,,2.5
Azerbaijan,2011,122.0,3003.4473,14804.5744507911,14.077682254556656,10.661998491303356,9173082.0,,2.5
Azerbaijan,2012,123.0,3020.2234,15994.1466501837,5.705588103698389,0.6739978659917406,9295784.0,,2.5
Azerbaijan,2013,124.0,3020.4976,17267.5118919537,3.714898158655444,2.05240872852525,9416801.0,,2.5
Azerbaijan,2014,124.0,3020.2031,17563.6122454385,2.368849450259192,0.67860050247468,9535079.0,,2.5
Azerbaijan,2015,125.0,3038.083,15075.272634791,7.349212684028816,4.767880767464072,9649341.0,,2.5
Azerbaijan,2016,126.0,3059.0703,14535.8020210633,20.911734536733427,13.75413738786778,9757812.0,,2.5
Azerbaijan,2017,128.0,3118.6929,14315.929643106,20.809310291815457,17.33160565328064,9854033.0,,2.5
Azerbaijan,2018,131.0,3188.1929,15282.9995232298,7.67483477271258,2.02113174606935,9939771.0,,2.5
Azerbaijan,2019,135.0,3308.148,16675.3179361558,5.269393418625246,3.3185668556375707,10024283.0,,2.5
Azerbaijan,2020,137.0,3378.7373,15163.5703327282,5.75037632144606,4.5803459896264185,10093121.0,,2.5
Azerbaijan,2021,138.0,3381.6995,20111.3756952109,16.232397232517613,8.171199401738212,10137750.0,,2.5
Azerbaijan,2022,138.0,3347.8157,22552.0886659805,22.527805137603018,20.08774412173481,10141756.0,,2.5
Azerbaijan,2023,138.0,,23651.5994551766,18.133628852601213,10.075817699193552,10153958.0,,
Azerbaijan,2024,,,25088.9501767555,5.474253069367108,1.1091724095495294,10202850.0,,
Bahamas,2001,,2555.445,,3.1238738711593994,1.8811276506436885,,,
Bahamas,2002,,2539.088,,2.6728606736798666,2.00135888649726,,,
Bahamas,2003,,2528.9414,,3.266877903504395,2.7852741239208,,,
Bahamas,2004,,2522.5989,,1.2273939297778649,0.9042222932924447,,,
Bahamas,2005,,2533.2344,,1.9693546314689887,1.4644535373666798,,,
Bahamas,2006,,2533.6035,,2.7776486057142336,2.1973983525577148,,,
Bahamas,2007,,2521.3745,,2.8842631011974262,2.2957157128300487,,,
Bahamas,2008,,2511.86,,5.536967870742937,4.121192328915615,,,
Bahamas,2009,,2555.432,,4.089348138893212,1.9191961557104456,,,
Bahamas,2010,,2615.2932,,1.4517372375591142,1.2375965521696084,,,
Bahamas,2011,,2606.2769,,3.566329601292928,2.9415022540887663,,,
Bahamas,2012,,2707.9194,,2.3430807318115088,1.8193482799251557,,,
Bahamas,2013,,2659.4143,,0.1055250881218272,-1.5977551471860223,,,
Bahamas,2014,,2604.626,,4.57049601619699,2.3260366337152374,,,
Bahamas,2015,,2593.3152,,8.10294561034337,5.746437315217031,,,
Bahamas,2016,,2602.2476,,1.282651256364575,-0.9321341079609524,,,
Bahamas,2017,,2623.31,,2.544087806586881,-0.1210818229947933,,,
Bahamas,2018,,2657.2842,,6.267806086330818,2.416409072970436,,,
Bahamas,2019,,2615.4783,,3.0485511715508284,0.166437420831549,,,
Bahamas,2020,,2629.5273,,4.199080610350503,1.6344872846601497,,,
Bahamas,2021,,2675.9727,,5.033652445422332,2.091277638272581,,,
Bahamas,2022,,2701.8284,,17.997008370139824,13.491257208079489,,,
Bahamas,2023,,,,10.568633904924884,4.7837691093889285,,,
Bahamas,2024,,,,5.951850292678351,2.9828234591256666,,,
"Bahamas, The",2001,,,26351.0545366431,,,327836.0,,
"Bahamas, The",2002,,,27171.2862553225,,,331614.0,,
"Bahamas, The",2003,,,27030.8748921608,,,335618.0,,
"Bahamas, The",2004,,,27659.5153978102,,,339782.0,,
"Bahamas, The",2005,,,29142.8764518234,,,343894.0,,
"Bahamas, The",2006,,,30401.4828969568,,,348375.0,,
"Bahamas, The",2007,,,31232.1059028336,,,353334.0,,
"Bahamas, The",2008,,,30678.601534921,,,358120.0,,
"Bahamas, The",2009,,,29196.5940377704,,,362810.0,,
"Bahamas, The",2010,,,29624.9512261144,,,367478.0,,
"Bahamas, The",2011,,,30073.6524057011,,,371729.0,,
"Bahamas, The",2012,,,31035.5500568874,,,375469.0,,
"Bahamas, The",2013,,,30294.4768305201,,,378953.0,,
"Bahamas, The",2014,,,31726.1740873862,,,382298.0,,
"Bahamas, The",2015,,,32137.5784729905,,,385346.0,,
"Bahamas, The",2016,,,32285.2760366069,,,388055.0,,
"Bahamas, The",2017,,,34282.1710357791,,,390485.0,,
"Bahamas, The",2018,,,35227.7619063243,,,392717.0,,
"Bahamas, The",2019,,,36116.0002025353,,,394675.0,,
"Bahamas, The",2020,,,27204.625909518,,,395863.0,,
"Bahamas, The",2021,,,31064.6822166194,,,396373.0,,
"Bahamas, The",2022,,,36791.253079207,,,397538.0,,
"Bahamas, The",2023,,,39090.1665080164,,,399440.0,,
"Bahamas, The",2024,,,41197.9183829907,,,401283.0,,
Bahrain,2001,,,46161.5758464288,-1.2703287135142571,-1.3226023496053905,661316.0,,
Bahrain,2002,,,45091.4894218656,-0.996016132399824,-1.1706986585707513,710553.0,,
Bahrain,2003,,,45426.9345932944,-1.0383786728412223,-1.2730620026711206,764517.0,,
Bahrain,2004,,,46317.0284804025,2.247191163644491,0.516125571507022,823741.0,,
Bahrain,2005,,,47268.2721612188,2.9970035978052367,2.656097238755774,888822.0,,
Bahrain,2006,,,48009.4917421504,2.9147976128612862,2.472231346632366,960424.0,,
Bahrain,2007,,,49347.494619615,4.500000582065522,3.379279988774553,1039295.0,,
Bahrain,2008,,,50330.3248622522,10.90908993296733,8.018279152896008,1103496.0,,
Bahrain,2009,,,48625.6569231596,13.0186809213229,7.8099857509008865,1178415.0,,
Bahrain,2010,,,49254.5770084238,6.156586747470616,2.840344780326698,1228543.0,,
Bahrain,2011,,,52677.4511190668,5.140385941377246,2.2605935288102432,1195020.0,,
Bahrain,2012,,,56712.5692656153,8.017698210890224,3.818423259212078,1208964.0,,
Bahrain,2013,,,56310.3117458189,5.52863440105722,2.395703550023422,1253191.0,,
Bahrain,2014,,,54299.0564613228,6.21317294611079,2.8660445043038867,1314562.0,,
Bahrain,2015,,,48034.2468880503,8.906827140267426,2.429925775188598,1370322.0,,
Bahrain,2016,,,47428.9018907649,6.839328738786388,1.4058082829679446,1423726.0,,
Bahrain,2017,,,50184.5005767301,4.597123208299792,1.0543702360056937,1501116.0,,
Bahrain,2018,,,51993.1307818652,4.510009633203915,2.1246003560990303,1503091.0,,
Bahrain,2019,,3502.3188,56599.5214364411,5.386673068914671,2.377385561733369,1483756.0,,
Bahrain,2020,,3523.0903,53436.0316999712,6.930693013340683,3.5441040177447403,1472204.0,,
Bahrain,2021,,3390.3357,54954.6757895532,3.323262463536225,-0.0535036078788436,1504365.0,,
Bahrain,2022,,3365.9885,61677.6538492695,12.686567369522027,10.380980050823212,1524693.0,,
Bahrain,2023,,,64171.0857359052,9.23728825518233,6.040418921076031,1577059.0,,
Bahrain,2024,,,67210.9890947485,8.710504397998253,2.9681987782600125,1588670.0,,
Bangladesh,2001,108.0,2295.6309,1597.58740614435,2.269887534347448,1.968966841720558,136805810.0,,15.5
Bangladesh,2002,109.0,2280.908,1658.80230934569,4.3576327868968034,3.42932267964808,138933658.0,,14.7
Bangladesh,2003,108.0,2320.2544,1746.12725782298,8.38321062970444,5.689597570343206,140970351.0,,14.4
Bangladesh,2004,108.0,2354.199,1861.51256285455,9.14384586764152,7.759383316118125,142902856.0,,13.8
Bangladesh,2005,108.0,2346.0896,2019.73839563431,8.089221870917452,7.157700776142409,144715786.0,32.3,13.7
Bangladesh,2006,108.0,2347.0986,2195.29485460994,7.748184238614897,6.887468591205455,146405973.0,,13.2
Bangladesh,2007,107.0,2391.9744,2388.10025160357,11.79700170180402,9.231869930333891,147989278.0,,13.3
Bangladesh,2008,106.0,2361.988,2554.85788238719,11.638506964265872,9.102705331357807,149474264.0,,12.9
Bangladesh,2009,105.0,2402.9685,2675.25945926785,8.657069304214415,5.520469641585405,150873714.0,,14.5
Bangladesh,2010,105.0,2328.2874,2833.69544368864,13.68910970309214,9.267402285370382,152201981.0,25.1,15.2
Bangladesh,2011,105.0,2365.5308,3051.26983271811,15.447808574059495,13.12715675016416,153591076.0,,16.1
Bangladesh,2012,105.0,2383.6348,3434.27815090447,6.964068916669408,3.395968349465569,155070101.0,,15.9
Bangladesh,2013,105.0,2384.773,3691.10431102117,9.003447401282605,7.926419402841776,156532141.0,,15.6
Bangladesh,2014,107.0,2410.2356,3972.50647733491,9.08949425414376,7.946066375450208,157964929.0,,14.9
Bangladesh,2015,107.0,2481.0344,4212.23578089428,6.475524638846419,6.059106564947833,159383179.0,,14.9
Bangladesh,2016,108.0,2426.1108,4579.13228682862,5.559298556296066,4.495906079544776,160811932.0,19.5,14.4
Bangladesh,2017,110.0,2488.1587,4882.60692615639,7.8667105664606,7.169871809863678,162186147.0,,13.7
Bangladesh,2018,111.0,2566.9324,5490.15881865179,7.619312192024208,6.230529641176685,163523103.0,,12.8
Bangladesh,2019,112.0,2523.0142,6047.12401504125,6.422475117458237,5.55755158877938,164913055.0,,11.9
Bangladesh,2020,113.0,2587.9177,6640.58437331062,7.341382629880155,5.766183805016162,166298024.0,,12.1
Bangladesh,2021,114.0,2593.0188,7441.06913961254,5.567091543808633,5.3007632942634775,167658854.0,,11.8
Bangladesh,2022,114.0,2608.2378,8450.54902533941,9.943040936938674,7.735415526024155,169384897.0,5.9,11.9
Bangladesh,2023,114.0,,9147.7775066555,13.138745687557376,10.455925266738058,171466990.0,,
Bangladesh,2024,,,9646.76984383255,14.103246299169324,11.432575731392708,173562364.0,,
Barbados,2001,112.0,2895.183,15030.0068337204,7.169577009007644,3.781125165309317,262425.0,,5.9
Barbados,2002,112.0,2868.0889,15283.4119402707,3.002791162185847,0.2360063819179035,264148.0,,5.7
Barbados,2003,113.0,2893.641,15826.6635591615,3.8215906572456095,2.277400553036509,265776.0,,6.1
Barbados,2004,115.0,2818.7373,16387.8260169596,6.234751463820021,2.061379051495125,267298.0,,5.7
Barbados,2005,117.0,2944.7783,17478.130178584,10.805097176688204,8.803225656350412,268706.0,,5.7
Barbados,2006,118.0,2890.4377,19019.133736304,12.375881352617291,10.67516602072813,270002.0,,4.9
Barbados,2007,120.0,2956.3652,19846.0422927221,7.077579723596639,5.8473374734644095,271288.0,,4.9
Barbados,2008,122.0,2939.8464,20250.1141390094,16.474287526579957,11.817954949533435,272714.0,,4.6
Barbados,2009,123.0,2960.6038,19253.2687837529,10.596134414123435,5.367769875768585,274123.0,,3.8
Barbados,2010,124.0,3081.292,18977.5426798427,11.723171386240704,8.496012837950879,275243.0,,3.0
Barbados,2011,125.0,3044.9949,19165.0101287625,16.49755819125962,13.792366714987118,276139.0,,2.5
Barbados,2012,124.0,3069.4863,17936.9937259746,13.26429710617707,6.664384876403471,276938.0,,2.5
Barbados,2013,124.0,3055.0735,18004.6691202993,4.084964297576055,2.7112227271980944,277665.0,,2.5
Barbados,2014,124.0,3041.459,17752.5177240704,4.453852517377643,2.360605833448985,278348.0,,2.5
Barbados,2015,124.0,3078.3167,17804.7490038367,5.629854266298651,2.806095141351955,278990.0,,2.5
Barbados,2016,124.0,3061.5183,18013.6734415905,11.34773630374324,8.213818595596164,279598.0,1.7,2.5
Barbados,2017,124.0,3032.6392,17898.8994551274,13.250043347640972,6.256311632781029,280171.0,,2.5
Barbados,2018,125.0,3077.2886,18551.1686491129,6.512375521589076,1.6975864842974844,280711.0,,2.5
Barbados,2019,127.0,3124.7458,18760.3700129938,12.406010967931302,5.970940291409345,281207.0,,2.9
Barbados,2020,128.0,3189.4453,15824.49106614,12.47182264783,7.75283319863399,281698.0,,3.5
Barbados,2021,129.0,3179.0808,15683.8847128096,7.509917409220934,3.366911964566663,282147.0,,3.9
Barbados,2022,129.0,3189.6501,19786.3615156207,21.48914572109819,15.00072701679764,282318.0,,3.5
Barbados,2023,128.0,,21336.1575553016,27.404382029203788,21.67678487287989,282336.0,,
Barbados,2024,,,22671.9466863479,8.453237799750957,3.583619133610013,282467.0,,
Belarus,2001,119.0,3040.4622,6238.09862731186,113.24657068009824,78.53656595514418,9928549.0,14.7,2.5
Belarus,2002,117.0,2974.8254,6697.15436370369,58.34948225487475,52.05157687815423,9865548.0,10.4,2.8
Belarus,2003,114.0,2815.4822,7361.72161495105,39.17285439970304,34.23610636631848,9796749.0,8.7,3.3
Belarus,2004,114.0,2896.5037,8482.92020586886,26.925360163056244,21.78699125129229,9730146.0,4.3,3.4
Belarus,2005,117.0,2986.1248,9636.89112345633,16.014119713028062,12.987424419623984,9663915.0,2.4,2.5
Belarus,2006,121.0,3087.8386,10994.5981274448,9.424875502386287,6.719826985423551,9604924.0,1.1,2.5
Belarus,2007,124.0,3193.2844,12320.0240249058,17.490001825387868,10.044057157568789,9560953.0,1.1,2.5
Belarus,2008,125.0,3208.9468,13886.1314098697,21.52613145203544,19.690730688918094,9527985.0,0.5,2.5
Belarus,2009,124.0,3132.1375,14034.1911206837,20.276784177011265,14.444888871069956,9504583.0,0.5,2.5
Belarus,2010,125.0,3178.2646,15339.0999026403,14.698093522756928,8.921685837179234,9483836.0,0.2,2.5
Belarus,2011,127.0,3231.0085,16563.2014078209,124.32063256448158,63.43305192942421,9461643.0,0.1,2.5
Belarus,2012,129.0,3304.0847,18114.7508606708,120.624716787384,68.77925091552832,9446836.0,0.1,2.5
Belarus,2013,131.0,3316.5166,19014.0529737698,17.496641854292672,12.007812703963763,9443211.0,0.0,2.5
Belarus,2014,131.0,3338.3406,19037.8847440186,22.00598191451435,16.853573513124946,9448515.0,0.0,2.5
Belarus,2015,131.0,3303.5364,18133.5313085883,19.108037393485745,12.549782692783443,9461076.0,0.0,2.5
Belarus,2016,131.0,3297.076,17832.4778855815,11.38644228312673,10.731932857855185,9469379.0,0.0,2.5
Belarus,2017,132.0,3315.626,18413.747563367,10.280402010494916,7.096388102354619,9458989.0,0.0,2.5
Belarus,2018,133.0,3317.0198,20025.9815543598,5.77999937645024,4.011571190111411,9438785.0,0.0,2.5
Belarus,2019,134.0,3375.1697,22301.5932411839,7.636521958284237,6.3625000539507965,9419758.0,0.0,2.5
Belarus,2020,135.0,3434.9321,24872.3066744528,6.190000476222646,4.271934179377725,9379952.0,0.0,2.5
Belarus,2021,135.0,3417.0374,27611.1801135157,12.629816554106355,9.604611175258832,9302585.0,,2.5
Belarus,2022,135.0,3461.5132,28429.4948814534,19.82346156202104,16.598523068318098,9228071.0,,2.5
Belarus,2023,138.0,,30834.1773660201,11.79233280812879,4.259944621397739,9178298.0,,
Belarus,2024,,,33006.4166677827,7.006196094029127,5.799068694684579,9133712.0,,
Belgium,2001,146.0,3752.0977,28796.5795804462,6.20455361472767,4.62269627935674,10286570.0,,2.5
Belgium,2002,146.0,3751.186,30282.2886450283,6.490674510923111,2.3937644396877213,10332785.0,,2.5
Belgium,2003,146.0,3720.1301,30934.5826454577,3.58120613895736,2.0550887158291222,10376133.0,0.4,2.5
Belgium,2004,145.0,3729.0366,32063.9826949865,2.2648582202710488,1.2638574920153292,10421137.0,0.1,2.5
Belgium,2005,145.0,3726.3254,33177.8909458158,2.7393996137677235,1.7640113128630472,10478617.0,0.3,2.5
Belgium,2006,145.0,3729.9343,35258.985063203,4.7204366786909535,2.562430433712332,10547958.0,0.2,2.5
Belgium,2007,145.0,3731.3499,36799.5318686343,5.692645935506291,3.90940919752781,10625700.0,0.2,2.5
Belgium,2008,145.0,3723.877,37883.3319417819,7.623964588248722,6.087733420670575,10709973.0,0.1,2.5
Belgium,2009,146.0,3713.7751,37885.9059125602,3.937728848954425,0.8629119234594834,10796493.0,0.1,2.5
Belgium,2010,147.0,3707.6433,39844.4054386496,3.1665544007899893,1.67060478695391,10895586.0,0.1,2.5
Belgium,2011,147.0,3704.7822,41244.8495035213,3.5975144714047502,2.7198604546489364,11038264.0,0.2,2.5
Belgium,2012,147.0,3698.2327,42483.5250666788,3.842071673382752,3.100631400378606,11106932.0,0.2,2.5
Belgium,2013,148.0,3718.644,43864.1204196838,4.992216026979546,3.428665568071905,11159407.0,0.1,2.5
Belgium,2014,149.0,3795.3303,45147.6429534057,1.609474991214643,-0.3728729714376017,11209057.0,0.1,2.5
Belgium,2015,150.0,3807.889,46084.2424551717,3.220889429133078,1.2096037498281365,11274196.0,0.1,2.5
Belgium,2016,149.0,3775.5264,48414.5518065681,3.521761033233606,2.240756949797005,11331422.0,0.1,2.5
Belgium,2017,149.0,3795.176,50256.0631772784,2.594085315127659,1.2667024883481175,11375158.0,0.2,2.5
Belgium,2018,150.0,3807.809,52466.7330784599,3.099730263328704,2.1608039846137888,11427054.0,0.1,2.5
Belgium,2019,151.0,3855.361,56712.469571978,1.784196830705942,0.7756587994017276,11488980.0,0.1,2.5
Belgium,2020,152.0,3865.768,56120.0958420466,3.973693594829109,2.880574601018788,11538604.0,0.1,2.5
Belgium,2021,153.0,3911.82,60669.2137746531,1.2438953628822524,-0.3858475119815805,11586195.0,0.0,2.5
Belgium,2022,153.0,3913.8599,68157.8347860761,15.157015447849089,8.792769648761286,11680210.0,0.0,2.5
Belgium,2023,153.0,,69059.1768269112,18.02396243193176,13.67094112977002,11787423.0,0.1,
Belgium,2024,,,72126.0028888089,6.337328727697877,1.76757684488566,11876844.0,,
Belize,2001,121.0,2719.3398,7863.51714507148,-0.0071825186882534,-0.9526875249094808,248379.0,,5.8
Belize,2002,122.0,2734.3909,8165.86601859768,2.2772636415720804,0.4984287645813008,256009.0,,5.3
Belize,2003,122.0,2744.3687,8863.00540784127,3.478971016175314,3.0539970035914155,263780.0,,5.2
Belize,2004,122.0,2707.595,9258.88296109027,3.121058824304801,1.6991015205501503,271688.0,,5.1
Belize,2005,123.0,2739.9614,9480.48068179689,5.589855424697832,3.588393422638734,279731.0,,5.2
Belize,2006,123.0,2713.546,9924.68920144487,5.752411167628968,3.353227796413566,287878.0,,5.2
Belize,2007,123.0,2697.5757,10242.8475586846,6.905788905520183,5.723292547919308,296100.0,,5.9
Belize,2008,123.0,2626.3367,9985.97881575828,18.755212060037675,13.781771952298849,304361.0,,6.3
Belize,2009,124.0,2660.3086,9744.23020506893,14.275030777092113,1.5611191807789488,312614.0,,5.9
Belize,2010,123.0,2780.5442,9734.89239729241,-3.1532554052995487,-3.991283510968204,320245.0,,5.4
Belize,2011,122.0,2743.6194,9697.85343903603,3.627392318381761,0.3206499463031216,327298.0,,4.9
Belize,2012,121.0,2768.4656,9266.09146145698,5.30687154202294,2.5666103377783283,334414.0,,5.3
Belize,2013,120.0,2747.8848,9514.40354285543,2.51820706394561,1.4621258905522054,341627.0,,5.8
Belize,2014,119.0,2701.2869,9489.94683154866,3.4756910315697054,0.7925829291524957,348923.0,,6.1
Belize,2015,119.0,2730.9202,9538.19054142614,0.2287221276029649,-0.3801857198791678,356333.0,,6.3
Belize,2016,120.0,2740.748,9401.53293960018,1.493335579263455,0.0764207557403075,364705.0,,6.0
Belize,2017,120.0,2777.765,9121.74716397996,0.1403969955994455,-1.1272566586742887,373202.0,,5.6
Belize,2018,121.0,2783.8018,9527.70914005255,-0.1884136994926621,-0.5159349639509805,380226.0,1.0,4.9
Belize,2019,122.0,2834.4287,10531.3234398626,1.360421375431331,0.6458389054182936,385829.0,,4.5
Belize,2020,122.0,2868.821,9618.01643529994,3.324494409391665,1.1200886467362383,390812.0,,4.4
Belize,2021,122.0,2834.4248,11677.4610095172,5.806375837911237,4.806981126141381,395346.0,,4.3
Belize,2022,120.0,2833.099,13465.9807069861,13.812138428491938,7.804407752204727,402733.0,,4.6
Belize,2023,117.0,,13823.4379513758,15.80981402835948,12.43171022487399,411106.0,,
Belize,2024,,,15092.7808546669,8.22981392976947,5.584376947826851,417072.0,,
Benin,2001,112.0,2230.8647,1745.98256227696,4.669887244746418,2.401043595813492,7445596.0,,17.2
Benin,2002,114.0,2319.5332,1799.88269639499,12.691132110977389,5.492017076435048,7675426.0,,15.5
Benin,2003,116.0,2286.3125,1841.60297283874,5.108358252804646,-2.3026413073846546,7913070.0,70.5,13.7
Benin,2004,118.0,2389.7866,1915.34644346381,1.5847863664824713,-0.7165190437039058,8159094.0,,12.8
Benin,2005,120.0,2364.4465,1945.56414052296,14.866979456594787,9.446672289389026,8426144.0,,11.4
Benin,2006,121.0,2379.7563,2020.60567734722,6.90161545563075,-0.4770849823507904,8693242.0,,11.1
Benin,2007,121.0,2493.2786,2135.53787873721,6.920904497463032,-0.6432393777951897,8953969.0,,10.8
Benin,2008,122.0,2451.2122,2215.35163859542,34.27081706050079,17.603650053114595,9228466.0,,10.4
Benin,2009,121.0,2492.5955,2213.32895620809,14.224137757625211,3.195665440741549,9509423.0,,10.2
Benin,2010,120.0,2507.65,2220.32854611489,13.823647449313924,4.136367886686473,9797484.0,,9.8
Benin,2011,119.0,2529.6943,2264.84186926384,14.855433757563109,5.798033458982566,10093623.0,68.4,9.6
Benin,2012,119.0,2526.4663,2346.08416204547,7.850133323203035,4.709096062196305,10397657.0,,9.5
Benin,2013,120.0,2529.775,2511.65309588333,7.609431007107781,2.661677229634823,10708834.0,,9.3
Benin,2014,120.0,2556.327,2670.41561399187,2.832655357192837,-0.7898139817466556,11030004.0,,9.3
Benin,2015,120.0,2537.119,2725.33724817144,6.976338143465588,0.5229321332124532,11360681.0,65.8,9.2
Benin,2016,120.0,2543.4084,2842.0246258376,10.78692073954457,-0.3866772404030752,11697842.0,,9.7
Benin,2017,120.0,2544.5386,2885.89383987721,5.913043348948732,-0.0473440520818731,12039780.0,,10.6
Benin,2018,120.0,2539.0706,2965.30628143664,5.968185646983826,1.3322063329411955,12383347.0,37.2,11.4
Benin,2019,121.0,2594.8896,3148.97969597838,6.995446597129806,-0.5711457141669355,12726755.0,,11.5
Benin,2020,123.0,2635.7131,3244.58772756805,9.454545392085546,3.090071807828392,13070169.0,,10.8
Benin,2021,123.0,2687.1914,3464.2886286745,11.91542292424501,5.903109258797611,13413417.0,27.2,10.4
Benin,2022,122.0,2703.3135,3844.15415745816,15.45814295183996,-0.5114840624618209,13759501.0,,10.3
Benin,2023,121.0,,4129.9661200142,10.849963094959511,0.3857833698331259,14111034.0,,
Benin,2024,,,4434.5642184028,6.649765984477862,0.8146944381557913,14462724.0,,
Bermuda,2001,,2658.9753,59092.8759704678,2.2111750596184754,2.108452768317284,61867.0,,
Bermuda,2002,,2617.779,58862.6907986795,1.9600716178980184,1.705758609518056,62142.0,,
Bermuda,2003,,2553.6416,61829.3240116897,2.0236078639000787,1.764005987020471,62386.0,,
Bermuda,2004,,2510.8667,64790.2739198061,2.4793395776143035,2.27197383067906,62555.0,,
Bermuda,2005,,2572.0388,67771.4683756141,2.9838713564927177,2.754672029930146,62711.0,,
Bermuda,2006,,2637.181,73590.1160702265,2.8972850952346585,2.425874765292359,62834.0,,
Bermuda,2007,,2708.0754,77894.0646213844,3.867109784817568,3.352724565638267,63010.0,,
Bermuda,2008,,2772.7065,77556.4350038925,9.115263967358512,5.497268938747212,63300.0,,
Bermuda,2009,,2776.3538,73336.9875151545,8.40000048767402,5.4333335220619725,63565.0,,
Bermuda,2010,,,72188.6928304585,3.655352233620235,2.96091749945541,63725.0,,
Bermuda,2011,,,70911.542318725,3.030302995235745,2.2732839671052867,63733.0,,
Bermuda,2012,,,69149.0500342682,4.549214742052632,3.5049254402810983,63646.0,,
Bermuda,2013,,,71519.6398526584,3.70370448263786,3.004459667497868,63574.0,,
Bermuda,2014,,,71988.5383627822,3.941266901068064,3.0859256260453662,63529.0,,
Bermuda,2015,,,75943.4642970922,3.729072186223004,2.743353184537739,63464.0,,
Bermuda,2016,,,80412.1834895484,2.3989751444304157,1.87764898739148,63449.0,,
Bermuda,2017,,,85680.9701917217,3.254437383789921,2.2332005958273986,63578.0,,
Bermuda,2018,,,85978.2177227009,3.01849995025556,2.0831487144980474,63831.0,,
Bermuda,2019,,,90984.4576708318,3.326996768055057,2.7034619500191184,64107.0,,
Bermuda,2020,,,85146.4006275696,3.7718489077690265,2.9884956654457504,64382.0,,
Bermuda,2021,,,92319.6714861219,3.7885461184080422,1.8977015208632928,64648.0,,
Bermuda,2022,,,105142.409967183,10.553633043778587,7.86062240284398,64749.0,,
Bermuda,2023,,,114372.049927372,10.109519535714862,6.64929022153938,64698.0,,
Bermuda,2024,,,119718.584667771,4.916792370799317,3.5333420407761142,64636.0,,
Bhutan,2001,,,3338.49246893448,1.5218018917318776,1.2630411436390894,610794.0,,
Bhutan,2002,,,3662.80907177599,1.9986562314184164,1.7812905450057592,624409.0,,
Bhutan,2003,,,3942.28144580049,1.90579809952085,1.5465082275039694,637663.0,23.1,
Bhutan,2004,,,4172.78217119849,3.1443432675871685,2.368395212412089,650544.0,,
Bhutan,2005,,,4523.35970644529,5.794521615206438,5.204064384453541,661865.0,,
Bhutan,2006,,,4860.27017151102,6.6735200380019455,4.795200681198529,670799.0,,
Bhutan,2007,,,5728.91569471022,9.541751610533078,7.741431730777759,678641.0,12.0,
Bhutan,2008,,,6035.21741147854,12.582513706136169,11.698652290375398,686351.0,,
Bhutan,2009,,,6466.0974491583,11.492849063228585,9.241412484526045,693988.0,,
Bhutan,2010,,,7245.77263522404,13.475889868348869,9.594571206917216,701632.0,,
Bhutan,2011,,,7935.46760973088,10.996584844079749,10.22784209090807,709377.0,,
Bhutan,2012,,,8577.40731901004,18.34620957859807,13.509929470006142,717279.0,3.6,
Bhutan,2013,,,8666.91063590069,14.280492379657828,9.210662121247315,725273.0,,
Bhutan,2014,,,9323.39448941386,12.788137158669688,10.175730822221045,733139.0,,
Bhutan,2015,,,10213.8139608922,5.322217737076551,3.296970373224635,740618.0,,
Bhutan,2016,,,11273.2823807676,6.265913824360858,4.00895009460544,747866.0,,
Bhutan,2017,,,11677.4142659974,8.940904536447626,7.466797455670452,754335.0,2.6,
Bhutan,2018,,,11969.5615003305,7.996161591056383,4.964176822165563,759759.0,,
Bhutan,2019,,3234.7551,12909.1009840399,4.338987312564191,3.640803017017744,764824.0,,
Bhutan,2020,,3256.2754,12475.048003428,16.689282453011444,11.324192932598072,770006.0,,
Bhutan,2021,,3237.665,13458.812666743,16.563734739433066,9.082768473461496,775442.0,,
Bhutan,2022,,3221.6367,15063.8105763072,6.241843169231465,4.181219052756846,780914.0,0.0,
Bhutan,2023,,,16253.9629503074,6.2122813477826,3.9275003865733407,786385.0,,
Bhutan,2024,,,,7.1440724240315,4.620615223741753,791524.0,,
Bolivia,2001,96.0,2063.0713,3434.14415650385,4.871537931298486,0.6693852393494163,8752736.0,22.3,26.4
Bolivia,2002,97.0,2088.4539,3514.91426259674,1.6700758159207352,-0.9120081230910958,8900355.0,23.9,25.6
Bolivia,2003,96.0,2109.1167,3620.33772189586,6.266717026508273,3.496399244138093,9050700.0,,26.5
Bolivia,2004,95.0,2047.3685,3808.21800378435,7.419007395359101,5.980424647236042,9204287.0,13.2,27.1
Bolivia,2005,95.0,2104.7046,4032.7263980008,7.519934647346105,5.744960132855915,9360754.0,18.7,27.5
Bolivia,2006,96.0,2157.9377,4282.87164764407,7.464543784987709,5.852867819920124,9521689.0,15.9,25.9
Bolivia,2007,97.0,2162.7737,4521.67932002792,21.132339937128357,14.483125969615088,9685960.0,12.1,24.4
Bolivia,2008,98.0,2142.3274,4810.27858294526,34.42299261351802,25.77176639758008,9850858.0,10.6,22.9
Bolivia,2009,99.0,2128.0427,4919.810318591,17.63266926063316,1.614757436577837,10016275.0,10.0,21.4
Bolivia,2010,100.0,2247.2458,5100.52757238083,11.61365089934534,2.9708065915016526,10182345.0,,20.1
Bolivia,2011,101.0,2266.2852,5388.5129347759,18.515442991014577,14.08922620768868,10348929.0,6.9,19.2
Bolivia,2012,101.0,2277.3906,5866.98414168445,5.596445541309825,3.916728936211328,10515807.0,7.9,18.6
Bolivia,2013,101.0,2287.613,6589.67145543799,14.642951811631711,8.809734511994106,10682608.0,6.8,18.6
Bolivia,2014,102.0,2277.8997,7047.20153027989,13.779879553000397,8.250037312049033,10848888.0,5.6,17.8
Bolivia,2015,103.0,2338.576,7152.04465025692,9.515260498620304,4.657396409541735,11014705.0,6.2,16.8
Bolivia,2016,105.0,2382.6685,7547.90376641611,9.6197115486645,5.527262693365415,11180020.0,7.2,15.6
Bolivia,2017,105.0,2380.289,8510.26685679361,5.801448079057048,3.3705769290551264,11344587.0,6.4,14.9
Bolivia,2018,106.0,2413.3086,8952.58785284444,5.0373912312231095,2.579107398925957,11508368.0,4.7,14.5
Bolivia,2019,106.0,2441.057,9174.44563616863,8.8543946986114,3.363532296987429,11671386.0,3.1,14.5
Bolivia,2020,106.0,2404.384,8293.99121208365,2.606023435375993,-0.5868792136824544,11816299.0,4.2,16.9
Bolivia,2021,105.0,2387.648,9454.19814680002,2.7594456199766526,0.6119121291235244,11937360.0,3.1,20.3
Bolivia,2022,104.0,2359.748,10371.9629079451,6.586323939060046,2.2388901041053093,12077154.0,3.3,23.0
Bolivia,2023,104.0,,10925.2730525053,6.824396620791817,4.883126417112805,12244159.0,2.8,
Bolivia,2024,,,11189.8055097036,15.39631994785331,7.727939292414082,12413315.0,,
Bosnia and Herzegovina,2001,118.0,2694.3132,4307.12311817515,1.6093650880262045,1.5976146596210106,4179438.0,0.6,3.5
Bosnia and Herzegovina,2002,119.0,2700.115,4664.68512072,1.5838747605912085,1.5724913223291892,4188002.0,,3.3
Bosnia and Herzegovina,2003,121.0,2642.3845,4917.86402408479,1.559179312980552,1.5481465872447029,4178523.0,,2.8
Bosnia and Herzegovina,2004,123.0,2901.4116,5408.16150474843,1.5352421352042844,1.5245441738038157,4140987.0,0.4,2.5
Bosnia and Herzegovina,2005,125.0,2877.4465,5955.8392069065,3.831884915627981,2.3221664359600585,4096493.0,,2.5
Bosnia and Herzegovina,2006,125.0,2876.2556,6870.5065279752,9.822827291244485,8.263498925111774,4063272.0,,2.5
Bosnia and Herzegovina,2007,125.0,2953.7441,7686.4139346005,10.001292735416367,2.912939524499752,4013424.0,0.2,2.5
Bosnia and Herzegovina,2008,126.0,3038.8828,8586.77804781181,15.826931344279526,12.1132295885263,3947544.0,,2.5
Bosnia and Herzegovina,2009,125.0,3057.7332,8693.61839746895,4.706844026252632,-0.8288604428432063,3879794.0,,2.5
Bosnia and Herzegovina,2010,124.0,3098.143,9086.74853515985,3.4318144913812354,-0.7551671267980878,3811472.0,,2.5
Bosnia and Herzegovina,2011,124.0,3111.6748,9761.51519578686,8.26134397194338,6.024952271220733,3741798.0,0.2,2.5
Bosnia and Herzegovina,2012,125.0,3110.7673,10121.1556428302,2.723735797885185,1.7530347073631845,3670113.0,,2.5
Bosnia and Herzegovina,2013,126.0,3157.28,10808.3117463605,2.82484293113201,0.0568400848799712,3610859.0,,2.5
Bosnia and Herzegovina,2014,128.0,3222.2695,11167.8674881233,-0.669184150769031,-2.6368975009115863,3564829.0,,2.5
Bosnia and Herzegovina,2015,131.0,3293.5007,11848.6326084163,0.6924271997311715,-0.7075221538868469,3518541.0,,2.5
Bosnia and Herzegovina,2016,132.0,3328.172,12899.1035971919,-0.6715081726270111,-1.3273742343219912,3473003.0,,2.5
Bosnia and Herzegovina,2017,133.0,3304.7998,13626.9153096589,2.442488046132696,1.3302788237657384,3428682.0,,2.5
Bosnia and Herzegovina,2018,133.0,3338.252,14858.2798898982,1.335021394382219,0.6044846050979963,3387000.0,,2.5
Bosnia and Herzegovina,2019,134.0,3356.9006,16428.3934782061,1.6394406671848216,1.0827302306652593,3345533.0,,2.5
Bosnia and Herzegovina,2020,134.0,3386.3882,16369.9341410765,1.598754392073709,1.0245327475177146,3299349.0,,2.5
Bosnia and Herzegovina,2021,135.0,3376.2961,18286.7226290133,10.578862137148024,3.563168864798984,3244907.0,,2.5
Bosnia and Herzegovina,2022,135.0,3398.2314,21117.2830770518,26.176148258007785,21.40092731428869,3204802.0,,2.5
Bosnia and Herzegovina,2023,137.0,,22512.434413542,21.962784639076727,10.920793201031024,3185073.0,,
Bosnia and Herzegovina,2024,,,21971.1489154448,4.888784942332936,2.146508612176858,3164253.0,,
Botswana,2001,95.0,2242.9846,9225.97054261296,4.60872714919911,2.7293587725546224,1712254.0,,23.7
Botswana,2002,95.0,2188.7183,9752.8483079677,11.24429187314968,8.618513962822801,1744763.0,34.8,24.1
Botswana,2003,95.0,2181.1304,10223.9682803527,11.533086601406753,9.63225850473666,1775736.0,,24.7
Botswana,2004,96.0,2249.01,10595.5622823475,5.630025480496137,4.693446295572131,1807146.0,,23.9
Botswana,2005,97.0,2241.1492,11222.4605659522,8.759123795279278,5.363876282485691,1839877.0,,22.9
Botswana,2006,98.0,2174.6296,12304.4671778105,16.14458077553602,12.507787221830496,1874516.0,,22.7
Botswana,2007,98.0,2170.3066,13113.2488470251,15.478615549190788,11.277241838307908,1911201.0,,22.5
Botswana,2008,99.0,2166.11,13526.1911798874,25.08960604571781,20.136788294598706,1949970.0,,22.3
Botswana,2009,101.0,2156.282,11445.7276374329,22.354948715238287,14.692716571593529,1990673.0,21.1,22.3
Botswana,2010,103.0,2489.6504,12490.8923158262,4.583900993993062,3.638399610136084,2033111.0,,22.0
Botswana,2011,105.0,2538.7253,13354.8617837747,9.01343000618331,6.861026285118579,2073535.0,,21.8
Botswana,2012,107.0,2555.1863,12474.5131685518,8.928114831301027,7.958012511030798,2108617.0,,21.2
Botswana,2013,108.0,2607.9587,13340.8782619865,7.487894524208061,5.423246409415516,2140682.0,,20.8
Botswana,2014,109.0,2655.3196,15003.3197518349,3.614987758066146,3.030908050895885,2172044.0,,20.0
Botswana,2015,109.0,2703.2185,14143.6940733728,2.2905611317217245,1.334066143618762,2203273.0,21.4,20.3
Botswana,2016,109.0,2678.7021,16228.1231235664,3.962944689532355,2.691463330389277,2234776.0,,20.9
Botswana,2017,109.0,2703.3176,15700.6650479641,4.416435942620134,3.4527833697841737,2266747.0,,22.0
Botswana,2018,109.0,2700.0015,15785.819633781,0.392542118753747,-0.5122677652230002,2299141.0,,22.0
Botswana,2019,109.0,2761.6855,15960.0156143903,2.999999933490471,1.4015651416165074,2332083.0,,22.7
Botswana,2020,110.0,2786.225,15292.2624704777,4.30950043411733,3.730390001473292,2365894.0,,22.9
Botswana,2021,111.0,2824.042,17960.6254431256,12.555893545331951,7.13566608448198,2401441.0,,24.2
Botswana,2022,111.0,2826.39,19976.8343776476,16.909132972335918,9.936127730769003,2439892.0,,24.3
Botswana,2023,109.0,,21012.1031973569,17.759534766461638,11.938615708447609,2480244.0,,
Botswana,2024,,,20538.1320160386,5.940383764240464,4.848956527465497,2521139.0,,
Brazil,2001,122.0,2902.938,9303.64529202374,9.625998017174142,6.69945818831042,176301203.0,17.5,10.4
Brazil,2002,124.0,2941.602,9616.59485500825,19.508518979780632,9.639483614317912,178503484.0,16.2,9.0
Brazil,2003,127.0,3086.1929,9801.96212464828,26.970279638516654,20.67498455355513,180622688.0,17.1,7.6
Brazil,2004,129.0,3104.521,10525.7113783353,6.140719342569834,4.017604072469224,182675143.0,15.3,6.6
Brazil,2005,130.0,3102.2305,11081.2474735762,5.579133856364393,3.0925245871887443,184688101.0,13.7,6.2
Brazil,2006,131.0,3120.5635,11750.5312440217,1.3088917305271064,0.0251132919395889,186653106.0,11.4,5.9
Brazil,2007,132.0,3129.798,12672.5051160173,10.770760174819928,6.77824022896786,188552320.0,10.8,5.4
Brazil,2008,133.0,3201.35,13445.2454698704,15.789638355092684,13.04882252449943,190367302.0,9.1,4.9
Brazil,2009,134.0,3189.2578,13390.683131466,10.275983238158547,5.887484854252545,192079951.0,8.4,4.1
Brazil,2010,136.0,3302.9934,14451.7158389637,10.387450529524632,6.0878730725434,193701929.0,,3.5
Brazil,2011,136.0,3348.8525,15211.7920391654,10.42031926974969,8.868263003847058,195284734.0,7.1,3.0
Brazil,2012,136.0,3300.0225,15198.0863308622,10.396881298752646,8.10944155397425,196876111.0,6.4,2.8
Brazil,2013,136.0,3311.1294,15722.3335242901,13.997189755257256,11.206242542328676,198478299.0,5.4,2.6
Brazil,2014,136.0,3354.3137,15827.3081625514,8.213932488817433,7.512645335660546,200085127.0,4.7,2.5
Brazil,2015,135.0,3299.9934,14821.4383174534,12.008111351131737,9.77807515162183,201675532.0,5.4,2.5
Brazil,2016,135.0,3280.2747,14309.2061489274,13.916606358170714,12.515182745681315,203218114.0,6.5,2.5
Brazil,2017,135.0,3296.8184,14559.0488897004,6.560869112031731,0.949278283317742,204703445.0,6.9,2.5
Brazil,2018,136.0,3339.502,15463.7426393889,4.134229571957304,0.8947262553133504,206107261.0,6.9,2.5
Brazil,2019,136.0,3350.083,16069.8380152627,7.300892480135968,4.857230019520663,207455459.0,7.0,2.5
Brazil,2020,137.0,3322.7468,16101.6183063466,15.96547982481631,9.03345652172166,208660842.0,2.8,3.4
Brazil,2021,138.0,3374.659,18075.7060049068,15.05711331367252,12.459082050779497,209550294.0,7.5,4.2
Brazil,2022,139.0,3383.5542,19876.8533531447,14.734513900167666,12.013332505832537,210306415.0,4.9,3.9
Brazil,2023,140.0,,21175.6186990185,11.05990757771782,4.149130245052954,211140729.0,3.8,
Brazil,2024,,,22333.4116642585,7.700976967688744,4.626514107917715,211998573.0,,
British Virgin Islands,2001,,,,4.259094635513838,2.4311017598548887,20796.0,,
British Virgin Islands,2002,,,,3.9787795730947817,2.482926513103175,21430.0,,
British Virgin Islands,2003,,,,1.6849202785319315,1.3818664604639357,22134.0,,
British Virgin Islands,2004,,,,1.6475035223636023,1.444188716854313,22881.0,,
British Virgin Islands,2005,,,,3.4206212745754083,2.426882748565278,23665.0,,
British Virgin Islands,2006,,,,5.775648605533323,3.983692071871499,24493.0,,
British Virgin Islands,2007,,,,3.103405301037254,1.4978036204651408,25366.0,,
British Virgin Islands,2008,,,,3.233405050933791,1.501482792589315,26288.0,,
British Virgin Islands,2009,,,,3.1599700195302782,2.0423474046597465,27218.0,,
British Virgin Islands,2010,,,,3.0897964984315074,1.7858993103377934,27675.0,,
British Virgin Islands,2011,,,,2.902849960976117,1.3998603467090955,28710.0,,
British Virgin Islands,2012,,,,2.575352343615611,1.4390471713025754,30345.0,,
British Virgin Islands,2013,,,,5.162155234069377,3.810147605665474,31703.0,,
British Virgin Islands,2014,,,,3.324706414618417,1.6035199767578854,32962.0,,
British Virgin Islands,2015,,,,3.976480422940965,1.3681568656348666,34498.0,,
British Virgin Islands,2016,,,,2.842163866347658,1.1532436629287923,33878.0,,
British Virgin Islands,2017,,,,1.5108496805853022,-1.509319705961439,32699.0,,
British Virgin Islands,2018,,,,2.15458736198646,1.0248776960140102,34657.0,,
British Virgin Islands,2019,,,,0.9831802148249302,0.8913370712788268,36395.0,,
British Virgin Islands,2020,,,,0.9999994307863468,0.90859709215567,37135.0,,
British Virgin Islands,2021,,,,3.199999976679546,2.195289822370707,37809.0,,
British Virgin Islands,2022,,,,,,38319.0,,
British Virgin Islands,2023,,,,,,38985.0,,
British Virgin Islands,2024,,,,,,39471.0,,
Brunei,2001,,2923.7024,,,,,,
Brunei,2002,,2977.707,,,,,,
Brunei,2003,,3039.0999,,,,,,
Brunei,2004,,3064.5837,,,,,,
Brunei,2005,,3051.2021,,,,,,
Brunei,2006,,3055.1594,,,,,,
Brunei,2007,,2994.5159,,,,,,
Brunei,2008,,2986.5115,,,,,,
Brunei,2009,,2959.8743,,,,,,
Brunei Darussalam,2001,,,74253.8817193504,2.241645254829283,0.7733137076521309,333345.0,,
Brunei Darussalam,2002,,,76838.1758589973,-0.324998902517426,-2.9502406554423266,340099.0,,
Brunei Darussalam,2003,,,79632.1721969474,2.500548186065421,0.3476632206773365,346637.0,,
Brunei Darussalam,2004,,,80403.7579266317,2.4493769768474616,1.0828656610278005,352911.0,,
Brunei Darussalam,2005,,,81534.1716616816,2.8331529236632624,1.61769221711058,358916.0,,
Brunei Darussalam,2006,,,86114.3372217103,0.8990755375568371,0.1971287306113965,364663.0,,
Brunei Darussalam,2007,,,83693.3213438754,2.493816281993233,1.2435029205365915,370873.0,,
Brunei Darussalam,2008,,,80476.7248922548,3.4828066173453687,2.6835412325779795,377793.0,,
Brunei Darussalam,2009,,,77957.1442560415,2.3343588454054043,1.3345264639243053,384952.0,,
Brunei Darussalam,2010,,,79542.6778763874,-0.3244840249999492,-0.9457230486311908,392332.0,,
Brunei Darussalam,2011,,,82735.3914838894,0.0343703955145935,0.0092987382784061,399389.0,,
Brunei Darussalam,2012,,,87256.0422331538,0.0569307922935191,-0.0015004630271079,405557.0,,
Brunei Darussalam,2013,,,83237.1470918238,0.6465554690123998,0.1057440742903241,411202.0,,
Brunei Darussalam,2014,,,81225.5484781769,0.4964888596779904,-0.2245827542944732,416750.0,,
Brunei Darussalam,2015,,,62707.8263582428,1.508940120028246,0.906127856384246,422212.0,,
Brunei Darussalam,2016,,,56679.5185751306,0.8793105276093005,-0.5099418417319387,427564.0,,
Brunei Darussalam,2017,,,61657.6802809744,2.2262427255188344,0.2806081364127253,432772.0,,
Brunei Darussalam,2018,,,65148.8264520382,2.990133981314669,1.914098550124656,437810.0,,
Brunei Darussalam,2019,,,69353.6798666178,-0.3538680984270792,-0.7024510331384987,442680.0,,
Brunei Darussalam,2020,,,69787.9633393605,4.702763576043201,2.509169355402632,447404.0,,
Brunei Darussalam,2021,,,78248.7971101454,4.0765357969293925,2.387669223250518,451721.0,,
Brunei Darussalam,2022,,,81801.745908279,6.973642851495576,5.148997524594902,455370.0,,
Brunei Darussalam,2023,,,85032.6008678781,4.797019426140525,2.7348570237035665,458949.0,,
Brunei Darussalam,2024,,,90007.077485547,2.073834423646148,0.5473300637012745,462721.0,,
Bulgaria,2001,110.0,2818.3247,6961.03996834328,11.73464603439205,6.687698632463978,8009142.0,4.7,4.2
Bulgaria,2002,109.0,2781.8457,7786.42174530197,6.801392589413102,-0.0495510736928873,7837161.0,,4.4
Bulgaria,2003,108.0,2757.9167,8417.47073315879,8.50346003350233,-0.7702326703805144,7775327.0,2.2,4.7
Bulgaria,2004,107.0,2762.42,9201.73973840534,10.23863483598484,6.767333591278459,7716860.0,,5.1
Bulgaria,2005,107.0,2718.737,10291.4458776203,8.461480436689218,4.05999127469426,7658972.0,,5.0
Bulgaria,2006,106.0,2752.7556,11408.0495155875,7.605896777775811,5.4241962043684495,7601022.0,8.0,5.2
Bulgaria,2007,107.0,2725.389,12822.3130489488,25.6789650354585,13.582917980564504,7545338.0,2.5,4.8
Bulgaria,2008,107.0,2770.338,14346.8758795014,25.328710513391893,17.18294330101128,7492561.0,1.9,4.6
Bulgaria,2009,108.0,2769.373,14180.7280705653,5.78322141139942,-0.6092151773242165,7444443.0,1.8,4.6
Bulgaria,2010,108.0,2775.1985,14955.9157788275,4.726293311975005,-0.316160321924854,7395599.0,2.7,4.8
Bulgaria,2011,109.0,2787.086,15747.4201648316,9.902735426232612,6.960693876628038,7348328.0,3.4,5.1
Bulgaria,2012,110.0,2794.1245,16327.2877371365,6.642226091601944,3.021508297912712,7305888.0,3.0,4.6
Bulgaria,2013,111.0,2856.967,16893.8166887927,6.953415998833967,2.824766479686682,7160005.0,3.3,4.1
Bulgaria,2014,111.0,2878.201,17990.8269577441,0.3176499882115102,-0.973367956204078,7073572.0,2.7,4.1
Bulgaria,2015,111.0,2779.149,18901.1716985864,1.5943582226310091,0.3246462537954492,6984225.0,4.6,4.0
Bulgaria,2016,111.0,2845.899,20745.4005041383,2.020466031594803,-0.219581817438393,6894139.0,3.1,4.1
Bulgaria,2017,113.0,2855.1604,22316.9752017217,5.146463088552955,3.989342989866024,6803468.0,2.0,3.4
Bulgaria,2018,114.0,2909.012,24053.2540736361,3.261980501841788,2.199250549922114,6710798.0,1.5,3.0
Bulgaria,2019,116.0,2902.6375,26814.4717117337,6.980147751731414,5.1881061691277095,6616726.0,1.6,3.0
Bulgaria,2020,117.0,2918.2454,27376.7783677501,8.021880528266156,5.385170858482199,6550696.0,0.7,2.9
Bulgaria,2021,120.0,2983.6973,30973.6942070222,8.923122196998467,2.793370993183237,6507301.0,1.2,2.5
Bulgaria,2022,122.0,3035.3965,35816.49168179,26.603005090762966,21.900394057331017,6465097.0,1.1,2.5
Bulgaria,2023,124.0,,37507.659899221,24.939327884077063,14.06246731242438,6446596.0,1.0,
Bulgaria,2024,,,41086.3036455051,5.060392005474568,2.5749387731009654,6444366.0,,
Burkina Faso,2001,108.0,2265.8057,947.919374676953,16.417909886233396,8.90694933286818,12295001.0,,22.7
Burkina Faso,2002,111.0,2337.8188,973.983933383218,9.210524597429126,3.177348374609529,12680897.0,,20.7
Burkina Faso,2003,113.0,2411.3247,1037.83799374653,4.311542835428139,-1.9688510664379748,13082532.0,69.6,18.8
Burkina Faso,2004,115.0,2418.435,1079.00009142751,3.4108516795668287,-4.696872543682148,13500533.0,,17.7
Burkina Faso,2005,115.0,2372.817,1171.76432319587,25.35432947601,15.398127309432672,13932123.0,,17.3
Burkina Faso,2006,116.0,2460.7766,1244.00243844319,11.11111218695331,0.1309530113837081,14373707.0,,16.8
Burkina Faso,2007,117.0,2446.1086,1290.49951017424,7.628293964648791,-1.2996900242928968,14816307.0,,16.2
Burkina Faso,2008,117.0,2486.553,1351.36041569133,32.53793086321368,23.234063499023936,15258093.0,,15.7
Burkina Faso,2009,118.0,2535.6802,1359.69224907302,13.840431156864286,3.976546616445909,15710066.0,67.2,15.2
Burkina Faso,2010,118.0,2595.462,1449.42216382921,4.917487859277858,1.4862942181072054,16176498.0,,15.1
Burkina Faso,2011,119.0,2573.1362,1531.34338243982,9.66431557055354,6.127062700030894,16661908.0,,14.5
Burkina Faso,2012,120.0,2632.802,1571.83884477315,9.790139597510985,5.374056404366134,17172287.0,,14.0
Burkina Faso,2013,120.0,2652.606,1642.89213125776,3.9729748988980296,-0.2186182876637402,17695409.0,,13.5
Burkina Faso,2014,120.0,2639.1895,1661.31773793757,-1.2507395019063283,-3.2301308399649304,18229461.0,58.7,13.4
Burkina Faso,2015,120.0,2645.565,1691.57935387408,5.895305607429813,3.155421652256397,18777487.0,,13.5
Burkina Faso,2016,119.0,2636.5513,1881.75893134407,4.230069625136679,0.997710150413747,19334856.0,,13.9
Burkina Faso,2017,119.0,2610.0254,2042.40295259917,6.176032031093492,1.3309973641236807,19894407.0,,14.0
Burkina Faso,2018,119.0,2648.921,2073.3235382155,5.591548474545571,3.372855465188841,20438288.0,47.7,14.5
Burkina Faso,2019,119.0,2628.216,2232.16282016585,-3.0604510030020182,-6.345065283073411,20961952.0,,14.4
Burkina Faso,2020,118.0,2683.8792,2380.72282781802,8.692614655220442,3.731529945692332,21478690.0,,15.1
Burkina Faso,2021,119.0,2664.491,2486.43093147762,14.27628510810961,6.80846225696408,21995243.0,42.1,15.1
Burkina Faso,2022,120.0,2694.6262,2641.87011276968,37.68370497646829,23.98162750561851,22509038.0,,15.4
Burkina Faso,2023,121.0,,2754.71346543427,10.82802601558759,-1.050647268214952,23025776.0,,
Burkina Faso,2024,,,2896.18741593759,10.76329349660654,6.221415370217024,23548781.0,,
Burundi,2001,,,528.311161556767,9.979198220738828,0.8984922438522602,6634365.0,,
Burundi,2002,,,544.794496504169,2.736702906125088,-5.590445434308015,6824132.0,,
Burundi,2003,,,531.68740526714,18.25504710224537,13.83500376658452,7043154.0,,
Burundi,2004,,,551.432352583733,17.156523108720734,10.864653509114929,7310656.0,,
Burundi,2005,,,552.917767300071,40.56735199353574,18.449286983378357,7587299.0,,
Burundi,2006,,,579.571321325558,11.542048765932677,0.7813655650645058,7865547.0,81.5,
Burundi,2007,,,593.463755948817,17.77736795110807,8.991568415792928,8161874.0,,
Burundi,2008,,,608.67043831072,42.73090174486709,34.10168850151046,8505637.0,,
Burundi,2009,,,604.367850922486,36.64032237893329,12.140113172814235,8947646.0,,
Burundi,2010,,1463.4097,613.649848956193,8.921720488215401,6.234881996439661,9376444.0,,
Burundi,2011,,1403.5532,628.667677982637,19.851333304036057,9.15348908975342,9717978.0,,
Burundi,2012,,1401.0671,638.873181633008,21.740275499657933,13.880576028079568,10071028.0,,
Burundi,2013,,1441.214,687.365920077706,13.633963750733646,9.54606512088609,10439341.0,75.8,
Burundi,2014,,1549.6427,724.360357491385,7.656540297725843,2.35379600647936,10799785.0,,
Burundi,2015,,1647.2743,797.426234406883,11.724510770656147,5.781085004218329,11047580.0,,
Burundi,2016,,1695.8793,771.987433717541,13.764344552978455,7.228952142321492,11239451.0,,
Burundi,2017,,1683.0094,761.26925722129,34.26610196395483,24.1988611090348,11506762.0,,
Burundi,2018,,1731.8253,753.455516066195,3.4283360249375283,-10.88125136835212,11859446.0,,
Burundi,2019,,1724.6868,779.197990653363,8.832188659476703,-2.826483209965416,12255336.0,,
Burundi,2020,,1714.5459,786.515830674648,15.02782948724044,12.08610169680464,12617036.0,74.2,
Burundi,2021,,1715.1482,836.665571337829,14.198605880522551,10.4374863304855,12965481.0,,
Burundi,2022,,1697.9843,888.518158386925,39.82102919757138,24.33702876963041,13321097.0,,
Burundi,2023,,,919.597971491806,48.87525548303275,37.63808892894907,13689450.0,,
Burundi,2024,,,949.834613118208,36.71808071212328,18.33221377512367,14047786.0,,
Cabo Verde,2001,106.0,,3216.64651196602,0.6568154740350218,-1.7676105084889655,460293.0,37.1,14.9
Cabo Verde,2002,106.0,,3388.44814452274,0.7612821699441108,0.7135147941581191,467046.0,,14.9
Cabo Verde,2003,108.0,,3551.4638434881,0.7019287393104978,0.3772656114232886,473383.0,,13.5
Cabo Verde,2004,110.0,,3968.65691704088,-0.1798800467876504,-1.4655372715413986,479370.0,,11.6
Cabo Verde,2005,110.0,,4324.20232454639,5.6066694265802575,0.9531013595110734,485115.0,,11.1
Cabo Verde,2006,110.0,,4758.37704995678,9.403669050128416,6.51436849595884,490728.0,,11.5
Cabo Verde,2007,109.0,,5566.76949101583,8.0841632006188,5.030611203431534,496190.0,26.2,12.4
Cabo Verde,2008,108.0,,6010.85136847472,13.803376945859846,9.07601978778306,501355.0,,13.3
Cabo Verde,2009,107.0,,5900.66086529142,7.662835349085406,2.083294972158417,506141.0,,14.0
Cabo Verde,2010,108.0,,6038.58525655665,4.533090767919568,2.1996262046697903,509784.0,,14.1
Cabo Verde,2011,108.0,,6384.22844090415,6.654835814213067,5.213807781635791,511447.0,,13.9
Cabo Verde,2012,108.0,,6318.06108723364,5.620315667647824,2.646811266022673,511955.0,,14.4
Cabo Verde,2013,107.0,,6367.28001322501,4.845739963577667,0.7211473606947608,512225.0,,15.2
Cabo Verde,2014,106.0,,6416.83301150977,0.1890632451212015,-1.1778257424713408,512326.0,,16.3
Cabo Verde,2015,105.0,,6773.48679969386,3.1688699481151827,1.460379578379465,512394.0,14.6,16.8
Cabo Verde,2016,106.0,,7350.75358726727,0.5099545048711018,-0.6420727128825622,512554.0,,16.7
Cabo Verde,2017,107.0,,7935.76176281072,1.367244079045049,-0.1840598099113854,512893.0,,15.9
Cabo Verde,2018,107.0,,7916.42115326174,1.351580391846996,0.4529334790678833,513415.0,,15.2
Cabo Verde,2019,109.0,,8645.75646859343,4.263312169374323,1.3903020928230887,514104.0,,14.0
Cabo Verde,2020,109.0,,6852.57669930355,4.368398851047495,1.6585109941302274,514679.0,,13.2
Cabo Verde,2021,109.0,,7685.41921393669,6.866494512259935,0.5810110289173701,516649.0,,12.6
Cabo Verde,2022,108.0,,9481.07335405605,17.9243487783457,15.684738729242405,519741.0,,12.6
Cabo Verde,2023,108.0,,10300.4408938316,16.551970719492658,8.999536712846426,522331.0,,
Cabo Verde,2024,,,11261.7706486365,2.7309111246669904,0.9731946838137606,524877.0,,
Cambodia,2001,104.0,2140.1736,1357.42611106265,-0.6541904755664518,-3.950139479527585,12658484.0,,24.1
Cambodia,2002,106.0,2238.2434,1442.46481429844,7.159113455945332,2.633174846716488,12855241.0,,21.7
Cambodia,2003,106.0,2240.7344,1597.88226446286,4.403461917126839,1.403686676083299,13050968.0,,20.0
Cambodia,2004,106.0,2258.5557,1769.76235025244,15.905924420406324,7.862858309541182,13244731.0,,19.3
Cambodia,2005,107.0,2312.5935,2038.1459862512,13.874236787231652,9.584247618002372,13439202.0,,18.0
Cambodia,2006,108.0,2362.355,2296.76857875274,13.672950036830755,7.81202060515022,13639028.0,,16.5
Cambodia,2007,109.0,2371.6497,2566.14759732553,23.94510305665689,13.780196857243087,13841770.0,,15.0
Cambodia,2008,111.0,2383.7673,2768.79237617675,52.3637663995872,33.62824299449826,14053479.0,,13.5
Cambodia,2009,112.0,2394.5144,2854.03288376549,8.869583864281672,-0.7937114887996254,14276810.0,,12.3
Cambodia,2010,114.0,2521.0195,2988.50401439457,8.586348531787479,4.344029325006043,14500726.0,,10.7
Cambodia,2011,115.0,2610.723,3223.10209351638,8.895320735935863,6.474133434616335,14722584.0,,9.7
Cambodia,2012,116.0,2602.1758,3583.48229739437,7.728730162596631,3.243731800632897,14945085.0,,8.9
Cambodia,2013,116.0,2590.7163,3890.94841205221,6.107030333228969,3.870492857299077,15170208.0,,8.7
Cambodia,2014,117.0,2603.789,4117.78868309006,6.232277555730814,4.905246722587779,15396772.0,,8.1
Cambodia,2015,118.0,2642.222,4433.64393500572,5.515506417983929,4.026011622575787,15623251.0,,7.5
Cambodia,2016,119.0,2651.5796,4748.12428521528,6.360534561948295,5.587769898294674,15852803.0,,7.0
Cambodia,2017,120.0,2675.357,5050.06356615113,6.525797799039945,3.416926045977512,16073372.0,,6.2
Cambodia,2018,121.0,2674.9004,5616.98087023303,3.240197131530897,2.454740400800833,16274522.0,,5.1
Cambodia,2019,121.0,2716.7173,6153.99439528427,3.362217604078266,2.070483245535037,16481304.0,,4.6
Cambodia,2020,122.0,2721.3882,5942.45380373929,5.919606533481869,4.644016300989136,16725474.0,,4.9
Cambodia,2021,121.0,2694.4207,6225.53265474741,3.7807714617022814,2.749886073721212,16974305.0,,5.0
Cambodia,2022,120.0,2655.5457,6918.81626946766,6.500083861040884,4.9554967185436825,17201724.0,,4.6
Cambodia,2023,120.0,,7430.73085709415,4.506889489992161,3.206336410176798,17423880.0,,
Cambodia,2024,,,7969.93361077408,1.608417351755298,0.4312004601597276,17638801.0,,
Cameroon,2001,99.0,2308.9407,2190.89640724166,6.743377766280001,5.012814071525516,15309490.0,30.8,22.6
Cameroon,2002,101.0,2352.068,2263.05519674356,5.428448500932337,3.237142142268379,15725528.0,,20.4
Cameroon,2003,103.0,2379.836,2368.10119477369,1.6735699435544538,0.7097638590451334,16160340.0,,19.1
Cameroon,2004,106.0,2389.9392,2532.64744424214,1.6928189295745577,0.2637083141650102,16610487.0,,17.4
Cameroon,2005,109.0,2454.9285,2597.68039893219,3.931597566140921,2.2815075537057896,17074594.0,,15.7
Cameroon,2006,112.0,2496.39,2704.43739800377,8.871359592618555,5.828729013794018,17550407.0,,14.0
Cameroon,2007,115.0,2516.0833,2817.7222811838,3.964866555567026,1.059535318393562,18049896.0,36.0,12.4
Cameroon,2008,119.0,2580.4478,2870.44106866605,7.03785414494833,6.0621877343058905,18574056.0,,11.1
Cameroon,2009,122.0,2621.075,2878.95143886138,5.737426650040267,3.4769910726166,19113974.0,,8.3
Cameroon,2010,124.0,2803.6152,2913.94292755606,3.370702749685295,1.447292066882607,19668066.0,,6.2
Cameroon,2011,126.0,2821.945,2988.8172872551,3.908824317448767,3.3347423002329823,20232304.0,,4.3
Cameroon,2012,127.0,2855.1018,3059.64226568251,5.311358902652863,3.8963248970135,20809529.0,,4.1
Cameroon,2013,127.0,2865.8926,3238.86829843733,4.970934158416984,3.263384774609003,21402376.0,,4.2
Cameroon,2014,126.0,2805.2117,3422.26128158344,1.7313840957475124,0.7653229433329957,22059893.0,29.0,4.4
Cameroon,2015,125.0,2806.5657,3497.66067563959,3.10577014089628,2.0330038606257337,22763414.0,,4.8
Cameroon,2016,124.0,2803.3594,3626.99932028578,2.4611063565829427,1.0871463608431802,23454161.0,,5.3
Cameroon,2017,124.0,2779.0115,3767.43072883824,1.3472969029824975,0.0260171273599368,24128601.0,,5.9
Cameroon,2018,124.0,2810.2395,4010.76360069526,2.1855436455539,1.2280471442065084,24806383.0,,6.2
Cameroon,2019,125.0,2863.329,4241.11174920592,3.849597051622733,2.8797123913656315,25506095.0,,6.1
Cameroon,2020,126.0,2841.6514,4365.44704128392,4.137930903989151,3.561567790807613,26210558.0,,5.9
Cameroon,2021,127.0,2865.5618,4793.55628200196,7.607113714034908,4.241535881748983,26915758.0,26.7,5.8
Cameroon,2022,127.0,2868.8884,5188.97750866081,16.42009503080859,12.713865225909542,27632771.0,,5.7
Cameroon,2023,127.0,,5405.57465742869,13.941952895352715,10.949392867241714,28372687.0,,
Cameroon,2024,,,5591.49639781706,7.250614022358803,5.494477072487354,29123744.0,,
Canada,2001,141.0,3475.5864,30230.8487685762,6.129031929948026,4.850791735660221,31020855.0,0.2,2.5
Canada,2002,141.0,3468.11,30963.9218856684,4.931794473594975,2.537740934021704,31359199.0,0.2,2.5
Canada,2003,141.0,3490.9841,32351.5456968698,1.9447286550168696,1.4433425461146936,31642461.0,0.2,2.5
Canada,2004,141.0,3501.0105,33927.6696952532,3.815260839229628,1.7807112068222442,31938807.0,0.2,2.5
Canada,2005,140.0,3454.9502,36328.378994377,4.424778969918153,2.300270369092903,32242732.0,0.2,2.5
Canada,2006,139.0,3454.3047,38119.3909593545,3.3143931898591994,2.2769643001245456,32571193.0,0.2,2.5
Canada,2007,139.0,3471.8254,39575.4770075876,4.748603326250844,2.637762038733886,32888886.0,0.2,2.5
Canada,2008,139.0,3456.8074,40376.0882836384,9.016394117175365,3.9589814705891855,33247298.0,0.2,2.5
Canada,2009,140.0,3432.5386,38864.0566958538,9.498207595096586,5.545553709229153,33630069.0,0.2,2.5
Canada,2010,141.0,3536.4875,40098.2537191139,2.172095973800792,0.9515163789666584,34005902.0,0.2,2.5
Canada,2011,143.0,3572.0742,41666.8374590278,5.718954114545283,4.237978600413361,34339221.0,0.2,2.5
Canada,2012,143.0,3553.993,42291.9729357094,4.903537755718745,2.366074920114723,34713395.0,0.2,2.5
Canada,2013,142.0,3529.0483,44301.0562529133,1.7584106648176778,1.0899865721977413,35080992.0,0.5,2.5
Canada,2014,141.0,3498.3577,45758.1007297304,4.242423496941039,2.5135686061624325,35434066.0,0.2,2.5
Canada,2015,142.0,3503.2898,44669.4513631838,5.354449853517407,4.108405336582355,35704498.0,0.5,2.5
Canada,2016,143.0,3571.5132,46470.6466391109,4.581244569010634,1.0294129273475263,36110803.0,0.5,2.5
Canada,2017,144.0,3568.3508,48317.3874457163,1.5086205541261275,-0.975188889837525,36545075.0,0.5,2.5
Canada,2018,143.0,3573.8647,49982.5999118346,2.476999739206809,0.812089678818261,37072620.0,0.2,2.5
Canada,2019,144.0,3556.1453,50498.9731057448,4.187019428015826,3.678376367724212,37618495.0,0.2,2.5
Canada,2020,144.0,3597.3623,48590.6832121939,3.969883905260363,2.4049254952240213,38028638.0,0.2,2.5
Canada,2021,144.0,3549.4604,56995.1176781351,5.7256994659388605,2.205456143182803,38239864.0,0.2,2.5
Canada,2022,144.0,3572.0554,63578.3201949554,11.41407698454582,9.746202265305248,38935934.0,,2.5
Canada,2023,145.0,,64462.9211694495,11.393189269139125,7.898827580709185,40083484.0,,
Canada,2024,,,65463.0990993361,3.3907723783804578,2.2356808903803667,41288599.0,,
Cape Verde,2001,,2318.1968,,,,,,
Cape Verde,2002,,2283.9146,,,,,,
Cape Verde,2003,,2381.445,,,,,,
Cape Verde,2004,,2494.7004,,,,,,
Cape Verde,2005,,2485.206,,,,,,
Cape Verde,2006,,2468.3042,,,,,,
Cape Verde,2007,,2510.7336,,,,,,
Cape Verde,2008,,2457.107,,,,,,
Cape Verde,2009,,2456.1748,,,,,,
Cape Verde,2010,,2646.0105,,,,,,
Cape Verde,2011,,2661.6372,,,,,,
Cape Verde,2012,,2694.1074,,,,,,
Cape Verde,2013,,2706.2407,,,,,,
Cape Verde,2014,,2704.0837,,,,,,
Cape Verde,2015,,2714.9817,,,,,,
Cape Verde,2016,,2777.1558,,,,,,
Cape Verde,2017,,2817.1665,,,,,,
Cape Verde,2018,,2884.2476,,,,,,
Cape Verde,2019,,2917.3174,,,,,,
Cape Verde,2020,,3003.1572,,,,,,
Cape Verde,2021,,3000.508,,,,,,
Cape Verde,2022,,3014.697,,,,,,
Cayman Islands,2001,,,,4.825736165819694,3.524173262501808,41089.0,,
Cayman Islands,2002,,,,3.598973086805346,2.0565241884346275,42514.0,,
Cayman Islands,2003,,,,4.806866595386516,3.261863983610023,43934.0,,
Cayman Islands,2004,,,,5.973813959104657,4.261698762733899,45352.0,,
Cayman Islands,2005,,,,4.3273006826990645,2.973550800235901,46788.0,,
Cayman Islands,2006,,,75190.660082425,4.452830784846351,2.444820551779149,48232.0,,
Cayman Islands,2007,,,77337.1870579606,7.212622362468224,5.207962493630833,49687.0,,
Cayman Islands,2008,,,76297.4581574567,8.86362982693809,5.797434377659052,51151.0,,
Cayman Islands,2009,,,69254.1810233239,8.63476925840656,4.560537927189666,52618.0,,
Cayman Islands,2010,,,66325.4574311641,3.528002445453416,2.6136987365715405,54099.0,,
Cayman Islands,2011,,,66629.1626966291,5.642730382475891,3.294071349394658,55606.0,,
Cayman Islands,2012,,,64726.5311142894,5.519355701944706,4.408368349131381,57136.0,,
Cayman Islands,2013,,,63648.2539137692,3.659154749597637,3.2934026670651115,58655.0,,
Cayman Islands,2014,,,63560.5141777232,2.880437608858477,2.4092990670689427,60160.0,,
Cayman Islands,2015,,,64009.3167970419,2.8568777512159027,1.733857819593754,61642.0,,
Cayman Islands,2016,,,65680.0748270553,0.6523836025397856,0.1615400540951495,63100.0,,
Cayman Islands,2017,,,68017.6758327335,1.8498067274262957,0.7357390330795225,64535.0,,
Cayman Islands,2018,,,71811.8917405219,4.7413791597599175,4.150249643987164,65941.0,,
Cayman Islands,2019,,,72697.3672861884,3.5063111144663983,2.240786018190048,67327.0,,
Cayman Islands,2020,,,66118.6545207023,6.067960719392551,4.886652173068024,68684.0,,
Cayman Islands,2021,,,74150.8580949692,4.770642173433548,3.831305931111634,70108.0,,
Cayman Islands,2022,,,81803.0976481794,14.05912093460302,8.485966026922133,71591.0,,
Cayman Islands,2023,,,86689.2088816431,13.481800846754831,7.009464324943966,73038.0,,
Cayman Islands,2024,,,,3.498727633225429,1.7891105764462771,74457.0,,
Central African Republic,2001,93.0,1878.6978,668.445939283473,,,3919487.0,,38.2
Central African Republic,2002,92.0,1876.8806,688.18045108872,,,4006077.0,,39.2
Central African Republic,2003,92.0,1835.1477,648.193215397331,,,4103086.0,,39.7
Central African Republic,2004,92.0,1847.2416,690.426514027755,,,4192826.0,,39.6
Central African Republic,2005,94.0,1871.1434,702.460624591232,,,4288810.0,,38.7
Central African Republic,2006,95.0,1868.8235,743.287480208983,,,4377579.0,,36.8
Central African Republic,2007,97.0,1923.3832,783.355445280928,,,4462770.0,,34.7
Central African Republic,2008,98.0,1958.023,797.652806166077,,,4558984.0,67.3,32.3
Central African Republic,2009,100.0,2014.7651,877.252131104878,,,4529047.0,,27.9
Central African Republic,2010,101.0,2371.8838,936.485497371468,,,4492995.0,,24.7
Central African Republic,2011,101.0,2350.6152,980.185520951852,,,4565021.0,,21.8
Central African Republic,2012,99.0,2351.5046,1062.06809941049,,,4610848.0,,23.7
Central African Republic,2013,98.0,2230.061,709.853481245446,,,4642419.0,,25.0
Central African Republic,2014,97.0,2264.1138,698.963738923072,,,4623182.0,,25.7
Central African Republic,2015,99.0,2301.7598,768.870887999174,,,4629320.0,,24.0
Central African Republic,2016,101.0,2348.7126,826.013301383169,,,4713663.0,,22.6
Central African Republic,2017,102.0,2353.8564,883.810734876066,,,4793511.0,,21.7
Central African Republic,2018,103.0,2375.2043,905.817788941094,,,4878657.0,,21.4
Central African Republic,2019,102.0,2399.526,984.843183678857,,,4944703.0,,21.4
Central African Republic,2020,101.0,2409.3303,1066.29005423151,,,5026628.0,,21.8
Central African Republic,2021,99.0,2398.098,1128.55237996459,,,5112100.0,71.6,22.7
Central African Republic,2022,98.0,2418.7656,1217.84977147289,,,5098039.0,,23.5
Central African Republic,2023,98.0,,1257.09435709914,,,5152421.0,,
Central African Republic,2024,,,1263.59554279079,,,5330690.0,,
Chad,2001,94.0,1976.0265,1146.97959315935,23.70468791110816,15.038809174497796,8804124.0,,38.4
Chad,2002,95.0,1934.2806,1220.44985923196,17.04173809830487,6.1501502944284,9116192.0,,37.2
Chad,2003,95.0,1986.2776,1371.83733369973,15.600860004180127,-1.6312167304459873,9487833.0,66.7,37.7
Chad,2004,97.0,1973.9132,1800.4564602371,5.666313948785073,-5.993083472983056,9920036.0,,36.1
Chad,2005,99.0,1972.1428,2092.6770426581,16.810440410187976,9.359735582585154,10328092.0,,34.6
Chad,2006,102.0,1956.0079,2070.12978802095,18.13411611820048,9.311865045087243,10706424.0,,32.2
Chad,2007,104.0,1957.055,2143.70535346626,4.106006503152559,-9.688703892027494,11081660.0,,30.0
Chad,2008,107.0,1948.3491,2175.45480934163,18.20513027576276,12.105828586219324,11476296.0,,28.1
Chad,2009,108.0,1932.1732,2083.77611718024,22.95268026823205,11.916424671294168,11893754.0,,26.2
Chad,2010,109.0,2255.3809,2318.39844293894,1.121100353757365,-2.140088615669131,12312575.0,,25.1
Chad,2011,109.0,2249.7163,2388.16512149441,14.013841657954783,1.8703332033402351,12754997.0,45.2,23.8
Chad,2012,110.0,2303.7322,2435.1240819184,21.922730371894005,12.064483373133417,13210998.0,,23.3
Chad,2013,109.0,2295.9163,2110.24705136988,2.989536653694857,-1.6190467398390742,13691079.0,,23.7
Chad,2014,108.0,2238.468,2133.18441198787,8.27338147777641,2.521032832238401,14188678.0,,25.1
Chad,2015,107.0,2206.809,2377.51137185751,2.209823135634004,-3.22066441641152,14647621.0,,25.8
Chad,2016,107.0,2258.6145,2120.08751553857,1.125279472108276,-3.9928078725556073,15114655.0,,26.1
Chad,2017,108.0,2259.1804,2097.14425483604,2.1556900344082752,-3.718111431606879,15622759.0,,26.6
Chad,2018,107.0,2236.7578,2227.81335372611,2.6497078752756087,-1.858975765137396,16156531.0,41.9,28.0
Chad,2019,105.0,2218.1519,2351.6533976774,-0.0830294042983292,-5.195646678968086,16685223.0,,29.7
Chad,2020,103.0,2177.466,2185.99034173537,17.191818706058303,9.450869705964196,17224679.0,,31.8
Chad,2021,101.0,2111.2505,2435.072746511,2.95670612911505,-1.5818545348087252,17828273.0,,33.6
Chad,2022,99.0,2097.067,2845.04838304237,21.55625723239314,12.36557276482555,18455316.0,39.5,35.1
Chad,2023,98.0,,2931.57900890409,18.78669264573287,15.010881734110576,19319064.0,,
Chad,2024,,,2961.9319239201,16.638513665053488,10.76668193454172,20299123.0,,
Channel Islands,2001,,,,,,148850.0,,
Channel Islands,2002,,,,,,149881.0,,
Channel Islands,2003,,,,,,150960.0,,
Channel Islands,2004,,,,,,152039.0,,
Channel Islands,2005,,,,,,153126.0,,
Channel Islands,2006,,,,,,154214.0,,
Channel Islands,2007,,,,,,155309.0,,
Channel Islands,2008,,,,,,156408.0,,
Channel Islands,2009,,,,,,157511.0,,
Channel Islands,2010,,,,,,158621.0,,
Channel Islands,2011,,,,,,159706.0,,
Channel Islands,2012,,,,,,160767.0,,
Channel Islands,2013,,,,,,161777.0,,
Channel Islands,2014,,,,,,162726.0,,
Channel Islands,2015,,,,,,163454.0,,
Channel Islands,2016,,,,,,163883.0,,
Channel Islands,2017,,,,,,164319.0,,
Channel Islands,2018,,,,,,164949.0,,
Channel Islands,2019,,,,,,165639.0,,
Channel Islands,2020,,,,,,166235.0,,
Channel Islands,2021,,,,,,166741.0,,
Channel Islands,2022,,,,,,167215.0,,
Channel Islands,2023,,,,,,167691.0,,
Channel Islands,2024,,,,,,168126.0,,
Chile,2001,122.0,2859.7983,9775.553235058,2.0490528107873107,0.5192198623299827,15683849.0,,3.2
Chile,2002,122.0,2893.0642,10133.404114206,4.255323923838028,2.003260826974869,15857925.0,,3.1
Chile,2003,123.0,2885.8123,10708.8236470582,5.615806312711591,3.3281454173183587,16024752.0,7.9,3.0
Chile,2004,123.0,2913.5178,11612.3996853517,-0.0428335280168834,-1.9201849407725005,16187322.0,,3.1
Chile,2005,123.0,2907.0818,12550.4348007645,6.334401119007826,2.863323665278798,16348778.0,,3.0
Chile,2006,123.0,2956.2485,15510.7700739452,5.240433130527111,2.63670248078316,16509195.0,3.3,3.0
Chile,2007,123.0,2932.5476,16697.5160217416,16.677879102529868,9.496744745762207,16671581.0,,3.0
Chile,2008,122.0,2941.604,16375.9648536011,20.83770209030762,17.280000154381966,16838988.0,,3.3
Chile,2009,121.0,2888.9856,15951.3304877878,16.842118240235514,4.6833558743169,17009731.0,2.6,3.6
Chile,2010,120.0,2874.9626,17917.8951217097,5.587543057852806,2.198366376442723,17181464.0,,3.7
Chile,2011,120.0,2902.8323,20121.6834214209,8.563536392671045,6.685152252932653,17351816.0,1.7,3.8
Chile,2012,121.0,2887.689,21366.1771264909,9.77575835795923,7.6520495084942945,17519119.0,,3.5
Chile,2013,121.0,2939.3135,22201.0660684337,6.325219504646573,4.443135873998092,17687006.0,0.8,3.4
Chile,2014,121.0,2938.084,22553.6161787372,10.137855411305786,6.950700023826425,17864195.0,,3.3
Chile,2015,121.0,2925.5098,22457.8800614565,9.476003967339386,7.170680763483258,18047625.0,0.7,3.3
Chile,2016,122.0,2954.5056,23256.5036042211,4.883133625494684,3.828262718583823,18267221.0,,3.2
Chile,2017,122.0,2956.4927,24295.223766602,4.179200459942933,2.0303074744682568,18558868.0,0.5,3.1
Chile,2018,123.0,2990.8167,25305.0903462611,3.852999873231489,3.054324402322526,18893191.0,,3.0
Chile,2019,124.0,3022.5464,25611.7578269458,3.7411931020151057,2.5650029151227827,19197744.0,,2.7
Chile,2020,126.0,3079.382,25350.8635082972,8.27827406573105,6.730710894809462,19370624.0,1.7,2.5
Chile,2021,126.0,3136.642,29089.850459728,7.820488051898433,5.4145700112792206,19456334.0,,2.5
Chile,2022,126.0,3113.6423,30820.3526971179,24.71569398064195,17.64192953841005,19553036.0,0.5,2.5
Chile,2023,126.0,,32801.3786378418,23.94132744402915,12.56430567540375,19658835.0,,
Chile,2024,,,34637.1168279143,6.059054482897364,4.736518964869418,19764771.0,,
China,2001,116.0,2836.1829,3258.40210660305,1.7004525989137154,0.0423088511897623,1271850000.0,,10.3
China,2002,116.0,2850.6072,3590.7659594167,0.5533396573340843,-0.6384356213324635,1280400000.0,48.1,9.7
China,2003,116.0,2851.1482,4007.11604605423,8.555399026541322,3.426706243787917,1288400000.0,,8.9
China,2004,116.0,2875.2415,4504.92937237596,14.4742002130142,9.862824883059076,1296075000.0,,8.1
China,2005,117.0,2896.9106,5148.18273933805,8.769895234392177,2.8473592980879663,1303720000.0,33.1,7.2
China,2006,117.0,2900.6997,5946.28682830185,6.294188544816848,2.452262347311272,1311020000.0,,6.2
China,2007,119.0,2937.7812,6935.26580584434,18.253763926963053,12.41404092414588,1317885000.0,,5.1
China,2008,120.0,2996.8909,7712.84608425069,23.331267748010557,14.697268241985396,1324655000.0,26.2,4.0
China,2009,122.0,3013.4585,8447.98281469227,5.196885671715457,0.7292926290082509,1331260000.0,,2.9
China,2010,124.0,3041.4373,9411.13821903204,11.967260445728378,7.3456279879168305,1337705000.0,20.6,2.5
China,2011,126.0,3088.3298,10456.7916826113,14.936087592389068,11.918540115299525,1345035000.0,15.7,2.5
China,2012,127.0,3103.4578,11420.2527051141,10.529890822051602,4.954934794292293,1354190000.0,13.2,2.5
China,2013,128.0,3100.1692,12228.3736084197,6.524909830173686,4.697390511718079,1363240000.0,6.2,2.5
China,2014,130.0,3199.879,12941.5964809146,4.096301966610105,3.0913796885845524,1371860000.0,4.7,2.5
China,2015,132.0,3235.5051,13463.3331511105,3.778397883712681,2.4575377051660703,1379860000.0,3.0,2.5
China,2016,133.0,3222.5378,14157.2514988004,7.910128604607203,4.4847499879874,1387790000.0,2.2,2.5
China,2017,134.0,3257.5286,15022.4371883124,2.90587810266556,-1.3139890235494869,1396215000.0,1.7,2.5
China,2018,135.0,3274.778,16298.2050619109,4.538834905490652,1.8293474144706383,1402760000.0,0.8,2.5
China,2019,136.0,3303.162,17600.8907568493,19.164149206297807,9.380855380272688,1407745000.0,0.0,2.5
China,2020,137.0,3323.2466,18267.4783455827,21.917210272328248,11.018536196098305,1411100000.0,0.0,2.5
China,2021,139.0,3403.8318,20843.2978347377,2.1049649823690952,-1.6945237798450854,1412360000.0,0.0,2.5
China,2022,140.0,3453.9045,23032.1766271143,8.697825170110951,2.7777789887930697,1412175000.0,0.0,2.5
China,2023,140.0,,25179.1193066383,6.238165519008732,-0.2828865440495663,1410710000.0,,
China,2024,,,27104.8702677463,3.363993063476145,-0.5977185500975692,1408975000.0,,
China (FAO),2001,,2821.0,,,,,,
China (FAO),2002,,2836.0,,,,,,
China (FAO),2003,,2838.0,,,,,,
China (FAO),2004,,2861.0,,,,,,
China (FAO),2005,,2883.0,,,,,,
China (FAO),2006,,2886.0,,,,,,
China (FAO),2007,,2921.0,,,,,,
China (FAO),2008,,2977.0,,,,,,
China (FAO),2009,,2995.0,,,,,,
China (FAO),2010,,3047.86,,,,,,
China (FAO),2011,,3093.0,,,,,,
China (FAO),2012,,3106.94,,,,,,
China (FAO),2013,,3103.74,,,,,,
China (FAO),2014,,3201.35,,,,,,
China (FAO),2015,,3235.16,,,,,,
China (FAO),2016,,3221.91,,,,,,
China (FAO),2017,,3256.21,,,,,,
China (FAO),2018,,3273.33,,,,,,
China (FAO),2019,,3300.74,,,,,,
China (FAO),2020,,3318.53,,,,,,
China (FAO),2021,,3395.05,,,,,,
China (FAO),2022,,3441.48,,,,,,
"China, Hong Kong SAR",2001,129.0,,,0.359713511140125,-0.8378136596014117,,,
"China, Hong Kong SAR",2002,130.0,,,-1.0810814385251333,-2.066619881113968,,,
"China, Hong Kong SAR",2003,131.0,,,-0.7476625998538045,-1.524004789468708,,,
"China, Hong Kong SAR",2004,131.0,,,1.8867918683276972,1.0438972714872614,,,
"China, Hong Kong SAR",2005,130.0,,,3.787607988220576,2.585313261600088,,,
"China, Hong Kong SAR",2006,129.0,,,4.27928010205092,2.527971686366753,,,
"China, Hong Kong SAR",2007,128.0,,,11.79039223242544,7.057347143046745,,,
"China, Hong Kong SAR",2008,127.0,,,19.75560157155749,16.911312844071105,,,
"China, Hong Kong SAR",2009,126.0,,,11.2570358449128,1.0596781589808664,,,
"China, Hong Kong SAR",2010,126.0,,,6.065858033175986,3.4790308760698987,,,
"China, Hong Kong SAR",2011,126.0,,,11.84433186007876,9.866271561892791,,,
"China, Hong Kong SAR",2012,125.0,,,10.987261943330484,6.576418217983775,,,
"China, Hong Kong SAR",2013,125.0,,,6.637807477278201,4.358828102926203,,,
"China, Hong Kong SAR",2014,125.0,,,4.728789417415036,3.5693274184765422,,,
"China, Hong Kong SAR",2015,125.0,,,4.116865549413062,3.2791633399307,,,
"China, Hong Kong SAR",2016,126.0,,,9.33503833129208,3.614321904961217,,,
"China, Hong Kong SAR",2017,128.0,,,3.241894929657541,1.1279650763605116,,,
"China, Hong Kong SAR",2018,130.0,,,5.210918428638478,4.330073546999905,,,
"China, Hong Kong SAR",2019,129.0,,,14.150943682508489,9.703533937270311,,,
"China, Hong Kong SAR",2020,128.0,,,15.650172618393675,7.996148220302004,,,
"China, Hong Kong SAR",2021,125.0,,,2.4777007435428544,1.4133029108844026,,,
"China, Hong Kong SAR",2022,124.0,,,7.543520306560336,4.4560519607271685,,,
"China, Hong Kong SAR",2023,123.0,,,6.110572219593324,0.5305599619761828,,,
"China, Hong Kong SAR",2024,,,,0.7554295178060499,-0.3045510583284237,,,
"China, Macao SAR",2001,105.0,,,-0.3118036907167054,-1.4488190701990986,,,
"China, Macao SAR",2002,106.0,,,-0.8648162696998085,-2.11507559387471,,,
"China, Macao SAR",2003,107.0,,,-0.0933058592725744,-1.262532661914136,,,
"China, Macao SAR",2004,109.0,,,3.911923282830654,2.243562115896552,,,
"China, Macao SAR",2005,111.0,,,5.579893008335191,3.9990088470234553,,,
"China, Macao SAR",2006,113.0,,,4.586153493324341,3.704233660874697,,,
"China, Macao SAR",2007,114.0,,,12.15735512063192,8.174595551700174,,,
"China, Macao SAR",2008,116.0,,,19.96105318477579,17.221520852891622,,,
"China, Macao SAR",2009,117.0,,,12.244158288039886,5.625724627974204,,,
"China, Macao SAR",2010,120.0,,,5.356582665220944,4.724438641814539,,,
"China, Macao SAR",2011,121.0,,,11.024682716269464,8.119923700680019,,,
"China, Macao SAR",2012,123.0,,,10.199588973515738,8.55098736024613,,,
"China, Macao SAR",2013,125.0,,,7.444232243048354,6.62977188702862,,,
"China, Macao SAR",2014,127.0,,,6.744759535504463,6.115952664345283,,,
"China, Macao SAR",2015,129.0,,,5.485280316252039,4.878257203218801,,,
"China, Macao SAR",2016,129.0,,,5.256777357063269,2.888118107116324,,,
"China, Macao SAR",2017,130.0,,,2.3319609255265883,1.5376007006118555,,,
"China, Macao SAR",2018,130.0,,,3.1576748249327435,2.759108795138049,,,
"China, Macao SAR",2019,127.0,,,5.400802076806621,3.80853337286732,,,
"China, Macao SAR",2020,124.0,,,6.081281606161704,3.3953337673163944,,,
"China, Macao SAR",2021,120.0,,,1.2038024265303982,0.2356432472313198,,,
"China, Macao SAR",2022,120.0,,,2.2134210020673617,1.7526647899594092,,,
"China, Macao SAR",2023,118.0,,,2.919951719769976,2.631640887562544,,,
"China, Macao SAR",2024,,,,1.7557198541728214,1.0221869043785563,,,
"China, Taiwan Province of",2001,125.0,,,,,,,
"China, Taiwan Province of",2002,123.0,,,,,,,
"China, Taiwan Province of",2003,122.0,,,,,,,
"China, Taiwan Province of",2004,122.0,,,,,,,
"China, Taiwan Province of",2005,121.0,,,,,,,
"China, Taiwan Province of",2006,120.0,,,,,,,
"China, Taiwan Province of",2007,119.0,,,,,,,
"China, Taiwan Province of",2008,119.0,,,,,,,
"China, Taiwan Province of",2009,119.0,,,,,,,
"China, Taiwan Province of",2010,119.0,,,,,,,
"China, Taiwan Province of",2011,118.0,,,,,,,
"China, Taiwan Province of",2012,118.0,,,,,,,
"China, Taiwan Province of",2013,118.0,,,,,,,
"China, Taiwan Province of",2014,118.0,,,,,,,
"China, Taiwan Province of",2015,118.0,,,,,,,
"China, Taiwan Province of",2016,118.0,,,,,,,
"China, Taiwan Province of",2017,118.0,,,,,,,
"China, Taiwan Province of",2018,119.0,,,,,,,
"China, Taiwan Province of",2019,119.0,,,,,,,
"China, Taiwan Province of",2020,119.0,,,,,,,
"China, Taiwan Province of",2021,119.0,,,,,,,
"China, Taiwan Province of",2022,119.0,,,,,,,
"China, Taiwan Province of",2023,120.0,,,,,,,
"China, mainland",2001,116.0,,,,,,,
"China, mainland",2002,116.0,,,,,,,
"China, mainland",2003,116.0,,,,,,,
"China, mainland",2004,116.0,,,,,,,
"China, mainland",2005,117.0,,,,,,,
"China, mainland",2006,117.0,,,,,,,
"China, mainland",2007,119.0,,,,,,,
"China, mainland",2008,120.0,,,,,,,
"China, mainland",2009,122.0,,,,,,,
"China, mainland",2010,124.0,,,,,,,
"China, mainland",2011,126.0,,,,,,,
"China, mainland",2012,127.0,,,,,,,
"China, mainland",2013,128.0,,,,,,,
"China, mainland",2014,130.0,,,,,,,
"China, mainland",2015,132.0,,,,,,,
"China, mainland",2016,133.0,,,,,,,
"China, mainland",2017,134.0,,,,,,,
"China, mainland",2018,135.0,,,,,,,
"China, mainland",2019,136.0,,,,,,,
"China, mainland",2020,137.0,,,,,,,
"China, mainland",2021,139.0,,,,,,,
"China, mainland",2022,140.0,,,,,,,
"China, mainland",2023,140.0,,,,,,,
Colombia,2001,123.0,2875.238,6934.88284338593,11.762371753339874,9.84603812653159,39709262.0,29.6,8.6
Colombia,2002,123.0,2843.492,7108.8239028593,13.081824109628617,9.762291127542955,40324680.0,21.2,8.9
Colombia,2003,122.0,2861.8765,7420.46008365281,11.739367594699956,8.134168922179613,40937429.0,19.8,9.6
Colombia,2004,122.0,2843.8552,7909.34635155695,7.838090202686532,6.363911681497501,41543171.0,19.2,10.4
Colombia,2005,121.0,2801.4417,8432.33329078314,7.465207005917951,6.363723671270031,42128977.0,16.8,11.1
Colombia,2006,122.0,2844.6123,9154.08926196511,6.613656996503314,5.584916089510205,42691084.0,,11.3
Colombia,2007,123.0,2885.8867,9909.29031403767,10.759496999936658,8.415093817965776,43235374.0,,10.9
Colombia,2008,122.0,2896.4336,10307.0649878854,15.783360198945996,12.38149654237582,43758808.0,16.6,11.1
Colombia,2009,121.0,2801.676,10367.3489557519,13.398475696296908,3.7473869900498418,44271541.0,15.0,11.2
Colombia,2010,120.0,2801.4343,10841.1279801312,3.9005031725402928,0.2245998501978865,44777319.0,13.1,11.3
Colombia,2011,121.0,2803.96,11707.4614624747,7.216395427615585,4.576678924738796,45259614.0,11.2,10.1
Colombia,2012,124.0,2897.5862,12093.0754939172,4.620866340260377,3.431684200184574,45715810.0,10.9,8.7
Colombia,2013,126.0,2974.2944,12779.8865818318,1.3054990495507957,0.4140168700205097,46151584.0,9.9,7.2
Colombia,2014,129.0,3009.3745,13355.3624162195,5.49114692106405,2.969387031178538,46565429.0,9.0,5.9
Colombia,2015,130.0,3075.3164,13332.0555048211,13.07827413790068,8.622782695979033,46969940.0,8.1,5.1
Colombia,2016,130.0,3090.7598,14026.8399931053,18.94408369809568,13.197975072813245,47437512.0,8.0,4.6
Colombia,2017,130.0,3052.0144,14400.6139849314,4.58515045664003,0.722005316848918,48131078.0,7.3,4.3
Colombia,2018,129.0,3087.4905,15239.4049488277,1.8652961875800456,0.8333198354789805,49024465.0,7.4,4.3
Colombia,2019,130.0,3063.3657,16181.5908990662,6.867873922858236,4.882052716408169,49907985.0,8.8,4.3
Colombia,2020,130.0,3104.4768,15519.2101694656,8.226516750177225,5.564600377842868,50629997.0,13.5,4.4
Colombia,2021,131.0,3110.115,17383.0901728295,17.23449358653506,9.707911439414316,51188173.0,11.2,4.2
Colombia,2022,131.0,3120.596,20695.7426775731,27.809790114950395,24.8951660839194,51737944.0,9.3,4.2
Colombia,2023,132.0,,20944.4883888657,26.177045651973007,15.111730879044035,52321152.0,7.7,
Colombia,2024,,,21494.6002713853,5.2659518341753975,3.1678291284876017,52886363.0,,
Comoros,2001,99.0,,1762.1133864574,12.55715228888694,3.544701940169543,547220.0,,24.9
Comoros,2002,103.0,,1792.76085683106,15.641358463485222,6.877656104841805,558923.0,,20.9
Comoros,2003,105.0,,1830.99192007596,14.341308278267295,3.292056565186197,569798.0,,18.0
Comoros,2004,107.0,,1880.33310091291,7.921034816605377,3.4023771393573607,580704.0,27.9,16.6
Comoros,2005,107.0,,1954.0300331157,7.519196224097291,1.6235434141555416,592677.0,,16.6
Comoros,2006,107.0,,2026.31950093045,6.906514098672734,3.1646419754762114,604753.0,,17.4
Comoros,2007,107.0,,2056.47051048801,17.547545900144357,7.002990089772125,616927.0,,18.6
Comoros,2008,108.0,,2136.32459252434,7.399999406845636,4.811600182537894,629307.0,,19.9
Comoros,2009,108.0,,2243.86822376717,4.758196709425255,-6.946011510132543,641947.0,,18.7
Comoros,2010,108.0,2404.483,2333.32778329942,9.488902959494585,2.668522117988113,654836.0,,17.3
Comoros,2011,107.0,2387.0962,2471.79015172257,5.86287465825055,2.058516841358903,668056.0,,15.7
Comoros,2012,108.0,2394.2183,2678.70108782094,11.135714317148103,5.463833841913092,681630.0,,15.4
Comoros,2013,108.0,2446.639,2832.52867837396,3.987626122759025,0.4339622270428657,696192.0,,14.8
Comoros,2014,109.0,2444.236,2937.61183759802,6.773840034975653,2.064592446919752,711503.0,31.4,14.4
Comoros,2015,110.0,2446.7046,2949.47342240993,4.600045017821208,1.651167561258555,726682.0,,13.9
Comoros,2016,111.0,2506.5952,3139.05160740463,6.168037547734939,2.613750072580487,741741.0,,13.5
Comoros,2017,111.0,2499.8914,3347.45652997484,4.558285655851591,0.81974872367639,756669.0,,13.1
Comoros,2018,111.0,2489.0107,3304.54845189026,6.453590514797836,2.486926544769007,771590.0,,13.1
Comoros,2019,111.0,2503.4412,3312.74957050543,9.646526861729354,4.909286284821524,786578.0,,13.4
Comoros,2020,110.0,2494.7822,3261.59496762747,12.480605313415191,0.567378148460638,802163.0,,13.9
Comoros,2021,109.0,2447.8745,3449.04357453181,11.933797964335714,0.143907603710212,818174.0,,15.7
Comoros,2022,108.0,2423.7202,3726.14917950744,18.83268495841577,12.98604569172285,834188.0,,16.9
Comoros,2023,109.0,,3902.7466596027,20.652173783457428,6.956097285948695,850387.0,,
Comoros,2024,,,4055.12633434507,,,866628.0,,
Congo,2001,100.0,2186.6157,,5.583301062231949,0.1187970274809,,,
Congo,2002,100.0,2213.9854,,7.347150146234282,3.398291825044716,,,
Congo,2003,100.0,2182.297,,4.012323164012188,-0.4588527167293041,,,
Congo,2004,99.0,2189.0183,,5.155769936628007,1.8972885035036136,,,
Congo,2005,98.0,1958.2163,,4.153580372278731,2.313915999227443,,,
Congo,2006,96.0,2036.665,,9.791576050310535,5.3401438271083554,,,
Congo,2007,95.0,2016.2307,,7.183674686747232,2.297938877015318,,,
Congo,2008,93.0,1988.1687,,13.18252685958472,1.370713534531461,,,
Congo,2009,91.0,1998.798,,11.70053233777053,3.977628015860717,,,
Congo,2010,89.0,1974.6923,,6.516363523390334,-0.3625917070218541,,,
Congo,2011,89.0,1940.6716,,4.416324599481536,2.7590377188996897,,,
Congo,2012,90.0,1994.7496,,14.24086759491554,8.605777180703909,,,
Congo,2013,93.0,2072.9937,,9.133437554333868,5.739212995036347,,,
Congo,2014,95.0,2118.4177,,1.4822740089733166,-2.244308617655576,,,
Congo,2015,96.0,2120.4722,,4.913468597615167,2.9499117563899966,,,
Congo,2016,96.0,2099.8071,,4.579239519502032,0.5207510460813756,,,
Congo,2017,96.0,2125.2583,,1.8769649319208213,-1.1793391201390724,,,
Congo,2018,96.0,2110.701,,3.4758550121151366,0.0111944983289989,,,
Congo,2019,97.0,2125.1895,,5.1611816394522725,-0.200260646646023,,,
Congo,2020,97.0,2160.0042,,8.869650870099854,2.2814047900119068,,,
Congo,2021,98.0,2174.6123,,7.5029041307649535,3.0468952034975465,,,
Congo,2022,98.0,2167.062,,9.53757280640497,6.207539749871625,,,
Congo,2023,98.0,,,6.709558467059362,4.281323260174743,,,
Congo,2024,,,,5.986508762354958,2.3861726736790803,,,
"Congo, Dem. Rep.",2001,106.0,,403.98428591939,634.9797633229488,427.6445844692623,52132646.0,,30.4
"Congo, Dem. Rep.",2002,106.0,,409.642938250634,213.8389855298199,45.93424543986245,53750524.0,,30.9
"Congo, Dem. Rep.",2003,106.0,,428.333625563474,17.998536333786163,12.982964346517504,55343867.0,,30.9
"Congo, Dem. Rep.",2004,106.0,,455.867786496371,8.71611605647422,3.987322148643829,56997741.0,94.9,31.8
"Congo, Dem. Rep.",2005,106.0,,483.911329537472,26.928316661600228,21.17403731172593,58775724.0,,31.7
"Congo, Dem. Rep.",2006,106.0,,509.427782965278,19.43731885310487,13.085228215209732,60615908.0,,31.7
"Congo, Dem. Rep.",2007,106.0,,539.412638517763,21.786796161359657,17.09679074865567,62477752.0,,30.9
"Congo, Dem. Rep.",2008,105.0,,566.685382126154,25.651255094440508,17.118442269984936,64390664.0,,30.9
"Congo, Dem. Rep.",2009,105.0,,568.609567790794,49.62897046043753,34.455227015861475,66412044.0,,30.4
"Congo, Dem. Rep.",2010,105.0,2163.8176,597.088740789196,-9.615038228607542,-17.72162036250862,68563038.0,,29.6
"Congo, Dem. Rep.",2011,105.0,2185.6885,630.284880597714,19.72988756713037,15.21957080763653,70849311.0,,29.5
"Congo, Dem. Rep.",2012,104.0,2144.6108,632.202076130903,19.59874550015177,8.677450187782535,73254618.0,78.9,30.3
"Congo, Dem. Rep.",2013,104.0,2115.3728,712.439006688802,1.0700240256461768,0.7233336991550163,75789395.0,,30.6
"Congo, Dem. Rep.",2014,104.0,2167.8557,804.596634628245,1.560708574144698,1.384563477782628,78403242.0,,30.9
"Congo, Dem. Rep.",2015,103.0,2133.414,859.143482737815,1.1427949078213206,0.8383606055892981,81035531.0,,31.5
"Congo, Dem. Rep.",2016,102.0,2085.9963,913.955559409226,9.34484920982488,3.0204903591232664,83956415.0,,32.1
"Congo, Dem. Rep.",2017,102.0,2121.072,1003.25735502912,13.702321139044216,12.576948794461051,87083398.0,,32.4
"Congo, Dem. Rep.",2018,102.0,2101.0217,1069.28163391342,,,90047644.0,,32.3
"Congo, Dem. Rep.",2019,101.0,2091.0916,1167.32061572833,,,92947442.0,,33.8
"Congo, Dem. Rep.",2020,100.0,2026.1703,1136.00839556367,,,95989998.0,85.3,35.0
"Congo, Dem. Rep.",2021,99.0,2047.3108,1313.61821829086,,,99148932.0,,35.7
"Congo, Dem. Rep.",2022,99.0,2078.9473,1484.2411691036,,,102396968.0,,37.0
"Congo, Dem. Rep.",2023,98.0,,1616.46849175601,,,105789731.0,,
"Congo, Dem. Rep.",2024,,,1709.73207724172,,,109276265.0,,
"Congo, Rep.",2001,,,3748.44674931557,,,3272537.0,,26.9
"Congo, Rep.",2002,,,3888.16402343345,,,3350771.0,,26.4
"Congo, Rep.",2003,,,3886.99206795632,,,3445753.0,,26.5
"Congo, Rep.",2004,,,3991.51124729764,,,3565554.0,,27.8
"Congo, Rep.",2005,,,4278.92538741319,,,3696393.0,54.5,29.1
"Congo, Rep.",2006,,,4588.10924898465,,,3837409.0,,31.1
"Congo, Rep.",2007,,,4242.61126846002,,,3980430.0,,33.2
"Congo, Rep.",2008,,,4448.33261714253,,,4113517.0,,35.6
"Congo, Rep.",2009,,,4800.90159806602,,,4281219.0,,38.1
"Congo, Rep.",2010,,,5125.06991343643,,,4462290.0,,40.5
"Congo, Rep.",2011,,,5175.20439089036,,,4609724.0,39.2,40.3
"Congo, Rep.",2012,,,6058.06449417412,,,4740450.0,,37.2
"Congo, Rep.",2013,,,5833.86336651436,,,4857099.0,,32.5
"Congo, Rep.",2014,,,5733.18393561256,,,4975880.0,,29.5
"Congo, Rep.",2015,,,4715.13431581624,,,5097581.0,,29.3
"Congo, Rep.",2016,,,4016.04908525318,,,5222536.0,,29.5
"Congo, Rep.",2017,,,4444.63900215824,,,5351011.0,,30.2
"Congo, Rep.",2018,,,5593.19370578686,,,5483118.0,,29.8
"Congo, Rep.",2019,,,5719.59977338291,,,5616661.0,,29.1
"Congo, Rep.",2020,,,4770.96449758365,,,5752791.0,,27.8
"Congo, Rep.",2021,,,6263.21161292636,,,5892183.0,,27.1
"Congo, Rep.",2022,,,6647.4968173139,,,6035104.0,,26.8
"Congo, Rep.",2023,,,6850.27770621099,,,6182885.0,,
"Congo, Rep.",2024,,,7026.36202432036,,,6332961.0,,
Cook Islands,2001,,,,9.352935440681964,6.633707531511259,,,
Cook Islands,2002,,,,9.13024407677252,7.982490073368705,,,
Cook Islands,2003,,,,6.50929595267693,4.513478367787138,,,
Cook Islands,2004,,,,2.442667224451167,1.6472507016444704,,,
Cook Islands,2005,,,,1.1355451835875607,1.0110358908257178,,,
Cook Islands,2006,,,,2.3562908522114734,1.7990638411108908,,,
Cook Islands,2007,,,,2.173930426164405,1.1877133039557748,,,
Cook Islands,2008,,,,5.88059168625672,3.2854837637779783,,,
Cook Islands,2009,,,,5.570076919965183,4.3150781502495255,,,
Cook Islands,2010,,,,3.4267913992754195,2.6461327488108792,,,
Cook Islands,2011,,,,2.786069559982129,2.13567200824857,,,
Cook Islands,2012,,,,3.063240914156218,2.380672490309984,,,
Cook Islands,2013,,,,2.41080036869179,1.916861247304667,,,
Cook Islands,2014,,,,1.78236413491204,1.11186099317332,,,
Cook Islands,2015,,,,1.6022618944295353,0.1842444855413683,,,
Cook Islands,2016,,,,1.3023255412962564,0.9517014971994252,,,
Cook Islands,2017,,,,0.829492845884916,0.6358731229183012,,,
Cook Islands,2018,,,,0.7279346009968268,0.5936336523414706,,,
Cook Islands,2019,,,,1.6260157852850732,1.2179292748373038,,,
Cook Islands,2020,,,,4.043126478458703,2.4357751357479955,,,
Cook Islands,2021,,,,4.419410385936251,2.749361700346576,,,
Cook Islands,2022,,,,23.48547724373502,14.88711216455748,,,
Cook Islands,2023,,,,22.473440384431843,14.824418453992116,,,
Cook Islands,2024,,,,5.048932194335265,3.591781488401581,,,
Costa Rica,2001,116.0,2803.829,8190.07440941136,13.173206335555076,10.600261836802774,4008947.0,7.6,4.3
Costa Rica,2002,115.0,2777.4082,8460.65229564473,12.651149570684115,10.163295985950564,4075705.0,6.6,4.4
Costa Rica,2003,115.0,2770.3933,8862.9941209796,11.136957262790226,8.775162603210912,4138784.0,6.9,4.4
Costa Rica,2004,115.0,2791.187,9365.32775359787,16.40658691960366,14.870571201034712,4200078.0,6.6,4.0
Costa Rica,2005,117.0,2851.7896,9898.92919346446,20.419603151249863,17.78510631783706,4261240.0,5.0,3.4
Costa Rica,2006,118.0,2919.9797,10799.5114028886,15.712658917283528,11.63613176881715,4321340.0,5.2,2.9
Costa Rica,2007,119.0,2911.9922,11841.9011714142,20.955882536064465,15.033584732277175,4380248.0,3.1,2.7
Costa Rica,2008,118.0,2903.5322,12471.6723105323,27.734830229447425,23.829246262581943,4440056.0,3.4,2.7
Costa Rica,2009,118.0,2906.9465,12273.8603954717,22.31608135890857,8.644353112323222,4499791.0,3.6,2.8
Costa Rica,2010,117.0,2879.7163,12927.5645930035,9.029946128336652,4.661472676417975,4555962.0,2.2,3.0
Costa Rica,2011,117.0,2881.9053,13614.2603998804,8.637864213251323,5.634152242169882,4609833.0,2.7,3.2
Costa Rica,2012,117.0,2878.9026,14463.7404448033,5.680570195271706,3.5490204877107043,4663934.0,2.6,3.1
Costa Rica,2013,117.0,2889.1091,15232.0771529214,5.281378861506125,3.830443368298825,4716147.0,2.6,2.9
Costa Rica,2014,118.0,2919.4434,16393.8095428154,6.862596424752043,4.267765269531577,4767119.0,2.4,2.7
Costa Rica,2015,120.0,2931.285,17525.1404625252,8.235620155781742,3.2587664648825325,4818038.0,2.4,2.5
Costa Rica,2016,121.0,3020.157,19201.7453233684,0.9652096119985965,-0.8127721280671242,4866998.0,2.4,2.5
Costa Rica,2017,123.0,3056.0325,20499.3442130809,4.376588051389785,1.6986614050112565,4913177.0,1.7,2.5
Costa Rica,2018,123.0,3053.234,21498.035074686,2.998265542696843,1.6394371626465436,4957818.0,2.3,2.5
Costa Rica,2019,124.0,3071.5771,23339.6091317711,2.703755653778805,0.8018714238293506,4999553.0,1.7,2.5
Costa Rica,2020,123.0,3078.3848,22099.867812715,3.757042582663739,0.487608998814836,5034320.0,3.4,2.5
Costa Rica,2021,122.0,3041.6873,23852.9253020147,5.227832617580352,2.2372667468802323,5059988.0,2.2,2.5
Costa Rica,2022,121.0,2999.108,25924.7403788729,22.43835035534825,15.479464321778629,5081765.0,1.6,2.5
Costa Rica,2023,121.0,,28075.1421722023,18.41526039372954,3.835659302732122,5105525.0,1.5,
Costa Rica,2024,,,30062.849160468,2.610965713940705,-1.139674059276652,5129910.0,1.3,
Cote d'Ivoire,2001,,2371.0154,2961.76287274216,,,18178913.0,,20.2
Cote d'Ivoire,2002,,2383.066,2851.03041356835,,,18654771.0,44.7,20.9
Cote d'Ivoire,2003,,2376.616,2701.74168487851,,,19125542.0,,20.7
Cote d'Ivoire,2004,,2395.5232,2794.17325719366,,,19595000.0,,20.0
Cote d'Ivoire,2005,,2415.5845,2841.82308798173,,,20068458.0,,19.3
Cote d'Ivoire,2006,,2392.262,2941.82141168912,,,20546802.0,,18.9
Cote d'Ivoire,2007,,2382.8948,2984.53472161562,,,21030558.0,,18.5
Cote d'Ivoire,2008,,2324.677,3115.83789187745,,,21514439.0,47.9,18.1
Cote d'Ivoire,2009,,2305.8948,3176.63242420617,,,21997940.0,,17.6
Cote d'Ivoire,2010,,2471.6138,3360.54408826055,,,22488065.0,,16.6
Cote d'Ivoire,2011,,2519.9478,3175.9192237076,,,22982000.0,,15.6
Cote d'Ivoire,2012,,2508.0415,3290.72306949457,,,23467078.0,,14.6
Cote d'Ivoire,2013,,2532.0308,3619.01790854865,,,23939775.0,,14.6
Cote d'Ivoire,2014,,2480.1936,4074.21445539789,,,24527395.0,,13.9
Cote d'Ivoire,2015,,2546.2651,4403.64296618998,,,25246342.0,47.5,13.2
Cote d'Ivoire,2016,,2557.1155,4530.64849808487,,,25989405.0,,11.9
Cote d'Ivoire,2017,,2581.479,4690.17801861096,,,26733372.0,,11.0
Cote d'Ivoire,2018,,2596.037,4945.62520575915,,,27464173.0,22.7,10.2
Cote d'Ivoire,2019,,2642.596,5516.39055126829,,,28193009.0,,9.5
Cote d'Ivoire,2020,,2680.451,5543.85096318939,,,28915449.0,,8.8
Cote d'Ivoire,2021,,2725.1917,6045.20480490879,,,29639736.0,20.9,9.1
Cote d'Ivoire,2022,,2736.1533,6719.44381557637,,,30395002.0,,9.6
Cote d'Ivoire,2023,,,7227.02911717075,,,31165654.0,,
Cote d'Ivoire,2024,,,7653.45033756027,,,31934230.0,,
Croatia,2001,105.0,2830.891,11654.2135278182,4.641350210970474,2.52631408275145,4299642.0,0.0,7.0
Croatia,2002,109.0,2898.7341,12774.6695209679,4.038997214484685,0.2099867193303795,4302174.0,,4.7
Croatia,2003,112.0,2937.469,13693.2885088903,3.910614525139677,1.6731905040706987,4303399.0,,3.7
Croatia,2004,114.0,3004.42,14688.1029087513,4.781420765027322,1.4240051974195185,4304600.0,0.0,3.1
Croatia,2005,117.0,3031.846,15450.8372110774,6.712328767123288,4.580556383037267,4310145.0,,2.5
Croatia,2006,119.0,3114.9553,17634.8655537551,4.113110539845755,2.524078792849787,4311159.0,,2.5
Croatia,2007,121.0,3114.8147,19570.7755831274,10.77694235588973,3.3650118205556225,4310217.0,,2.5
Croatia,2008,121.0,3141.6887,21019.797983428,13.737623762376238,10.04326529941872,4309705.0,0.0,2.5
Croatia,2009,120.0,3085.996,20349.55163535,6.263982102908261,1.655799851839687,4305181.0,1.0,2.5
Croatia,2010,119.0,2996.1133,20143.7495528981,0.8800880088008833,-1.507405554524586,4295427.0,1.4,2.5
Croatia,2011,119.0,3029.0273,21195.7557640257,4.625550660792954,3.535929888327999,4280622.0,1.0,2.8
Croatia,2012,120.0,3031.3745,21620.2126574641,5.567226890756305,3.707541822373986,4260368.0,1.1,2.5
Croatia,2013,120.0,3104.4644,22432.2396385494,6.25,3.739474098489979,4233922.0,1.2,2.5
Croatia,2014,121.0,3019.0144,22708.2214919977,-0.7843137254901933,-2.185198999581457,4201598.0,1.2,2.5
Croatia,2015,122.0,3094.3826,23758.9515172107,1.01112234580385,0.3950674495082,4151725.0,0.7,2.5
Croatia,2016,124.0,3210.6904,25804.1408356739,0.9127789046653234,-0.4688488480012465,4106867.0,0.9,2.5
Croatia,2017,125.0,3175.3208,27889.1324695117,3.5246727089627283,2.9142507260809616,4041407.0,0.6,2.5
Croatia,2018,126.0,3250.2737,29788.6686206675,2.158979391560334,0.9930449800130804,3988775.0,0.5,2.5
Croatia,2019,128.0,3297.3352,33063.7068719801,2.054794520547931,-0.1165934527346433,3949390.0,0.4,2.5
Croatia,2020,129.0,3335.37,31595.9559202678,3.80859375,1.933264705407715,3914206.0,0.4,2.5
Croatia,2021,131.0,3383.899,36932.5937866899,7.833655705996123,1.6454971340819755,3878981.0,0.3,2.5
Croatia,2022,132.0,3421.4875,41959.5332914918,19.75992613111725,15.81797289471397,3855641.0,0.4,2.5
Croatia,2023,134.0,,45602.8206836116,17.4548581255374,12.865091972524269,3859686.0,0.3,
Croatia,2024,,,48575.4314219866,6.458797327394228,3.9396442338933375,3866300.0,,
Cuba,2001,127.0,3084.5195,,,,11144132.0,,2.5
Cuba,2002,130.0,3163.757,,,,11177418.0,,2.5
Cuba,2003,134.0,3256.6047,,,,11209383.0,,2.5
Cuba,2004,135.0,3356.195,,,,11238756.0,,2.5
Cuba,2005,135.0,3262.5078,,,,11262554.0,,2.5
Cuba,2006,134.0,3266.489,,,,11278550.0,,2.5
Cuba,2007,,3255.2415,,,,11287272.0,,2.5
Cuba,2008,,3121.1704,,,,11291762.0,,2.5
Cuba,2009,,3231.363,,,,11294719.0,,2.5
Cuba,2010,,3242.9011,,,,11297409.0,,2.5
Cuba,2011,,3329.6147,,,,11301571.0,,2.5
Cuba,2012,,3360.728,,,,11303175.0,,2.5
Cuba,2013,,3387.0156,,,,11298167.0,,2.5
Cuba,2014,,3356.8005,,,,11285775.0,,2.5
Cuba,2015,,3373.4531,,,,11275065.0,,2.5
Cuba,2016,,3460.5083,,,,11265612.0,,2.5
Cuba,2017,,3463.787,,,,11247829.0,,2.5
Cuba,2018,,3415.5498,,,,11227118.0,,2.5
Cuba,2019,,3458.4946,,,,11202846.0,,2.5
Cuba,2020,,3417.0608,,,,11176354.0,,2.5
Cuba,2021,,3368.409,,,,11122168.0,,2.5
Cuba,2022,,3315.2122,,,,11059820.0,,2.5
Cuba,2023,,,,,,11019931.0,,
Cuba,2024,,,,,,10979783.0,,
Curacao,2001,,,23057.2613647017,,,129047.0,,
Curacao,2002,,,23479.7973302624,,,129205.0,,
Curacao,2003,,,23522.2748891856,,,131897.0,,
Curacao,2004,,,23791.197413682,,,134192.0,,
Curacao,2005,,,24081.1512149964,,,137658.0,,
Curacao,2006,,,24590.1923681094,,,141239.0,,
Curacao,2007,,,25374.1429869989,,,144056.0,,
Curacao,2008,,,26098.4711532409,,,145880.0,,
Curacao,2009,,,25950.3950372365,,,146833.0,,
Curacao,2010,,,25956.8107585616,,,148703.0,,
Curacao,2011,,,26251.3627992366,,,150831.0,,
Curacao,2012,,,25105.9924749835,,,152088.0,,
Curacao,2013,,,24821.7962782173,,,153822.0,,
Curacao,2014,,,24347.7604866101,,,155909.0,,
Curacao,2015,,,24037.6486252583,,,157980.0,,
Curacao,2016,,,23649.5914937775,,,159664.0,,
Curacao,2017,,,24321.7467432044,,,160175.0,,
Curacao,2018,,,24623.0413085512,,,159336.0,,
Curacao,2019,,,25396.9966189903,,,157441.0,,
Curacao,2020,,,21797.0190062969,,,154947.0,,
Curacao,2021,,,25163.8669323866,,,152369.0,,
Curacao,2022,,,29554.0721366086,,,149996.0,,
Curacao,2023,,,30715.5728889069,,,155800.0,,
Curacao,2024,,,,,,155900.0,,
Curaçao,2001,,,,9.988336975436884,5.237386995713215,,,
Curaçao,2002,,,,5.677648150416781,0.917485562011062,,,
Curaçao,2003,,,,9.742864931991768,4.786159767762068,,,
Curaçao,2004,,,,5.232133325391253,3.758379144731037,,,
Curaçao,2005,,,,14.60284672682337,11.274169113003394,,,
Curaçao,2006,,,,13.847122947938727,9.08162159322301,,,
Curaçao,2007,,,,11.47897899948167,8.291324151288606,,,
Curaçao,2008,,,,25.44931473246472,19.850792359111093,,,
Curaçao,2009,,,,15.195680481655582,5.8222148984342175,,,
Curaçao,2010,,,,10.951134036620449,7.882638499612558,,,
Curaçao,2011,,,,8.685672249736488,6.547941992862459,,,
Curaçao,2012,,,,12.449396726913587,9.025378061702504,,,
Curaçao,2013,,,,8.28550916283326,3.7362690576893214,,,
Curaçao,2014,,,,8.434836304903403,3.3029879351089177,,,
Curaçao,2015,,,,3.263021299512636,0.7992211867169835,,,
Curaçao,2016,,,,2.5931934787101207,1.5310859004216564,,,
Curaçao,2017,,,,2.435192655214169,1.688693163421286,,,
Curaçao,2018,,,,5.138036195275131,4.407790520282142,,,
Curaçao,2019,,,,7.475944458808237,6.046878159325627,,,
Curaçao,2020,,,,7.199424388395825,6.447032760240696,,,
Curaçao,2021,,,,7.31588103582077,6.9116408970988585,,,
Curaçao,2022,,,,15.424164763388992,11.631694783134556,,,
Curaçao,2023,,,,15.964343609545573,13.972992825002828,,,
Cyprus,2001,106.0,2639.4062,22868.671875,10.045104938607508,4.092051469231072,964127.0,,5.8
Cyprus,2002,105.0,2634.1213,23556.35546875,11.144606354126708,4.696291485936526,981440.0,,6.3
Cyprus,2003,105.0,2606.8208,24281.111328125,7.825334831334718,5.124677996172028,999590.0,,6.8
Cyprus,2004,106.0,2596.2087,25945.517578125,7.650972844880632,4.002841864748937,1017875.0,0.1,7.6
Cyprus,2005,108.0,2557.1873,27763.203125,4.027108111548028,1.5945500839632114,1036151.0,0.1,8.4
Cyprus,2006,110.0,2543.4094,30015.19140625,7.139320745549305,5.015579523408098,1054418.0,0.0,8.4
Cyprus,2007,112.0,2615.0708,32889.08984375,7.861182304216085,5.582823767165923,1072714.0,0.0,7.8
Cyprus,2008,114.0,2622.835,34830.15234375,12.09365215924143,7.583096836765359,1091026.0,0.0,7.4
Cyprus,2009,116.0,2586.4336,33883.72265625,9.397674348858054,3.793725531484996,1109371.0,0.1,5.5
Cyprus,2010,117.0,3011.1182,33505.8828125,7.14581381015249,0.2944699638572764,1127816.0,0.1,3.6
Cyprus,2011,117.0,2990.1562,33406.11328125,9.534962429664072,4.150764950107245,1146493.0,0.0,2.5
Cyprus,2012,117.0,2957.3484,31923.98828125,4.755065919312451,0.8414194060674433,1165397.0,0.0,2.5
Cyprus,2013,116.0,2909.601,30451.755859375,4.199328086848508,0.2274418825754196,1183895.0,0.1,2.5
Cyprus,2014,116.0,2872.7795,30171.03125,2.391287323196312,-1.441138783039133,1201801.0,0.1,2.5
Cyprus,2015,116.0,2910.253,31930.763671875,2.874969698685481,-0.0466348754903237,1219502.0,0.0,2.5
Cyprus,2016,117.0,2869.7864,35877.73828125,9.743506862633255,-0.1831718213714879,1237112.0,0.1,2.5
Cyprus,2017,117.0,2863.3838,38414.5078125,5.358632193494572,-0.2194381999079259,1254275.0,0.1,2.5
Cyprus,2018,118.0,2857.8953,40924.6171875,3.865979381443307,0.7678395339955338,1270737.0,0.1,2.5
Cyprus,2019,119.0,2906.5867,45115.93359375,6.988801327250105,0.6041541903097091,1286671.0,0.2,2.5
Cyprus,2020,120.0,2877.7166,43354.0,3.705179282868532,1.2236908437577745,1302247.0,0.0,2.5
Cyprus,2021,120.0,2867.393,48784.08203125,8.223945902943509,-0.340047527662939,1317309.0,0.0,2.5
Cyprus,2022,119.0,2855.2139,55945.953125,15.463917525773208,8.929902504206089,1331370.0,0.0,2.5
Cyprus,2023,119.0,,57213.62109375,10.765340853836449,7.801310986901033,1344976.0,0.0,
Cyprus,2024,,,61239.9375,7.577182929958104,3.3329976295499386,1358282.0,,
Czechia,2001,123.0,3169.7083,17711.335522848,9.10344827586207,5.085830947745989,10216605.0,,2.5
Czechia,2002,126.0,3234.932,18344.0329427938,3.820816864295118,-1.9142112610255844,10196916.0,0.0,2.5
Czechia,2003,128.0,3304.4573,19606.58938716,3.462603878116344,-2.080649343564344,10193998.0,,2.5
Czechia,2004,129.0,3304.6953,20990.9328225987,5.013927576601684,3.42410954575492,10197101.0,0.0,2.5
Czechia,2005,128.0,3302.1348,22114.8363085202,0.4000000000000003,-0.2505768820426542,10211216.0,0.0,2.5
Czechia,2006,128.0,3269.5835,23919.2927094088,2.5435073627844584,0.8663561654440368,10238905.0,0.1,2.5
Czechia,2007,127.0,3261.1455,26268.5653173799,11.298701298701296,4.738501627369257,10298828.0,0.1,2.5
Czechia,2008,127.0,3278.6123,27937.841568102,12.020460358056262,8.217607239220413,10384603.0,0.1,2.5
Czechia,2009,128.0,3296.4385,27698.8106131663,-1.1507479861910253,-3.9797558208525374,10443936.0,0.0,2.5
Czechia,2010,129.0,3266.5833,28156.9854724601,5.609756097560958,1.5478786678676415,10474410.0,0.0,2.5
Czechia,2011,129.0,3274.502,29237.1870959847,6.642941874258601,4.627055533992519,10496088.0,0.1,2.5
Czechia,2012,129.0,3272.8318,29465.6074011894,8.779931584948697,6.923295779216598,10510785.0,0.1,2.5
Czechia,2013,128.0,3301.463,31013.0082933831,6.25,4.914723234355658,10514272.0,0.0,2.5
Czechia,2014,127.0,3205.0269,32743.489773169,4.170905391658208,2.0322627921743748,10525347.0,0.0,2.5
Czechia,2015,126.0,3133.556,34102.176988058,0.5946481665014769,-1.1038043274269929,10546059.0,0.0,2.5
Czechia,2016,128.0,3258.3218,36445.0485732064,3.278688524590168,-0.914844523770661,10566332.0,0.0,2.5
Czechia,2017,130.0,3298.7173,39346.030564257,7.755102040816331,5.1851297295128935,10594438.0,0.0,2.5
Czechia,2018,131.0,3300.2764,41638.1831076596,4.4921875,1.326657257578373,10629928.0,0.0,2.5
Czechia,2019,132.0,3338.9854,45614.0171132532,5.358851674641141,2.826165484930465,10671870.0,0.0,2.5
Czechia,2020,133.0,3352.6243,44839.4822099455,7.764265668849379,4.556611790464934,10697858.0,0.0,2.5
Czechia,2021,134.0,3380.7585,47796.0337408466,4.061371841155226,0.8181943730139696,10505772.0,0.1,2.5
Czechia,2022,134.0,3368.2048,51709.8373933963,26.02620087336245,16.6949925254815,10672118.0,0.0,2.5
Czechia,2023,135.0,,53217.2191709182,24.833887043189364,12.03212785789368,10864042.0,0.0,
Czechia,2024,,,56805.6467676779,1.663201663201641,-2.253063397354192,10882164.0,,
Côte d'Ivoire,2001,117.0,,,8.577182098248004,5.553357353262906,,,
Côte d'Ivoire,2002,118.0,,,11.742268962299883,5.18805638880062,,,
Côte d'Ivoire,2003,119.0,,,8.76806386581961,3.822723364445281,,,
Côte d'Ivoire,2004,119.0,,,1.446888456476092,-3.4541201285052083,,,
Côte d'Ivoire,2005,120.0,,,5.32311949991684,2.4683852808614746,,,
Côte d'Ivoire,2006,120.0,,,4.405388372742203,2.9940541277961974,,,
Côte d'Ivoire,2007,120.0,,,7.771217046110057,5.410232514559531,,,
Côte d'Ivoire,2008,120.0,,,16.661071748891242,11.577578224743348,,,
Côte d'Ivoire,2009,119.0,,,15.533052624872656,3.576198002786381,,,
Côte d'Ivoire,2010,120.0,,,16.633290805504974,5.872499934449775,,,
Côte d'Ivoire,2011,120.0,,,25.71361032521449,10.318749148823906,,,
Côte d'Ivoire,2012,121.0,,,5.458330158966529,-0.0215498500148155,,,
Côte d'Ivoire,2013,120.0,,,4.779921309924662,1.959283268894288,,,
Côte d'Ivoire,2014,121.0,,,0.3829119913333789,-2.103102767123949,,,
Côte d'Ivoire,2015,122.0,,,5.770042830614774,2.044171850546724,,,
Côte d'Ivoire,2016,125.0,,,8.980505044883703,3.055290853758004,,,
Côte d'Ivoire,2017,126.0,,,4.265791382182993,0.4171660711373731,,,
Côte d'Ivoire,2018,127.0,,,1.4948861286647297,-0.4521491044260381,,,
Côte d'Ivoire,2019,128.0,,,-0.2308331295089671,-3.568217450213929,,,
Côte d'Ivoire,2020,129.0,,,5.669144997365305,4.193675185387343,,,
Côte d'Ivoire,2021,130.0,,,12.218868940619188,7.6851639879498,,,
Côte d'Ivoire,2022,130.0,,,11.877589582892512,8.844921063601154,,,
Côte d'Ivoire,2023,130.0,,,7.766990763915249,6.546112260866327,,,
Côte d'Ivoire,2024,,,,8.57258503231435,4.476994536113325,,,
Democratic People's Republic of Korea,2001,90.0,,,,,,,
Democratic People's Republic of Korea,2002,91.0,,,,,,,
Democratic People's Republic of Korea,2003,92.0,,,,,,,
Democratic People's Republic of Korea,2004,92.0,,,,,,,
Democratic People's Republic of Korea,2005,91.0,,,,,,,
Democratic People's Republic of Korea,2006,90.0,,,,,,,
Democratic People's Republic of Korea,2007,88.0,,,,,,,
Democratic People's Republic of Korea,2008,87.0,,,,,,,
Democratic People's Republic of Korea,2009,87.0,,,,,,,
Democratic People's Republic of Korea,2010,86.0,,,,,,,
Democratic People's Republic of Korea,2011,86.0,,,,,,,
Democratic People's Republic of Korea,2012,86.0,,,,,,,
Democratic People's Republic of Korea,2013,86.0,,,,,,,
Democratic People's Republic of Korea,2014,85.0,,,,,,,
Democratic People's Republic of Korea,2015,85.0,,,,,,,
Democratic People's Republic of Korea,2016,85.0,,,,,,,
Democratic People's Republic of Korea,2017,84.0,,,,,,,
Democratic People's Republic of Korea,2018,84.0,,,,,,,
Denmark,2001,131.0,3332.6196,29462.1232905618,4.569059960628552,3.8544647136782655,5358783.0,,2.5
Denmark,2002,132.0,3368.6287,30666.5967674022,3.566710700132103,2.18936478118509,5375931.0,,2.5
Denmark,2003,133.0,3338.274,30868.0456132223,2.0408163265306145,1.4242180083159102,5390574.0,0.4,2.5
Denmark,2004,133.0,3378.4995,33019.9772946564,0.7633587786259666,-1.0151321290683897,5404523.0,0.3,2.5
Denmark,2005,134.0,3413.0237,34238.3218147437,1.6560509554140124,0.6497176967399644,5419432.0,0.3,2.5
Denmark,2006,134.0,3409.24,37400.3075213334,4.689480354879572,2.7231507374406547,5437272.0,0.2,2.5
Denmark,2007,133.0,3449.0344,39111.5190257616,6.90072639225181,4.46744166616197,5461438.0,0.1,2.5
Denmark,2008,133.0,3327.355,41467.3861879777,10.513739545997613,7.597882732619152,5493621.0,0.3,2.5
Denmark,2009,132.0,3340.5024,40503.2046306821,3.798882681564253,-0.0679897029622437,5523095.0,0.6,2.5
Denmark,2010,133.0,3410.6943,43042.394637021,3.567447045707928,0.3916252991452826,5547683.0,0.1,2.5
Denmark,2011,134.0,3394.6687,44443.7163844726,5.500550055005493,3.959347303489408,5570572.0,0.0,2.5
Denmark,2012,134.0,3401.3252,44755.1624273018,5.717367853290178,4.304187210023443,5591572.0,0.0,2.5
Denmark,2013,135.0,3430.533,46869.1932887749,2.244897959183678,0.4345508453919622,5614932.0,0.3,2.5
Denmark,2014,135.0,3437.46,47879.5955558233,-0.1002004008015977,-0.8664940627725288,5643475.0,0.2,2.5
Denmark,2015,134.0,3412.0657,48910.3324371901,1.5105740181268867,1.0358208728425928,5683483.0,0.2,2.5
Denmark,2016,134.0,3411.117,51820.9521305491,1.102204408817653,0.1012346390622485,5728010.0,0.3,2.5
Denmark,2017,136.0,3426.2676,55271.5976002659,4.079601990049753,2.804291032183085,5764980.0,0.1,2.5
Denmark,2018,138.0,3557.3816,57233.6231685618,1.5779092702169484,0.0502534234160662,5793636.0,0.2,2.5
Denmark,2019,140.0,3569.1108,60594.966400191,2.243902439024392,1.392216652291948,5814422.0,0.3,2.5
Denmark,2020,141.0,3592.2585,62682.2899474389,1.5458937198067568,0.6389551068911536,5831404.0,0.2,2.5
Denmark,2021,141.0,3580.5403,69715.1809680929,2.0972354623450817,0.5815975770129137,5856733.0,0.2,2.5
Denmark,2022,141.0,3579.619,77400.3348008883,15.928369462770986,11.483987340405456,5903037.0,0.2,2.5
Denmark,2023,140.0,,73737.4475447105,15.794223826714804,8.604280904510334,5946952.0,0.4,
Denmark,2024,,,79514.2854383058,4.6811945117029685,1.741753627599648,5976992.0,,
Djibouti,2001,89.0,1886.1238,,4.103331403235955,2.9683672865635096,771313.0,,41.9
Djibouti,2002,89.0,1920.8423,,2.483940290673492,1.0804841790666857,795574.0,32.3,40.5
Djibouti,2003,91.0,1943.3505,,4.161861265793343,3.368329764730207,813519.0,,37.8
Djibouti,2004,94.0,1980.5237,,8.988144272577902,5.209247558910076,826124.0,,34.0
Djibouti,2005,98.0,2097.1873,,5.461767551180063,2.736926751442406,839167.0,,30.1
Djibouti,2006,102.0,2130.7576,,8.943863886102754,6.88921198010538,855764.0,,25.7
Djibouti,2007,104.0,2205.5115,,13.92294335415254,9.861616871950009,874528.0,,23.2
Djibouti,2008,106.0,2220.2122,,32.31756148948575,25.078391960526755,892734.0,,21.2
Djibouti,2009,106.0,2223.8054,,19.2111033517542,6.655970192518381,911527.0,,20.8
Djibouti,2010,107.0,2423.422,,10.628019758524388,3.76382007139516,930251.0,,19.9
Djibouti,2011,108.0,2478.5986,,12.326388147952285,8.155601987158299,948558.0,,19.0
Djibouti,2012,109.0,2518.6506,,11.856564012471594,4.475625256512279,966747.0,26.4,17.5
Djibouti,2013,112.0,2570.5417,3762.2819610399,2.5678011036518456,-0.8866131170876691,984824.0,31.2,16.0
Djibouti,2014,114.0,2657.5085,3978.34667092554,5.733356187062011,0.3142316247217049,1002717.0,,14.3
Djibouti,2015,116.0,2719.5913,4263.96288890455,11.074013263470128,3.226432185769468,1020313.0,,13.2
Djibouti,2016,116.0,2699.7573,4431.56588556176,11.52635049782056,6.037828100182992,1037653.0,,12.8
Djibouti,2017,116.0,2716.6838,4676.71336058903,12.14792911448017,1.9944663525334292,1054841.0,25.4,12.7
Djibouti,2018,117.0,2749.387,5083.11077030183,3.2668223171904653,0.217229830503481,1071882.0,,12.2
Djibouti,2019,117.0,2756.1643,5398.00036773984,7.231775162876497,5.681295886485266,1088709.0,,11.9
Djibouti,2020,117.0,2764.2913,5527.00185229888,11.670144532497218,4.833813265552027,1105188.0,,11.9
Djibouti,2021,117.0,2762.7688,5960.10807396825,4.667753263330665,1.7698152116688737,1121248.0,,12.3
Djibouti,2022,116.0,2726.3806,6621.33038220409,25.702639703977702,10.697974717553706,1137096.0,,12.9
Djibouti,2023,116.0,,7264.04490470983,9.920684589287454,2.7001905906942905,1152944.0,,
Djibouti,2024,,,7776.22613645201,6.544958208334273,2.537180372552989,1168722.0,,
Dominica,2001,124.0,3115.712,7290.62832445515,3.264934483204218,2.187830461616926,68288.0,,2.5
Dominica,2002,123.0,3054.471,7167.04271942728,2.799999818624244,1.5420212285284765,68367.0,,2.5
Dominica,2003,122.0,3069.4946,7714.29509857094,2.223522873412942,0.3836269316201253,68531.0,,2.5
Dominica,2004,121.0,3014.5344,8232.18460901,4.15411879033325,2.803718090827386,68649.0,,2.5
Dominica,2005,120.0,3019.6946,8557.41594949633,3.752782544915157,2.468436945615552,68734.0,,2.7
Dominica,2006,122.0,3009.2703,9199.88176357941,4.76278896675415,3.738896615476154,68806.0,,2.5
Dominica,2007,123.0,3136.4468,9949.48016534769,8.808289506989219,5.684289847826302,68847.0,,2.5
Dominica,2008,125.0,3114.6138,10862.2582746594,14.764001174975071,11.699162198069883,68854.0,,2.5
Dominica,2009,124.0,3130.5188,10803.5563676924,9.15594864053828,4.942428743900215,68864.0,,2.8
Dominica,2010,123.0,2979.2332,10924.0953245506,6.928592282437296,5.047211685233248,68859.0,,3.8
Dominica,2011,122.0,2959.0652,11122.8994140294,4.590423753520723,3.24616055667043,69053.0,,4.8
Dominica,2012,123.0,2978.7666,10920.9085079245,4.7980292495017896,3.752768985878889,69118.0,,5.6
Dominica,2013,123.0,2958.6196,11286.2696974861,2.238103365505273,1.595384637654923,69715.0,,6.1
Dominica,2014,123.0,2969.7224,12083.292631482,1.931964933016017,1.089416572341395,70373.0,,6.4
Dominica,2015,123.0,3014.807,12092.7315992676,1.5162522376003462,0.7174407383016094,70410.0,,7.0
Dominica,2016,122.0,3006.8464,12945.0029571643,0.9313681996265588,0.0930763363474325,69606.0,,8.0
Dominica,2017,120.0,3037.2573,12696.1956612622,0.4135945678275687,-0.2249244938361427,68496.0,,9.4
Dominica,2018,120.0,3042.264,15069.8972415303,3.394921628188996,2.162797799342625,68174.0,,10.1
Dominica,2019,120.0,3137.4666,16020.5944720217,2.790821621224726,1.8820002192703449,67880.0,,11.9
Dominica,2020,121.0,3146.5112,14243.7623123898,4.866455636004363,3.858554979701854,67573.0,,13.4
Dominica,2021,121.0,3255.3909,15808.9743503945,2.184506623932525,0.590752092874188,67202.0,,14.0
Dominica,2022,124.0,3278.3,18802.0819913205,4.083313077377504,2.9235493799053938,66826.0,,13.4
Dominica,2023,127.0,,20285.9821663707,10.08369484546565,9.26765018101916,66510.0,,
Dominica,2024,,,21300.6848698089,7.324725291041934,4.544519025412279,66205.0,,
Dominican Republic,2001,101.0,2278.3816,6847.57366127122,6.210774869653335,4.418040029416962,8720283.0,6.6,20.5
Dominican Republic,2002,99.0,2306.365,7157.66825484558,9.740712726334166,4.583776150801467,8852235.0,9.0,22.7
Dominican Republic,2003,98.0,2164.5654,7097.55707820616,52.94366231713572,27.46666756638429,8980620.0,10.7,23.7
Dominican Republic,2004,97.0,2240.8523,7374.8123177806,94.53851294559384,73.36009931914603,9104892.0,14.6,23.2
Dominican Republic,2005,99.0,2357.7693,8215.03244576661,21.567129237791185,-2.30912469836899,9225034.0,9.9,19.3
Dominican Republic,2006,101.0,2401.921,9130.06906145599,4.98588485755771,3.280116109223243,9341183.0,8.1,16.5
Dominican Republic,2007,103.0,2443.493,9951.13191591458,7.005103380088529,4.19921708438115,9455658.0,7.8,16.4
Dominican Republic,2008,106.0,2395.4536,10345.8080982759,23.19347745678013,15.794872353559676,9573130.0,7.1,16.2
Dominican Republic,2009,108.0,2438.5632,10381.6248126801,12.64673218434611,3.46672518178209,9695265.0,6.3,15.5
Dominican Republic,2010,110.0,2590.8745,11245.6811892201,6.4124608521823445,4.187824321870704,9820175.0,5.5,13.5
Dominican Republic,2011,112.0,2647.2048,11694.6641852303,7.337527235990482,5.469840504810396,9945621.0,5.3,11.7
Dominican Republic,2012,114.0,2682.519,11776.6228103557,8.808289830612859,5.036153900508718,10070411.0,5.4,10.4
Dominican Republic,2013,116.0,2741.9688,12413.910018356,6.560042740753658,4.671809705288872,10193833.0,4.4,9.2
Dominican Republic,2014,117.0,2812.9592,13464.7925609074,7.050687195603067,3.9032007011633247,10315528.0,4.1,8.4
Dominican Republic,2015,119.0,2795.5999,14804.0974069659,9.124497142853372,6.722769821994266,10434829.0,3.3,7.4
Dominican Republic,2016,121.0,2890.5444,16282.1899127514,7.054426404969449,2.2568648785438823,10551430.0,3.0,6.7
Dominican Republic,2017,123.0,2932.161,16846.2072320323,5.521886490312977,2.3334215315362443,10666843.0,1.5,6.0
Dominican Republic,2018,126.0,2994.5354,17994.8382742736,5.381364834533153,3.629232751154381,10782053.0,1.1,5.8
Dominican Republic,2019,128.0,3046.4746,19766.7628586981,8.053690869850637,3.768460824098328,10894043.0,1.0,6.3
Dominican Republic,2020,130.0,3097.5876,18998.3069667315,8.425229909004607,6.337136254602004,11008300.0,1.3,6.2
Dominican Republic,2021,132.0,3147.462,22053.4589869955,13.136951671462938,9.901536162367188,11123476.0,1.3,5.8
Dominican Republic,2022,135.0,3227.89,24625.8088564037,12.961389533569625,11.124932356497837,11230734.0,1.0,4.6
Dominican Republic,2023,137.0,,25839.9356687607,11.356066299168766,7.837252050744283,11331265.0,1.3,
Dominican Republic,2024,,,27541.183570599,5.6037369054078745,4.021412088640458,11427557.0,0.8,
East Timor,2001,,2080.3125,,,,,,
East Timor,2002,,2109.5317,,,,,,
East Timor,2003,,2094.1917,,,,,,
East Timor,2004,,2123.2595,,,,,,
East Timor,2005,,2133.138,,,,,,
East Timor,2006,,2124.373,,,,,,
East Timor,2007,,2109.3245,,,,,,
East Timor,2008,,2096.0723,,,,,,
East Timor,2009,,2050.0518,,,,,,
East Timor,2010,,2259.1812,,,,,,
East Timor,2011,,2289.795,,,,,,
East Timor,2012,,2280.19,,,,,,
East Timor,2013,,2288.591,,,,,,
East Timor,2014,,2339.4895,,,,,,
East Timor,2015,,2299.9414,,,,,,
East Timor,2016,,2286.1816,,,,,,
East Timor,2017,,2309.4255,,,,,,
East Timor,2018,,2249.4531,,,,,,
East Timor,2019,,2257.0437,,,,,,
East Timor,2020,,2222.2307,,,,,,
East Timor,2021,,2192.0308,,,,,,
East Timor,2022,,2222.32,,,,,,
Ecuador,2001,100.0,2194.7222,5998.87508648611,140.84080898597816,67.95078340599272,12910740.0,,20.1
Ecuador,2002,99.0,2219.5227,6281.52215151108,26.069131700284643,19.626166749349736,13138472.0,,21.9
Ecuador,2003,99.0,2186.8005,6475.06597343736,15.665069864246206,12.293417920199907,13372306.0,18.9,21.9
Ecuador,2004,100.0,2212.9634,6980.09126356362,6.08687299932491,4.197561433861217,13608701.0,19.4,21.8
Ecuador,2005,103.0,2236.7712,7457.46553606564,4.021502604846483,2.236511482658442,13846163.0,15.4,21.5
Ecuador,2006,105.0,2219.1672,7884.51693594496,8.644425551054846,5.69256812119373,14086131.0,10.9,21.9
Ecuador,2007,108.0,2203.6123,8112.44824473661,5.717685433502795,3.259055081506022,14328773.0,10.9,21.2
Ecuador,2008,110.0,2287.0398,8662.60736282075,20.547455282612013,16.81580561784148,14575202.0,9.8,20.3
Ecuador,2009,112.0,2279.194,8662.10672690979,14.930230667021435,6.082366737196247,14825954.0,9.3,15.2
Ecuador,2010,113.0,2595.9446,8968.94040838943,5.854754164083187,4.833498621105553,15076695.0,7.8,11.5
Ecuador,2011,114.0,2601.4905,9768.69201080404,8.572465521078708,6.720656048848972,15326227.0,6.4,7.7
Ecuador,2012,113.0,2594.671,10244.5177816184,8.153259627993492,5.817889766464707,15572194.0,6.0,8.1
Ecuador,2013,113.0,2553.0076,11295.6127804419,5.051683404674168,1.8009001129654838,15807128.0,4.5,8.2
Ecuador,2014,113.0,2601.2761,11835.6091276538,6.189794737145604,4.525461241219015,16035124.0,4.0,8.2
Ecuador,2015,113.0,2603.843,10877.7507461388,6.169419210531646,4.212468490776372,16266225.0,4.8,8.5
Ecuador,2016,112.0,2537.4006,10881.4890706732,3.863025206208115,2.5422166382712184,16505139.0,5.0,9.1
Ecuador,2017,110.0,2549.7742,11793.4797426944,1.835241408294075,0.4987410150917692,16759519.0,4.3,10.1
Ecuador,2018,110.0,2541.5408,12186.8846084388,0.0772369674804096,-1.6191845643312888,17049547.0,4.7,11.1
Ecuador,2019,109.0,2508.7085,12543.0148243925,0.936498022646548,0.0468961680055696,17340021.0,4.6,12.6
Ecuador,2020,110.0,2545.8577,11526.8013009278,4.572413306752976,0.7628183889183441,17546065.0,8.4,13.6
Ecuador,2021,110.0,2578.4722,13507.4445638375,1.0815533365304164,-0.8222608603670319,17682454.0,5.3,14.0
Ecuador,2022,111.0,2574.2866,15198.0725554473,7.596194849076543,5.254871175183696,17823897.0,4.4,13.9
Ecuador,2023,112.0,,15918.5162948773,8.167572912685772,5.556416007459831,17980083.0,4.7,
Ecuador,2024,,,15840.2668567412,5.850674876935158,2.2321020023650986,18135478.0,7.3,
Egypt,2001,141.0,3068.884,,1.7842644628515147,1.0604238194241775,,,
Egypt,2002,140.0,3076.5366,,5.288461768436714,4.218249128876017,,,
Egypt,2003,138.0,3013.488,,8.434652258732234,6.614045474584777,,,
Egypt,2004,137.0,2939.0178,,18.449054403227397,14.00114542065703,,,
Egypt,2005,137.0,2979.9446,,5.52017076489395,0.9209179272910688,,,
Egypt,2006,139.0,2991.116,,15.961535435404215,10.060583565836222,,,
Egypt,2007,140.0,3034.3357,,17.142839097135855,13.074853002180047,,,
Egypt,2008,141.0,3068.3948,,30.87818666300404,23.933655520419777,,,
Egypt,2009,141.0,3019.1753,,22.3227741296536,16.056067962685002,,,
Egypt,2010,140.0,3219.5012,,24.18498618714924,19.861096071250767,,,
Egypt,2011,140.0,3182.4023,,21.66065319420454,15.787069378246342,,,
Egypt,2012,138.0,3189.3735,,12.568653150557152,9.263214251487367,,,
Egypt,2013,136.0,3143.367,,19.14679465495581,12.373355409935025,,,
Egypt,2014,135.0,3123.245,,18.62625749597684,12.43095395390194,,,
Egypt,2015,135.0,3128.2263,,14.753906299406472,10.64962078030412,,,
Egypt,2016,135.0,3079.8733,,28.348572225706683,16.563448821454198,,,
Egypt,2017,135.0,3091.855,,43.57403696135081,38.89503852273239,,,
Egypt,2018,136.0,3061.431,,20.223914019127243,13.291871103119114,,,
Egypt,2019,135.0,3082.315,,15.424717889750749,7.512105818032236,,,
Egypt,2020,133.0,3098.2053,,3.576234966652203,-0.1467217664821404,,,
Egypt,2021,132.0,3067.784,,11.580856229043524,4.595672604148317,,,
Egypt,2022,131.0,3071.079,,37.25850960454957,23.443311663421625,,,
Egypt,2023,131.0,,,73.58916487691897,63.568193801804135,,,
Egypt,2024,,,,50.90521813840421,33.817438012456,,,
"Egypt, Arab Rep.",2001,,,5650.05196237607,,,74652029.0,,4.8
"Egypt, Arab Rep.",2002,,,5752.69708070468,,,76239137.0,,5.0
"Egypt, Arab Rep.",2003,,,5928.07945344715,,,77853548.0,,5.5
"Egypt, Arab Rep.",2004,,,6207.12492160943,,,79477443.0,4.1,5.8
"Egypt, Arab Rep.",2005,,,6554.12885095179,,,81101004.0,,5.9
"Egypt, Arab Rep.",2006,,,7079.02808456919,,,82700403.0,,5.5
"Egypt, Arab Rep.",2007,,,7640.57228597204,,,84276225.0,,5.2
"Egypt, Arab Rep.",2008,,,8190.70913161,,,85864789.0,3.7,5.1
"Egypt, Arab Rep.",2009,,,8465.02052412662,,,87501636.0,,5.0
"Egypt, Arab Rep.",2010,,,8837.76450033703,,,89196072.0,1.5,5.2
"Egypt, Arab Rep.",2011,,,8988.10781880653,,,91093059.0,,5.3
"Egypt, Arab Rep.",2012,,,10342.4317112754,,,93161001.0,1.2,5.5
"Egypt, Arab Rep.",2013,,,10511.3931678495,,,95333553.0,,5.8
"Egypt, Arab Rep.",2014,,,10256.4367553616,,,97528654.0,,6.0
"Egypt, Arab Rep.",2015,,,10903.3368231185,,,99597342.0,1.2,6.3
"Egypt, Arab Rep.",2016,,,10665.6676499685,,,101644589.0,,6.5
"Egypt, Arab Rep.",2017,,,11124.7351098149,,,103696057.0,3.1,6.9
"Egypt, Arab Rep.",2018,,,12329.2446781436,,,105682094.0,,6.8
"Egypt, Arab Rep.",2019,,,13363.732696323,,,107553158.0,2.0,6.7
"Egypt, Arab Rep.",2020,,,15231.865417764,,,109315124.0,,6.9
"Egypt, Arab Rep.",2021,,,15579.0160861551,,,110957008.0,1.4,7.6
"Egypt, Arab Rep.",2022,,,17526.8017030166,,,112618250.0,,8.5
"Egypt, Arab Rep.",2023,,,18524.8392997937,,,114535772.0,,
"Egypt, Arab Rep.",2024,,,19094.1449444111,,,116538258.0,,
El Salvador,2001,119.0,2635.4602,4542.92587192498,7.845114960249,5.375467528127518,5968060.0,19.4,6.7
El Salvador,2002,119.0,2652.435,4671.55302828125,3.97582833249186,2.6541012830456308,5986631.0,19.5,6.6
El Salvador,2003,118.0,2610.1626,4828.70297067138,3.918442040807757,3.0203806075009183,5998599.0,20.9,7.3
El Salvador,2004,116.0,2586.3772,4997.59385258021,7.825662074874962,6.36291900738408,6004671.0,16.3,8.1
El Salvador,2005,115.0,2599.8613,5291.66962299243,8.503060944816543,6.7142746793111625,6005578.0,16.4,8.6
El Salvador,2006,115.0,2617.649,5694.52330884091,7.951749042431033,5.771650806284939,6002319.0,12.6,8.8
El Salvador,2007,114.0,2614.3242,5949.42640611971,8.935829301917542,6.55224193833602,6009824.0,9.2,9.1
El Salvador,2008,114.0,2626.3816,6174.69155154574,14.289453575317168,10.445259013108505,6029297.0,12.6,9.4
El Salvador,2009,114.0,2631.3318,6062.67571951558,10.72058024054934,1.2444986557014373,6048279.0,12.4,9.3
El Salvador,2010,115.0,2627.8147,6247.91452716829,7.880000469653092,1.1112838597151629,6068249.0,11.4,9.2
El Salvador,2011,115.0,2630.3284,6593.67806808022,10.130048121082492,6.97442522942763,6090127.0,10.1,9.1
El Salvador,2012,115.0,2650.826,6708.39032246284,2.986316127423949,0.3215816560951582,6113975.0,8.5,9.2
El Salvador,2013,115.0,2640.2742,7092.58852133297,3.717671659446986,2.388468314937801,6138839.0,7.1,9.3
El Salvador,2014,115.0,2644.1943,7503.71105811981,5.987972173345924,3.1902271145970755,6162955.0,7.0,9.5
El Salvador,2015,116.0,2649.6135,7933.73697858999,4.173883555861524,1.4135151038695335,6183676.0,5.3,9.2
El Salvador,2016,117.0,2697.3887,8455.61614773975,2.1049711702692875,-0.5627865943881316,6200800.0,5.8,8.5
El Salvador,2017,119.0,2750.7534,8965.2189086345,2.4913321305223057,0.1812959796414196,6213533.0,4.5,7.6
El Salvador,2018,121.0,2785.5823,9203.76216310773,1.8031541587254285,0.5327079850428027,6219807.0,4.1,6.9
El Salvador,2019,121.0,2848.1704,9756.7521864595,2.8105824784779188,1.1592077561618277,6222318.0,3.0,6.9
El Salvador,2020,121.0,2798.5063,9392.68913817943,3.304903807662196,1.5811786701617312,6234673.0,,6.6
El Salvador,2021,121.0,2828.6477,10809.713399518,7.959379541866518,2.2912649567675043,6255782.0,5.1,7.1
El Salvador,2022,122.0,2861.1096,11875.9648066233,14.501531692588454,12.1769263041724,6280319.0,5.2,6.8
El Salvador,2023,123.0,,12679.5768752061,12.608288408901092,7.931113360084922,6309624.0,4.6,
El Salvador,2024,,,13264.027090968,4.529092247052113,1.9985120702957224,6338193.0,,
Equatorial Guinea,2001,,,11626.7231171673,15.516078436884651,11.031175137860322,749836.0,,
Equatorial Guinea,2002,,,13254.823622224,13.500566847488503,9.514866195763824,797957.0,,
Equatorial Guinea,2003,,,14496.1744119688,12.102886566448332,9.186816655924952,847862.0,,
Equatorial Guinea,2004,,,19354.2120821557,7.170798271035084,5.234407835450772,899917.0,,
Equatorial Guinea,2005,,,22137.0497795007,12.905391251401932,7.066644056942199,947367.0,,
Equatorial Guinea,2006,,,23511.39865709,7.052960486065851,5.490969293983983,990343.0,,
Equatorial Guinea,2007,,,26610.7691219619,6.17648198504519,3.497060017651151,1036044.0,,
Equatorial Guinea,2008,,,30522.7787142774,9.46059227423184,8.163378171490061,1084530.0,,
Equatorial Guinea,2009,,,29722.0005631066,9.742207142646484,5.822939686333764,1135673.0,,
Equatorial Guinea,2010,,,26167.8268525276,12.6635488041982,9.174708285905972,1189085.0,,
Equatorial Guinea,2011,,,27241.6000370603,7.552922115503935,7.09246288410272,1241835.0,,
Equatorial Guinea,2012,,,30011.9274409625,6.665254736780235,3.965149142555252,1293483.0,,
Equatorial Guinea,2013,,,27909.5175876754,6.840758290580018,4.610589283228715,1346218.0,,
Equatorial Guinea,2014,,,27177.271665026,6.841159590459389,4.443781542194331,1399828.0,,
Equatorial Guinea,2015,,,19478.7010123338,2.601132517966453,1.477347365492047,1453923.0,,
Equatorial Guinea,2016,,,16649.4757672359,-1.436864883493871,-4.051505699187374,1508186.0,,
Equatorial Guinea,2017,,,18434.7708571004,3.1842018023061858,1.6056715450099466,1562396.0,,
Equatorial Guinea,2018,,,18413.1294204577,3.0032815602823115,0.6237864342387424,1616422.0,,
Equatorial Guinea,2019,,,16451.3641478324,3.332382300737824,0.8095685654517543,1670177.0,,
Equatorial Guinea,2020,,,13677.110587517,8.808844444936392,4.721644341139532,1716468.0,,
Equatorial Guinea,2021,,,16821.4486470413,3.450636866456347,-1.196935441690992,1758786.0,,
Equatorial Guinea,2022,,,18139.989326627,7.798793119967717,5.575588968141606,1803545.0,8.8,
Equatorial Guinea,2023,,,17411.500234384,4.470743371140551,2.580595893371069,1847549.0,,
Equatorial Guinea,2024,,,17566.7600284073,6.949807517551232,3.93728252449808,1892516.0,,
Eritrea,2001,,,1683.68441866109,,,2312079.0,,
Eritrea,2002,,,1701.69523684878,,,2392978.0,,
Eritrea,2003,,,1620.85093040039,,,2493903.0,,
Eritrea,2004,,,1620.76402912482,,,2598284.0,,
Eritrea,2005,,,1674.07005453978,,,2661215.0,,
Eritrea,2006,,,1682.23894199347,,,2703502.0,,
Eritrea,2007,,,1727.09344172581,,,2743222.0,,
Eritrea,2008,,,1546.92747535768,,,2816327.0,,
Eritrea,2009,,,1576.74284599077,,,2887885.0,,
Eritrea,2010,,,1599.19106106457,,,2945186.0,,
Eritrea,2011,,,1742.32363018235,,,2998485.0,,
Eritrea,2012,,,,,,3036988.0,,
Eritrea,2013,,,,,,3074360.0,,
Eritrea,2014,,,,,,3095173.0,,
Eritrea,2015,,,,,,3105546.0,,
Eritrea,2016,,,,,,3124698.0,,
Eritrea,2017,,,,,,3150347.0,,
Eritrea,2018,,,,,,3192760.0,,
Eritrea,2019,,,,,,3240194.0,,
Eritrea,2020,,,,,,3291271.0,,
Eritrea,2021,,,,,,3350183.0,,
Eritrea,2022,,,,,,3409447.0,,
Eritrea,2023,,,,,,3470390.0,,
Eritrea,2024,,,,,,3535603.0,,
Estonia,2001,116.0,2977.5964,10309.9978807426,10.439023995016372,8.278985485061645,1388115.0,3.0,3.6
Estonia,2002,116.0,2973.6487,11666.6649638489,8.28729403566899,3.087885030896272,1379350.0,2.9,3.5
Estonia,2003,116.0,3002.5815,13136.7185083193,0.1774620197719345,-1.6924367673722038,1370720.0,3.6,3.4
Estonia,2004,118.0,3010.6511,14539.9710841117,7.104316725252802,4.207133688999681,1362550.0,1.6,2.9
Estonia,2005,120.0,3097.2317,16638.0779749397,6.602113377561159,3.5817562883887084,1354775.0,1.1,2.5
Estonia,2006,121.0,3136.6873,19348.3868589782,7.514451018827151,5.044084796154948,1346810.0,1.1,2.5
Estonia,2007,123.0,3155.4097,22201.3543849265,16.070069094304284,9.306917301887458,1340680.0,0.6,2.5
Estonia,2008,125.0,3240.9507,22803.5194742273,18.96425946645344,14.367576062568254,1337090.0,0.6,2.5
Estonia,2009,127.0,3268.904,20478.2524752833,2.752880926494728,-3.991379791257268,1334515.0,0.8,2.5
Estonia,2010,127.0,3235.6287,21616.7122418461,12.165774348018754,3.175817571911868,1331475.0,1.0,2.5
Estonia,2011,126.0,3222.5454,24652.3610297918,13.1926118572393,9.770352674387164,1327439.0,1.2,2.5
Estonia,2012,125.0,3156.9153,26242.5282659014,6.318840169872964,3.8405560580043017,1322696.0,1.0,2.5
Estonia,2013,125.0,3180.9248,27831.1526234213,6.629527352324227,4.164393653515665,1317997.0,1.1,2.5
Estonia,2014,124.0,3177.2166,29403.6584494815,2.487830507328548,0.027220049786647,1314545.0,1.0,2.5
Estonia,2015,123.0,3133.8706,29720.5911161676,0.3757379873780664,-0.5350339587288432,1315407.0,0.7,2.5
Estonia,2016,122.0,3106.989,31947.7769107437,2.277656844355413,0.0461074352866602,1315790.0,0.6,2.5
Estonia,2017,123.0,3104.813,34506.6486942506,7.921866681118628,5.719707673250126,1317384.0,0.5,2.5
Estonia,2018,125.0,3200.3108,37120.9879761677,5.697856417319169,3.03373769733028,1321977.0,0.4,2.5
Estonia,2019,127.0,3253.6946,40586.3784378888,4.563297281442558,3.029197196379241,1326898.0,0.7,2.5
Estonia,2020,128.0,3246.856,40672.1340402132,4.013539432281887,2.1425112439544693,1329522.0,0.4,2.5
Estonia,2021,129.0,3244.4922,44251.5374983455,6.151645217647572,1.851885210719914,1330932.0,0.3,2.5
Estonia,2022,129.0,3238.8308,47802.0073086125,29.7394430911867,19.81844455321177,1348840.0,0.5,2.5
Estonia,2023,129.0,,46790.2700170266,27.39844464919685,16.344045145528693,1370286.0,0.3,
Estonia,2024,,,49333.8067758296,5.829145643625733,3.251352186025469,1371986.0,,
Eswatini,2001,113.0,2366.6924,4527.95313953591,30.50797858489056,10.856093298691512,1051064.0,,10.4
Eswatini,2002,114.0,2438.814,4761.77668321386,23.118981458688225,20.386961237153432,1059441.0,,9.7
Eswatini,2003,114.0,2484.6284,5009.87782681402,18.93670511257146,12.301706343275823,1066700.0,,8.4
Eswatini,2004,113.0,2519.2234,5298.94785392543,7.380020579471447,5.69786587954099,1073159.0,,8.6
Eswatini,2005,110.0,2429.1072,5761.45610732418,10.648650217219302,7.956718249751447,1079022.0,,9.5
Eswatini,2006,107.0,2396.947,6263.58501274895,9.74419931974886,7.665758847682489,1084436.0,,10.6
Eswatini,2007,104.0,2403.7947,6680.00557786244,19.745007226977627,16.593499356041338,1090705.0,,11.3
Eswatini,2008,101.0,2371.8994,6818.48144007441,21.090584424377656,18.914398781995363,1098091.0,,11.5
Eswatini,2009,98.0,2389.0938,6923.38188231267,15.70235400226423,10.234928785352883,1105153.0,58.2,17.0
Eswatini,2010,97.0,2146.032,7230.86004359533,2.908037991911816,0.4238740172449832,1111650.0,,21.0
Eswatini,2011,98.0,2203.4524,7504.14896572489,8.595372106462218,5.956996611040961,1117833.0,,23.8
Eswatini,2012,101.0,2275.5012,7756.33825656685,14.523665439186528,13.107365156515966,1123863.0,,20.2
Eswatini,2013,104.0,2370.0564,8233.6040681314,7.853402052147906,5.686037694600853,1129990.0,,17.3
Eswatini,2014,105.0,2403.9097,8367.59716082908,7.342708534533093,6.347094600090581,1136299.0,,15.8
Eswatini,2015,105.0,2387.1418,8393.35393669388,5.237260880465411,4.152780568927319,1142813.0,,15.8
Eswatini,2016,105.0,2390.8203,8488.39432616799,18.956303736419567,15.024737250080122,1149507.0,44.5,15.9
Eswatini,2017,106.0,2417.5454,8586.29809952743,17.476785197210344,8.110502822678113,1158195.0,,14.7
Eswatini,2018,107.0,2478.9656,8536.99394749905,2.490811088256839,-0.0341239612876178,1168929.0,,13.2
Eswatini,2019,108.0,2465.2427,9248.27636899416,3.1115726532367827,2.1510545006061608,1179874.0,,11.6
Eswatini,2020,109.0,2510.3267,9297.5881020884,5.682174408632856,4.27441734272942,1192729.0,,11.3
Eswatini,2021,110.0,2518.8599,9946.04055370333,5.546013783082926,4.76682543550358,1206593.0,,11.6
Eswatini,2022,109.0,2517.1543,10665.4994162858,15.051740515506996,8.478627945573676,1218917.0,,12.4
Eswatini,2023,109.0,,11322.2286283713,16.993464075375144,12.795769218438394,1230506.0,,
Eswatini,2024,,,11784.2800637308,5.573505440516557,3.910385301827496,1242822.0,,
Ethiopia,2001,86.0,1788.7084,509.119301847982,-7.313271135786604,-15.70824941765876,69487762.0,,46.6
Ethiopia,2002,88.0,1800.5608,509.126314094017,19.142662028546557,2.031458706744125,71635517.0,,43.7
Ethiopia,2003,88.0,1836.9805,492.840755448409,33.67827462741002,25.53807732278416,73832663.0,,42.2
Ethiopia,2004,90.0,1832.2466,557.825634822556,8.758008924227646,3.39965822239372,76077206.0,41.3,39.7
Ethiopia,2005,91.0,1922.4598,624.51069241698,15.395401000030162,12.805424664488308,78367470.0,,37.0
Ethiopia,2006,93.0,1908.1998,692.86690763423,18.060575268235745,13.574014138293691,80703490.0,,33.3
Ethiopia,2007,96.0,1894.3074,770.261155174169,26.13344195509555,21.847842758153472,83103217.0,,29.9
Ethiopia,2008,98.0,1949.0533,844.988379963632,91.73248375895436,59.07098613101456,85543668.0,,26.8
Ethiopia,2009,100.0,1978.0962,899.140901727952,44.788242943908266,7.0684068180405495,88007636.0,,23.9
Ethiopia,2010,101.0,2180.7239,995.65397860146,8.93547987856853,1.5258557530725598,90538514.0,37.4,21.9
Ethiopia,2011,102.0,2195.9424,1098.11515728787,51.65784520277339,38.93758400728875,93149970.0,,20.3
Ethiopia,2012,104.0,2246.1848,1178.97474553026,49.560411566248106,29.37344164313475,95798767.0,,18.8
Ethiopia,2013,106.0,2306.1084,1252.86896408004,12.705220467944931,5.844725445645058,98438751.0,,17.2
Ethiopia,2014,109.0,2342.2273,1484.63145566608,8.050348712031653,5.453637555407866,101115610.0,,15.5
Ethiopia,2015,111.0,2411.3474,1632.61818006837,16.230181382653374,12.052069800477623,103867135.0,33.0,14.4
Ethiopia,2016,112.0,2425.1504,1857.54946515224,12.409808451312898,6.659914931895339,106718162.0,,14.0
Ethiopia,2017,112.0,2449.9873,2004.74755633129,15.767115626653696,11.285757701249556,109666481.0,,15.4
Ethiopia,2018,112.0,2416.4385,2095.3175782979,16.40090506646117,12.587501468320468,112664152.0,,17.9
Ethiopia,2019,112.0,2376.935,2242.44488310464,24.52627933598834,18.775685637145727,115737383.0,,20.9
Ethiopia,2020,113.0,2421.1355,2406.78938478669,26.88934002895917,23.17645125355484,118917671.0,,23.0
Ethiopia,2021,114.0,2426.005,2588.41310215884,41.93381556785421,31.309827766648795,122138588.0,38.6,23.5
Ethiopia,2022,114.0,2441.0837,2844.92274535753,43.93457509032379,37.30116047882698,125384287.0,,22.2
Ethiopia,2023,114.0,,3060.9050300376,33.60146275467919,29.535791296645467,128691692.0,,
Ethiopia,2024,,,3278.48967257937,32.29999981118805,23.63333330565727,132059767.0,,
Faroe Islands,2001,,,,,,46635.0,,
Faroe Islands,2002,,,,,,47335.0,,
Faroe Islands,2003,,,,,,48032.0,,
Faroe Islands,2004,,,,,,48384.0,,
Faroe Islands,2005,,,,,,48359.0,,
Faroe Islands,2006,,,,,,48335.0,,
Faroe Islands,2007,,,,,,48378.0,,
Faroe Islands,2008,,,41160.1085092854,,,48547.0,,
Faroe Islands,2009,,,39330.596445475,,,48791.0,,
Faroe Islands,2010,,,39766.5911029215,,,48657.0,,
Faroe Islands,2011,,,42133.2151486983,,,48543.0,,
Faroe Islands,2012,,,46196.842824186,,,48291.0,,
Faroe Islands,2013,,,49780.8416032719,,,48246.0,,
Faroe Islands,2014,,,53198.4138538914,,,48428.0,,
Faroe Islands,2015,,,53682.1715306081,,,48901.0,,
Faroe Islands,2016,,,54318.3039321893,,,49464.0,,
Faroe Islands,2017,,,56416.2319500574,,,50180.0,,
Faroe Islands,2018,,,58933.1314753804,,,50996.0,,
Faroe Islands,2019,,,62222.2416643156,,,51793.0,,
Faroe Islands,2020,,,61648.5056152701,,,52567.0,,
Faroe Islands,2021,,,67770.4886589012,,,53305.0,,
Faroe Islands,2022,,,74316.7435048892,,,53927.0,,
Faroe Islands,2023,,,78165.1753811838,,,54439.0,,
Faroe Islands,2024,,,,,,54719.0,,
Fiji,2001,124.0,2758.8552,5805.13581999951,7.48327730778513,5.715538548882134,849596.0,,4.0
Fiji,2002,125.0,2759.7607,6024.06236669553,2.12530856570472,1.012418957653347,858049.0,5.4,3.8
Fiji,2003,124.0,2727.4294,6145.43202793575,7.049012672766741,5.56940598260528,866286.0,,3.7
Fiji,2004,123.0,2717.2957,6583.74677832686,4.653596422404083,3.762347955218885,874366.0,,3.7
Fiji,2005,122.0,2739.7393,6775.61430282128,4.669885627782833,3.1511991517969373,882379.0,,3.5
Fiji,2006,120.0,2742.4238,7050.14353755995,6.164390549996379,3.312888777330364,890365.0,,3.5
Fiji,2007,119.0,2719.3396,7119.84280053823,9.495363793636692,6.426968918276743,897832.0,,3.6
Fiji,2008,117.0,2754.155,7286.7899194566,15.123339514601476,10.845658779901507,903399.0,3.8,3.7
Fiji,2009,116.0,2738.4265,7199.51050758289,5.149083309772529,3.3813210119353214,907239.0,,5.0
Fiji,2010,115.0,2677.798,7476.10752715045,7.702182229737575,4.0528792659482,910419.0,,6.1
Fiji,2011,115.0,2721.973,7814.69970301931,13.831088962050964,10.581941638837712,912989.0,,7.3
Fiji,2012,115.0,2685.2134,8357.19884088104,9.55555571075839,4.401368704869998,914918.0,,7.2
Fiji,2013,115.0,2690.442,9006.75600061022,7.709010887572787,3.5386850102905267,916352.0,1.6,7.1
Fiji,2014,116.0,2755.3337,10712.0289327958,2.8037378704084404,1.9491238419211097,917585.0,,6.9
Fiji,2015,115.0,2731.5054,11733.7429205049,5.555555671033874,4.761325857811007,918578.0,,7.1
Fiji,2016,115.0,2678.875,11984.5636003063,10.077518844735112,6.016455708032386,919166.0,,7.5
Fiji,2017,115.0,2724.4148,12819.5634929041,7.089552676383604,-2.079974499141819,918759.0,,7.2
Fiji,2018,117.0,2786.4531,13225.9194582039,7.7578053525946045,3.527686913434606,917180.0,,6.3
Fiji,2019,119.0,2834.308,13219.6975133422,10.426110218218133,4.913800682622616,914899.0,4.7,5.5
Fiji,2020,120.0,2878.0383,11235.2760396525,0.6113539539128743,-2.349265392793154,914963.0,,6.2
Fiji,2021,122.0,2921.8896,10685.1970276312,12.9370628954379,6.530714126092215,916711.0,,6.9
Fiji,2022,123.0,2982.4546,13672.2356967503,9.563758542622525,6.158782713755508,919422.0,,7.8
Fiji,2023,124.0,,15152.1377770174,12.021439678861867,7.541297122425333,924145.0,,
Fiji,2024,,,16032.257408619,12.216532414563396,7.0775779779867705,928784.0,,
Finland,2001,123.0,3171.0183,27801.0248281402,5.65261278268312,4.427115050989028,5188008.0,,2.5
Finland,2002,123.0,3151.668,28596.2606345457,6.990614839093023,2.908811149117224,5200598.0,,2.5
Finland,2003,123.0,3154.0254,29046.4092304977,2.282839501184508,0.6135258616260696,5213014.0,0.0,2.5
Finland,2004,124.0,3187.9104,31199.2914503448,1.855107072612805,0.7776601090609708,5228172.0,0.0,2.5
Finland,2005,125.0,3200.9524,32047.7069315564,2.217727820477866,0.5645975828907995,5246096.0,0.1,2.5
Finland,2006,126.0,3238.077,34447.7143026443,2.782807153955757,1.3783095690745455,5266268.0,0.1,2.5
Finland,2007,127.0,3283.0378,37844.2931586421,2.911087154345715,2.0700873232385195,5288720.0,0.1,2.5
Finland,2008,127.0,3238.8142,40081.2212482066,10.72249767266471,8.598697993825576,5313399.0,0.1,2.5
Finland,2009,125.0,3236.1162,37968.661743232,7.446229588469366,2.090170306144263,5338871.0,0.1,2.5
Finland,2010,125.0,3158.1846,38950.5525874191,3.384881124580219,-3.315022642605354,5363352.0,0.1,2.5
Finland,2011,126.0,3182.491,40845.9566729849,7.563786723701305,6.289372690833126,5388272.0,0.1,2.5
Finland,2012,127.0,3256.259,40739.1131809421,5.867250918743583,5.159579763893366,5413971.0,0.1,2.5
Finland,2013,127.0,3236.6487,41325.8052072321,7.487599612005447,5.348543487483529,5438972.0,0.1,2.5
Finland,2014,127.0,3231.8345,41547.0984485393,3.910671934294818,0.1619254532623524,5461512.0,0.1,2.5
Finland,2015,127.0,3228.6074,42269.2212218196,-1.3073280343758764,-1.8695690191827217,5479531.0,0.1,2.5
Finland,2016,128.0,3258.693,44562.4011072067,0.0101265822784801,-1.141017526829627,5495303.0,0.0,2.5
Finland,2017,129.0,3259.6975,47234.8528600939,-0.0611433812289896,-0.9126086589799178,5508214.0,0.1,2.5
Finland,2018,130.0,3308.3982,49248.6775395866,2.794840294840295,1.9338005502539184,5515525.0,0.1,2.5
Finland,2019,131.0,3333.3508,52276.1115723992,2.068126520681268,1.2134724348662915,5521606.0,0.0,2.5
Finland,2020,131.0,3352.9016,53296.5792798852,2.931465732866423,1.664160146988003,5529543.0,0.0,2.5
Finland,2021,131.0,3328.0767,56790.3766177692,1.6622665493302158,0.5706357549427943,5541017.0,0.0,2.5
Finland,2022,131.0,3360.3848,61347.1578483192,16.064064448067516,10.497343824350429,5556106.0,0.1,2.5
Finland,2023,132.0,,61612.9423925582,16.269362767832284,9.230620841537815,5583911.0,0.2,
Finland,2024,,,64091.2251829548,1.583156520319884,-0.0016812872094623,5637214.0,,
France,2001,148.0,3621.5203,27349.7445859002,7.101430596726366,5.511968954606108,61364377.0,0.0,2.5
France,2002,148.0,3639.077,28350.0985605428,6.6027016790809245,2.758226614922495,61812142.0,0.0,2.5
France,2003,147.0,3574.4146,28027.6762119343,3.862712269791913,2.2818268881440527,62249855.0,0.2,2.5
France,2004,145.0,3544.9907,28925.1268683664,2.0747377107155573,0.4913379679465285,62707588.0,0.1,2.5
France,2005,145.0,3527.664,30431.2367240202,0.7902382335851277,0.1602084252614479,63180854.0,0.1,2.5
France,2006,144.0,3501.4033,32430.4443144707,2.7134039827646506,1.6770857251986404,63622342.0,0.0,2.5
France,2007,144.0,3453.7065,34067.4661475639,3.216672329822168,1.4506474972621402,64016890.0,0.0,2.5
France,2008,144.0,3538.1497,35053.2627069116,6.675657451112604,5.069889248650907,64375116.0,0.0,2.5
France,2009,144.0,3517.78,34666.9598878294,2.2594594594594675,0.0863916539608156,64706436.0,0.1,2.5
France,2010,143.0,3502.2107,35911.5438581409,1.4990898383124618,0.7867967878705362,65026211.0,0.1,2.5
France,2011,142.0,3489.1448,37510.3759898714,3.543307086614167,1.9902528931920425,65340830.0,0.0,2.5
France,2012,141.0,3453.0413,37671.0239268565,3.786919831223634,2.894216382506384,65657659.0,0.1,2.5
France,2013,140.0,3458.1497,39583.3520435045,1.9926425505824683,1.1527933169729945,65997932.0,0.1,2.5
France,2014,140.0,3423.4922,40218.1258637776,0.1102093978559315,-0.8355197105220915,66312067.0,0.0,2.5
France,2015,140.0,3410.8108,40916.10535718,1.0243020686884874,0.4042034469182849,66548272.0,0.1,2.5
France,2016,140.0,3453.6045,42880.2351355431,1.5681544028950611,0.5549391467427722,66724104.0,0.1,2.5
France,2017,141.0,3457.092,44469.1458856805,1.6930474854738753,1.0885883317263627,66918020.0,0.0,2.5
France,2018,141.0,3442.4482,46381.0590629457,3.0118110236220463,1.966567176761041,67158348.0,0.0,2.5
France,2019,141.0,3463.752,51130.4723140578,3.2112296894529324,2.4511853641646653,67382061.0,0.1,2.5
France,2020,142.0,3489.1384,49481.8044309655,4.121948903029726,2.0256747302682494,67601110.0,0.1,2.5
France,2021,143.0,3493.231,52517.3354905855,1.4139173828666474,0.6192114388888467,67842811.0,0.1,2.5
France,2022,143.0,3505.4783,56181.0058137403,12.978918423464725,7.27028696873655,68065015.0,0.1,2.5
France,2023,144.0,,58317.828030698,16.903548761955832,12.482628864378867,68287487.0,0.1,
France,2024,,,61321.691319446,5.744208187876865,1.3463057412919843,68516699.0,,
French Guiana,2001,,,,1.7607685104187754,1.7467172749017343,,,
French Guiana,2002,,,,1.7303031617348807,1.7167300061641615,,,
French Guiana,2003,,,,1.7008716632716414,1.6877553171579462,,,
French Guiana,2004,,,,1.6724258459683394,1.6597419767297357,,,
French Guiana,2005,,,,1.6449170481844133,1.6326439948369929,,,
French Guiana,2006,,,,1.6182962178022064,1.606416071814933,,,
French Guiana,2007,,,,1.5925256165675306,1.5810181016633431,,,
French Guiana,2008,,,,1.56756064987833,1.556410186135911,,,
French Guiana,2009,,,,2.5393416338941543,0.7128451136323489,,,
French Guiana,2010,,,,3.2653065015422422,1.2377763019374202,,,
French Guiana,2011,,,,2.819738355122792,1.844704906701772,,,
French Guiana,2012,,,,4.486540823615948,2.6284560398411023,,,
French Guiana,2013,,,,3.8986351317203294,3.3113015969865027,,,
French Guiana,2014,,,,2.5328336787957983,1.5113933349183484,,,
French Guiana,2015,,,,1.7335769399519974,0.0616632913594418,,,
French Guiana,2016,,,,2.031394198493075,0.7661694961956705,,,
French Guiana,2017,,,,1.2704170092847633,0.6447185598263497,,,
French Guiana,2018,,,,1.4388495877750929,0.4614197722893121,,,
French Guiana,2019,,,,2.508960749577671,1.8275917897964105,,,
French Guiana,2020,,,,2.172540411591717,1.824277134183844,,,
French Guiana,2021,,,,2.0069802892620947,1.4789132099528015,,,
French Guiana,2022,,,,7.65993296452101,4.969577714053112,,,
French Guiana,2023,,,,10.608552550740225,9.469703638877617,,,
French Guiana,2024,,,,8.850931489282976,4.897293563541887,,,
French Polynesia,2001,113.0,2803.8523,,3.3020175610121827,2.37285652408815,244097.0,,4.1
French Polynesia,2002,113.0,2836.7537,,8.237231943902291,5.498175881275277,247775.0,,4.0
French Polynesia,2003,114.0,2838.788,,1.5518213795459257,0.7658052842942668,251637.0,,3.9
French Polynesia,2004,114.0,2869.2927,,3.6299008130114,2.3304049217898286,255654.0,,3.9
French Polynesia,2005,115.0,2859.3503,,3.874631204171819,2.571045566017888,259507.0,,3.9
French Polynesia,2006,115.0,2845.2783,,4.869641954491888,3.375548691352518,263223.0,,4.0
French Polynesia,2007,115.0,2850.3123,,4.613775650256624,3.079689970023621,266438.0,,4.0
French Polynesia,2008,115.0,2858.4187,,7.838004954380695,6.174986225536949,268379.0,,3.9
French Polynesia,2009,116.0,2869.3403,,4.723569434130237,1.8146514247913192,269481.0,,4.1
French Polynesia,2010,117.0,3007.3413,,5.461977164680887,2.96526776354955,270580.0,,4.5
French Polynesia,2011,118.0,3007.4214,,4.366768453252923,3.270276266164977,271727.0,,4.8
French Polynesia,2012,118.0,2997.0786,,4.602577424619092,2.3947806205523614,273084.0,,4.9
French Polynesia,2013,118.0,2998.4324,,5.665950190214453,3.316917466716646,274728.0,,5.1
French Polynesia,2014,117.0,2967.908,,2.232807389371172,0.8787874328218684,276387.0,,5.3
French Polynesia,2015,116.0,2967.9148,,4.653259160323531,2.6153504830074947,277866.0,,5.7
French Polynesia,2016,115.0,2931.657,,3.225940592754118,2.2670145668826245,279178.0,,6.1
French Polynesia,2017,114.0,2923.9736,,3.7327439398834095,1.8168010544535225,280087.0,,6.6
French Polynesia,2018,114.0,2939.109,,0.3912219798271055,-3.030996611439395,279815.0,,6.4
French Polynesia,2019,115.0,3028.6392,,3.970081179291629,1.2077621109813224,279034.0,,5.8
French Polynesia,2020,116.0,3095.67,,4.970183242508175,2.743141196460064,279209.0,,5.2
French Polynesia,2021,117.0,3138.2866,,3.937243185959183,2.458257746468128,279792.0,,5.0
French Polynesia,2022,118.0,3146.0803,,12.015401005110116,8.104245803771336,280378.0,,5.4
French Polynesia,2023,121.0,,,12.566029694470028,7.308606913531172,281118.0,,
French Polynesia,2024,,,,1.7008465761500169,0.424079321985595,281807.0,,
Gabon,2001,120.0,2582.6516,13555.6285395224,4.812523883206787,2.9011487155536493,1309589.0,,10.8
Gabon,2002,119.0,2525.7854,13369.1233374468,1.6383631047728109,0.0562160334021446,1345135.0,,12.1
Gabon,2003,118.0,2533.27,13564.1804141405,4.896549505826053,3.034001923001308,1382350.0,,13.3
Gabon,2004,118.0,2535.5383,13637.6667971195,4.52240299755502,0.5688651243443709,1421609.0,,14.1
Gabon,2005,118.0,2558.2354,14028.356207939,5.933603034172874,5.037496254618823,1463495.0,9.2,14.6
Gabon,2006,118.0,2544.3289,13637.2590188998,0.0,-1.8933891172526465,1508337.0,,14.8
Gabon,2007,119.0,2520.6985,14391.2465868132,9.36272114926604,6.849416684259487,1556237.0,,14.8
Gabon,2008,119.0,2448.011,13733.7012862122,9.479292879263143,7.17981040257984,1607175.0,,14.7
Gabon,2009,119.0,2467.4185,13383.5662273185,6.807714976510471,2.594886493982418,1661556.0,,14.6
Gabon,2010,119.0,2691.998,14014.6905491122,5.441981479564673,-0.1711386667932302,1719879.0,,14.1
Gabon,2011,120.0,2738.5225,14784.3483551883,9.301417233908204,4.069263410810004,1781985.0,,13.5
Gabon,2012,121.0,2757.0295,14619.7181445113,8.337879565316797,5.690013143500049,1846889.0,,13.1
Gabon,2013,121.0,2741.242,14497.9921216902,6.449097740003729,-0.368378092641175,1913059.0,,13.1
Gabon,2014,120.0,2739.5564,14853.6712460355,9.316368640884054,3.057235283052393,1978399.0,,13.3
Gabon,2015,119.0,2735.8518,14306.4340768252,5.269772068651268,2.8639690137273752,2040989.0,,14.1
Gabon,2016,117.0,2660.409,13997.7352841911,2.7709288611175165,-0.0784088607490814,2100306.0,,15.3
Gabon,2017,116.0,2611.8518,14796.6286374171,1.7195481001608617,-0.7159374141919991,2156900.0,3.8,16.5
Gabon,2018,115.0,2630.4973,15432.0430535353,7.821636504655749,3.655609009759644,2212318.0,,17.6
Gabon,2019,115.0,2576.5503,15949.6373739622,7.149118193504411,3.1011452357774267,2267706.0,,18.8
Gabon,2020,113.0,2584.644,14477.1308291818,2.649967111577478,1.8756634278126405,2322539.0,,19.7
Gabon,2021,112.0,2546.9465,18523.5798032135,2.195998474813332,1.3546612519644396,2376722.0,,20.1
Gabon,2022,111.0,2507.9507,19992.5570643309,8.885582757127342,5.906220801697103,2430747.0,,20.1
Gabon,2023,110.0,,20757.0723768613,8.457087252299079,5.960862974019247,2484789.0,,
Gabon,2024,,,21509.5227883553,4.406482427377378,2.344805759646529,2538952.0,,
Gambia,2001,108.0,2136.4937,,9.846759896417325,5.464061566591046,,,
Gambia,2002,105.0,2089.3958,,17.87862634088533,10.48768376780748,,,
Gambia,2003,104.0,2099.2363,,26.041718268061075,20.959678497272403,,,
Gambia,2004,105.0,2116.364,,22.300224581182725,17.432116237156098,,,
Gambia,2005,106.0,2105.027,,8.03160797407978,5.234050145242343,,,
Gambia,2006,109.0,2070.9993,,4.261037773697529,1.8479714447724689,,,
Gambia,2007,111.0,2195.075,,9.80266205243443,7.9031339885514,,,
Gambia,2008,114.0,2247.392,,8.49399903455128,6.0145011457782,,,
Gambia,2009,116.0,2280.0706,,8.768348393065285,5.393180340251863,,,
Gambia,2010,118.0,2678.4893,,8.35781976269021,6.614375704338626,,,
Gambia,2011,118.0,2655.3083,,7.47589199797476,6.420263341144056,,,
Gambia,2012,117.0,2642.5776,,5.592355451070374,5.040003329014412,,,
Gambia,2013,115.0,2608.818,,7.29071388102196,6.711516756557283,,,
Gambia,2014,114.0,2562.0273,,8.316691003290044,6.785658073489359,,,
Gambia,2015,113.0,2577.0518,,9.042738661956973,8.275404903544258,,,
Gambia,2016,112.0,2556.3252,,8.64790757695828,8.232805782026503,,,
Gambia,2017,111.0,2568.7195,,9.997812202281708,8.716364176882816,,,
Gambia,2018,110.0,2487.1797,,6.561613103760622,6.335005194989981,,,
Gambia,2019,108.0,2526.8455,,7.640770340746528,6.792273304521719,,,
Gambia,2020,107.0,2496.564,,7.923941479299823,6.563570232491372,,,
Gambia,2021,107.0,2492.896,,11.449133920919971,9.60285820190586,,,
Gambia,2022,107.0,2516.9207,,17.367082655114928,14.006735984834142,,,
Gambia,2023,108.0,,,24.3939621302655,21.86804649436473,,,
Gambia,2024,,,,21.64844962569226,15.138164970925454,,,
"Gambia, The",2001,,,1822.9796510577,,,1495011.0,,17.9
"Gambia, The",2002,,,1743.69432511929,,,1535691.0,,19.7
"Gambia, The",2003,,,1849.78337005418,,,1577611.0,55.2,20.4
"Gambia, The",2004,,,1978.63262689984,,,1621312.0,,19.4
"Gambia, The",2005,,,1938.02362742194,,,1667037.0,,17.6
"Gambia, The",2006,,,1930.81888537674,,,1715275.0,,15.2
"Gambia, The",2007,,,1985.040252425,,,1765774.0,,13.1
"Gambia, The",2008,,,2088.27166129033,,,1817852.0,,11.3
"Gambia, The",2009,,,2177.05344695607,,,1871422.0,,9.7
"Gambia, The",2010,,,2266.82898238442,,,1926630.0,34.2,8.9
"Gambia, The",2011,,,2064.253852883,,,1983784.0,,8.8
"Gambia, The",2012,,,2064.81438121612,,,2043094.0,,9.5
"Gambia, The",2013,,,2006.74081646788,,,2103820.0,,10.4
"Gambia, The",2014,,,1933.70329718446,,,2164528.0,,11.2
"Gambia, The",2015,,,1990.31625750973,,,2224529.0,17.1,11.9
"Gambia, The",2016,,,2012.67648180251,,,2283769.0,,12.1
"Gambia, The",2017,,,2038.95429850128,,,2342189.0,,13.4
"Gambia, The",2018,,,2277.44236224191,,,2399632.0,,14.2
"Gambia, The",2019,,,2421.72318070615,,,2456844.0,,15.9
"Gambia, The",2020,,,2530.80414937307,,,2515733.0,22.0,17.1
"Gambia, The",2021,,,2777.79620978324,,,2576010.0,,19.3
"Gambia, The",2022,,,3067.31040447283,,,2636470.0,,20.5
"Gambia, The",2023,,,3254.37457760999,,,2697845.0,,
"Gambia, The",2024,,,3445.25159248185,,,2759988.0,,
Georgia,2001,119.0,2934.007,3440.72817931982,9.601357979685844,6.277252733579829,4014373.0,36.7,7.3
Georgia,2002,123.0,3079.203,3718.68693255545,10.29230777722827,7.508389049437928,3978515.0,22.3,5.7
Georgia,2003,125.0,3200.1458,4239.93841372799,11.566882714353133,6.409215218434748,3951736.0,22.3,4.6
Georgia,2004,124.0,3230.3462,4634.77757594477,10.445548434033336,7.6147517690993745,3927340.0,20.9,3.9
Georgia,2005,122.0,3315.568,5271.95095261655,16.4169392906347,10.825658932618005,3902469.0,22.3,4.0
Georgia,2006,120.0,3186.057,5980.44390488226,22.797788883639125,13.216152056722605,3880347.0,22.5,4.0
Georgia,2007,118.0,3235.0605,6951.08584266081,17.417609859956663,12.453289878377404,3860158.0,23.9,4.0
Georgia,2008,116.0,3331.1433,7278.66312193993,18.03759811151282,12.317295634942838,3848449.0,21.7,3.6
Georgia,2009,115.0,3309.508,7119.14279081978,5.917432396188826,1.5615905818935598,3814419.0,21.1,5.1
Georgia,2010,114.0,2766.8596,7711.80683889487,22.7857632829036,11.711844851537508,3786695.0,23.6,6.8
Georgia,2011,114.0,2791.0579,8563.83554915647,30.699869167142204,16.75965436935007,3756441.0,21.6,8.3
Georgia,2012,115.0,2812.646,10059.9820603954,-1.0100972278300755,-4.339375032345865,3728874.0,18.8,7.9
Georgia,2013,115.0,2830.7524,10797.3423273476,5.695615429930045,-0.6710098155718122,3717668.0,14.9,7.5
Georgia,2014,117.0,2853.367,11770.6989360253,8.362839669279243,5.155957773949958,3719414.0,12.0,6.7
Georgia,2015,118.0,2932.3164,12269.6528932768,7.057191172723565,4.190243496782274,3725276.0,10.6,6.6
Georgia,2016,118.0,2845.8594,13065.294157468,5.137577421987238,1.650737417115174,3727505.0,10.5,6.7
Georgia,2017,119.0,2846.3828,13718.9378669764,9.54116046865301,6.79227385733197,3728004.0,11.1,6.6
Georgia,2018,121.0,2960.4644,15021.9057577433,4.685245990409892,2.213811552702666,3726549.0,11.0,5.5
Georgia,2019,124.0,3036.4146,16770.1333771469,13.528150359037715,8.158461831587983,3720161.0,9.7,5.4
Georgia,2020,125.0,3021.0083,16791.2598654465,16.082568240337338,10.591505356066364,3722716.0,12.0,5.2
Georgia,2021,126.0,3022.0173,18915.6534005263,18.35055848742968,10.888147354380488,3708610.0,10.8,5.2
Georgia,2022,127.0,3064.7148,22461.3326414547,22.00302146249107,17.938822386112218,3712502.0,7.7,4.0
Georgia,2023,128.0,,25071.9677264107,15.044707104048127,3.924904193059973,3715483.0,5.8,
Georgia,2024,,,28417.7518669146,3.557234944849519,-0.0140645481778371,3673850.0,4.2,
Germany,2001,137.0,3430.6885,28677.1908591132,6.074771584559668,4.454755954956313,82349925.0,0.0,2.5
Germany,2002,138.0,3494.5088,29513.6823267102,5.787020790468911,0.8741959060639672,82488495.0,0.0,2.5
Germany,2003,139.0,3459.2097,30305.2575678401,1.598182347912358,-0.1293761758010075,82534176.0,0.2,2.5
Germany,2004,139.0,3483.975,31757.4177276181,1.2387426805309687,-0.3358664079533595,82516260.0,0.0,2.5
Germany,2005,140.0,3525.2373,32313.736788417,0.7821271831015997,0.0569172693058589,82469422.0,0.0,2.5
Germany,2006,141.0,3552.4583,34748.7543257238,3.628121273543172,2.039395550867438,82376451.0,0.0,2.5
Germany,2007,142.0,3625.9336,36915.3252832162,6.979286261897988,3.790867388086087,82266372.0,0.0,2.5
Germany,2008,142.0,3615.3943,38443.5386278958,8.2162100558701,6.115910725800263,82110097.0,0.0,2.5
Germany,2009,141.0,3612.6182,37554.4426993174,1.106630915582052,-1.3048799939177698,81902307.0,0.0,2.5
Germany,2010,141.0,3618.2969,39730.4897885271,3.36734709645119,1.2634905015428393,81776930.0,0.0,2.5
Germany,2011,141.0,3651.8833,43398.3443992496,3.5175938257292483,2.7595914183037475,80274983.0,0.0,2.5
Germany,2012,141.0,3605.5693,44229.3941921739,4.234832943102296,3.40502694781006,80425823.0,0.0,2.5
Germany,2013,140.0,3594.037,45889.0173022052,5.103956294024314,3.861147776795537,80645605.0,0.0,2.5
Germany,2014,140.0,3577.4673,47938.7968210418,3.208059809553121,1.0423044772234926,80982500.0,0.0,2.5
Germany,2015,140.0,3590.451,48558.4432970969,1.4319860846359944,0.5985062550958172,81686611.0,0.0,2.5
Germany,2016,141.0,3564.5898,51569.9016841199,2.5050110601836595,0.8097333483400138,82348669.0,0.0,2.5
Germany,2017,141.0,3554.8835,54110.2536648812,4.468722352625543,2.762494636142652,82657002.0,0.2,2.5
Germany,2018,142.0,3586.3186,56273.0405627017,3.310621505519973,2.2909699031952893,82905782.0,0.0,2.5
Germany,2019,143.0,3616.84,59270.7276496985,2.2792141783102293,1.204258969710903,83092962.0,0.2,2.5
Germany,2020,143.0,3629.2363,58685.872699771,4.699464542252607,2.145646509389241,83160871.0,0.2,2.5
Germany,2021,143.0,3607.7498,62530.7653199239,5.965621562085133,3.1103388509511887,83196078.0,,2.5
Germany,2022,142.0,3573.1267,67589.8399055414,19.46050065494891,12.533633422849071,83797985.0,,2.5
Germany,2023,142.0,,68692.894466622,21.198156189555807,12.545725016053808,83901923.0,,
Germany,2024,,,72300.1205050011,4.173228589860956,1.963492403913732,83510950.0,,
Ghana,2001,113.0,2452.872,2397.30067037823,76.77165057821136,46.614455230941125,20167069.0,,14.9
Ghana,2002,115.0,2534.1714,2475.09635357919,16.666665148443506,6.084233514097124,20729388.0,,13.5
Ghana,2003,117.0,2544.3384,2584.47723729151,37.05583663676804,28.21712418252348,21296705.0,,12.6
Ghana,2004,118.0,2555.3955,2729.34450244911,31.25589965172908,18.10125145537917,21868298.0,,12.1
Ghana,2005,120.0,2620.4382,2903.83429043881,15.611511215127273,13.617653164412753,22449438.0,60.9,11.1
Ghana,2006,122.0,2690.072,3103.22625820374,11.815562048622484,9.930692479621394,23040702.0,,10.4
Ghana,2007,124.0,2670.6548,3241.22081107324,10.512552136946727,9.457102209176565,23642279.0,,9.2
Ghana,2008,127.0,2811.326,3515.58923520243,17.77777693360263,15.095422513227922,24249946.0,,8.1
Ghana,2009,130.0,2889.2373,3617.23944435035,19.44056060304813,15.787945209962077,24862664.0,,6.9
Ghana,2010,130.0,2942.2725,3855.46891716757,9.094457931907662,6.124174103092081,25474995.0,,7.0
Ghana,2011,129.0,2915.4922,4381.12535523694,4.830052460034562,4.044049043188363,26095088.0,,7.4
Ghana,2012,128.0,2907.7068,4933.65254349093,3.619536143408597,2.3771210776862617,26734268.0,41.8,7.9
Ghana,2013,127.0,2885.6648,5214.56935848794,8.888064698019305,7.288644803086182,27386193.0,,8.2
Ghana,2014,125.0,2877.8162,5517.13178763566,8.21388204114446,6.804158509119888,28041592.0,,8.9
Ghana,2015,124.0,2814.2153,5191.37053389659,8.003758950365736,7.480176268228521,28696068.0,,9.7
Ghana,2016,124.0,2793.776,5011.07931572904,9.647119050591524,8.636909253460825,29356742.0,39.0,9.8
Ghana,2017,126.0,2888.473,5170.96094857439,8.212927339975252,7.272453498286748,30008354.0,,9.0
Ghana,2018,129.0,2972.7722,5536.49795400218,8.924806688526177,7.828477703146212,30637585.0,,7.8
Ghana,2019,132.0,3036.3162,6002.55044678386,9.157980177869971,7.486010933847178,31258945.0,,6.9
Ghana,2020,134.0,3070.145,6047.30111673554,14.66885925039294,11.114202530845974,31887809.0,,6.0
Ghana,2021,135.0,3143.6902,6607.50297378321,13.086419366842296,10.293029619619354,32518665.0,,5.9
Ghana,2022,136.0,3132.9773,7208.15798982723,59.60115866432023,33.73574162957012,33149152.0,,6.2
Ghana,2023,136.0,,7556.41605453234,60.87528132126239,48.88458559940998,33787914.0,,
Ghana,2024,,,8027.16842346122,29.61906929945901,24.704832099950227,34427414.0,,
Gibraltar,2001,,,,,,27657.0,,
Gibraltar,2002,,,,,,27831.0,,
Gibraltar,2003,,,,,,28274.0,,
Gibraltar,2004,,,,,,28715.0,,
Gibraltar,2005,,,,,,29163.0,,
Gibraltar,2006,,,,,,29594.0,,
Gibraltar,2007,,,,,,30006.0,,
Gibraltar,2008,,,,,,30413.0,,
Gibraltar,2009,,,,,,30823.0,,
Gibraltar,2010,,,,,,31248.0,,
Gibraltar,2011,,,,,,31660.0,,
Gibraltar,2012,,,,,,32029.0,,
Gibraltar,2013,,,,,,32407.0,,
Gibraltar,2014,,,,,,32813.0,,
Gibraltar,2015,,,,,,33193.0,,
Gibraltar,2016,,,,,,33658.0,,
Gibraltar,2017,,,,,,34245.0,,
Gibraltar,2018,,,,,,34854.0,,
Gibraltar,2019,,,,,,35494.0,,
Gibraltar,2020,,,,,,36173.0,,
Gibraltar,2021,,,,,,36858.0,,
Gibraltar,2022,,,,,,37609.0,,
Gibraltar,2023,,,,,,38471.0,,
Gibraltar,2024,,,,,,39329.0,,
Greece,2001,138.0,3670.6052,20306.0878366634,10.1316633520681,5.145710097608855,10862132.0,,2.5
Greece,2002,139.0,3684.3486,21985.2345411071,12.852267284564366,5.379241244772207,10902022.0,0.2,2.5
Greece,2003,140.0,3688.964,23255.5641978585,10.252428273766556,5.007936291015254,10928070.0,0.6,2.5
Greece,2004,140.0,3748.7698,24828.8979383295,3.728576102103287,0.5266451988226145,10955141.0,0.9,2.5
Greece,2005,138.0,3612.8474,25003.8297466933,2.656605892215924,0.6408760862779361,10987314.0,0.4,2.5
Greece,2006,137.0,3496.6714,28082.1248815718,5.814392393019263,3.755341264447615,11020362.0,0.7,2.5
Greece,2007,137.0,3517.7585,28896.921070906,4.849366520634657,3.2415808567588726,11048473.0,0.6,2.5
Greece,2008,139.0,3520.946,30440.9709059081,6.644845206991179,5.3718533652652445,11077841.0,0.4,2.5
Greece,2009,140.0,3501.8235,29947.7868089708,3.78585167518708,1.9180623632846927,11107017.0,0.6,2.5
Greece,2010,140.0,3502.4998,27841.8591363591,2.1590501602511747,0.082545980640412,11121341.0,1.1,2.5
Greece,2011,140.0,3499.157,25692.5740851321,4.2605466727340335,3.1147248496866173,11104899.0,1.5,2.5
Greece,2012,140.0,3490.9165,24582.9741957507,3.007504396155669,1.5121690396899377,11045011.0,2.1,2.5
Greece,2013,139.0,3506.883,25730.8809006664,0.8433134229334671,0.0022008173571869,10965211.0,1.5,2.5
Greece,2014,137.0,3435.629,26450.181326726,-0.4481463663168039,-1.6766816471548596,10892413.0,2.0,2.5
Greece,2015,135.0,3402.749,26614.8483754225,4.334664560627699,1.810645260143496,10820883.0,2.0,2.5
Greece,2016,134.0,3344.9326,27504.5497984948,2.1902617828367887,-0.2094446622963726,10775971.0,1.4,2.5
Greece,2017,134.0,3371.8284,28681.6815585005,1.856631941297726,0.3203547467000689,10754679.0,1.1,2.5
Greece,2018,135.0,3362.5237,29792.0592519585,1.983143717178804,0.4075217755051032,10732882.0,0.2,2.5
Greece,2019,135.0,3374.6934,31927.3792151369,2.0590137479275628,-0.1046240099052964,10721582.0,1.0,2.5
Greece,2020,135.0,3311.6948,29533.087740299,3.5714274172131244,1.363322309177607,10698599.0,1.1,2.5
Greece,2021,135.0,3350.118,33531.15511226,4.314227990667874,1.367874499525266,10569207.0,0.7,2.5
Greece,2022,135.0,3389.062,38969.0221675373,15.476156103964978,11.746996559041918,10436882.0,0.6,2.5
Greece,2023,135.0,,41181.9912164324,15.358738236916336,11.674414262482864,10405588.0,0.6,
Greece,2024,,,44074.2956697377,8.326691038683443,3.413416708609084,10388805.0,,
Greenland,2001,,,30561.7998286959,3.378995644842808,3.123953345684628,56379.0,,
Greenland,2002,,,30618.0027855733,4.063604810196031,3.7535903352060345,56595.0,,
Greenland,2003,,,32516.0413742949,3.888480988486021,2.9526932296411825,56751.0,,
Greenland,2004,,,35604.3390646877,1.9915258067289,1.7431320621488389,56898.0,,
Greenland,2005,,,38527.0850327204,2.7459011389835863,2.176790655975482,56935.0,,
Greenland,2006,,,42039.7937935486,2.729409635882773,2.640467744559273,56775.0,,
Greenland,2007,,,44366.4315156047,2.9560472549223338,2.7729319812307067,56555.0,,
Greenland,2008,,,48203.123064415,6.828696873073903,5.527418660863069,56328.0,,
Greenland,2009,,,48924.7640849636,6.000000281643225,4.432004179598329,56323.0,,
Greenland,2010,,,50190.8817880429,4.716981542248755,3.244411824081628,56534.0,,
Greenland,2011,,,50653.0585916924,5.360824546340459,3.9783341349667913,56890.0,,
Greenland,2012,,,52389.325351824,5.555555743709051,3.1645840827917624,56810.0,,
Greenland,2013,,,52893.6503558212,1.7529212361824476,1.657887668413549,56483.0,,
Greenland,2014,,,56555.0690671219,2.7891720335409875,2.380692575327968,56295.0,,
Greenland,2015,,,55815.6502883612,3.101081714278497,2.3983216573512287,56114.0,,
Greenland,2016,,,58908.5907729314,3.364632666619793,3.0948251550913075,56186.0,,
Greenland,2017,,,60010.0982907298,2.5738072724479144,2.191969126582466,56172.0,,
Greenland,2018,,,61806.8271308174,1.348314374007975,0.5700824234357305,56023.0,,
Greenland,2019,,,64264.0564607393,1.856148476645214,1.3416232273126418,56225.0,,
Greenland,2020,,,64999.4435683064,1.9751286211098007,1.4338981253080456,56367.0,,
Greenland,2021,,,69302.0088788237,1.602870849665594,0.3468059035630975,56653.0,,
Greenland,2022,,,75720.4298219323,5.1649928435275605,3.953001488890103,56661.0,,
Greenland,2023,,,78840.5978395988,3.873239674704254,2.828082823142871,56865.0,,
Greenland,2024,,,,3.423144851411486,2.7896558718904543,56836.0,,
Grenada,2001,,2163.7622,7282.70841986036,5.760486954807109,4.2152849620944375,107987.0,,
Grenada,2002,,2170.513,7620.673877466,0.8401052697865063,-0.4728184062851674,108404.0,,
Grenada,2003,,2166.5457,8469.08752658602,2.4923848153505235,0.7421337093401315,108884.0,,
Grenada,2004,,2240.1543,8605.82398540487,3.951534724081829,3.301258482625759,109323.0,,
Grenada,2005,,2224.3584,10016.3479735194,6.469816878864876,4.111143064170023,109734.0,,
Grenada,2006,,2244.233,9876.6166955998,6.667519225189733,5.6455588888467965,110135.0,,
Grenada,2007,,2253.465,10727.6792054748,12.359683145631006,6.644096267597757,110522.0,,
Grenada,2008,,2274.833,11000.7523577301,17.304147140278992,14.43487089961212,110896.0,,
Grenada,2009,,2275.0525,10303.3432602774,12.003791535361264,1.6969180425087906,111254.0,,
Grenada,2010,,2420.0596,10344.3839189192,7.044502153807053,3.344975060920953,111586.0,,
Grenada,2011,,2430.6536,10591.7475649916,7.130000072933695,4.429242559561812,112079.0,,
Grenada,2012,,2432.1453,10575.1056268616,6.265733563385512,3.028366878145437,112775.0,,
Grenada,2013,,2414.9097,11199.4040197944,1.3869265327737024,0.9028742612331072,113487.0,,
Grenada,2014,,2451.225,12228.6481055395,1.4903387794083844,0.818608158199626,114132.0,,
Grenada,2015,,2499.7407,13214.4096644941,2.676780300264059,1.0461263473697475,114676.0,,
Grenada,2016,,2588.1792,13977.5055879135,-1.355785548796673,-2.335875778281725,115130.0,,
Grenada,2017,,2590.6445,15041.4525712067,1.642079641097105,0.6194030739854731,115438.0,,
Grenada,2018,,2669.9854,15974.8591933124,2.0955130232296337,1.1269282400565572,115691.0,0.8,
Grenada,2019,,2647.3008,16446.1138871871,0.6618985594137206,0.4012087189436649,115981.0,,
Grenada,2020,,2703.2856,14361.1267154452,1.2832759814524364,1.0420827041185632,116341.0,,
Grenada,2021,,2793.869,15298.1231115237,2.954437825234746,1.6832155390231176,116688.0,,
Grenada,2022,,2803.1863,17554.7320332414,8.284106912718414,5.734765967315277,116913.0,,
Grenada,2023,,,19010.1841441188,9.84114057359202,7.738704380250328,117081.0,,
Grenada,2024,,,20167.1993754495,4.968287882793443,2.6285476983075577,117207.0,,
Guadeloupe,2001,,,,5.289927663190719,2.299569140327778,,,
Guadeloupe,2002,,,,5.055705237413077,3.8147208600513367,,,
Guadeloupe,2003,,,,3.389830573362396,3.035139732504908,,,
Guadeloupe,2004,,,,3.208137425425006,2.232654159797975,,,
Guadeloupe,2005,,,,2.607913894839853,1.9998106350912128,,,
Guadeloupe,2006,,,,2.355492748912291,0.992796102127877,,,
Guadeloupe,2007,,,,2.1108187973886583,0.9812513117770844,,,
Guadeloupe,2008,,,,4.048233941960877,3.166949758373403,,,
Guadeloupe,2009,,,,5.137819661554999,2.4362653252535917,,,
Guadeloupe,2010,,,,3.38809079015987,2.0722705249773763,,,
Guadeloupe,2011,,,,2.502502497028813,1.1840483496985872,,,
Guadeloupe,2012,,,,4.101563131412322,3.078245764584338,,,
Guadeloupe,2013,,,,3.3170722826550314,2.1045231205923183,,,
Guadeloupe,2014,,,,1.407129444372579,0.7355716572046154,,,
Guadeloupe,2015,,,,2.523364051786947,1.8644508128236836,,,
Guadeloupe,2016,,,,1.850138745447816,1.168459873376056,,,
Guadeloupe,2017,,,,2.7728093577104707,1.4687035815509286,,,
Guadeloupe,2018,,,,3.161698264926982,2.38490992853882,,,
Guadeloupe,2019,,,,1.9213969799029007,1.401259138342157,,,
Guadeloupe,2020,,,,2.504317968536407,1.971624625260049,,,
Guadeloupe,2021,,,,2.0408164971700726,0.57199498134378,,,
Guadeloupe,2022,,,,9.841533957834336,5.219068877160684,,,
Guadeloupe,2023,,,,11.639343799848875,10.19885967727291,,,
Guadeloupe,2024,,,,5.223880554422844,3.427719350473108,,,
Guam,2001,,,,5.974256255037469,4.021611249807109,161329.0,,
Guam,2002,,,,6.282460258074041,6.14415939874215,162315.0,,
Guam,2003,,,,6.222657046888647,5.907964850292706,163137.0,,
Guam,2004,,,,9.366371067173285,7.675773716594058,163810.0,,
Guam,2005,,,,9.266060570766289,8.749099803952197,164365.0,,
Guam,2006,,,,8.102428954815055,7.29920946307491,164839.0,,
Guam,2007,,,,6.226097274955622,4.626928895746202,165267.0,,
Guam,2008,,,,9.015223025085527,6.326025539574054,165693.0,,
Guam,2009,,,,8.60472868871529,6.662533260348568,166173.0,,
Guam,2010,,,,4.3051742488869005,1.4715229926628124,166522.0,,
Guam,2011,,,,5.900000228274749,2.5922901746498117,166543.0,,
Guam,2012,,,,5.87942632263605,5.770877120144157,166331.0,,
Guam,2013,,,,5.411967493795733,4.0709783561374,165966.0,,
Guam,2014,,,,4.782609460195286,3.869415432181946,165486.0,,
Guam,2015,,,,5.817408967859628,5.167019077011607,164905.0,,
Guam,2016,,,,2.6268740267264112,-0.3909472691645581,164233.0,,
Guam,2017,,,,3.062913810365297,-2.007090809754359,163490.0,,
Guam,2018,,,,7.6400677490022995,4.8454727366077845,162679.0,,
Guam,2019,,,,2.660990103814731,1.015671873468793,161808.0,,
Guam,2020,,,,6.205250942923302,3.5697448086545287,162158.0,,
Guam,2021,,,,10.486891055115798,4.86945592633806,163730.0,,
Guam,2022,,,,16.679021095181334,11.908820786132823,165180.0,,
Guam,2023,,,,10.65956048036021,7.225406487900614,166506.0,,
Guam,2024,,,,2.2574747724598554,0.548848782515024,167777.0,,
Guatemala,2001,103.0,2127.1218,4821.54598486775,16.132431705525963,11.84411413109168,11969422.0,,22.5
Guatemala,2002,106.0,2266.3647,4969.25744944448,13.541977554153116,10.63378297711475,12246915.0,,20.2
Guatemala,2003,108.0,2258.3499,5081.38005585657,7.117468966119667,5.745293871277347,12525842.0,,19.3
Guatemala,2004,108.0,2244.2659,5263.446549119,13.136121394417575,10.24995370691034,12807402.0,,19.5
Guatemala,2005,109.0,2308.5952,5486.27776986281,14.643679383995156,13.203511067288884,13087629.0,,19.3
Guatemala,2006,111.0,2347.7112,5833.3869180176,11.128324517470922,7.211536215214466,13367459.0,10.5,18.2
Guatemala,2007,111.0,2387.1262,6238.33976946504,13.99765498706229,9.869874332539217,13652040.0,,18.6
Guatemala,2008,111.0,2328.9949,6434.50703746094,19.39473471228219,15.118056468548318,13935174.0,,18.1
Guatemala,2009,112.0,2419.8005,6376.74106297933,10.693408236967382,2.2006209913432024,14215611.0,,17.4
Guatemala,2010,115.0,2481.3772,6510.09980949963,7.802346860948028,3.4612796158495485,14500112.0,,15.7
Guatemala,2011,116.0,2490.7495,6784.44712953621,14.161189671283946,9.98193905353506,14792126.0,,15.2
Guatemala,2012,115.0,2490.005,7258.31667467883,10.444102462595596,7.054697144518009,15089647.0,,15.6
Guatemala,2013,115.0,2484.2095,7699.94919048168,9.30704777364102,8.378336990677761,15387337.0,,16.1
Guatemala,2014,115.0,2487.979,8236.65843728602,8.865444206444483,7.451313520484572,15681725.0,8.0,16.1
Guatemala,2015,116.0,2526.667,8934.00235466215,10.167946118853832,9.319470135007604,15971743.0,,15.6
Guatemala,2016,117.0,2564.4307,9201.42768593885,12.170212727821394,9.966940019595686,16268760.0,,14.8
Guatemala,2017,118.0,2606.6257,9560.17428116142,12.34925243539935,8.873343171866951,16567357.0,,14.4
Guatemala,2018,119.0,2588.0898,9946.80385923331,10.460451378046631,7.288862307178519,16845685.0,,14.1
Guatemala,2019,120.0,2636.2708,10755.8780911166,10.74618666562266,7.879894246317234,17103803.0,,14.1
Guatemala,2020,122.0,2713.1423,10947.3705618969,11.0465114309519,6.365153491924676,17357325.0,,13.6
Guatemala,2021,124.0,2745.3123,11825.1409200782,10.254899330025346,4.893378972491317,17598650.0,,13.2
Guatemala,2022,125.0,2790.4397,13014.0149810816,13.5951133586101,9.273474047272686,17847877.0,,12.6
Guatemala,2023,126.0,,13745.3625933533,15.375982062580816,10.201684190217634,18124838.0,9.7,
Guatemala,2024,,,14368.6601241885,8.157439832551505,5.13793301945656,18406359.0,,
Guinea,2001,115.0,2426.8665,1250.97059720231,9.610131863533075,9.211161394773384,8539960.0,,17.9
Guinea,2002,115.0,2458.0637,1315.36669371684,8.767557980404472,8.433809131642734,8674066.0,50.3,17.7
Guinea,2003,116.0,2490.421,1327.96776541054,8.0608310914285,7.777513293903421,8870781.0,,16.8
Guinea,2004,117.0,2510.9316,1366.03160239235,14.956764229789332,6.164695976163672,9062726.0,,16.3
Guinea,2005,117.0,2530.236,1422.35088198922,64.42754239799042,49.79082377485216,9245844.0,,16.3
Guinea,2006,116.0,2597.8652,1452.96083164187,46.99840058910678,42.46140704851427,9441171.0,,16.8
Guinea,2007,115.0,2604.7415,1557.58584868863,47.9592321974402,26.247857159434137,9662281.0,44.0,17.2
Guinea,2008,114.0,2640.5247,1613.69884518936,54.36856969369599,24.578820173380787,9898870.0,,17.7
Guinea,2009,113.0,2658.8132,1566.70089247765,13.738434056852778,6.967929815032405,10143534.0,,18.1
Guinea,2010,113.0,2422.9763,1621.69161141242,27.33989678806645,20.26281183003956,10396086.0,,17.4
Guinea,2011,113.0,2496.0903,1705.27110438049,33.50539853373387,28.00303839350112,10656810.0,,16.2
Guinea,2012,115.0,2535.4297,1789.97473033561,20.474765560387787,15.532187529833491,10921581.0,21.3,14.5
Guinea,2013,117.0,2584.8977,1842.00227737409,13.879603396183327,12.594201521288,11191873.0,,13.3
Guinea,2014,118.0,2627.6748,1873.21413058957,10.999458616002467,6.684358476647564,11472924.0,,12.8
Guinea,2015,119.0,2609.9197,1929.68091332187,22.56152344784104,14.468950113447567,11767070.0,,12.8
Guinea,2016,119.0,2629.7622,2255.32617992615,12.9347858301871,11.462024025206672,12073030.0,,13.2
Guinea,2017,121.0,2664.6619,2687.09504827171,14.465559947743166,13.592702513712858,12385659.0,,13.2
Guinea,2018,123.0,2722.0862,2844.46427670549,14.6738155750602,13.35476671550087,12704774.0,11.7,12.6
Guinea,2019,125.0,2779.3362,3105.82789015443,11.769377824751848,11.35723026471271,13034346.0,,11.7
Guinea,2020,127.0,2824.3186,3331.85663003801,13.547421532799063,12.695392404941323,13371183.0,,10.4
Guinea,2021,129.0,2867.3938,3738.8051255133,17.27672465789263,15.76669395279032,13710513.0,,9.9
Guinea,2022,130.0,2872.6372,4062.36136437922,15.712025297953923,13.848025338896042,14055137.0,,10.3
Guinea,2023,131.0,,4333.74617312626,18.89084859358745,16.262282798459612,14405468.0,,
Guinea,2024,,,4579.10187311541,16.80045869873501,15.210485101978025,14754785.0,,
Guinea-Bissau,2001,110.0,2348.4458,1063.57228308529,17.138666097704135,5.084518607523623,1261273.0,,15.7
Guinea-Bissau,2002,110.0,2345.4526,1095.22305833488,18.436448645986125,8.436783419664042,1289307.0,68.2,16.0
Guinea-Bissau,2003,108.0,2298.2456,1088.74265675319,3.3944124055681257,-1.497373763324699,1318806.0,,16.3
Guinea-Bissau,2004,107.0,2326.2886,1105.34322841441,4.160886900615379,0.9894045848084372,1349563.0,,16.5
Guinea-Bissau,2005,107.0,2339.4827,1186.62631354737,8.75512951918289,3.722244268611718,1381585.0,,16.4
Guinea-Bissau,2006,106.0,2312.9897,1225.91824576792,3.389831533413457,0.4779198101539881,1415303.0,,16.2
Guinea-Bissau,2007,105.0,2345.1672,1259.6056068922,14.805195976880924,5.8609722026779325,1450986.0,,16.1
Guinea-Bissau,2008,104.0,2348.81,1308.53556699717,16.674846514662644,12.4073190639958,1488054.0,,16.1
Guinea-Bissau,2009,103.0,2314.7373,1314.97078661955,5.604244730426555,-2.124198486666474,1526377.0,,18.3
Guinea-Bissau,2010,102.0,2267.4358,1369.68917066121,10.357184054899292,1.9461649253499855,1566347.0,75.7,21.0
Guinea-Bissau,2011,101.0,2235.1504,1471.76279879072,12.509914441512947,7.428873766662178,1608076.0,,23.5
Guinea-Bissau,2012,100.0,2224.0227,1401.84994044148,5.211938294247709,2.994877145533952,1651417.0,,25.0
Guinea-Bissau,2013,97.0,2193.8572,1415.82511935379,4.685559872413925,0.7875079994472474,1695973.0,,26.7
Guinea-Bissau,2014,96.0,2206.6145,1455.90813665193,1.4340060629288054,-1.260469095676936,1741122.0,,28.7
Guinea-Bissau,2015,98.0,2204.6006,1729.94260310123,5.799191707332851,3.1290214275100703,1786457.0,,30.0
Guinea-Bissau,2016,106.0,2232.297,1824.3730977071,5.043904361440954,2.5090320413777807,1831893.0,,28.3
Guinea-Bissau,2017,113.0,2262.1265,2081.81287227685,3.200631514555674,-0.2283682719008038,1877072.0,,27.9
Guinea-Bissau,2018,116.0,2277.9631,2057.96969129146,4.12609619576223,0.7569304342172475,1922168.0,37.1,28.0
Guinea-Bissau,2019,117.0,2279.4983,2236.81110351015,3.4129691735075074,0.9508229691455956,1967696.0,,30.7
Guinea-Bissau,2020,115.0,2300.284,2310.37430731557,6.068351333966371,2.888072652792012,2013255.0,,31.7
Guinea-Bissau,2021,113.0,2294.532,2483.85062934649,8.171732298225475,5.043368801135705,2058841.0,39.9,32.4
Guinea-Bissau,2022,111.0,2291.1282,2747.25419559898,11.932773017535215,9.74099838977575,2105529.0,,32.2
Guinea-Bissau,2023,111.0,,2907.14089122524,13.673139493215846,9.614667089906566,2153339.0,,
Guinea-Bissau,2024,,,3052.69113655728,7.652987724117244,3.6239028183625535,2201352.0,,
Guyana,2001,123.0,2698.5312,6131.2968302103,,,764477.0,,6.0
Guyana,2002,123.0,2684.7524,6303.90372199923,,,763652.0,,5.9
Guyana,2003,121.0,2678.6467,6392.33315799222,,,763101.0,,6.2
Guyana,2004,120.0,2666.8914,6672.82299438544,,,762418.0,,6.4
Guyana,2005,119.0,2687.2754,6761.1179841322,,,760914.0,,6.6
Guyana,2006,118.0,2681.1125,7345.94028212224,,,758966.0,,6.6
Guyana,2007,116.0,2706.1309,8110.02999896567,,,756861.0,,7.0
Guyana,2008,115.0,2672.6565,8436.51438442543,,,754606.0,,7.0
Guyana,2009,114.0,2723.8015,8824.48960162477,,,752094.0,,8.1
Guyana,2010,114.0,2605.2905,9336.59830212594,,,749256.0,,8.7
Guyana,2011,115.0,2635.5615,10066.0729753598,,,746153.0,,8.8
Guyana,2012,117.0,2733.4438,10626.8256674463,,,746288.0,,8.0
Guyana,2013,119.0,2722.0808,11199.8874744089,,,750021.0,,6.9
Guyana,2014,123.0,2815.8174,11145.0291198724,,,754229.0,,5.7
Guyana,2015,128.0,3001.6997,11408.473901349,,,758781.0,,4.4
Guyana,2016,131.0,3007.5774,11516.3798289577,,,763548.0,,3.5
Guyana,2017,133.0,3057.5667,12243.2225968541,,,768479.0,,3.1
Guyana,2018,134.0,3106.7102,12442.5087185876,,,791556.0,,3.0
Guyana,2019,135.0,3073.089,13240.9713761155,,,807665.0,,2.8
Guyana,2020,136.0,3111.1777,16819.4228714695,,,807481.0,,2.6
Guyana,2021,138.0,3157.1729,22865.9270968882,,,815482.0,,2.5
Guyana,2022,141.0,3202.082,39710.9695607531,,,821637.0,,2.5
Guyana,2023,145.0,,54729.0365156366,,,826353.0,,
Guyana,2024,,,79905.7442521973,,,831087.0,,
Haiti,2001,86.0,1956.2444,2229.84396723075,16.536416882392977,12.61346706458506,8455918.0,75.1,48.1
Haiti,2002,84.0,1957.7612,2247.97896614654,11.534223769418215,7.477857074540709,8607641.0,,50.2
Haiti,2003,84.0,1922.452,2330.91873933383,40.4897108094352,32.953256774536534,8759912.0,,50.8
Haiti,2004,85.0,1935.584,2322.19786798691,33.19965175501696,21.117625504879992,8910263.0,,51.7
Haiti,2005,86.0,1925.5266,2427.44808551393,16.83233695704327,12.859951832802262,9061273.0,,50.8
Haiti,2006,88.0,1978.3325,2503.65932681978,12.990663568809268,10.784680112456629,9216562.0,,49.7
Haiti,2007,89.0,1999.5712,2647.4953861343,8.76028614031883,6.475340029176208,9373296.0,,47.8
Haiti,2008,91.0,2036.6569,2724.45922826633,30.03996350788472,21.712559087401043,9530774.0,,46.1
Haiti,2009,92.0,2076.0332,2855.15971385494,15.756921165594328,-0.9657820497905448,9689581.0,,43.2
Haiti,2010,93.0,2160.7893,2694.91104137315,4.659832212890747,3.227421645632209,9803294.0,,41.1
Haiti,2011,93.0,2154.1675,2858.19645979435,9.703750907615593,7.344794475122089,9914904.0,,40.2
Haiti,2012,93.0,2134.336,2830.19080559709,7.53995714385749,5.275324083112228,10069771.0,40.4,40.3
Haiti,2013,93.0,2164.1929,3042.4970687871,7.128496731158762,5.695477257908983,10222362.0,,39.4
Haiti,2014,94.0,2222.8118,3075.73843837062,3.5937607196129484,2.635369692823908,10373235.0,,38.2
Haiti,2015,94.0,2224.812,3025.83461728258,12.3680213105418,6.980141509094538,10523242.0,,38.3
Haiti,2016,94.0,2175.206,3253.47178641614,15.357859888808555,12.958183433217634,10671457.0,,39.1
Haiti,2017,92.0,2183.803,3339.38884653446,11.91334812424607,11.094872887657608,10817754.0,,40.6
Haiti,2018,91.0,2139.3225,3196.97386370614,17.76861358130781,13.799356588618425,10962362.0,,41.6
Haiti,2019,90.0,2124.1406,3236.97492504607,24.95575221010906,22.233174580911207,11105163.0,,43.6
Haiti,2020,90.0,2110.6716,3103.18066312462,34.437596550869,27.41168107817325,11243848.0,,45.1
Haiti,2021,87.0,2088.5747,3134.95014938417,29.545454902171777,19.683418813041303,11374586.0,,48.2
Haiti,2022,84.0,1991.8953,3264.93354407906,53.07289149291465,34.937813830293166,11503606.0,,50.4
Haiti,2023,82.0,,3281.21232071515,48.62178031607747,37.42855454286417,11637398.0,,
Haiti,2024,,,3183.45909033404,44.63109350070085,38.04274155557632,11772557.0,,
Honduras,2001,106.0,2309.411,2645.25477555617,10.176559107788076,8.733528100310897,6757993.0,26.5,21.2
Honduras,2002,107.0,2316.0996,2714.5663201945,6.050497123611076,3.9291840830160663,6938859.0,29.0,20.5
Honduras,2003,107.0,2310.7463,2820.71404423524,4.995837020679517,3.5690026149152323,7119213.0,34.0,20.9
Honduras,2004,108.0,2297.5413,3001.29671320439,9.278351105507255,6.752779088015926,7298994.0,33.3,21.4
Honduras,2005,110.0,2297.0952,3203.95918990724,11.860465390440634,10.083324412568244,7478355.0,31.3,21.5
Honduras,2006,111.0,2325.1926,3437.62296344903,5.899281325294625,4.252756242358891,7656832.0,27.3,21.0
Honduras,2007,113.0,2353.636,3664.0882849454,15.944882475735533,9.5240581957106,7834798.0,22.0,20.2
Honduras,2008,114.0,2378.6523,3806.34706373843,21.65137573892295,17.151643329380278,8012587.0,20.9,20.0
Honduras,2009,115.0,2367.8079,3655.79701383106,15.736040882185344,3.927715888789692,8189899.0,18.1,17.9
Honduras,2010,116.0,2600.3596,3757.5464206245,8.587399259128192,1.8894970730493656,8365878.0,19.6,15.9
Honduras,2011,117.0,2624.5532,3900.71136173338,7.794117563443437,6.191489514759552,8540583.0,20.1,13.8
Honduras,2012,117.0,2616.9543,4016.34609101801,3.897295186283567,3.012612558453966,8715076.0,24.0,13.9
Honduras,2013,115.0,2610.738,4137.3268237781,5.929918894017172,5.063854609874363,8889278.0,20.8,14.6
Honduras,2014,114.0,2559.68,4460.05742833175,8.945147995964398,6.708182015690173,9063122.0,20.6,15.0
Honduras,2015,114.0,2578.4695,4845.59566521125,5.382086946710873,3.284673038086701,9237305.0,19.9,15.0
Honduras,2016,115.0,2615.325,5186.15897417161,2.324665233078127,0.9718787633406788,9412380.0,19.8,14.4
Honduras,2017,115.0,2613.7964,5620.65455247733,5.0965249182333805,1.584004247955966,9588137.0,19.3,13.9
Honduras,2018,115.0,2633.022,5633.3832384519,5.299806231553217,3.5343394098000283,9765210.0,19.8,13.7
Honduras,2019,115.0,2637.183,5784.93081057111,3.0050681893009967,2.16674470580284,9943633.0,18.8,14.0
Honduras,2020,115.0,2618.169,5384.69831983038,6.782670421065529,4.682917598187466,10119640.0,,15.8
Honduras,2021,115.0,2661.3442,6202.98078812037,6.759039908357556,2.9209194716780345,10289877.0,,18.4
Honduras,2022,115.0,2646.4614,6805.49358294554,17.26479153168663,13.49099985762333,10463872.0,,20.4
Honduras,2023,114.0,,7178.33906781522,16.89041505205584,11.087729088384355,10644851.0,17.0,
Honduras,2024,,,7486.01869616445,6.1008675824984815,4.187759934032056,10825703.0,15.7,
Hong Kong,2001,,3136.0295,,,,,,
Hong Kong,2002,,3166.4998,,,,,,
Hong Kong,2003,,3201.2908,,,,,,
Hong Kong,2004,,3212.1152,,,,,,
Hong Kong,2005,,3218.641,,,,,,
Hong Kong,2006,,3236.5918,,,,,,
Hong Kong,2007,,3229.0774,,,,,,
Hong Kong,2008,,3216.677,,,,,,
Hong Kong,2009,,3228.523,,,,,,
Hong Kong,2010,,3127.2156,,,,,,
Hong Kong,2011,,3144.9067,,,,,,
Hong Kong,2012,,3099.2986,,,,,,
Hong Kong,2013,,3090.6455,,,,,,
Hong Kong,2014,,3121.3032,,,,,,
Hong Kong,2015,,3066.7742,,,,,,
Hong Kong,2016,,3105.5723,,,,,,
Hong Kong,2017,,3156.766,,,,,,
Hong Kong,2018,,3182.281,,,,,,
Hong Kong,2019,,3195.262,,,,,,
Hong Kong,2020,,3103.2551,,,,,,
Hong Kong,2021,,3046.8257,,,,,,
Hong Kong,2022,,3004.8472,,,,,,
"Hong Kong SAR, China",2001,,,28808.8370078784,,,6714300.0,,2.5
"Hong Kong SAR, China",2002,,,29609.8025860383,,,6744100.0,,2.5
"Hong Kong SAR, China",2003,,,31178.7099587875,,,6730800.0,,2.5
"Hong Kong SAR, China",2004,,,34532.2620216899,,,6783500.0,,2.5
"Hong Kong SAR, China",2005,,,38079.5820785768,,,6813200.0,,2.5
"Hong Kong SAR, China",2006,,,41745.4914750526,,,6857100.0,,2.5
"Hong Kong SAR, China",2007,,,45257.6642794278,,,6916300.0,,2.5
"Hong Kong SAR, China",2008,,,46830.254105227,,,6957800.0,,2.5
"Hong Kong SAR, China",2009,,,45861.4984371815,,,6972800.0,,2.5
"Hong Kong SAR, China",2010,,,49197.6589927693,,,7024200.0,,2.5
"Hong Kong SAR, China",2011,,,52277.4664432843,,,7071600.0,,2.5
"Hong Kong SAR, China",2012,,,52149.6812694206,,,7150100.0,,2.5
"Hong Kong SAR, China",2013,,,53517.419549888,,,7178900.0,,2.5
"Hong Kong SAR, China",2014,,,54514.9268059819,,,7229500.0,,2.6
"Hong Kong SAR, China",2015,,,56043.042695697,,,7291300.0,,2.5
"Hong Kong SAR, China",2016,,,56761.4824132224,,,7336600.0,,2.5
"Hong Kong SAR, China",2017,,,59260.9131761938,,,7393200.0,,2.5
"Hong Kong SAR, China",2018,,,60900.2752924537,,,7452600.0,,2.5
"Hong Kong SAR, China",2019,,,61221.4195400701,,,7507900.0,,2.5
"Hong Kong SAR, China",2020,,,58187.4764072535,,,7481000.0,,2.5
"Hong Kong SAR, China",2021,,,65884.9376260603,,,7413100.0,,2.5
"Hong Kong SAR, China",2022,,,68602.1491008475,,,7346100.0,,2.5
"Hong Kong SAR, China",2023,,,71505.8515687194,,,7536100.0,,
"Hong Kong SAR, China",2024,,,75215.746278056,,,7524100.0,,
Hungary,2001,123.0,3102.919,13224.1365469596,18.49624013292461,13.736443242180217,10187576.0,0.0,2.5
Hungary,2002,121.0,3084.2625,14532.3075182088,8.378377189850617,4.367103082805021,10158608.0,0.1,2.5
Hungary,2003,120.0,3071.0015,15461.9324749926,3.87500039674109,1.456000127172292,10129552.0,0.2,2.5
Hungary,2004,120.0,3202.1946,16252.8306438012,8.302354576026882,5.722140831694291,10107146.0,0.3,2.5
Hungary,2005,120.0,3279.8425,17091.2761318193,3.026774447991732,1.6550749066848969,10087065.0,1.0,2.5
Hungary,2006,120.0,3286.8242,18365.9171755018,13.424346102526895,8.172386161917434,10071370.0,0.2,2.5
Hungary,2007,120.0,3172.4873,19089.9902689528,13.8047135124469,11.954501118714722,10055780.0,0.2,2.5
Hungary,2008,120.0,3158.226,20708.7615120316,13.962264815904346,10.514297854921924,10038188.0,0.1,2.5
Hungary,2009,120.0,3149.299,20680.6724250531,7.450330865825383,3.872252076483037,10022650.0,0.1,2.5
Hungary,2010,120.0,3043.3972,21693.4020663431,7.627828680565973,2.84352595412798,10000023.0,0.2,2.5
Hungary,2011,119.0,3056.7793,22992.2184657584,10.505213020533644,7.248158254310957,9971727.0,0.2,2.5
Hungary,2012,119.0,3001.6865,23205.310668404,7.993966646526962,5.988786349363525,9920362.0,0.5,2.5
Hungary,2013,119.0,3024.7788,24591.6380503055,6.069364314218406,2.6508894643246976,9872734.0,0.5,2.5
Hungary,2014,122.0,3071.6243,25796.2100959256,-0.2077570669054229,-0.7938178262749053,9833038.0,1.0,2.5
Hungary,2015,124.0,3177.006,26944.9597666868,2.1111895793736624,0.5574746510359885,9797755.0,1.0,2.5
Hungary,2016,126.0,3201.0708,28178.9450366919,1.1103401210501795,0.3070729972805145,9759755.0,1.6,2.5
Hungary,2017,128.0,3236.4917,29728.0121568801,3.412969381865949,2.6254933741927315,9726756.0,0.9,2.5
Hungary,2018,130.0,3294.7024,32258.2577892511,4.5812740187184176,4.022801152670417,9706964.0,,2.5
Hungary,2019,131.0,3309.7825,35627.2315520858,5.76923152477391,5.106916340960858,9694824.0,,2.5
Hungary,2020,133.0,3368.634,35583.5855675637,8.852258487309461,7.255003851051676,9670419.0,,2.5
Hungary,2021,135.0,3419.7742,38887.1909527154,7.78477401286386,3.4575583254493,9630932.0,,2.5
Hungary,2022,136.0,3530.3574,44012.2677274292,47.84917672487114,27.56542250869603,9605074.0,,2.5
Hungary,2023,136.0,,45367.5983545254,46.88945941515696,25.63090427056541,9592186.0,,
Hungary,2024,,,47635.8955299223,4.66994397117011,0.8055414343893851,9562314.0,,
Iceland,2001,127.0,3136.3162,31885.4510734264,11.97163718858205,6.8952443550449125,284968.0,,2.5
Iceland,2002,128.0,3207.1946,32607.1058796568,13.886455431325562,4.428849246947999,287523.0,,2.5
Iceland,2003,129.0,3240.2905,32701.0489474892,0.489788652826828,-2.613297017273644,289521.0,0.0,2.5
Iceland,2004,131.0,3299.3237,35617.2135979676,2.761986612458145,1.0755956036821306,292074.0,0.2,2.5
Iceland,2005,133.0,3324.6567,37322.7399272793,1.938617549413757,-2.5869063520974778,296734.0,0.0,2.5
Iceland,2006,134.0,3368.7341,39700.0817099125,13.01020497843779,8.08821801542412,303782.0,0.2,2.5
Iceland,2007,135.0,3384.0828,41472.8449350184,8.744011193090607,-0.9712033927236452,311566.0,0.1,2.5
Iceland,2008,134.0,3336.027,43728.1140564123,30.335939215506396,16.12520905593446,317414.0,0.1,2.5
Iceland,2009,132.0,3344.7974,41862.9599253906,29.817100200936885,18.0614616854202,318499.0,0.1,2.5
Iceland,2010,131.0,3316.6697,39768.4169599139,8.771774906500518,4.292148801979521,318041.0,0.1,2.5
Iceland,2011,131.0,3308.7148,40936.867830513,6.743269385519901,3.833864850546803,319014.0,0.2,2.5
Iceland,2012,131.0,3361.0408,42004.4476110597,7.550608449816609,6.096553090731846,320716.0,0.0,2.5
Iceland,2013,132.0,3368.9111,44409.6689530904,6.412024530405347,5.102721912096121,323764.0,0.1,2.5
Iceland,2014,134.0,3405.9387,45996.9687476901,3.648782995002775,0.5158602955955383,327386.0,0.0,2.5
Iceland,2015,136.0,3478.4797,49214.2648614584,4.388803846899636,2.842461382042292,330815.0,0.0,2.5
Iceland,2016,139.0,3586.3445,53480.3971946764,2.5759874346859446,1.3262980381550946,335439.0,0.0,2.5
Iceland,2017,141.0,3643.666,55638.4920591794,-0.498505371761071,-2.4105456853363645,343400.0,0.0,2.5
Iceland,2018,142.0,3656.6326,57197.7676247175,5.12947143821656,2.496911229677649,352721.0,0.3,2.5
Iceland,2019,142.0,3691.334,60523.8179440825,5.468387435619038,3.815625415301906,360563.0,0.1,2.5
Iceland,2020,143.0,3668.7605,55796.7454667632,7.36300757199666,4.902856698046677,366463.0,,2.5
Iceland,2021,143.0,3652.2888,61610.2132740715,6.656619967298583,3.5571358284387,372520.0,,2.5
Iceland,2022,143.0,3604.709,73426.2277837268,10.182438907427985,7.222759823770989,382003.0,,2.5
Iceland,2023,141.0,,76666.6420841189,12.451580818687024,11.841402048106373,393349.0,,
Iceland,2024,,,78258.759250789,8.887577901611298,5.531752563108885,404610.0,,
India,2001,104.0,2293.1804,2199.53910446478,4.783919830499661,3.4742447763581947,1077898575.0,,18.3
India,2002,102.0,2241.5017,2277.06974775051,4.783919830499661,3.972274032483031,1097600380.0,,19.9
India,2003,100.0,2234.9707,2461.48251610861,4.715315838729794,3.514926420552927,1116803006.0,,21.5
India,2004,100.0,2205.626,2681.86116841254,4.432337892508831,3.47162487640905,1135991513.0,46.4,22.0
India,2005,100.0,2215.8738,2936.80322011933,5.128118251111746,3.912997388647245,1154676322.0,,21.4
India,2006,102.0,2275.117,3220.62692939401,6.692836477885855,5.329648885187065,1172878890.0,,19.2
India,2007,104.0,2336.3433,3508.06183171605,6.962682255752539,5.880773133233461,1190676021.0,,16.8
India,2008,104.0,2360.1553,3633.36783240716,9.60840614735259,7.656523913570479,1207930964.0,,15.6
India,2009,104.0,2345.2673,3886.58197693247,13.74164797359727,9.95599307718616,1225524753.0,34.6,15.3
India,2010,104.0,2357.52,4206.45986002117,14.883146797774405,11.130930876032052,1243481564.0,,14.8
India,2011,104.0,2391.208,4454.70153200513,8.558361927809255,5.800997833803705,1261224954.0,27.1,14.3
India,2012,105.0,2385.4429,4819.64288218731,12.179487537771095,9.243703916052516,1278674502.0,,13.5
India,2013,106.0,2420.0154,5014.3505659078,16.650807970376192,12.831320706197715,1295829511.0,,12.9
India,2014,106.0,2449.4736,5191.59149903249,9.659091952635237,7.183474004997463,1312277191.0,,12.6
India,2015,106.0,2422.5842,5425.03599091046,6.7649608830764985,5.284218725033268,1328024498.0,,12.2
India,2016,107.0,2472.9343,5800.48149366552,7.956318046216104,5.373304148405004,1343944296.0,,11.5
India,2017,108.0,2513.8113,6144.71714444938,4.850746847807841,1.822213203112331,1359657400.0,,10.5
India,2018,109.0,2525.815,6714.96639877754,4.583020397859805,1.7136021493173623,1374659064.0,,10.3
India,2019,109.0,2527.734,7150.92423452926,12.156294522829649,3.574025577936036,1389030312.0,,11.6
India,2020,109.0,2540.7236,6966.27542785911,11.717612013127688,8.76675609884473,1402617695.0,,13.1
India,2021,110.0,2550.0305,8050.01857452664,5.584415490799222,3.6899790318272783,1414203896.0,,14.0
India,2022,112.0,2573.6377,9207.12743040145,8.414634271586374,6.63330786645126,1425423212.0,5.3,13.7
India,2023,113.0,,10323.4998734428,10.571428650591418,6.764500324731252,1438069596.0,,
India,2024,,,11158.8809230756,9.69093770606426,7.623787553043852,1450935791.0,,
Indonesia,2001,106.0,2345.1401,4848.55580110852,14.40291928520021,8.468477510604812,219097902.0,62.3,18.2
Indonesia,2002,107.0,2373.1897,5076.16438159536,17.031831466345217,10.878485469078443,222088495.0,46.8,18.2
Indonesia,2003,107.0,2392.3088,5352.50750391531,4.505038475985068,1.104666712166232,225048008.0,45.5,18.0
Indonesia,2004,107.0,2399.094,5700.04949535761,10.04567799777474,5.929216664114179,227926649.0,45.4,18.2
Indonesia,2005,107.0,2399.6846,6134.1667301082,18.215752992514144,10.289273097012533,230871650.0,41.1,18.4
Indonesia,2006,108.0,2416.7554,6583.35112358046,21.82288523531333,14.993463751936812,233951652.0,46.8,18.2
Indonesia,2007,110.0,2457.2183,7096.38768916734,12.98441920190614,10.969682353058817,237062337.0,41.1,17.6
Indonesia,2008,111.0,2481.3433,7569.25304691272,20.214860302700053,16.945852333409036,240157903.0,38.0,16.5
Indonesia,2009,113.0,2541.6438,7868.14818333554,13.547001793911129,7.108867736875328,243220028.0,37.9,15.1
Indonesia,2010,115.0,2574.3298,8353.45684733249,15.636286976687952,9.391281225294833,246305322.0,34.1,13.1
Indonesia,2011,116.0,2629.6943,8936.99215549454,16.180784552948204,8.722155073286212,249470032.0,31.2,11.3
Indonesia,2012,118.0,2672.8833,9530.29071136718,7.447912007536628,5.864713189195616,252698525.0,26.6,9.8
Indonesia,2013,120.0,2711.15,9866.01699250847,15.11556686805684,11.799816694448465,255852467.0,27.2,8.5
Indonesia,2014,122.0,2786.5764,10064.677127417,11.425328456694128,6.881679300627636,258877399.0,25.7,8.0
Indonesia,2015,124.0,2764.3054,10027.5372996025,9.224108933515264,7.19091842777058,261799249.0,21.6,7.3
Indonesia,2016,125.0,2857.9875,10262.5951651871,9.141940271555129,7.258704643375725,264627418.0,18.0,6.7
Indonesia,2017,127.0,2930.7551,10687.6409218443,4.441154240914136,1.926708973020751,267346658.0,14.8,6.0
Indonesia,2018,127.0,2886.825,11372.0971987612,6.128334302111016,4.093303387623874,269951846.0,12.5,5.9
Indonesia,2019,126.0,2875.656,11986.4701508376,6.676238384658295,1.4692062169058042,272489381.0,10.8,6.2
Indonesia,2020,125.0,2880.0054,11729.3674458448,7.099742978168244,4.876516970094835,274814866.0,9.8,6.3
Indonesia,2021,125.0,2868.9587,12757.0746440204,3.696682762203385,2.8378365933064327,276758053.0,8.6,6.8
Indonesia,2022,125.0,2796.1113,14284.929293133,9.323583101663658,5.979661371967837,278830529.0,7.9,7.2
Indonesia,2023,126.0,,15415.7079259527,7.251566499236861,4.903434103587867,281190067.0,6.7,
Indonesia,2024,,,16448.2755179559,7.536559435679324,3.94025513191041,283487931.0,5.4,
Iran,2001,129.0,3009.264,,14.14159796435779,13.064353995110956,,,
Iran,2002,128.0,3013.3499,,19.072745149106797,16.592648860618866,,,
Iran,2003,127.0,3026.0076,,20.78994430088144,19.17904436538986,,,
Iran,2004,126.0,3047.8127,,21.159174953345627,18.68634516108514,,,
Iran,2005,124.0,3002.2537,,31.19265207943291,15.46091479699608,,,
Iran,2006,123.0,2901.254,,19.685037498091763,9.24663490256713,,,
Iran,2007,122.0,2914.6104,,24.817519661861983,21.90881809800271,,,
Iran,2008,121.0,2898.1958,,40.93567595650842,30.782677416555487,,,
Iran,2009,120.0,2941.4187,,26.59574198860988,12.332657361640312,,,
Iran,2010,118.0,2865.7134,,19.04761991208224,12.486801762824385,,,
Iran,2011,118.0,2778.6375,,26.736595074606328,24.926377517277075,,,
Iran,2012,118.0,2873.3174,,50.87435503814595,37.84162713142235,,,
Iran,2013,121.0,2909.875,,59.69538693953072,50.54367371670503,,,
Iran,2014,122.0,2934.608,,37.956793876163374,14.56394090168901,,,
Iran,2015,123.0,2912.9822,,15.81681492025302,10.58797861312014,,,
Iran,2016,122.0,2925.908,,8.173337245871881,6.568428434455087,,,
Iran,2017,121.0,2858.6924,,17.46344743903809,12.545898686754615,,,
Iran,2018,120.0,2828.547,,51.93650518916362,22.88843018913242,,,
Iran,2019,121.0,2901.1536,,84.45303333816187,58.4172019883812,,,
Iran,2020,121.0,2904.6929,,57.98842925294983,27.43489972680762,,,
Iran,2021,121.0,2865.768,,67.13906149862368,59.31581034587669,,,
Iran,2022,120.0,2847.2524,,87.05346430188898,62.45602726514067,,,
Iran,2023,120.0,,,80.84060086531082,54.32465601619351,,,
Iran,2024,,,,38.94230775750114,26.974173509455145,,,
"Iran, Islamic Rep.",2001,,,11061.3014736829,,,67452005.0,,4.9
"Iran, Islamic Rep.",2002,,,12040.8612168067,,,68011317.0,,5.2
"Iran, Islamic Rep.",2003,,,13192.3336579798,,,68769340.0,,5.2
"Iran, Islamic Rep.",2004,,,13835.4204033817,,,70256316.0,,5.1
"Iran, Islamic Rep.",2005,,,14402.1053422847,,,71828455.0,4.5,5.4
"Iran, Islamic Rep.",2006,,,15256.2709036935,,,73392747.0,4.5,5.8
"Iran, Islamic Rep.",2007,,,16672.725251775,,,74602648.0,,6.1
"Iran, Islamic Rep.",2008,,,16830.9366180679,,,75514204.0,,5.8
"Iran, Islamic Rep.",2009,,,16894.2354038807,,,76457825.0,4.9,6.4
"Iran, Islamic Rep.",2010,,,17865.9413811134,,,77420842.0,,7.5
"Iran, Islamic Rep.",2011,,,18487.0762403762,,,78383598.0,2.3,8.1
"Iran, Islamic Rep.",2012,,,16325.2010690607,,,79370580.0,1.8,7.8
"Iran, Islamic Rep.",2013,,,15552.0130607852,,,80414686.0,1.9,6.8
"Iran, Islamic Rep.",2014,,,15408.0965115311,,,81502045.0,3.3,6.7
"Iran, Islamic Rep.",2015,,,13689.7646428107,,,82619362.0,3.0,6.7
"Iran, Islamic Rep.",2016,,,14573.3219668948,,,83812228.0,3.0,7.2
"Iran, Islamic Rep.",2017,,,15070.2585821031,,,85026754.0,2.7,7.6
"Iran, Islamic Rep.",2018,,,14839.5691945218,,,86117998.0,3.2,7.6
"Iran, Islamic Rep.",2019,,,13348.4109509839,,,87051648.0,4.3,7.3
"Iran, Islamic Rep.",2020,,,14110.3191444298,,,87723443.0,4.6,6.5
"Iran, Islamic Rep.",2021,,,14951.8948716503,,,88455488.0,3.7,6.5
"Iran, Islamic Rep.",2022,,,16424.3773866974,,,89524246.0,2.8,6.5
"Iran, Islamic Rep.",2023,,,17659.8738760715,,,90608707.0,2.5,
"Iran, Islamic Rep.",2024,,,18441.5577521605,,,91567738.0,,
Iraq,2001,103.0,2193.0972,10719.6194208455,8.191866430748407,2.96715520105992,25197840.0,,20.1
Iraq,2002,104.0,2204.8567,9682.37619485733,9.088974705421515,8.689488355149935,26006559.0,,19.6
Iraq,2003,105.0,2181.1985,6068.45161808346,16.48223090388241,13.200076145434878,26802659.0,,18.5
Iraq,2004,106.0,2289.4207,9289.7422464959,15.741281992511258,12.095522327872091,27577878.0,,17.8
Iraq,2005,108.0,2265.72,9457.04454256902,22.3119561141226,16.28157066704842,28407448.0,,16.5
Iraq,2006,109.0,2328.1636,10223.1065322558,29.85552758624948,26.64916363907028,28616515.0,0.6,16.5
Iraq,2007,110.0,2408.2766,10783.1236406224,28.170359773606112,20.52197483318885,28391607.0,,16.4
Iraq,2008,111.0,2395.3552,11657.3168702462,13.618428974697828,12.23292486288891,28971036.0,,15.6
Iraq,2009,114.0,2449.5103,11687.0142083267,10.844633208606467,10.340399887616089,30058206.0,,14.7
Iraq,2010,116.0,2242.7285,12186.1929623841,9.78388591962598,9.370782379913932,31045366.0,,13.7
Iraq,2011,116.0,2245.6357,12912.0299790146,8.448725712586302,5.710737047554358,32161424.0,,14.2
Iraq,2012,116.0,2210.758,14402.0340893955,6.49854479291454,4.958050352641147,33654842.0,0.6,14.8
Iraq,2013,116.0,2226.475,14668.5432764995,5.9570704457734935,3.111914126789879,35281989.0,,15.4
Iraq,2014,116.0,2222.8774,13168.245587417,6.1119523208614135,0.7939294417097269,36550059.0,,15.8
Iraq,2015,116.0,2214.537,9334.46604866315,4.8497557368760935,1.795332746912522,37560535.0,,16.3
Iraq,2016,116.0,2233.1768,9079.13531769496,3.580391594014354,-0.6047648388262012,38469627.0,,16.6
Iraq,2017,116.0,2250.7903,10191.6616988639,0.595237665382542,-2.0574198256194385,39337353.0,,16.6
Iraq,2018,117.0,2279.2012,12034.4011214944,5.093554870511552,0.50833122926581,40265624.0,,16.4
Iraq,2019,118.0,2303.0105,12248.5917385964,3.10237830249096,0.0157214368998357,41192171.0,,16.1
Iraq,2020,118.0,2318.3909,10573.9304750715,1.9328585435043788,-0.4931075632660449,42116605.0,,15.8
Iraq,2021,118.0,2313.3262,12731.7535755129,10.27253624717881,4.9043748927001225,43071211.0,,16.0
Iraq,2022,119.0,2325.3887,14391.1292349806,8.6138621173254,6.802946984039249,44070551.0,,16.1
Iraq,2023,119.0,,14652.5212399212,9.619047957316852,5.886834907097096,45074049.0,0.5,
Iraq,2024,,,14464.3186928173,6.583309079280975,2.7508234970969387,46042015.0,,
Ireland,2001,150.0,3724.909,32576.9245748656,8.00000095278197,6.52508896167859,3866243.0,,2.5
Ireland,2002,148.0,3589.8943,35222.028724352,6.24249697133743,3.469234456371652,3931947.0,0.2,2.5
Ireland,2003,146.0,3608.251,36285.1087003511,2.5930104360495365,1.4554033149516403,3996521.0,0.2,2.5
Ireland,2004,144.0,3590.5168,38734.4439399148,0.33112603674883,-0.2463607008638346,4070262.0,0.1,2.5
Ireland,2005,142.0,3487.2788,40466.2343515711,-0.1101325614127124,-0.7243952319978356,4159914.0,0.1,2.5
Ireland,2006,141.0,3467.8984,44232.1017485574,2.6696325864008497,1.3697969699726478,4273591.0,0.5,2.5
Ireland,2007,142.0,3449.5845,46784.0861335365,6.331877099843841,2.8422624225235986,4398942.0,0.1,2.5
Ireland,2008,142.0,3475.0093,44169.0943411644,9.239130708163868,6.56226933078873,4489544.0,0.2,2.5
Ireland,2009,143.0,3473.5286,41469.837900256,2.965234879728751,-3.4712448106873293,4535375.0,0.6,2.5
Ireland,2010,145.0,3557.201,43216.9847302406,0.1083427580902185,-4.465923059137154,4560155.0,0.7,2.5
Ireland,2011,146.0,3599.6353,45525.7181239042,1.5200865069472158,1.1475476122001431,4580084.0,0.7,2.5
Ireland,2012,147.0,3590.1116,46726.2157665366,1.711230384543594,0.5894151073916248,4599533.0,0.5,2.5
Ireland,2013,148.0,3606.2317,48838.7719825525,2.3630503483012437,1.0445827025875023,4623816.0,0.7,2.5
Ireland,2014,150.0,3673.258,52640.7843918553,-1.478352354765167,-2.22348708180578,4657740.0,0.4,2.5
Ireland,2015,152.0,3746.104,71607.4568294649,-0.9836061899579418,-2.143633285668213,4701957.0,0.4,2.5
Ireland,2016,155.0,3790.395,73012.8198720374,-0.4410139469032459,-1.3230041433449766,4762722.0,0.3,2.5
Ireland,2017,157.0,3876.7664,80450.3529336506,-1.2387391829254857,-2.108703301405156,4827445.0,0.3,2.5
Ireland,2018,158.0,3907.854,86299.3420216976,-1.497696105455093,-2.005692096165131,4898022.0,0.1,2.5
Ireland,2019,157.0,3878.3462,92022.59879983,-0.1162784403703987,-0.68820954729898,4976456.0,0.1,2.5
Ireland,2020,156.0,3859.3838,97799.9225748607,-0.9367683862799736,-1.3874688798324886,5039747.0,0.2,2.5
Ireland,2021,156.0,3858.9758,116903.61243517,1.5587532559095951,-0.2420423799588456,5110585.0,0.1,2.5
Ireland,2022,156.0,3844.27,136104.445332458,11.806374649681084,6.875683811114134,5212836.0,0.2,2.5
Ireland,2023,155.0,,124900.938635241,13.118526953658291,9.911187678207016,5307600.0,0.1,
Ireland,2024,,,131175.106854149,4.612160048994873,2.616923035328563,5380257.0,,
Isle of Man,2001,,,,,,76476.0,,
Isle of Man,2002,,,,,,77275.0,,
Isle of Man,2003,,,,,,78049.0,,
Isle of Man,2004,,,,,,78792.0,,
Isle of Man,2005,,,,,,79516.0,,
Isle of Man,2006,,,,,,80294.0,,
Isle of Man,2007,,,,,,81147.0,,
Isle of Man,2008,,,,,,82029.0,,
Isle of Man,2009,,,,,,82939.0,,
Isle of Man,2010,,,,,,83873.0,,
Isle of Man,2011,,,,,,84382.0,,
Isle of Man,2012,,,,,,84335.0,,
Isle of Man,2013,,,,,,84141.0,,
Isle of Man,2014,,,,,,83892.0,,
Isle of Man,2015,,,,,,83593.0,,
Isle of Man,2016,,,,,,83466.0,,
Isle of Man,2017,,,,,,83609.0,,
Isle of Man,2018,,,,,,83805.0,,
Isle of Man,2019,,,,,,83957.0,,
Isle of Man,2020,,,,,,84064.0,,
Isle of Man,2021,,,,,,84106.0,,
Isle of Man,2022,,,,,,84132.0,,
Isle of Man,2023,,,,,,84165.0,,
Isle of Man,2024,,,,,,84160.0,,
Israel,2001,159.0,3528.1902,25813.2364970155,3.770197187238744,2.325394273006536,6439000.0,0.2,2.5
Israel,2002,159.0,3611.906,26101.3287841133,4.631217255118703,2.7401318582231067,6570000.0,0.7,2.5
Israel,2003,160.0,3491.4114,24678.3961628026,7.228915067476982,2.8160615737756576,6689700.0,0.9,2.5
Israel,2004,158.0,3540.4883,26071.0504006881,2.7960525493708976,-0.6166956073246799,6809000.0,1.0,2.5
Israel,2005,159.0,3565.93,25700.9862605809,3.960396329234439,1.7026095605070124,6930100.0,1.0,2.5
Israel,2006,158.0,3578.976,26365.5784943526,7.296849895805013,5.090570401718376,7053700.0,0.5,2.5
Israel,2007,156.0,3508.5679,28265.876329699,7.3394487478892545,4.14825716111863,7180100.0,0.5,2.5
Israel,2008,155.0,3535.1265,28083.8366135952,15.781487879183077,12.254306406192969,7308800.0,0.7,2.5
Israel,2009,155.0,3547.1128,28097.1929407923,3.6161336951299416,1.0886770762082414,7485600.0,0.7,2.5
Israel,2010,156.0,3603.4414,29455.8218132531,5.290322745082876,2.4403191207921267,7623600.0,0.5,2.5
Israel,2011,157.0,3605.092,31313.9334997029,6.405228611041602,3.443266145952081,7765800.0,0.3,2.5
Israel,2012,157.0,3605.1187,32483.7421872738,4.413618454918455,0.5609210552616049,7910500.0,0.7,2.5
Israel,2013,158.0,3611.6646,34827.3647351146,8.155583796703404,5.193344039266719,8059500.0,0.5,2.5
Israel,2014,159.0,3669.0227,34816.2422460071,2.7479089416633906,-1.3360826121167235,8215700.0,0.7,2.5
Israel,2015,161.0,3660.7063,35868.9736376014,3.809523742527876,0.0721656498746263,8380100.0,0.5,2.5
Israel,2016,162.0,3704.8535,38189.1610278241,2.179177176114311,-1.2299546993285986,8546000.0,0.5,2.5
Israel,2017,162.0,3738.6619,39470.8681262164,2.179177176114311,0.0336130948401042,8713300.0,0.7,2.5
Israel,2018,163.0,3678.0034,40189.9909957069,3.907203830435768,0.9429512292233988,8882800.0,0.7,2.5
Israel,2019,163.0,3754.4998,41325.1783656756,5.372404880334192,2.120762048666488,9054000.0,1.0,2.5
Israel,2020,166.0,3789.312,40955.2856179152,1.862630444567848,-0.0264704456526617,9215100.0,0.7,2.5
Israel,2021,168.0,3842.1748,46162.0822730247,3.274853866990157,1.0239427329639172,9371400.0,0.7,2.5
Israel,2022,168.0,3894.7224,53564.227891667,5.760368011512007,4.325805118321999,9557500.0,,2.5
Israel,2023,168.0,,53401.1782301902,6.805707942989425,4.626160711026047,9849000.0,,
Israel,2024,,,55690.7391030986,7.886435345230969,5.5995041706241855,9974400.0,,
Italy,2001,146.0,3664.225,28137.0558622418,4.655499318581735,4.107043630303889,56976981.0,,2.5
Italy,2002,146.0,3666.1238,28833.0217903129,4.936020700045996,3.648017998556787,57089824.0,1.7,2.5
Italy,2003,145.0,3629.0461,29252.9002536241,4.209620436284478,3.1592403302709573,57399184.0,0.9,2.5
Italy,2004,144.0,3631.626,29584.8026525468,3.99320152518281,2.184103818821024,57828179.0,0.8,2.5
Italy,2005,145.0,3576.2834,30137.8180374437,0.8230462302155628,-0.0464555606043794,58166682.0,0.8,2.5
Italy,2006,145.0,3644.9631,32460.5509873353,2.866500076882894,1.7396895416592433,58399861.0,0.8,2.5
Italy,2007,146.0,3641.0928,34108.772309859,4.133538333691478,2.859526854846617,58756247.0,0.8,2.5
Italy,2008,146.0,3613.8503,35422.3424391113,6.284375390011787,5.406614484732233,59211181.0,0.9,2.5
Italy,2009,146.0,3617.9841,34483.7311008116,3.793631443696821,1.843574742690703,59555454.0,1.1,2.5
Italy,2010,146.0,3654.1243,34977.9942339965,0.8017556846636964,0.1645111443186603,59819407.0,1.4,2.5
Italy,2011,146.0,3646.9753,36392.2827759493,3.125003048913011,2.4783213393055523,60026841.0,1.3,2.5
Italy,2012,145.0,3639.7566,36281.1014243506,2.834809152771278,2.5300581379118188,60191247.0,1.4,2.5
Italy,2013,143.0,3638.0947,36459.2950248716,3.082855394210826,2.3669866836877884,60311613.0,1.6,2.5
Italy,2014,142.0,3514.61,36665.68576775,1.3084064064285972,0.1182152088965678,60320707.0,1.4,2.5
Italy,2015,140.0,3521.3325,37394.4535005423,1.867377777777768,1.0924412541189403,60229605.0,2.1,2.5
Italy,2016,140.0,3522.0305,40482.562999856,0.934943949847522,0.1941267682286816,60115223.0,1.8,2.5
Italy,2017,141.0,3530.8596,42142.3435406885,3.8000000000000034,1.880168558020099,60002252.0,1.5,2.5
Italy,2018,142.0,3527.7896,43386.7005868803,2.3833167825223267,1.2306517759642246,60148658.0,1.7,2.5
Italy,2019,144.0,3623.8074,46661.9105159611,1.747572815533971,0.7669154227288626,59729081.0,1.0,2.5
Italy,2020,146.0,3662.3494,44435.6434393527,2.7938342967244845,1.401002065505112,59438851.0,0.9,2.5
Italy,2021,146.0,3689.8308,49825.3934111848,2.857142857142847,0.5813206568578496,59133173.0,0.9,2.5
Italy,2022,146.0,3667.3591,56247.4155916998,13.619402985074624,9.127211606579714,59013667.0,0.7,2.5
Italy,2023,147.0,,57893.4083587152,13.20072332730562,10.10641392404788,58993475.0,0.9,
Italy,2024,,,60846.9830270279,5.758313057583142,2.4135942332024745,58986023.0,,
Jamaica,2001,114.0,2777.3062,6655.64866973445,7.284063136131058,3.236216569385467,2624403.0,,7.2
Jamaica,2002,115.0,2780.6238,6851.86107429481,8.731739537789608,6.587873326102771,2640572.0,6.4,6.8
Jamaica,2003,115.0,2799.8152,7199.54584725599,11.297201635665765,9.058087089764902,2656623.0,,7.0
Jamaica,2004,114.0,2785.494,7447.27601729017,18.745626105147807,14.312045706556567,2672225.0,4.5,7.2
Jamaica,2005,114.0,2789.7263,7706.631562322,25.273277229514377,19.50545701807874,2687066.0,,7.5
Jamaica,2006,114.0,2786.8594,8132.5314103817,10.885069859568496,6.372167216342718,2700968.0,,7.7
Jamaica,2007,113.0,2785.0269,8432.41041394292,24.69999960251688,11.888750043924317,2713800.0,,8.4
Jamaica,2008,112.0,2740.315,8488.09375344581,34.89242067973159,30.708146225887685,2725635.0,,9.0
Jamaica,2009,112.0,2741.9683,8135.43134581261,21.18379973285512,13.287935707911188,2736995.0,,9.0
Jamaica,2010,112.0,2746.8574,8080.14850837338,12.79904311191511,10.080943536538763,2748568.0,,8.5
Jamaica,2011,113.0,2764.7898,8353.30747710674,10.7418400690384,7.71014443678533,2760494.0,,8.0
Jamaica,2012,113.0,2761.0522,8373.49511562946,14.328808204055754,10.77932823657555,2772430.0,,7.7
Jamaica,2013,113.0,2804.661,8630.24204465441,15.437225817245537,12.599549674094837,2783687.0,,7.8
Jamaica,2014,114.0,2791.3416,8732.81302337564,12.473912297788669,8.551985297837122,2793749.0,,7.5
Jamaica,2015,113.0,2822.5227,8985.5766781795,9.373963468170455,7.752894694982523,2802534.0,,7.9
Jamaica,2016,114.0,2772.4888,9399.25792305103,8.212878306933003,4.0889159211096,2809915.0,,7.6
Jamaica,2017,114.0,2850.574,9820.20736957038,6.686746302925495,4.457211665721555,2815764.0,,7.2
Jamaica,2018,116.0,2880.9043,10035.2797738175,6.193625480280041,4.094857238101421,2820097.0,0.4,6.2
Jamaica,2019,115.0,2906.2827,10083.5268300622,10.712313848601427,6.312932267803052,2823271.0,,6.7
Jamaica,2020,115.0,2829.9004,8991.16205633754,11.36809581316134,8.530116987432168,2830739.0,,7.0
Jamaica,2021,115.0,2861.0225,9577.16421134079,11.769990503630437,6.414031303451865,2837682.0,1.4,7.6
Jamaica,2022,116.0,2915.9214,10790.1333008663,14.716635536520762,12.781095837202184,2839144.0,,7.3
Jamaica,2023,117.0,,11466.9713343644,12.746710584817578,10.142493704119078,2839786.0,,
Jamaica,2024,,,11662.3446837367,8.89861423344811,5.7834611823812,2839175.0,,
Japan,2001,,2859.8025,27942.346651133,1.4585079867908135,-0.634623066696984,127149000.0,,2.5
Japan,2002,,2825.3484,28623.5884479367,1.7897619521670238,-1.0839313127540116,127445000.0,,2.5
Japan,2003,,2816.4617,29392.2489916186,1.6592908533728856,-0.148552024541045,127718000.0,,2.5
Japan,2004,,2818.814,30830.6584466434,4.751809683974728,1.1363093262627633,127761000.0,,2.5
Japan,2005,,2808.336,32169.867493646,0.4199845101147348,-1.2972255542172646,127773000.0,,2.5
Japan,2006,,2759.3079,33634.6317066787,3.2748293482006474,0.5584625449176039,127854000.0,,2.5
Japan,2007,,2798.5552,35015.9865745127,1.179022919690631,0.4126234343314725,128001000.0,,2.5
Japan,2008,,2716.144,35273.791152156,4.2583053250540015,2.938525744717781,128063000.0,1.0,2.5
Japan,2009,,2657.4827,33547.2834245767,3.734232735412446,0.074058672976592,128047000.0,0.9,3.0
Japan,2010,,2653.3862,35335.3735103814,1.960890536644566,-0.2407071659181312,128070000.0,0.7,3.2
Japan,2011,,2661.396,36214.4397740241,0.5862126067643691,-0.4031721092999309,127833000.0,0.5,2.9
Japan,2012,,2710.7686,37605.9742614539,2.059616064811376,0.2112554079483982,127629000.0,1.5,2.6
Japan,2013,,2714.4194,39402.0250988025,2.733288230249431,-0.1662272860753849,127445000.0,1.0,2.5
Japan,2014,,2700.4211,39555.4120089198,6.060121200675339,4.286178055653394,127276000.0,0.7,2.5
Japan,2015,,2683.214,40906.594569246,4.4251700655754345,3.5562315443606405,127141000.0,0.4,2.7
Japan,2016,,2678.9563,40596.9686628995,4.840729105133734,2.095065864750669,127076000.0,0.7,2.7
Japan,2017,,2692.5398,41444.2157443912,2.234471653435844,0.698263357745545,126972000.0,0.6,2.7
Japan,2018,,2657.927,42141.9352987758,3.754016251730574,1.6402193301472645,126811000.0,1.0,2.6
Japan,2019,,2712.4763,42678.1511448354,1.7338405862167283,0.1986362331452468,126633000.0,1.2,2.8
Japan,2020,,2651.514,42425.6946789651,2.65313589332814,1.2455078278948477,126261000.0,1.2,2.9
Japan,2021,,2652.0754,44355.3487163354,2.6266792454277432,-0.0361050590763689,125681593.0,,3.2
Japan,2022,,2670.09,47395.8391565645,7.371750005146471,4.938798010518488,125124989.0,,3.4
Japan,2023,,,49896.6436902018,8.90756304016449,8.060769163302325,124516650.0,,
Japan,2024,,,51685.038752551,6.317410742265284,4.361290807529882,123975371.0,,
Jordan,2001,116.0,2496.2383,5948.01217949518,5.32368255424418,2.473235308615265,5498894.0,,8.9
Jordan,2002,120.0,2564.9602,6256.49643944543,4.372257788685241,2.368892687649482,5616066.0,1.0,7.0
Jordan,2003,123.0,2670.014,6499.97887800748,4.369793779225417,1.8407908349741,5741828.0,,5.9
Jordan,2004,124.0,2702.66,7073.8458160703,7.627803579387948,4.602844574552253,5882061.0,,5.3
Jordan,2005,124.0,2710.0386,7696.9450167189,10.251031444250502,4.94516525543556,6029587.0,,5.2
Jordan,2006,123.0,2663.2383,8045.64056215005,16.274588063639527,6.5997717163972025,6427371.0,0.3,5.5
Jordan,2007,122.0,2587.239,8415.71166017339,15.248873469131752,9.595929162547757,6827227.0,,5.9
Jordan,2008,121.0,2597.8425,8983.21332423459,27.703046957787823,19.81113128465042,6989866.0,0.1,6.4
Jordan,2009,119.0,2682.0996,9290.80855352127,13.429689847151538,1.895667416548528,7141753.0,,6.3
Jordan,2010,117.0,2701.9204,9416.64386806071,7.914286833601558,4.531722807048858,7297043.0,0.1,6.2
Jordan,2011,116.0,2662.0588,9631.9289925536,7.1754757273473135,4.257410644848092,7480424.0,,6.1
Jordan,2012,116.0,2690.6313,9738.53746926194,6.3257526679090015,4.552065769063229,7587127.0,,6.3
Jordan,2013,118.0,2709.9233,9816.59855653123,7.107236374116965,4.257683384928662,7991809.0,,6.3
Jordan,2014,119.0,2786.761,9144.67793204995,2.4973201050125797,0.3262784066721378,8791710.0,,6.5
Jordan,2015,119.0,2791.667,8967.07995837808,3.273327793216496,1.1333779543900144,9544729.0,,7.0
Jordan,2016,118.0,2754.3015,8747.87860930851,-0.2230385821726632,-3.4684038448610197,10006367.0,,7.8
Jordan,2017,116.0,2719.2131,9265.51536720733,1.992791561707441,-0.3925329464211193,10234226.0,,9.1
Jordan,2018,113.0,2641.074,9042.39781871198,5.524756676514997,3.241543883622372,10462306.0,,10.7
Jordan,2019,111.0,2593.9346,9429.07279552037,3.32763513702552,0.2891087955265455,10671891.0,,13.1
Jordan,2020,109.0,2596.3127,9579.20081317696,4.652643796326816,2.3317752387519586,10865228.0,,15.8
Jordan,2021,109.0,2552.6785,9182.496161256,2.7206464083879167,0.1133367501280032,11066356.0,,17.3
Jordan,2022,109.0,2563.9648,9927.2341002506,5.511063127972338,3.338540068611022,11256263.0,,17.9
Jordan,2023,108.0,,10411.8416152967,1.9307328892427036,0.5853286117587925,11439213.0,,
Jordan,2024,,,10821.4909765317,2.662421354139965,1.469256906362648,11552876.0,,
Kazakhstan,2001,116.0,2701.382,8568.08719492031,11.063128898463304,9.25292828870674,15575550.0,20.7,6.5
Kazakhstan,2002,118.0,2741.2263,9504.45082486949,7.263857350174452,6.437776003825644,15656677.0,16.2,6.6
Kazakhstan,2003,119.0,2784.3242,10532.4466973491,8.067252020116534,7.109324513090885,15747380.0,12.3,7.1
Kazakhstan,2004,121.0,2800.795,11777.1119570134,8.542516279591862,7.595791060023829,15850159.0,7.6,7.4
Kazakhstan,2005,122.0,2861.271,13226.1466963892,9.769313267742064,8.717732734016797,15968117.0,14.6,7.3
Kazakhstan,2006,125.0,2905.7,14965.7723195676,10.549313131937987,8.736007871694712,16103716.0,2.4,6.3
Kazakhstan,2007,127.0,2993.5488,16581.2240531177,28.42432818610867,12.618680221351838,16257214.0,1.1,5.1
Kazakhstan,2008,128.0,3019.4849,17278.4721681147,31.767066883019247,25.705586632294995,16426525.0,0.8,4.3
Kazakhstan,2009,128.0,2986.8398,17389.0145838316,9.031149438186436,5.1176745593311255,16619846.0,0.8,3.8
Kazakhstan,2010,129.0,3083.3704,18641.8061477073,10.229691631528336,5.880545234987082,16836810.0,0.5,3.2
Kazakhstan,2011,130.0,3132.9763,20159.9329426413,13.74769017675852,12.646636171794276,17066002.0,0.2,2.7
Kazakhstan,2012,132.0,3129.0947,21367.2180595372,6.777021919476844,4.417055531990684,17306106.0,0.1,2.5
Kazakhstan,2013,132.0,3157.4136,23754.1341952117,5.217252409700235,3.995364929023896,17556502.0,0.1,2.5
Kazakhstan,2014,132.0,3131.1938,23958.1128890603,7.532317502427954,5.748338396940416,17816285.0,0.1,2.5
Kazakhstan,2015,132.0,3111.3813,22484.3651382607,10.415688811756809,5.757814009705991,18084169.0,0.1,2.5
Kazakhstan,2016,133.0,3116.0977,23023.0872293899,16.40148627512159,12.997889142967372,18363600.0,0.2,2.5
Kazakhstan,2017,136.0,3192.7708,23973.0602295651,9.78278538574222,8.570095921468655,18651931.0,0.1,2.5
Kazakhstan,2018,138.0,3280.3894,25096.1285862615,5.710212207437926,4.768509715646805,18932727.0,0.1,2.5
Kazakhstan,2019,140.0,3290.702,28689.2710838374,9.688867081618824,8.034346575670693,19209555.0,0.1,2.5
Kazakhstan,2020,140.0,3295.4827,29039.8229624509,11.330192372814562,10.397348727662646,19482117.0,0.0,2.5
Kazakhstan,2021,141.0,3317.0771,32945.8515725823,11.542610851878,10.69184851494826,19743603.0,0.0,2.5
Kazakhstan,2022,142.0,3330.2756,35895.0839871667,25.33587090000382,18.890071775060143,20034609.0,,2.5
Kazakhstan,2023,143.0,,38515.1836010946,26.20527040914973,15.394264066328178,20330104.0,,
Kazakhstan,2024,,,40813.0442804706,7.856740006599661,5.594564080381901,20592571.0,,
Kenya,2001,93.0,2099.1162,1961.05816869463,16.136019208158036,7.878677600401502,31619170.0,,31.9
Kenya,2002,92.0,2046.0133,1940.4030326056,5.657174486396155,2.6021751836089013,32629808.0,,33.4
Kenya,2003,92.0,2019.0524,1974.8582021244,20.194434055855748,13.19114315958618,33652223.0,,34.7
Kenya,2004,94.0,2029.08,2066.31540638632,25.827110419708312,15.948863424772602,34713455.0,,31.8
Kenya,2005,96.0,2160.367,2188.6956101775,21.72557384705041,13.69371951087942,35796484.0,44.6,28.2
Kenya,2006,97.0,2152.3916,2330.13028941165,11.926189029142265,8.095281283166115,36904008.0,,26.0
Kenya,2007,96.0,2094.226,2481.08706146996,7.981780833762064,5.680107090671846,38036349.0,,26.9
Kenya,2008,96.0,2082.7224,2459.12174524213,25.457267294389307,20.467774894229308,39206351.0,,26.9
Kenya,2009,98.0,2133.7168,2480.0442906801,19.121775680894597,13.972955355127471,40408891.0,,24.4
Kenya,2010,100.0,2178.2075,2634.89271323826,9.254750627012244,5.789817096791957,41598567.0,,21.7
Kenya,2011,101.0,2185.3687,2750.28663787693,26.20380384445027,20.40766604727816,42758461.0,,19.8
Kenya,2012,102.0,2208.0542,2847.27068286846,24.573930970905057,10.529270911048224,43888303.0,,18.9
Kenya,2013,102.0,2233.4456,3106.39394464885,12.55093061118191,7.29373361767023,44986791.0,,18.7
Kenya,2014,101.0,2230.3345,3359.48950665093,10.853971783522145,8.722540890516074,46051440.0,,18.8
Kenya,2015,100.0,2236.1565,3678.32614146019,13.419559601760888,11.368347271515605,47088526.0,37.7,20.5
Kenya,2016,99.0,2174.695,3916.65315673095,12.706863978455509,10.096866706416185,48139687.0,,21.8
Kenya,2017,99.0,2192.9468,4177.24993580267,21.519862066907635,13.508745107090428,49197766.0,,23.2
Kenya,2018,100.0,2226.5967,4411.56104120886,4.705969524008546,1.4073666654315051,50207107.0,,22.6
Kenya,2019,101.0,2289.8923,4687.37782325306,15.841858488010718,8.239073758671298,51202827.0,,23.4
Kenya,2020,99.0,2252.2285,4792.57315847182,16.115719567975063,9.1941293284558,52217334.0,44.4,26.0
Kenya,2021,96.0,2162.7363,5338.85243382781,10.553743626604083,8.503890430774126,53219166.0,46.4,31.1
Kenya,2022,93.0,2090.8738,5883.22303961921,15.545275121237957,12.673821446169509,54252461.0,46.9,34.5
Kenya,2023,92.0,,6307.23249419302,13.389390971757686,9.758496090233026,55339003.0,,
Kenya,2024,,,6619.35857448994,7.928080383673897,5.4432644360848,56432944.0,,
Kiribati,2001,130.0,2681.3062,1591.2366300314,6.057944614053246,4.352379328129369,90335.0,,5.5
Kiribati,2002,130.0,2660.6777,1605.07533314676,5.823688494026658,4.589067928711114,92264.0,,5.6
Kiribati,2003,130.0,2652.794,1578.28790886587,3.3466318026030617,3.0921184307980702,94175.0,,6.0
Kiribati,2004,130.0,2630.2864,1578.83869125735,2.598595484742239,1.2852719437988602,96085.0,,6.0
Kiribati,2005,131.0,2694.1711,1616.57992111619,-0.0097303599143394,-0.0204368769649715,98035.0,,6.2
Kiribati,2006,131.0,2670.0125,1727.77052465174,5.702153601437221,-0.211568562730872,100017.0,21.3,6.5
Kiribati,2007,132.0,2636.5532,1792.04651189378,10.531398867549193,6.249602034332245,102068.0,,7.1
Kiribati,2008,133.0,2625.7495,1735.4318976867,47.970911339800246,23.94256597617989,104222.0,,7.3
Kiribati,2009,134.0,2651.5652,1718.4917143995,43.73650847243275,18.16500893409255,106467.0,,6.4
Kiribati,2010,135.0,2939.2368,1724.46710150819,-5.2390468881121866,-11.020909327194866,108704.0,,5.1
Kiribati,2011,137.0,2989.6238,1785.57208346912,-0.1061533552670357,-2.549274165459837,110647.0,,3.9
Kiribati,2012,138.0,3021.6316,1896.32489937688,5.827926461565669,-2.3537013849994173,112284.0,,3.6
Kiribati,2013,139.0,3021.2317,2049.3339030677,3.966349094947064,-0.4380007820512483,113838.0,,3.3
Kiribati,2014,140.0,3067.652,2084.13105379102,3.9991474176287456,0.0160951121201744,115326.0,,3.1
Kiribati,2015,141.0,3109.919,2310.6029149637,3.827850886365347,-0.4119943199265675,116815.0,,2.9
Kiribati,2016,141.0,3097.9053,2462.83249255576,3.279014526261359,1.1927980624467176,118478.0,,2.9
Kiribati,2017,140.0,3068.9858,2562.06520074619,3.434152957704595,-0.2271565130722278,120275.0,,3.0
Kiribati,2018,138.0,3096.6287,2671.76231658866,4.278161719896012,-0.7888072852439475,122084.0,,3.2
Kiribati,2019,137.0,3133.1682,2762.93829961847,3.274521041758671,-1.6079408498220102,123921.0,6.1,3.5
Kiribati,2020,135.0,3092.0479,2710.90622817554,6.810117565373708,3.8712815027619705,126099.0,,3.8
Kiribati,2021,134.0,3122.493,3020.49399935696,5.544491821932418,3.6003034545606547,128377.0,,3.8
Kiribati,2022,135.0,3113.4526,3329.34434464861,15.286395228627535,3.7337371830378814,130469.0,,3.7
Kiribati,2023,135.0,,3485.558083114,31.53361997593187,7.75082936015787,132530.0,,
Kiribati,2024,,,3702.32600979985,12.01316492864082,0.5807876810122414,134518.0,,
"Korea, Dem. People's Rep.",2001,,,,,,23815358.0,,36.0
"Korea, Dem. People's Rep.",2002,,,,,,23943973.0,,35.3
"Korea, Dem. People's Rep.",2003,,,,,,24090380.0,,32.9
"Korea, Dem. People's Rep.",2004,,,,,,24254943.0,,33.2
"Korea, Dem. People's Rep.",2005,,,,,,24396433.0,,34.5
"Korea, Dem. People's Rep.",2006,,,,,,24524507.0,,36.9
"Korea, Dem. People's Rep.",2007,,,,,,24646383.0,,39.1
"Korea, Dem. People's Rep.",2008,,,,,,24764618.0,,40.5
"Korea, Dem. People's Rep.",2009,,,,,,24878332.0,,41.3
"Korea, Dem. People's Rep.",2010,,,,,,24987258.0,,41.6
"Korea, Dem. People's Rep.",2011,,,,,,25097874.0,,41.6
"Korea, Dem. People's Rep.",2012,,,,,,25211728.0,,41.8
"Korea, Dem. People's Rep.",2013,,,,,,25329451.0,,41.8
"Korea, Dem. People's Rep.",2014,,,,,,25451262.0,,42.7
"Korea, Dem. People's Rep.",2015,,,,,,25575350.0,,43.3
"Korea, Dem. People's Rep.",2016,,,,,,25698326.0,,44.2
"Korea, Dem. People's Rep.",2017,,,,,,25817709.0,,45.8
"Korea, Dem. People's Rep.",2018,,,,,,25931147.0,,45.3
"Korea, Dem. People's Rep.",2019,,,,,,26037632.0,,
"Korea, Dem. People's Rep.",2020,,,,,,26136312.0,,
"Korea, Dem. People's Rep.",2021,,,,,,26232534.0,,
"Korea, Dem. People's Rep.",2022,,,,,,26328845.0,,
"Korea, Dem. People's Rep.",2023,,,,,,26418204.0,,
"Korea, Dem. People's Rep.",2024,,,,,,26498823.0,,
"Korea, Rep.",2001,,,19724.4259457229,,,47370164.0,,2.5
"Korea, Rep.",2002,,,21396.8377455369,,,47644736.0,,2.6
"Korea, Rep.",2003,,,22095.870826347,,,47892330.0,,2.6
"Korea, Rep.",2004,,,23773.8286536781,,,48082519.0,,2.5
"Korea, Rep.",2005,,,25186.8675668092,,,48184561.0,,2.5
"Korea, Rep.",2006,,,26884.2673283358,,,48438292.0,0.5,2.5
"Korea, Rep.",2007,,,29064.9180846867,,,48683638.0,,2.5
"Korea, Rep.",2008,,,29946.0774891302,,,49054708.0,0.5,2.5
"Korea, Rep.",2009,,,29508.3815060615,,,49307835.0,,2.5
"Korea, Rep.",2010,,,31736.6284370925,,,49554112.0,0.5,2.5
"Korea, Rep.",2011,,,32546.7536531234,,,49936638.0,,2.5
"Korea, Rep.",2012,,,33557.1287196434,,,50199853.0,0.5,2.5
"Korea, Rep.",2013,,,34244.3121393117,,,50428893.0,,2.5
"Korea, Rep.",2014,,,35324.4976704773,,,50746659.0,0.2,2.5
"Korea, Rep.",2015,,,37907.5003102016,,,51014947.0,,2.5
"Korea, Rep.",2016,,,39575.4542830031,,,51217803.0,0.2,2.5
"Korea, Rep.",2017,,,40957.4180587145,,,51361911.0,0.2,2.5
"Korea, Rep.",2018,,,43044.2917633371,,,51585058.0,0.2,2.5
"Korea, Rep.",2019,,,43865.0416366745,,,51764822.0,0.2,2.5
"Korea, Rep.",2020,,,45142.7634505403,,,51836239.0,0.0,2.5
"Korea, Rep.",2021,,,48419.6432513509,,,51769539.0,0.2,2.5
"Korea, Rep.",2022,,,51231.4530663601,,,51672569.0,,2.5
"Korea, Rep.",2023,,,52203.9685660494,,,51712619.0,,
"Korea, Rep.",2024,,,,,,51751065.0,,
Kosovo,2001,,,,,,1820009.0,,
Kosovo,2002,,,,,,1829462.0,,
Kosovo,2003,,,,,,1826434.0,11.7,
Kosovo,2004,,,,,,1822773.0,,
Kosovo,2005,,,,,,1818354.0,14.3,
Kosovo,2006,,,,,,1813079.0,13.5,
Kosovo,2007,,,,,,1807094.0,,
Kosovo,2008,,,6352.6523195552,,,1800858.0,,
Kosovo,2009,,,6736.76108926692,,,1794681.0,10.5,
Kosovo,2010,,,7179.22277933687,,,1788743.0,10.6,
Kosovo,2011,,,7776.47393102774,,,1791949.0,6.6,
Kosovo,2012,,,7897.56692777876,,,1807126.0,3.9,
Kosovo,2013,,,8090.75939263902,,,1818119.0,2.2,
Kosovo,2014,,,8200.47420451574,,,1812788.0,3.3,
Kosovo,2015,,,8714.91966356132,,,1788274.0,2.4,
Kosovo,2016,,,9157.04630742908,,,1777568.0,2.0,
Kosovo,2017,,,9380.94007290057,,,1791019.0,15.2,
Kosovo,2018,,,10018.7387080811,,,1797086.0,20.7,
Kosovo,2019,,,10861.0531745974,,,1788891.0,11.3,
Kosovo,2020,,,10532.5054692849,,,1790151.0,16.8,
Kosovo,2021,,,12362.4210181213,,,1786079.0,25.0,
Kosovo,2022,,,13950.896732241,,,1768096.0,10.0,
Kosovo,2023,,,15804.4065754058,,,1682668.0,,
Kosovo,2024,,,18619.8271712639,,,1527324.0,,
Kuwait,2001,136.0,3434.9631,58552.7839177719,0.7444536462226203,0.6726781761194104,2008121.0,,2.6
Kuwait,2002,138.0,3424.9602,59713.1722241156,0.6972113172790673,0.6533028300271471,2059974.0,,2.5
Kuwait,2003,140.0,3511.1453,69752.3841782549,5.440159228974895,3.2717614587943777,2109881.0,,2.5
Kuwait,2004,142.0,3569.8645,77226.6368376352,5.243291953379381,4.201317044194069,2157320.0,,2.5
Kuwait,2005,143.0,3670.6487,84968.0198398511,10.657343295211575,7.273383457198839,2236788.0,,2.5
Kuwait,2006,143.0,3666.27,89075.2246063075,10.56352729947465,6.6327086178170696,2364733.0,,2.5
Kuwait,2007,144.0,3638.0803,91434.9044736798,6.438468084681559,4.723154163963394,2507887.0,,2.5
Kuwait,2008,144.0,3578.9792,90337.3568803532,14.19558490447075,11.64466250441926,2651421.0,,2.5
Kuwait,2009,144.0,3539.7026,80110.0698853041,6.187767326622784,3.204776260704488,2795484.0,,2.5
Kuwait,2010,144.0,3548.123,75184.0866636559,11.755838752113256,8.046503550574265,2943372.0,,2.5
Kuwait,2011,144.0,3584.6782,79036.7857714517,8.883248209228633,7.561520443996256,3132814.0,,2.5
Kuwait,2012,142.0,3551.6401,82089.7260743667,7.81249911572004,4.802367215615111,3337109.0,,2.5
Kuwait,2013,141.0,3589.5574,76812.5388002445,6.301575258804459,4.023571351788309,3507844.0,,2.5
Kuwait,2014,141.0,3553.3577,68336.5991953092,4.169661953691173,2.9074040284150464,3665876.0,,2.5
Kuwait,2015,140.0,3542.3223,45267.3085910026,5.624142622842787,3.378921597806104,3834574.0,,2.5
Kuwait,2016,139.0,3454.7178,41862.1739115059,5.102040502046834,1.9398633570192012,4004096.0,,2.5
Kuwait,2017,138.0,3420.6096,46565.5499003014,0.4232284294015231,-0.3031384049811421,4154812.0,,2.5
Kuwait,2018,139.0,3427.2488,51370.7320487321,1.4031811811021644,-0.0002581457163271,4323515.0,,2.5
Kuwait,2019,139.0,3468.6902,50703.0001377467,2.0427110404332094,1.0751564369029076,4442316.0,,2.5
Kuwait,2020,140.0,3450.3015,41461.7235103219,9.827114993150698,4.854869915121969,4400267.0,,2.5
Kuwait,2021,140.0,3416.473,50651.9575764025,11.469533642013552,9.534938711803514,4360865.0,,2.5
Kuwait,2022,139.0,3262.841,55043.0022722597,9.128630749156551,7.429939043722,4589643.0,,2.5
Kuwait,2023,137.0,,53025.4711387824,7.680608574477632,6.340154048018241,4853420.0,,
Kuwait,2024,,,51635.9598107224,6.060605766590288,5.393049561153227,4973861.0,,
Kyrgyz Republic,2001,,,1986.16135823429,,,4945073.0,61.5,14.6
Kyrgyz Republic,2002,,,1998.23788061971,,,4990704.0,58.1,12.5
Kyrgyz Republic,2003,,,2158.19667404533,,,5043308.0,56.6,10.2
Kyrgyz Republic,2004,,,2343.43044015004,,,5104713.0,32.5,8.2
Kyrgyz Republic,2005,,,2385.59446517801,,,5162640.0,36.6,8.1
Kyrgyz Republic,2006,,,2508.38844842805,,,5218373.0,26.0,8.6
Kyrgyz Republic,2007,,,2769.89508451908,,,5268385.0,23.3,9.2
Kyrgyz Republic,2008,,,3031.49407050215,,,5318729.0,13.8,8.5
Kyrgyz Republic,2009,,,3096.93814114872,,,5389643.0,9.8,8.2
Kyrgyz Republic,2010,,,3075.61554332455,,,5467059.0,12.6,7.4
Kyrgyz Republic,2011,,,3278.35102220086,,,5546587.0,9.3,6.9
Kyrgyz Republic,2012,,,3588.67988824025,,,5652076.0,10.5,6.2
Kyrgyz Republic,2013,,,4000.96295765107,,,5777150.0,13.5,6.0
Kyrgyz Republic,2014,,,4228.1951482992,,,5905848.0,8.1,5.8
Kyrgyz Republic,2015,,,4153.3766990372,,,6040036.0,11.0,5.9
Kyrgyz Republic,2016,,,4603.75964247878,,,6175338.0,8.0,5.7
Kyrgyz Republic,2017,,,4953.71755085199,,,6306696.0,8.2,5.3
Kyrgyz Republic,2018,,,4777.94175395575,,,6444079.0,5.9,4.7
Kyrgyz Republic,2019,,,5304.22758314405,,,6590211.0,4.9,4.6
Kyrgyz Republic,2020,,,5178.5619670404,,,6726596.0,9.4,5.1
Kyrgyz Republic,2021,,,5736.47883415154,,,6851224.0,5.6,5.5
Kyrgyz Republic,2022,,,6577.51217728389,,,6975220.0,4.5,6.1
Kyrgyz Republic,2023,,,7298.08612561933,,,7099750.0,2.7,
Kyrgyz Republic,2024,,,8009.40919445692,,,7224614.0,,
Kyrgyzstan,2001,108.0,2416.3274,,12.42745572646018,8.501499359152229,,,
Kyrgyzstan,2002,111.0,2433.904,,4.242772480259482,2.62063327045229,,,
Kyrgyzstan,2003,114.0,2547.4978,,7.970814732225362,2.250053996585267,,,
Kyrgyzstan,2004,116.0,2642.113,,9.19948626528868,4.113130611931097,,,
Kyrgyzstan,2005,116.0,2645.7747,,10.50381144361092,7.075998666694946,,,
Kyrgyzstan,2006,114.0,2559.062,,13.583064279309664,9.550603349807554,,,
Kyrgyzstan,2007,112.0,2591.4575,,39.81754160298641,14.824527835418946,,,
Kyrgyzstan,2008,112.0,2606.0244,,48.16172271540782,33.2880587018871,,,
Kyrgyzstan,2009,112.0,2669.5574,,19.206954064901005,1.5515307659564206,,,
Kyrgyzstan,2010,114.0,2670.917,,27.019995322686285,6.86857773483577,,,
Kyrgyzstan,2011,115.0,2693.579,,37.395705623770105,25.750087840798145,,,
Kyrgyzstan,2012,116.0,2706.0945,,4.494474585585384,-3.888832893686805,,,
Kyrgyzstan,2013,116.0,2696.502,,8.380477132026186,5.426281402907525,,,
Kyrgyzstan,2014,116.0,2679.0217,,13.857081128124117,8.252273245504936,,,
Kyrgyzstan,2015,116.0,2683.5266,,13.864432687342145,3.843233021641474,,,
Kyrgyzstan,2016,116.0,2638.867,,-5.019806507113822,-6.46464709125302,,,
Kyrgyzstan,2017,117.0,2685.9194,,5.02243749797302,2.507262049644989,,,
Kyrgyzstan,2018,118.0,2714.0547,,2.0404086895889906,-2.1534896855475343,,,
Kyrgyzstan,2019,118.0,2690.3562,,5.744831098960246,1.4149429773689155,,,
Kyrgyzstan,2020,117.0,2635.0657,,17.606849535234105,11.644442287912248,,,
Kyrgyzstan,2021,117.0,2595.6458,,23.37500313702472,18.056947951662497,,,
Kyrgyzstan,2022,117.0,2632.252,,18.929431997275216,16.171037533029278,,,
Kyrgyzstan,2023,118.0,,,18.33422088867089,8.50776840380322,,,
Kyrgyzstan,2024,,,,5.369128095377285,1.6624339785841993,,,
Lao PDR,2001,,,1908.06236587412,,,5521482.0,,31.1
Lao PDR,2002,,,2019.69774849056,,,5610889.0,43.1,29.4
Lao PDR,2003,,,2151.15099595789,,,5697945.0,,26.8
Lao PDR,2004,,,2315.43379527395,,,5781626.0,,24.0
Lao PDR,2005,,,2519.46135100017,,,5869523.0,,22.4
Lao PDR,2006,,,2776.69752328527,,,5963200.0,,20.6
Lao PDR,2007,,,3021.44173114012,,,6056236.0,36.0,20.2
Lao PDR,2008,,,3270.5575102335,,,6148969.0,,18.5
Lao PDR,2009,,,3485.06827740268,,,6241642.0,,17.8
Lao PDR,2010,,,3772.26605172404,,,6334194.0,,15.6
Lao PDR,2011,,,4099.78457330741,,,6426590.0,,14.8
Lao PDR,2012,,,4780.94733000167,,,6518978.0,21.7,13.1
Lao PDR,2013,,,5221.59855783339,,,6611385.0,,11.7
Lao PDR,2014,,,5798.50436730091,,,6703172.0,,9.4
Lao PDR,2015,,,6086.0673044622,,,6801645.0,,8.0
Lao PDR,2016,,,6743.01053953037,,,6908802.0,,7.1
Lao PDR,2017,,,7141.90652701767,,,7018147.0,,6.8
Lao PDR,2018,,,7486.86452700433,,,7128045.0,15.7,6.5
Lao PDR,2019,,,7743.21906534261,,,7237636.0,,6.5
Lao PDR,2020,,,7913.38660650276,,,7346533.0,,6.3
Lao PDR,2021,,,8080.43553249923,,,7453194.0,,5.9
Lao PDR,2022,,,8766.44062611094,,,7559007.0,,5.4
Lao PDR,2023,,,9291.78859001138,,,7664993.0,,
Lao PDR,2024,,,9787.85098404365,,,7769819.0,,
Lao People's Democratic Republic,2001,,,,16.28429128163105,12.564581613091327,,,
Lao People's Democratic Republic,2002,,,,24.82229076545337,17.074953968249794,,,
Lao People's Democratic Republic,2003,,,,29.97299738698702,25.457089893391355,,,
Lao People's Democratic Republic,2004,,,,20.951179026089584,17.050625026382637,,,
Lao People's Democratic Republic,2005,,,,15.27948796356804,12.098586767564791,,,
Lao People's Democratic Republic,2006,,,,11.1341380235509,9.075910916926285,,,
Lao People's Democratic Republic,2007,,,,10.98207200328334,8.537083490086044,,,
Lao People's Democratic Republic,2008,,,,13.955355206052111,10.900381773775438,,,
Lao People's Democratic Republic,2009,,,,8.58057687605005,2.2464515770382314,,,
Lao People's Democratic Republic,2010,,,,14.185111380676506,8.257440367631292,,,
Lao People's Democratic Republic,2011,,,,14.128635471777804,10.374449632024858,,,
Lao People's Democratic Republic,2012,,,,9.097007233470688,5.677351252315912,,,
Lao People's Democratic Republic,2013,,,,14.450486009917096,12.562466797979877,,,
Lao People's Democratic Republic,2014,,,,11.485854856567412,6.975797127165298,,,
Lao People's Democratic Republic,2015,,,,5.406640789932493,4.543123208459836,,,
Lao People's Democratic Republic,2016,,,,4.886944540027383,4.303341663143684,,,
Lao People's Democratic Republic,2017,,,,3.4612362180382883,-0.0711752123752897,,,
Lao People's Democratic Republic,2018,,,,2.9987808718493048,1.235916084588932,,,
Lao People's Democratic Republic,2019,,,,10.277236219455087,4.665817960287529,,,
Lao People's Democratic Republic,2020,,,,11.339938201527588,8.684701733199796,,,
Lao People's Democratic Republic,2021,,,,4.441402591143073,3.015429846326839,,,
Lao People's Democratic Republic,2022,,,,45.89371130995008,21.765457415878892,,,
Lao People's Democratic Republic,2023,,,,52.68716060556811,39.45752701897299,,,
Lao People's Democratic Republic,2024,,,,25.486405027557566,22.41806624211148,,,
Laos,2001,,2072.4946,,,,,,
Laos,2002,,2111.9055,,,,,,
Laos,2003,,2149.7964,,,,,,
Laos,2004,,2177.4304,,,,,,
Laos,2005,,2238.642,,,,,,
Laos,2006,,2217.7236,,,,,,
Laos,2007,,2261.7368,,,,,,
Laos,2008,,2242.357,,,,,,
Laos,2009,,2321.7607,,,,,,
Laos,2010,,2887.059,,,,,,
Laos,2011,,2971.797,,,,,,
Laos,2012,,2997.9805,,,,,,
Laos,2013,,3069.1306,,,,,,
Laos,2014,,3121.6724,,,,,,
Laos,2015,,3176.4717,,,,,,
Laos,2016,,3151.0854,,,,,,
Laos,2017,,3120.16,,,,,,
Laos,2018,,3142.5723,,,,,,
Laos,2019,,3168.4297,,,,,,
Laos,2020,,3150.5205,,,,,,
Laos,2021,,3115.805,,,,,,
Laos,2022,,3156.3718,,,,,,
Latvia,2001,115.0,2905.302,8861.65345708332,7.850139292831271,4.84994093135103,2337170.0,,4.7
Latvia,2002,118.0,3012.3352,9756.29800792346,8.865454697432451,3.4816652046374887,2310173.0,1.5,3.5
Latvia,2003,121.0,3045.6914,10565.7335109121,5.347408764894324,2.6101717465670693,2287955.0,1.5,2.8
Latvia,2004,123.0,3068.6028,11761.314151214,11.49326509404074,7.427781290235173,2263122.0,3.7,2.5
Latvia,2005,125.0,3124.4702,13343.8894481784,10.58577303050141,9.19474821314577,2238799.0,3.1,2.5
Latvia,2006,126.0,3181.089,15024.6361475622,9.548694686712889,8.157168249109786,2218357.0,1.9,2.5
Latvia,2007,127.0,3112.49,17281.0422640276,19.886579996260465,13.434640541550406,2200325.0,0.8,2.5
Latvia,2008,126.0,3099.4329,18634.7309608539,21.615111830255863,18.436098835049727,2177322.0,1.6,2.5
Latvia,2009,127.0,3129.482,16559.5227779875,10.668512159031906,0.0610702334211528,2141669.0,2.6,2.5
Latvia,2010,127.0,3148.0767,17343.4658666613,8.029207008308026,-0.1192503498083447,2097555.0,2.6,2.5
Latvia,2011,127.0,3190.6313,18618.7015409025,11.345598141840728,8.47290988850524,2059709.0,1.7,2.5
Latvia,2012,129.0,3170.141,20494.0464806476,3.6932521349880334,2.319194226021574,2034319.0,1.4,2.5
Latvia,2013,129.0,3256.2007,21850.1266362473,2.936163682689208,1.3109642358319962,2012647.0,1.5,2.5
Latvia,2014,130.0,3232.7861,22973.693280582,0.8015644306152092,-0.2689121003434362,1993782.0,1.1,2.5
Latvia,2015,130.0,3212.0579,24137.87643586,0.2209495441384712,-1.2574017133465112,1977527.0,1.0,2.5
Latvia,2016,130.0,3222.0522,25802.1555784173,4.752037754247707,1.0787287905760714,1959537.0,1.0,2.5
Latvia,2017,131.0,3227.6138,27645.8226249652,6.769999707890095,5.598476507780631,1942248.0,1.0,2.5
Latvia,2018,132.0,3261.6648,29817.8047263182,1.874487459648555,0.5800667855370331,1927174.0,0.6,2.5
Latvia,2019,133.0,3269.6418,32199.0960377091,4.52414512885817,2.9172588774219226,1913822.0,0.3,2.5
Latvia,2020,133.0,3235.101,32741.4207691987,4.394076289104243,2.4010514508108964,1900449.0,0.5,2.5
Latvia,2021,134.0,3253.593,36912.0130602161,7.220042581111663,2.254088877571022,1884490.0,0.5,2.5
Latvia,2022,135.0,3259.167,39960.8443388997,29.52102718859673,21.535991637224384,1879383.0,0.4,2.5
Latvia,2023,136.0,,41810.0065349083,28.18581298285832,13.821329257760782,1877445.0,0.4,
Latvia,2024,,,43866.9592690499,5.462651887020198,2.8111926900102264,1862441.0,,
Lebanon,2001,118.0,2529.6055,8289.38389027926,11.540230929026873,10.971415592735452,4401918.0,,7.6
Lebanon,2002,117.0,2575.85,8586.24040685397,10.346247295398523,9.885825437959443,4463504.0,,8.3
Lebanon,2003,116.0,2607.5762,8914.48277917793,9.376165976629425,9.061990806212744,4525508.0,,9.3
Lebanon,2004,116.0,2660.5115,9609.01282633629,8.73696376173978,8.296787540215549,4599279.0,,10.4
Lebanon,2005,118.0,2664.7686,10019.9941540441,7.649350436211577,6.9768082110990575,4671102.0,,10.6
Lebanon,2006,120.0,2686.1394,10312.3533312551,6.790578389818425,4.3368254486829,4751136.0,,10.0
Lebanon,2007,122.0,2720.3337,11355.6629756249,14.078440490270982,9.653889967474695,4844118.0,,9.3
Lebanon,2008,124.0,2657.5977,12415.9400064273,22.954466049476885,19.22008058331044,4925354.0,,8.7
Lebanon,2009,127.0,2674.6353,13586.1444830435,15.080734950756302,3.9727388113390334,4992287.0,,7.1
Lebanon,2010,128.0,3062.1372,14703.6153215084,7.74250068667055,3.121276736644873,5041288.0,,5.5
Lebanon,2011,128.0,3014.5513,14974.553438993,7.6461709165789316,6.453418618006026,5096020.0,0.1,4.0
Lebanon,2012,126.0,3016.3833,16121.335238646,7.34957732124315,5.9394794050262805,5235742.0,,4.5
Lebanon,2013,125.0,2967.5571,16315.6137748763,4.750115242774022,2.5551550394268374,5743436.0,,4.9
Lebanon,2014,124.0,2932.5132,16139.8649966955,7.038815979260571,3.633272832244248,6346990.0,,5.5
Lebanon,2015,123.0,2890.693,17045.898285301,-0.3370272253760742,-1.0971831415948856,6472469.0,,5.7
Lebanon,2016,123.0,2899.1096,18940.5901000453,0.5780531731221838,-1.198643784215401,6323060.0,,5.8
Lebanon,2017,123.0,2901.6545,20963.8249472533,5.666571416809596,3.671471552275248,6160128.0,,5.6
Lebanon,2018,123.0,2908.0767,21985.4884702241,6.389327188442628,5.024390104217952,5984119.0,,5.7
Lebanon,2019,123.0,2882.3135,21710.4648750807,9.76908281685227,4.300191193414412,5794594.0,,7.1
Lebanon,2020,122.0,2870.19,16259.7051312281,441.1627876531432,254.30647001543772,5702398.0,,8.9
Lebanon,2021,123.0,2843.13,11599.7755083765,438.6545655665177,316.9456084487196,5718122.0,,10.2
Lebanon,2022,124.0,2796.6702,12292.8407305501,483.15272214351177,291.9857753251362,5744489.0,5.9,9.6
Lebanon,2023,125.0,,12574.8329116403,352.3406648952542,260.2126377155406,5773493.0,,
Lebanon,2024,,,,180.96221644350683,47.006057395110496,5805962.0,,
Lesotho,2001,,2324.9614,1350.00529706535,2.6974975245060984,-11.135195152631942,2000853.0,,
Lesotho,2002,,2377.6475,1385.18222067454,52.943405461147904,48.14918510156372,1994679.0,74.9,
Lesotho,2003,,2408.835,1484.09584449257,12.28659537499215,9.347124928246112,1985059.0,,
Lesotho,2004,,2464.7751,1560.74877547924,8.24613929798501,7.054814910036144,1971129.0,,
Lesotho,2005,,2531.4077,1680.87364079911,6.2008196489447,3.997662118917253,1953076.0,,
Lesotho,2006,,2588.2412,1813.4444072345,11.852903958864758,8.964064677660012,1945063.0,,
Lesotho,2007,,2563.574,1932.4266622594,18.432919253365988,14.084847065136772,1953268.0,,
Lesotho,2008,,2565.093,2064.42311214194,18.262804621021857,15.72499083215545,1966541.0,,
Lesotho,2009,,2580.8225,2036.26308567654,14.224750601803194,8.566773130996062,1980883.0,,
Lesotho,2010,,2531.5583,2152.91528289768,3.784720545299569,3.1989970614212253,1996251.0,,
Lesotho,2011,,2541.901,2278.50142791066,10.38650034920332,6.9812583106062895,2014009.0,,
Lesotho,2012,,2494.2314,2291.4956531127,10.98820050730831,9.784749163504545,2034354.0,,
Lesotho,2013,,2345.12,2538.26310306049,7.646749319422086,5.306524554012586,2056504.0,,
Lesotho,2014,,2211.2478,2771.24496867163,6.6409906963522,5.370859414356222,2080089.0,,
Lesotho,2015,,2086.1736,3034.64692924848,9.301603157944417,6.230246233558325,2104611.0,,
Lesotho,2016,,2099.4878,2942.18153663921,14.799664903781997,11.85723881591013,2130422.0,,
Lesotho,2017,,2176.238,2618.81820770145,8.539045742314656,5.726190846522357,2157110.0,41.9,
Lesotho,2018,,2196.4287,2632.28775223004,7.228799514120476,5.176665169187402,2183603.0,,
Lesotho,2019,,1999.0173,2568.34114362719,7.554011883246603,6.82449797026099,2209405.0,,
Lesotho,2020,,1814.5503,2559.09776834929,13.40860751726458,10.300681546572529,2235727.0,,
Lesotho,2021,,1816.0311,2544.78249551214,14.290455438613224,9.747651812027923,2261542.0,,
Lesotho,2022,,1821.1132,2761.31105002216,10.25504955243337,8.845413346690773,2286110.0,,
Lesotho,2023,,,2880.96631005119,10.926586277590577,8.30016261759575,2311472.0,,
Lesotho,2024,,,2998.47039504253,11.702584669988791,8.780913439633386,2337423.0,,
Liberia,2001,98.0,2026.9541,986.572798678639,30.21057844810173,19.39812422092914,3015338.0,,36.2
Liberia,2002,97.0,2050.1165,1012.9189129211,31.590934433712192,19.16474526087477,3094782.0,,37.4
Liberia,2003,97.0,2053.9363,715.818246812874,18.862937125329537,13.56111905899031,3119532.0,,36.3
Liberia,2004,97.0,2110.626,745.397861816656,21.20387680740614,10.152258940498363,3156892.0,,34.7
Liberia,2005,97.0,2139.7048,774.032567790285,22.10583004114386,14.330225360638549,3301015.0,,33.4
Liberia,2006,98.0,2051.8726,815.218917036837,16.559999356358656,8.173959001424212,3490787.0,,33.2
Liberia,2007,98.0,2059.0317,872.584645942216,24.8044682288298,18.79999510159068,3669050.0,61.1,31.9
Liberia,2008,98.0,2140.7375,915.053599714179,39.24328375147559,25.04079013741621,3821003.0,,30.1
Liberia,2009,98.0,2161.9517,939.496290246214,7.357905998745973,2.8171315961353733,3943028.0,,30.3
Liberia,2010,98.0,2112.7856,980.1181397741,11.961595720968376,7.31947340965817,4058890.0,,32.9
Liberia,2011,97.0,2095.8955,1040.76141404018,16.06773945104514,11.32210449376141,4221178.0,,35.4
Liberia,2012,97.0,2101.8772,1156.95319448004,13.953237146038378,10.356997235032672,4373043.0,,36.3
Liberia,2013,97.0,2074.4124,1360.12910370155,15.008415348543448,10.352767992601532,4470239.0,,36.2
Liberia,2014,97.0,2110.374,1418.77355515891,16.333430893980918,8.98628262162257,4564293.0,31.7,36.4
Liberia,2015,97.0,2097.5872,1340.43279741197,17.53496806826178,10.299973040405115,4659431.0,,35.6
Liberia,2016,98.0,2133.219,1490.33581410026,14.4058334658284,7.859372069225969,4755608.0,33.6,34.9
Liberia,2017,98.0,2153.5996,1664.94481323566,11.394533332339885,6.451449522132557,4848925.0,,34.7
Liberia,2018,97.0,2118.8293,1799.72751397748,30.475066850726492,20.90737603098944,4944726.0,,35.2
Liberia,2019,96.0,2105.503,1899.52200972855,34.588279440325095,29.59204450006804,5043721.0,,36.5
Liberia,2020,95.0,2084.3086,1659.52109145991,30.48193880922128,20.856011275705537,5149463.0,,37.5
Liberia,2021,95.0,2074.5527,1539.20892304674,16.30617781445678,0.4831308132626093,5259323.0,,38.3
Liberia,2022,96.0,2075.7075,1691.57275721851,3.082612362487835,-1.574567770168848,5373294.0,,38.4
Liberia,2023,97.0,,1794.53340863362,26.93777688285588,12.319881591985045,5493031.0,,
Liberia,2024,,,1884.91314291116,28.368122589013044,12.845607668681009,5612817.0,,
Libya,2001,131.0,,20331.6315181003,-9.6396619724058,-14.110681723004044,5403639.0,,3.5
Libya,2002,131.0,,20060.6396913983,-14.026439858395957,-18.127213755894456,5508410.0,,3.9
Libya,2003,131.0,,22662.7242140997,0.0729308788279148,-5.014090485609165,5619398.0,,4.2
Libya,2004,131.0,,23813.4011504496,3.8363165954397926,-2.5132807748399504,5736693.0,,4.5
Libya,2005,131.0,,26902.8985878895,46.03825139442501,6.5103156279635,5858798.0,,4.8
Libya,2006,131.0,,28935.6615820305,29.237013421019853,2.308429598955667,5980211.0,,5.2
Libya,2007,131.0,,30928.9422810828,17.786730492999638,9.90867732040428,6104380.0,,5.5
Libya,2008,130.0,,30812.2837288703,33.790503587495046,26.13265640314713,6235430.0,,5.9
Libya,2009,130.0,,29027.1468071228,10.06612855365534,3.162222721003536,6366686.0,,6.3
Libya,2010,129.0,3085.4912,30234.0918728805,6.031528523563945,2.8811096827571614,6497839.0,,6.6
Libya,2011,128.0,2995.8806,15698.0519072612,34.63060692990072,16.218728334516662,6343203.0,,6.8
Libya,2012,127.0,2961.653,26826.0729756733,10.846394942898186,-3.1143531542690988,6179328.0,,6.7
Libya,2013,126.0,2988.3496,21151.0051911633,7.902735241802894,3.810734428341832,6304628.0,,7.0
Libya,2014,126.0,2942.4792,17509.5285087845,13.40845107567752,4.473646492591405,6427252.0,,7.3
Libya,2015,125.0,2968.359,17903.2565395803,28.85344793744482,18.243792118439504,6531819.0,,7.8
Libya,2016,125.0,2963.8198,16961.0177111717,39.31034559237314,30.33748613139227,6632126.0,,8.0
Libya,2017,125.0,2960.5066,18026.0187834008,52.64411634981203,34.91208526877955,6738770.0,,8.4
Libya,2018,125.0,2974.2063,18879.3151301984,51.02040761762135,20.12651634356327,6849055.0,,8.8
Libya,2019,125.0,3005.358,16194.1082061146,3.444945125078247,-3.8424641346060864,6951033.0,,9.9
Libya,2020,125.0,2964.7673,10954.799045265,3.1472084600647543,-0.3378639333430781,7045399.0,,11.0
Libya,2021,124.0,3019.076,12641.5097714075,6.642431999337806,3.715016060234074,7135175.0,,11.9
Libya,2022,123.0,3013.0144,12272.8356181334,5.526826160065124,4.325200738593328,7223805.0,,11.4
Libya,2023,121.0,,13848.7950025506,4.218362260695208,3.43887676915044,7305659.0,,
Libya,2024,,,13953.7980283318,4.142011629836206,3.254531667987397,7381023.0,,
Liechtenstein,2001,,,,,,33194.0,,
Liechtenstein,2002,,,,,,33694.0,,
Liechtenstein,2003,,,,,,34079.0,,
Liechtenstein,2004,,,,,,34447.0,,
Liechtenstein,2005,,,,,,34753.0,,
Liechtenstein,2006,,,,,,35037.0,,
Liechtenstein,2007,,,,,,35262.0,,
Liechtenstein,2008,,,,,,35473.0,,
Liechtenstein,2009,,,,,,35742.0,,
Liechtenstein,2010,,,,,,36022.0,,
Liechtenstein,2011,,,,,,36312.0,,
Liechtenstein,2012,,,,,,36657.0,,
Liechtenstein,2013,,,,,,36984.0,,
Liechtenstein,2014,,,,,,37248.0,,
Liechtenstein,2015,,,,,,37494.0,,
Liechtenstein,2016,,,,,,37716.0,,
Liechtenstein,2017,,,,,,37962.0,,
Liechtenstein,2018,,,,,,38246.0,,
Liechtenstein,2019,,,,,,38563.0,,
Liechtenstein,2020,,,,,,38901.0,,
Liechtenstein,2021,,,,,,39182.0,,
Liechtenstein,2022,,,,,,39493.0,,
Liechtenstein,2023,,,,,,39850.0,,
Liechtenstein,2024,,,,,,40197.0,,
Lithuania,2001,128.0,3258.6387,9456.87328070018,6.170144049670934,3.5577639235296306,3470818.0,1.6,2.5
Lithuania,2002,129.0,3254.0737,10497.2666200199,7.540901891210305,-0.6644585153387395,3443067.0,1.4,2.5
Lithuania,2003,129.0,3252.113,12085.9566752899,-1.201945010808381,-3.6425985225175688,3415213.0,0.4,2.5
Lithuania,2004,129.0,3317.5002,13097.4375662948,5.374461344552128,2.251084127698618,3377075.0,4.0,2.5
Lithuania,2005,129.0,3426.2422,14514.7832942166,6.055780737309391,3.940424700225072,3322528.0,2.7,2.5
Lithuania,2006,129.0,3433.3425,16446.977802261,8.142216330368557,6.088128379032049,3269909.0,1.8,2.5
Lithuania,2007,128.0,3517.3755,19113.9861386164,15.769959759724747,11.211976293451556,3231294.0,1.6,2.5
Lithuania,2008,128.0,3460.9062,20735.7079776096,18.859782698442977,16.026575136282958,3198231.0,1.8,2.5
Lithuania,2009,128.0,3402.805,18167.6379038272,10.74131242321663,1.7653626954618815,3162916.0,2.7,2.5
Lithuania,2010,129.0,3229.5095,19827.948684184,6.104282659483706,-0.3658610117498257,3097282.0,2.0,2.5
Lithuania,2011,130.0,3343.9116,22701.5546059767,11.144511320514926,8.265975471845772,3028115.0,0.9,2.5
Lithuania,2012,132.0,3325.6692,24566.898703153,5.4835723950698245,3.065473042943101,2989139.0,1.1,2.5
Lithuania,2013,133.0,3385.1833,26563.3748975519,2.750777934936344,1.668472875277599,2961250.0,1.2,2.5
Lithuania,2014,134.0,3401.1353,28005.7924124857,1.1973950985990631,0.7685317762702759,2937253.0,1.7,2.5
Lithuania,2015,135.0,3381.421,28853.9978560937,-0.1504981008097705,-0.8609206916765912,2911109.0,1.0,2.5
Lithuania,2016,135.0,3395.9133,30772.6728449443,3.658464011974649,1.2362126290915414,2877325.0,1.5,2.5
Lithuania,2017,134.0,3411.797,33591.5554071488,5.565112472971845,3.566523744141377,2842639.0,1.2,2.5
Lithuania,2018,134.0,3364.3254,36491.9385223689,3.444500459882472,1.4510961326327427,2819200.0,1.0,2.5
Lithuania,2019,134.0,3359.2976,40563.8304884555,5.0732253618194445,2.9396664385105,2811089.0,0.6,2.5
Lithuania,2020,135.0,3363.7966,41262.7276941725,4.278304311043568,2.2702987113879582,2810369.0,0.5,2.5
Lithuania,2021,137.0,3366.1892,45873.5273239486,10.412248378989863,2.790517798152633,2808380.0,0.3,2.5
Lithuania,2022,137.0,3326.0994,50498.3823963346,35.59370289030448,26.17156900900562,2831639.0,0.8,2.5
Lithuania,2023,136.0,,50914.8638146665,33.18339807810264,15.454021958643676,2871585.0,1.1,
Lithuania,2024,,,54413.9640682813,1.3673993980808152,-0.6675198637842588,2888055.0,,
Luxembourg,2001,137.0,3470.1667,56141.7751664486,5.408410411659648,4.764685684735844,441525.0,0.0,2.5
Luxembourg,2002,137.0,3465.3308,58575.6792717544,5.254994647909417,3.918946078498725,446175.0,0.0,2.5
Luxembourg,2003,137.0,3451.5884,60199.8507967788,2.2532342121542204,1.933091550456073,451630.0,0.1,2.5
Luxembourg,2004,137.0,3441.001,64694.4334161028,2.488946147832128,1.833755245671252,458095.0,0.0,2.5
Luxembourg,2005,138.0,3446.5466,68787.8547494266,2.386391495813256,1.6365179652340374,465158.0,0.0,2.5
Luxembourg,2006,138.0,3454.0857,78878.0275161487,3.3149171270718147,2.3698682090804017,472637.0,0.0,2.5
Luxembourg,2007,138.0,3469.8225,85129.1888169612,5.262518230432667,3.356509723167036,479993.0,0.0,2.5
Luxembourg,2008,138.0,3496.6758,90970.7211980147,6.258992805755392,5.380365084331409,488650.0,0.0,2.5
Luxembourg,2009,137.0,3509.6187,86873.2562419563,2.945914844649012,1.4374471758439054,497783.0,0.0,2.5
Luxembourg,2010,136.0,3467.0405,90346.0688268008,1.911041573535988,0.8692678549884248,506953.0,0.0,2.5
Luxembourg,2011,135.0,3454.7034,94475.0302265023,3.2132963988919627,2.5604833906099835,518347.0,0.1,2.5
Luxembourg,2012,134.0,3427.8179,96636.426643956,3.459355253293328,2.5658869196431997,530946.0,0.0,2.5
Luxembourg,2013,134.0,3427.5024,100925.011992241,4.1418261688107805,3.649429036585224,543360.0,0.1,2.5
Luxembourg,2014,133.0,3414.19,105296.284588232,3.088962108731464,0.5686412169707092,556319.0,0.2,2.5
Luxembourg,2015,132.0,3379.0483,107888.578352982,2.247305267439481,0.7719944862105653,569604.0,0.3,2.5
Luxembourg,2016,131.0,3365.481,113365.176082265,1.925763320694473,1.5288869382824883,582014.0,0.1,2.5
Luxembourg,2017,131.0,3377.6099,114985.842235989,3.4479332273450014,2.81744205745688,596336.0,0.3,2.5
Luxembourg,2018,133.0,3405.715,116638.414163882,2.975395765782962,2.210516081401172,607950.0,0.3,2.5
Luxembourg,2019,134.0,3512.1138,121371.73990307,2.561912894961571,1.4057307673838448,620001.0,0.1,2.5
Luxembourg,2020,135.0,3476.3438,122066.739147202,4.271916790490327,2.7277979943991224,630419.0,0.0,2.5
Luxembourg,2021,135.0,3464.729,136772.443753292,2.270055168671425,0.8992402956394169,640064.0,0.1,2.5
Luxembourg,2022,134.0,3452.5415,143381.897533689,10.903784931022289,7.001575971367811,653103.0,0.1,2.5
Luxembourg,2023,134.0,,142424.729887278,13.268552756040927,10.51214713418108,666430.0,0.1,
Luxembourg,2024,,,150772.358842278,6.389150203825644,2.21986642838334,677717.0,,
Macao,2001,,2477.7173,,,,,,
Macao,2002,,2508.0676,,,,,,
Macao,2003,,2545.073,,,,,,
Macao,2004,,2627.1597,,,,,,
Macao,2005,,2679.0576,,,,,,
Macao,2006,,2668.1763,,,,,,
Macao,2007,,2707.2092,,,,,,
Macao,2008,,2694.8118,,,,,,
Macao,2009,,2696.9602,,,,,,
Macao,2010,,2930.6401,,,,,,
Macao,2011,,3050.5596,,,,,,
Macao,2012,,3038.1619,,,,,,
Macao,2013,,3077.546,,,,,,
Macao,2014,,3181.389,,,,,,
Macao,2015,,3163.895,,,,,,
Macao,2016,,3145.8835,,,,,,
Macao,2017,,3160.426,,,,,,
Macao,2018,,3174.0625,,,,,,
Macao,2019,,3159.4248,,,,,,
Macao,2020,,2904.7798,,,,,,
Macao,2021,,2919.5786,,,,,,
Macao,2022,,2899.0647,,,,,,
"Macao SAR, China",2001,,,36220.6349752851,,,433900.0,,21.5
"Macao SAR, China",2002,,,39650.0213306157,,,438400.0,,20.8
"Macao SAR, China",2003,,,44610.288033384,,,443600.0,,19.2
"Macao SAR, China",2004,,,56593.4134378282,,,454700.0,,17.5
"Macao SAR, China",2005,,,60576.6177045103,,,473500.0,,16.0
"Macao SAR, China",2006,,,67201.5209274347,,,498900.0,,15.0
"Macao SAR, China",2007,,,75677.0459228862,,,520900.0,,14.1
"Macao SAR, China",2008,,,76830.5859001478,,,540700.0,,13.1
"Macao SAR, China",2009,,,79123.7270138142,,,535000.0,,12.0
"Macao SAR, China",2010,,,99831.766339042,,,537000.0,,10.4
"Macao SAR, China",2011,,,121075.843709867,,,549600.0,,9.3
"Macao SAR, China",2012,,,133100.431084191,,,567900.0,,8.4
"Macao SAR, China",2013,,,149793.695123089,,,591900.0,,7.6
"Macao SAR, China",2014,,,145113.947357173,,,621700.0,,6.8
"Macao SAR, China",2015,,,108916.86260993,,,642900.0,,6.3
"Macao SAR, China",2016,,,107906.815674246,,,652500.0,,6.2
"Macao SAR, China",2017,,,120983.492894337,,,648400.0,,6.0
"Macao SAR, China",2018,,,129726.754015517,,,658900.0,,5.9
"Macao SAR, China",2019,,,126160.45417335,,,672000.0,,7.2
"Macao SAR, China",2020,,,57220.817061871,,,685400.0,,8.7
"Macao SAR, China",2021,,,74177.7825248277,,,682500.0,,10.3
"Macao SAR, China",2022,,,64373.9256913291,,,677300.0,,10.7
"Macao SAR, China",2023,,,116491.377161798,,,678800.0,,
"Macao SAR, China",2024,,,128267.62341957,,,687000.0,,
Madagascar,2001,94.0,1899.752,1298.56378873164,10.63541617185424,0.4250839785564675,17032939.0,57.5,33.9
Madagascar,2002,94.0,1856.7037,1121.08749552772,24.69008077555055,15.034194905998866,17549913.0,,35.3
Madagascar,2003,93.0,1886.5443,1218.83563168796,12.727271216271042,-2.84617149817398,18071854.0,,36.6
Madagascar,2004,95.0,1890.2286,1279.54611058565,43.04253226981341,20.339957267639093,18606608.0,,35.2
Madagascar,2005,96.0,1966.4911,1342.51929937145,50.84851922343159,26.990428858292105,19159707.0,55.3,33.5
Madagascar,2006,98.0,1987.4677,1416.40465948998,8.603848698301153,4.235097722373356,19730909.0,,31.1
Madagascar,2007,98.0,1998.2496,1493.37545004972,17.19525326255049,14.130247370097498,20318583.0,,30.7
Madagascar,2008,97.0,1962.811,1577.33838928618,13.374343567869062,10.562158984744997,20923840.0,,30.5
Madagascar,2009,97.0,1964.25,1479.82980025947,10.45547027485103,8.279105420348984,21547280.0,,29.0
Madagascar,2010,98.0,2093.6055,1463.87646786391,9.82035863751356,6.43091072670718,22183340.0,65.3,26.9
Madagascar,2011,98.0,2107.7612,1475.17055178114,21.125665126853388,13.39248696399477,22822300.0,,25.3
Madagascar,2012,97.0,2097.776,1463.61756926447,6.6853342830864415,5.16977677293054,23462438.0,67.3,26.5
Madagascar,2013,96.0,2049.1797,1473.40398077255,6.85990256228104,4.956579314336558,24109290.0,,27.8
Madagascar,2014,94.0,2045.7927,1498.83976908219,6.384776533557535,5.410832871956295,24764348.0,,29.6
Madagascar,2015,94.0,2012.1879,1496.61172412841,7.005988438084732,6.518723366026847,25426702.0,,30.8
Madagascar,2016,93.0,2000.7726,1561.51962374608,7.884825043702648,6.197501716695577,26099952.0,,32.3
Madagascar,2017,92.0,1981.1804,1546.88001890817,14.579256979468935,9.300731737437184,26788375.0,,33.3
Madagascar,2018,91.0,1972.9302,1546.59563549795,14.327202596901522,10.862151610232544,27494926.0,,34.6
Madagascar,2019,90.0,1946.014,1612.29772715626,6.26587648060315,4.820782481824259,28219554.0,,36.0
Madagascar,2020,89.0,1932.2366,1490.32312837866,4.809929961361492,3.809752022322368,28953556.0,,37.6
Madagascar,2021,90.0,1925.5424,1577.43246056586,8.433005310240404,7.431462903958818,29691083.0,69.2,38.9
Madagascar,2022,90.0,1924.9441,1716.9788487377,12.929053611918828,9.49747918492366,30437261.0,,39.7
Madagascar,2023,91.0,,1808.44779037914,15.48257353067828,12.105157105517272,31195932.0,,
Madagascar,2024,,,1883.53743113319,7.613908602465758,6.7325039125851855,31964956.0,,
Malawi,2001,106.0,2240.7727,924.056368279235,26.18750705115169,20.353995614930707,11593058.0,,23.3
Malawi,2002,106.0,2181.5156,931.283507531356,16.308586432424967,9.301353908405495,11880440.0,,23.5
Malawi,2003,105.0,2178.2202,979.038977932038,8.737032797047362,5.280478457450486,12181574.0,,24.1
Malawi,2004,106.0,2177.8281,1032.80213909276,14.092143503187485,7.518863319882629,12500737.0,74.4,23.0
Malawi,2005,107.0,2205.4985,1070.93590957736,19.56059383006352,17.277773539592115,12840031.0,,21.3
Malawi,2006,110.0,2287.79,1124.4382691229,19.92658627963564,15.55120491898054,13198701.0,,19.1
Malawi,2007,113.0,2316.2498,1230.56385441329,9.704248840523766,7.386497623498951,13576343.0,,17.3
Malawi,2008,116.0,2344.799,1311.44999791984,8.072133840219697,6.9630409461470135,13976417.0,,15.7
Malawi,2009,118.0,2339.4485,1387.78991561758,8.752818914442795,7.340599127907917,14395788.0,,14.3
Malawi,2010,120.0,2556.106,1457.60568309596,6.804834782388336,5.039601270584247,14826463.0,72.9,13.6
Malawi,2011,121.0,2562.478,1516.2111831915,5.215502906618408,3.128915513479113,15265022.0,,13.2
Malawi,2012,121.0,2590.2468,1464.04323957796,34.62994893938112,19.439823985435225,15709577.0,,13.4
Malawi,2013,121.0,2586.0554,1558.11224745203,31.854214975195937,22.95196701977872,16161816.0,,14.1
Malawi,2014,120.0,2557.389,1505.55190404024,24.081632769806504,21.24142895775128,16621538.0,,14.7
Malawi,2015,120.0,2602.7668,1403.08451209235,29.159316904797585,23.92732150492381,17085587.0,,15.5
Malawi,2016,120.0,2573.8452,1409.95802703533,29.19115071728664,26.73745467397899,17557739.0,71.7,15.8
Malawi,2017,119.0,2582.6807,1380.23263621737,30.31458469341919,12.186877060942471,18039715.0,,16.8
Malawi,2018,119.0,2591.2292,1363.79445595088,25.54318361487397,13.578650504208964,18528081.0,,17.4
Malawi,2019,119.0,2574.812,1450.01008064784,19.28571385272051,14.297648569477971,19025752.0,75.4,18.5
Malawi,2020,119.0,2620.2634,1513.45990803344,17.681401133006645,13.060434476195423,19533888.0,,19.0
Malawi,2021,120.0,2642.4521,1687.59358179651,13.554552636170204,11.34237239746184,20047258.0,,19.4
Malawi,2022,119.0,2621.5164,1778.30582146001,34.51472176336576,26.80665365984837,20568728.0,,19.9
Malawi,2023,118.0,,1829.5076892538,43.52701349549775,36.98284105853703,21104482.0,,
Malawi,2024,,,1859.44796067768,44.91775501115218,40.39277114826488,21655286.0,,
Malaysia,2001,124.0,2866.8647,13071.5814138975,1.306532218898626,0.6838946976645629,23526538.0,,2.5
Malaysia,2002,123.0,2809.8538,13656.0458904379,1.285855148637416,0.7037988251353026,24102477.0,,2.8
Malaysia,2003,122.0,2817.9324,14387.2484914999,1.7821772450008266,1.3400845638834016,24679602.0,3.2,2.9
Malaysia,2004,122.0,2840.1182,15415.8063402619,3.297768405355628,2.196898642766848,25256772.0,,3.0
Malaysia,2005,122.0,2792.7483,16371.4260817974,4.060559303361599,3.632345226263134,25836071.0,,3.2
Malaysia,2006,121.0,2799.3337,17426.361167892,4.259635289133645,3.370241046575549,26417909.0,1.7,3.3
Malaysia,2007,121.0,2818.6182,18616.8070767617,4.190475941533878,3.0210950218475507,26998389.0,,3.5
Malaysia,2008,121.0,2759.903,19479.8799590564,12.277413561078944,8.832798026070332,27570059.0,1.5,3.6
Malaysia,2009,120.0,2805.2063,18922.6459508418,9.809263618632368,4.262615251484192,28124778.0,,3.7
Malaysia,2010,121.0,2833.5032,20193.4092945433,3.030303289841174,2.4099068355314186,28655776.0,,3.5
Malaysia,2011,121.0,2865.8499,21324.3594996498,5.66600377448383,4.806542871829356,29162039.0,0.4,3.4
Malaysia,2012,121.0,2888.1443,22638.5406944009,4.775828293375373,2.6945441215966315,29662831.0,,3.4
Malaysia,2013,120.0,2847.142,23160.8924510627,4.507819538729629,3.560448949706459,30174265.0,0.1,3.6
Malaysia,2014,120.0,2833.239,24306.5212338415,4.185623157538876,3.346929374966725,30696137.0,,3.7
Malaysia,2015,120.0,2876.509,24526.3942716012,4.671280083905938,3.6283323068677222,31232798.0,0.1,3.5
Malaysia,2016,121.0,2864.132,25285.8213541391,5.0384284880169,3.8747042793031383,31789685.0,,3.0
Malaysia,2017,121.0,2893.5483,26415.5960203287,4.581993393294037,4.17487934767928,32355644.0,,2.7
Malaysia,2018,121.0,2893.876,27793.5674222948,3.459119367030872,1.3626737740106236,32910967.0,0.0,2.5
Malaysia,2019,121.0,2893.285,28933.928297233,2.6133742315439967,1.6512073369064149,33440596.0,,2.5
Malaysia,2020,121.0,2937.1648,27474.7361378236,1.5813252443586556,1.2711850549978476,33889558.0,,2.5
Malaysia,2021,122.0,2918.0093,29822.8491831618,3.166421096345018,1.7674883083997417,34282399.0,0.0,2.5
Malaysia,2022,122.0,2937.749,34366.2284812574,7.281903998452499,5.740505945527101,34695493.0,,2.5
Malaysia,2023,123.0,,36416.5401853099,7.011332052953678,4.859224580157105,35126298.0,,
Malaysia,2024,,,38728.9430329388,2.7450979321489437,1.9286177211431352,35557673.0,,
Maldives,2001,,2399.2427,8235.8026935606,20.890645931762176,2.656643744453865,286767.0,,
Maldives,2002,,2426.011,8822.5172659896,29.570827955697588,4.2485862567227874,291616.0,18.8,
Maldives,2003,,2330.2495,10065.4858126156,3.8676336731467975,-5.778779025237191,296491.0,,
Maldives,2004,,2371.8713,10769.774343441,27.10563458887512,15.936561669140788,301413.0,,
Maldives,2005,,2391.3599,9704.44335108513,17.527276904173505,8.162762691090814,306429.0,,
Maldives,2006,,2305.3276,12075.1455941154,8.048879305064528,4.04168179980234,313851.0,,
Maldives,2007,,2367.2666,12851.7923349261,26.66557050827072,16.08606665444721,324479.0,,
Maldives,2008,,2385.51,13778.8197774822,30.349634674821235,19.43817581246072,336170.0,,
Maldives,2009,,2390.7063,12265.7930466677,15.45089440416374,0.9373082429908316,348275.0,13.1,
Maldives,2010,,2600.9846,12797.3279369096,18.107524436148715,7.529626762366654,360792.0,,
Maldives,2011,,2607.9023,13726.3262132076,28.514113519256743,19.802694016742432,373674.0,,
Maldives,2012,,2617.6868,13988.5973904797,32.26714253789014,18.280982887822876,386818.0,,
Maldives,2013,,2646.192,15264.0907112539,15.37073915389866,7.233111591374025,400070.0,,
Maldives,2014,,2691.3398,16722.5238573252,4.751169642579889,0.786166382198214,413617.0,,
Maldives,2015,,2748.539,17875.0989419263,2.7225182023565164,0.4885387155415985,428154.0,,
Maldives,2016,,2789.2383,18769.506060763,5.264398039974871,0.5814413224955916,443308.0,0.1,
Maldives,2017,,2695.0183,19767.8893613468,10.115435793761574,5.700675810541873,458287.0,,
Maldives,2018,,2655.9026,21899.4292993844,3.4289278193325723,-1.0619880461968618,473099.0,,
Maldives,2019,,2664.639,23077.2112236653,3.670885506074129,-0.7395512675565947,487731.0,0.0,
Maldives,2020,,2607.3052,13425.3674459601,4.132230778068413,2.7245437125477534,502118.0,,
Maldives,2021,,2639.664,19052.6224904311,2.781211315384824,1.818308241617389,516154.0,,
Maldives,2022,,2650.8901,22880.5123176079,6.62291238612942,4.751767870630069,524106.0,,
Maldives,2023,,,24735.0754339022,8.000000251953354,5.807240868155206,525994.0,,
Maldives,2024,,,26542.7065404295,7.355326562261499,5.821144184665735,527799.0,,
Mali,2001,112.0,2218.6255,1367.65757865055,11.229135551718697,8.299816607342803,11912158.0,68.6,16.6
Mali,2002,113.0,2212.3716,1388.24813914805,12.539184512201418,7.31805573177795,12288050.0,,15.6
Mali,2003,114.0,2229.8564,1496.41646759567,1.6877635845775174,-4.084333461874849,12684955.0,,15.4
Mali,2004,116.0,2243.5117,1510.90528128815,2.3987999020695483,-7.074683151375619,13102409.0,,14.4
Mali,2005,118.0,2278.1892,1621.24445266641,23.04216816953957,11.873579675435204,13538647.0,,13.1
Mali,2006,121.0,2338.3037,1724.92622161218,6.25,-0.0864333724341081,13990139.0,64.0,11.5
Mali,2007,124.0,2395.9543,1780.78644119963,4.466858322914158,1.833599554553207,14457775.0,,10.0
Mali,2008,127.0,2441.9214,1871.24168725189,15.622378161109296,13.096035956447986,14940782.0,,8.7
Mali,2009,129.0,2486.8284,1906.87675660163,5.633456536741677,3.791240809467841,15435539.0,63.3,7.5
Mali,2010,130.0,2679.5654,1997.68294373356,5.138071591325022,3.480142191980662,15945198.0,,6.6
Mali,2011,130.0,2686.064,2053.38313589339,10.308110037097084,5.092904074530498,16469049.0,,5.8
Mali,2012,131.0,2699.484,2003.1747814705,14.594524449544563,8.183903589392282,16957033.0,,5.4
Mali,2013,130.0,2697.5544,2062.18261264161,-0.9360752803193152,-3.281312802598352,17459615.0,,5.2
Mali,2014,130.0,2660.3262,2167.19371216906,1.0330755606648534,-0.2176703023374091,18020267.0,,5.0
Mali,2015,129.0,2659.9536,2330.24293947692,7.023410964931776,3.0276102542630614,18593022.0,,4.8
Mali,2016,130.0,2676.7703,2531.80496963482,-1.0645483685540302,-3.211535553843578,19191289.0,,4.4
Mali,2017,129.0,2691.9685,2606.69607954141,4.152542153746963,2.5652311787861373,19813011.0,,4.6
Mali,2018,128.0,2683.0618,2684.41122026577,1.116611863050121,-1.83726685010397,20442030.0,29.4,4.6
Mali,2019,127.0,2723.3345,2819.86582297259,1.7819706147734538,-1.6696203420720888,21068405.0,,4.7
Mali,2020,127.0,2748.609,2723.70094784441,7.243460226085152,2.479793503540038,21713836.0,,4.6
Mali,2021,127.0,2715.522,2796.22793795431,10.56268492597454,5.187159376973162,22388630.0,36.1,7.1
Mali,2022,126.0,2734.4417,3008.75554617553,20.1310861161061,14.299267996137443,23072640.0,,9.6
Mali,2023,125.0,,3168.41334714498,11.769911955828992,2.5486952804567493,23769127.0,,
Mali,2024,,,3308.66948870441,8.557844890374788,4.039128004762185,24478595.0,,
Malta,2001,137.0,3393.542,18437.0772565636,7.443888260939779,4.051127069873432,393028.0,,2.5
Malta,2002,137.0,3379.5068,19532.0279556175,7.184185149469613,2.1743774845918007,395969.0,,2.5
Malta,2003,137.0,3400.0627,20815.4108567543,4.083801427053291,2.0343790936183344,398582.0,,2.5
Malta,2004,137.0,3390.0583,21568.6987417591,3.6909227306826553,-0.221555574033135,401268.0,,2.5
Malta,2005,137.0,3382.6611,22227.4148621006,4.859966636336055,2.394483104072555,403834.0,,2.5
Malta,2006,137.0,3380.46,23224.0188775878,3.5138869914480564,2.0027016518164307,405308.0,0.5,2.5
Malta,2007,138.0,3384.5317,25012.5835964908,8.046150176940902,4.342021895262353,406724.0,0.5,2.5
Malta,2008,138.0,3387.3413,26653.8965187145,9.343434389494476,8.037553176221197,409379.0,0.2,2.5
Malta,2009,138.0,3396.6658,26767.9774084468,10.990353833492891,6.46626202862906,412477.0,0.5,2.5
Malta,2010,137.0,3438.8003,28912.3673064801,5.061760746006194,1.0407667477504194,414508.0,0.3,2.5
Malta,2011,136.0,3438.8835,29426.0314264997,5.748446233365834,3.859435965067469,416268.0,0.2,2.5
Malta,2012,136.0,3486.927,30716.1937571643,5.997063345390741,4.696652681740771,420028.0,0.2,2.5
Malta,2013,135.0,3534.2603,33138.1662633456,7.271018982396815,4.813116772829934,424810.0,0.0,2.5
Malta,2014,134.0,3478.91,35205.7902358587,3.002451520541949,0.527333378574398,433481.0,0.0,2.5
Malta,2015,133.0,3499.2585,38379.0106589466,4.127967982661573,2.967782348311628,444220.0,0.1,2.5
Malta,2016,134.0,3460.4539,40999.0794825928,4.588933197105205,2.154332530876274,454505.0,0.1,2.5
Malta,2017,134.0,3521.661,45763.1563625292,5.680611829029303,3.4822553967387258,467106.0,0.2,2.5
Malta,2018,133.0,3444.995,48177.3556388899,4.987070994977794,2.912773604813934,483903.0,0.2,2.5
Malta,2019,131.0,3323.5461,51391.8493505735,5.152004519671838,3.622038586478225,503912.0,0.3,2.5
Malta,2020,130.0,3291.1567,49987.8929839855,2.7542955780029743,1.9025308476243896,515490.0,0.4,2.5
Malta,2021,129.0,3343.5747,56805.2766131529,4.938251449366904,2.34950824771498,518150.0,0.1,2.5
Malta,2022,129.0,3329.8694,60489.4615184214,13.692075475813237,10.453786261879966,531113.0,0.1,2.5
Malta,2023,128.0,,63084.7078352628,12.191224573487602,9.573081673511613,552747.0,,
Malta,2024,,,67364.4845717873,9.0625160123057,3.647921827528261,574346.0,,
Marshall Islands,2001,,,2700.27054583067,,,51123.0,,
Marshall Islands,2002,,,2825.24479927053,,,51425.0,,
Marshall Islands,2003,,,2824.27883367143,,,51639.0,,
Marshall Islands,2004,,,2879.90589671206,,,51791.0,,
Marshall Islands,2005,,,3016.70324372574,,,51906.0,,
Marshall Islands,2006,,,3110.05225553568,,,51992.0,,
Marshall Islands,2007,,,3309.39754112765,,,52035.0,,
Marshall Islands,2008,,,3118.23467102442,,,52030.0,,
Marshall Islands,2009,,,3253.15085940372,,,52019.0,,
Marshall Islands,2010,,,3473.40469896159,,,52044.0,,
Marshall Islands,2011,,,3536.56004235245,,,51907.0,,
Marshall Islands,2012,,,3589.66880383744,,,51419.0,,
Marshall Islands,2013,,,3845.00357492163,,,50681.0,,
Marshall Islands,2014,,,3931.34410649415,,,49796.0,,
Marshall Islands,2015,,,4125.1616927563,,,48800.0,,
Marshall Islands,2016,,,4366.25764216189,,,47709.0,,
Marshall Islands,2017,,,4719.31304926001,,,46529.0,,
Marshall Islands,2018,,,5232.2052487185,,,45285.0,,
Marshall Islands,2019,,3028.5652,6045.06240789858,,,44007.0,2.1,
Marshall Islands,2020,,3133.5908,6136.97119702131,,,42706.0,,
Marshall Islands,2021,,3259.7563,6705.87529163236,,,41367.0,,
Marshall Islands,2022,,3389.8928,7332.30020846945,,,40077.0,,
Marshall Islands,2023,,,7532.17477322204,,,38827.0,,
Marshall Islands,2024,,,8198.12563302958,,,37548.0,,
Martinique,2001,,,,3.073623685446991,2.5202500359203164,,,
Martinique,2002,,,,3.457109921847712,2.7068786840271257,,,
Martinique,2003,,,,3.734761578224366,2.577196392734534,,,
Martinique,2004,,,,3.786696053684624,2.5075039779917097,,,
Martinique,2005,,,,3.5996314260724915,3.042977105411728,,,
Martinique,2006,,,,3.695073147755412,3.0302284682320475,,,
Martinique,2007,,,,4.195729119495306,3.0453234108650027,,,
Martinique,2008,,,,4.246608045641342,3.450687001400258,,,
Martinique,2009,,,,4.0067773841529375,1.2402765529624946,,,
Martinique,2010,,,,1.7223919127592913,0.2385251443229837,,,
Martinique,2011,,,,1.3052217739986771,0.4920635063628193,,,
Martinique,2012,,,,4.635107674687422,3.0979684562678966,,,
Martinique,2013,,,,4.3264495935062985,3.347925617066529,,,
Martinique,2014,,,,1.7890779539847743,1.2470029089475587,,,
Martinique,2015,,,,3.246752682099485,1.7400637433478232,,,
Martinique,2016,,,,2.378773608445361,1.309683098030434,,,
Martinique,2017,,,,1.5151522448813015,1.1484005541485631,,,
Martinique,2018,,,,2.051740158927795,1.181658711957112,,,
Martinique,2019,,,,2.0140101577980074,1.4363577991019116,,,
Martinique,2020,,,,3.0086577302726347,2.2681476588275924,,,
Martinique,2021,,,,0.5957445802048156,-0.8727884461609178,,,
Martinique,2022,,,,10.67796617456118,5.437960523375707,,,
Martinique,2023,,,,12.437395325177004,9.892280765765744,,,
Martinique,2024,,,,6.007605232376401,3.580338929771097,,,
Mauritania,2001,120.0,2734.9814,2279.72711478483,7.623490238422215,5.516671785707278,2678760.0,,8.1
Mauritania,2002,122.0,2771.2563,2295.8050099533,9.798515714294377,4.529458850613032,2738655.0,,7.7
Mauritania,2003,121.0,2870.6812,2446.69817773871,9.55051224313841,6.081594966298783,2802046.0,,8.0
Mauritania,2004,121.0,2767.813,2570.29404911996,19.19513657002867,12.093389000718751,2868664.0,28.5,8.2
Mauritania,2005,120.0,2814.1086,2809.03508145691,20.48878676308945,14.421271324947432,2939059.0,,9.1
Mauritania,2006,122.0,2796.771,3341.70718354998,10.607182907724976,7.259646148488595,3013660.0,,8.4
Mauritania,2007,125.0,2934.8171,3278.27661394002,9.966177075379235,8.471907178891996,3093059.0,,7.7
Mauritania,2008,128.0,2980.752,3235.99782161036,10.257828737605834,8.583998819429853,3183269.0,19.2,6.9
Mauritania,2009,129.0,2956.7144,3158.74414286705,5.771296625333799,2.589105018072328,3284448.0,,7.0
Mauritania,2010,130.0,2854.7163,3177.84436561165,9.260314243442624,8.06426958150538,3390965.0,,7.0
Mauritania,2011,131.0,2890.9148,3270.86251341888,7.330024442652672,6.368881929778033,3502811.0,,6.6
Mauritania,2012,133.0,2946.4866,3464.97661099269,5.250996063055302,4.317585443741661,3619034.0,,6.3
Mauritania,2013,134.0,2918.1528,3831.04711012348,6.203764731663575,4.40405897736898,3734318.0,,6.2
Mauritania,2014,133.0,2914.0703,3865.1425867687,6.77043155146877,5.0606596814641085,3848514.0,11.7,6.5
Mauritania,2015,133.0,2892.4917,3977.61171275863,7.754468999048991,5.670616429450011,3965959.0,,6.7
Mauritania,2016,133.0,2862.6882,4682.70259690033,4.503683856266338,2.2774824717931907,4086657.0,,6.9
Mauritania,2017,133.0,2871.1982,5353.06608810407,4.510413787862078,3.1038584296105363,4210600.0,,6.9
Mauritania,2018,134.0,2895.5706,5429.23223059784,4.896421771668713,4.198123864630621,4337685.0,,6.8
Mauritania,2019,134.0,2895.577,5610.13236713892,3.849679318086152,2.71503286664179,4467708.0,10.2,7.0
Mauritania,2020,134.0,2896.876,5740.73959690129,2.922940487176984,2.1987510956170646,4600131.0,,7.5
Mauritania,2021,134.0,2889.5454,5836.56580821897,8.862876996090385,5.773275792712799,4734874.0,,8.3
Mauritania,2022,134.0,2914.4543,6484.82792721164,19.97441426254667,15.387348236148997,4875637.0,,9.3
Mauritania,2023,135.0,,6946.19393340541,15.495928019444438,5.654573117694579,5022441.0,,
Mauritania,2024,,,7271.34040477207,3.0073531648065366,1.8961513387649669,5169395.0,,
Mauritius,2001,123.0,2874.9404,9582.34102879466,5.468102770432703,4.026596348053139,1196287.0,,5.8
Mauritius,2002,123.0,2869.0347,9819.99036010262,10.39604091493178,7.798298361611541,1204621.0,,5.7
Mauritius,2003,124.0,2867.2805,10530.7507325579,4.360463694757399,2.654577544288245,1213370.0,,5.5
Mauritius,2004,124.0,2924.316,11211.6476360929,7.293666022665168,6.245052187318184,1221003.0,,5.4
Mauritius,2005,124.0,2903.1765,11699.2476307207,6.684491195004294,5.83164531080676,1228254.0,,5.2
Mauritius,2006,125.0,2910.1262,12587.9717563576,13.835957317670044,10.016196011517138,1233996.0,1.1,5.1
Mauritius,2007,124.0,2956.0103,13607.3326951543,19.87431326870401,15.56899619319581,1239630.0,,5.3
Mauritius,2008,125.0,2879.4307,14563.8887533797,18.7500012239197,15.88035757397317,1244121.0,,5.1
Mauritius,2009,124.0,2997.0444,15099.3502357442,9.6137340221794,4.1774747226193005,1247429.0,,5.2
Mauritius,2010,125.0,3029.4934,15913.9099205525,6.283941930791559,3.717893531193885,1250400.0,,5.2
Mauritius,2011,123.0,2991.1602,16877.4651716884,6.862745050281816,5.853281274974715,1252404.0,,5.8
Mauritius,2012,122.0,2974.1084,17249.8932782975,3.453237460219083,2.171762829797874,1255882.0,1.1,6.2
Mauritius,2013,121.0,2967.2246,18225.2375702488,5.287880290029845,3.395278022398449,1258927.0,,6.4
Mauritius,2014,121.0,2968.989,19066.4430517664,11.76257291387348,4.668620546669646,1261208.0,,6.5
Mauritius,2015,121.0,2971.092,20011.3333068005,7.367474617635117,3.167447824568037,1262879.0,,6.8
Mauritius,2016,121.0,2955.7542,21670.4566005949,3.925233744225953,1.1682726589704373,1263747.0,,6.9
Mauritius,2017,121.0,2989.9558,22595.7290817609,11.33093452480387,3.821097915891114,1264887.0,0.5,7.0
Mauritius,2018,122.0,3002.8296,23068.2409674878,15.812337590680904,3.38016419430578,1265577.0,,6.8
Mauritius,2019,123.0,3049.5615,24027.1189308354,5.753968193899794,0.0788529581062857,1265985.0,,7.2
Mauritius,2020,124.0,3099.6877,21326.224396378,12.317518316194588,6.196665876598455,1266014.0,,7.2
Mauritius,2021,125.0,3111.4487,22737.5729410543,10.65573786659062,4.502768402991141,1266334.0,,6.7
Mauritius,2022,124.0,3167.9912,26556.0768591826,18.321917650912688,14.743455185502611,1262523.0,,5.9
Mauritius,2023,124.0,,28923.352954675,15.39708281446741,7.933087873405353,1261041.0,,
Mauritius,2024,,,31050.933959114,15.1967432522909,8.155214237507145,1259509.0,,
Mexico,2001,140.0,3246.5217,11738.7259429144,6.347472671252508,5.0663736075044445,100099099.0,,3.0
Mexico,2002,141.0,3261.1428,11761.8865901666,5.632006864094108,3.7550563715770298,101548624.0,12.8,3.4
Mexico,2003,141.0,3262.293,12066.1601262353,7.984360038913274,5.54947534654369,102978515.0,,4.0
Mexico,2004,140.0,3253.3545,12657.8156092307,10.08880996514656,7.201775200895825,104394131.0,11.0,4.3
Mexico,2005,139.0,3207.53,13260.2388186669,9.415470444084464,5.439324866754036,105811504.0,11.7,4.1
Mexico,2006,138.0,3218.6147,14541.6716295608,7.459523658420331,3.666307603494314,107253666.0,9.0,3.8
Mexico,2007,138.0,3236.5767,15031.86195805,8.054314267199025,6.637926859979604,108774360.0,,3.8
Mexico,2008,137.0,3207.1462,15680.5761933269,10.590461748657589,8.137714349688707,110374288.0,10.1,4.1
Mexico,2009,136.0,3163.1792,15192.6241502056,10.560952598124572,8.875773032668551,111999721.0,,4.2
Mexico,2010,135.0,3146.4414,15908.8603191799,6.534956459583197,3.3248055735228306,113623895.0,8.4,4.1
Mexico,2011,134.0,3121.897,17266.8129129167,6.088047637588168,4.364278491279548,115243504.0,,3.9
Mexico,2012,134.0,3127.4097,18004.7935585757,11.034040052021933,8.121255843434353,116818208.0,7.3,3.8
Mexico,2013,134.0,3121.4497,18170.2647920555,9.732040937074292,5.221345867661313,118343573.0,,3.8
Mexico,2014,134.0,3157.6462,18820.7991119337,6.64076464481278,4.742758712609672,119784261.0,7.2,3.8
Mexico,2015,135.0,3172.018,19075.3384711297,5.6355530744161,4.008451568479552,121072306.0,,3.7
Mexico,2016,135.0,3199.7224,20104.5839787472,5.345658532787945,4.468554133824927,122251351.0,4.4,3.7
Mexico,2017,136.0,3209.886,20488.7150800441,10.572800468448108,6.966626568019911,123400057.0,,3.8
Mexico,2018,136.0,3217.505,20921.4775260265,8.594114467084623,4.829992664274317,124573711.0,3.9,3.6
Mexico,2019,137.0,3252.0117,20964.2774847073,5.597717857693785,4.400475166249229,125762982.0,,3.5
Mexico,2020,137.0,3250.7305,19354.1248722314,8.093837964140448,6.622522676717163,126799054.0,4.3,3.2
Mexico,2021,138.0,3267.9282,20782.5877425331,11.63472803831933,7.203052055285624,127648148.0,,3.2
Mexico,2022,139.0,3297.6484,23379.7338940539,14.555046366340507,13.250971815429113,128613117.0,2.3,3.1
Mexico,2023,139.0,,24854.5822142309,12.770529398051412,8.262833697749363,129739759.0,,
Mexico,2024,,,25688.0964960445,7.772136957480313,6.031518268121489,130861007.0,,
Micronesia (Federated States of),2001,,,,0.2159926528023215,-0.2489698040476736,,,
Micronesia (Federated States of),2002,,,,1.0246186934143031,0.3548381431218652,,,
Micronesia (Federated States of),2003,,,,1.119036524594863,-0.7288397856271288,,,
Micronesia (Federated States of),2004,,,,5.349085048108382,4.204865180685336,,,
Micronesia (Federated States of),2005,,,,4.586657107296599,2.804898884753676,,,
Micronesia (Federated States of),2006,,,,4.04651274486072,2.482763412358187,,,
Micronesia (Federated States of),2007,,,,3.3994219594480457,2.168094809340258,,,
Micronesia (Federated States of),2008,,,,22.07277487194346,11.716296497381611,,,
Micronesia (Federated States of),2009,,,,24.22122982063908,15.514643145790172,,,
Micronesia (Federated States of),2010,,,,3.489376162264368,1.4993483986991574,,,
Micronesia (Federated States of),2011,,,,4.597615337276051,3.208162933776894,,,
Micronesia (Federated States of),2012,,,,5.288355719336635,4.292672527710911,,,
Micronesia (Federated States of),2013,,,,2.919910460923947,2.320445119947038,,,
Micronesia (Federated States of),2014,,,,1.1016116847180069,0.8353760068984695,,,
Micronesia (Federated States of),2015,,,,1.3094775522130675,0.5785626881758609,,,
Micronesia (Federated States of),2016,,,,-0.7205464940604811,-1.489612124097022,,,
Micronesia (Federated States of),2017,,,,-0.3521158481758268,-1.381333547623161,,,
Micronesia (Federated States of),2018,,,,0.8657570936806414,-1.2406526920482748,,,
Micronesia (Federated States of),2019,,,,2.2375747004484747,1.4221866647042103,,,
Micronesia (Federated States of),2020,,,,0.9992111987780604,0.6181996954164048,,,
Micronesia (Federated States of),2021,,,,4.616191017316318,1.3539502639176575,,,
Micronesia (Federated States of),2022,,,,8.372972357914765,6.457368207147057,,,
Micronesia (Federated States of),2023,,,,14.098366398824268,11.745471864970362,,,
Micronesia (country),2019,,2788.6755,,,,,,
Micronesia (country),2020,,2779.2324,,,,,,
Micronesia (country),2021,,2800.792,,,,,,
Micronesia (country),2022,,2805.1277,,,,,,
"Micronesia, Fed. Sts.",2001,,,2483.24910726194,,,112365.0,,
"Micronesia, Fed. Sts.",2002,,,2533.76146565244,,,112448.0,,
"Micronesia, Fed. Sts.",2003,,,2628.21573169373,,,112285.0,,
"Micronesia, Fed. Sts.",2004,,,2624.17422575805,,,111925.0,,
"Micronesia, Fed. Sts.",2005,,,2774.43261974424,,,111412.0,15.8,
"Micronesia, Fed. Sts.",2006,,,2875.30015432099,,,110729.0,,
"Micronesia, Fed. Sts.",2007,,,2921.37249160123,,,109880.0,,
"Micronesia, Fed. Sts.",2008,,,2931.12401030245,,,108936.0,,
"Micronesia, Fed. Sts.",2009,,,3008.47729849214,,,107957.0,,
"Micronesia, Fed. Sts.",2010,,,3125.91252899737,,,107540.0,,
"Micronesia, Fed. Sts.",2011,,,3287.30215541256,,,107698.0,,
"Micronesia, Fed. Sts.",2012,,,3280.15861862688,,,107890.0,,
"Micronesia, Fed. Sts.",2013,,,3206.36152307306,,,108121.0,26.1,
"Micronesia, Fed. Sts.",2014,,,3178.89962171257,,,108396.0,,
"Micronesia, Fed. Sts.",2015,,,3346.80950600201,,,108716.0,,
"Micronesia, Fed. Sts.",2016,,,3383.7970120681,,,109075.0,,
"Micronesia, Fed. Sts.",2017,,,3459.86474192005,,,109481.0,,
"Micronesia, Fed. Sts.",2018,,,3525.34462629771,,,109909.0,,
"Micronesia, Fed. Sts.",2019,,,3717.18067039818,,,110282.0,,
"Micronesia, Fed. Sts.",2020,,,3682.39299463483,,,110916.0,,
"Micronesia, Fed. Sts.",2021,,,3944.70571499559,,,111624.0,,
"Micronesia, Fed. Sts.",2022,,,4085.20953290836,,,112114.0,,
"Micronesia, Fed. Sts.",2023,,,4233.1340493282,,,112630.0,,
"Micronesia, Fed. Sts.",2024,,,4346.21932945529,,,113160.0,,
Moldova,2001,,2435.343,3310.52882645877,,11.144917889720654,2918135.0,32.2,24.6
Moldova,2002,,2461.143,3632.61091825467,,4.292696806472139,2911385.0,19.9,27.3
Moldova,2003,,2430.5896,3959.95150996029,,13.75276940862451,2903198.0,10.0,30.0
Moldova,2004,,2442.475,4378.17475782467,,12.844276625731212,2896023.0,11.6,31.9
Moldova,2005,,2479.1172,4865.93456430334,,13.711663709160687,2888985.0,16.6,32.3
Moldova,2006,,2552.9424,5271.38970435336,,9.125711191571227,2880967.0,3.4,30.3
Moldova,2007,,2626.4346,5589.5685077365,,10.949123688695638,2874299.0,1.6,27.0
Moldova,2008,,2682.8809,6153.35152147981,,15.677610707210931,2868833.0,1.7,22.1
Moldova,2009,,2620.6758,5827.17888882857,,-5.552320538686559,2865213.0,1.5,17.2
Moldova,2010,,2327.9255,6323.06287905206,,6.305219360161561,2862354.0,0.8,12.5
Moldova,2011,,2357.257,6832.94156502961,,8.925764857239843,2860699.0,0.5,8.5
Moldova,2012,,2338.2766,7254.66249032313,,3.770024816669857,2860324.0,0.5,5.7
Moldova,2013,,2361.6277,8232.5238047368,,6.624174937750133,2859558.0,0.1,4.5
Moldova,2014,,2344.2969,8643.06431435343,,6.5683831772803165,2857815.0,0.0,3.9
Moldova,2015,,2375.6665,9197.61838204272,,10.083947489774602,2835978.0,0.1,3.4
Moldova,2016,,2419.12,10325.8404896126,,7.564701388962502,2803186.0,0.2,2.7
Moldova,2017,,2469.8547,11252.1135465283,,8.019014480423627,2755189.0,0.1,2.5
Moldova,2018,,2527.3894,11868.1955463223,,5.5147722693483,2707203.0,0.0,2.5
Moldova,2019,,2527.3035,13413.2232935126,,7.77260982469793,2664224.0,0.0,2.5
Moldova,2020,,2498.284,13527.4413130967,,7.602597837107525,2635130.0,0.0,2.5
Moldova,2021,,2501.2205,15682.0703284653,,7.125286668701065,2595809.0,0.2,2.5
Moldova,2022,,2635.0098,16452.9621236034,,32.60158157680719,2528654.0,0.0,2.5
Moldova,2023,,,17746.940549966,,13.7826735581554,2457783.0,0.1,
Moldova,2024,,,18716.5133942394,,5.216235287437031,2389275.0,,
Monaco,2001,,,,,,32447.0,,
Monaco,2002,,,,,,32422.0,,
Monaco,2003,,,,,,32374.0,,
Monaco,2004,,,,,,32307.0,,
Monaco,2005,,,,,,32210.0,,
Monaco,2006,,,,,,32057.0,,
Monaco,2007,,,,,,31837.0,,
Monaco,2008,,,,,,31836.0,,
Monaco,2009,,,,,,32364.0,,
Monaco,2010,,,,,,33163.0,,
Monaco,2011,,,,,,33946.0,,
Monaco,2012,,,,,,34711.0,,
Monaco,2013,,,,,,35447.0,,
Monaco,2014,,,,,,36128.0,,
Monaco,2015,,,,,,36757.0,,
Monaco,2016,,,,,,37276.0,,
Monaco,2017,,,,,,37678.0,,
Monaco,2018,,,,,,38154.0,,
Monaco,2019,,,,,,38109.0,,
Monaco,2020,,,,,,38050.0,,
Monaco,2021,,,,,,38527.0,,
Monaco,2022,,,,,,38931.0,,
Monaco,2023,,,,,,38956.0,,
Monaco,2024,,,,,,38631.0,,
Mongolia,2001,95.0,2166.3442,3888.85528581332,8.799999031476592,1.941666108539166,2417751.0,,30.4
Mongolia,2002,96.0,2177.1372,4083.38422166067,1.299997805283626,-2.783333008532568,2449027.0,18.7,29.8
Mongolia,2003,95.0,2174.4902,4399.36537925014,13.39999830528742,6.991666183207969,2480374.0,,30.0
Mongolia,2004,95.0,2188.9563,4941.82663694262,21.19999707418456,12.650000295587551,2508412.0,,29.8
Mongolia,2005,96.0,2220.9504,5406.14341980278,24.20000030854299,17.783333721813595,2536407.0,,28.7
Mongolia,2006,97.0,2265.1968,5977.19688729951,13.20000038275242,5.358332870903106,2567168.0,,26.8
Mongolia,2007,99.0,2330.3474,6678.05474357637,28.235294912911392,12.969291892552116,2601850.0,4.0,24.7
Mongolia,2008,101.0,2373.71,7296.58073671622,55.927832841190096,40.24332100129676,2643201.0,,21.9
Mongolia,2009,102.0,2457.1309,7119.39424211884,21.192053520647857,2.4242359267856903,2691115.0,,19.8
Mongolia,2010,104.0,2439.7651,7531.62557442648,18.63468503724841,12.36398701917974,2738622.0,3.5,17.1
Mongolia,2011,107.0,2533.3623,8861.82052869304,18.8712506628955,8.9767414411301,2786317.0,2.2,14.8
Mongolia,2012,109.0,2587.0159,10151.7217998165,26.50602427770124,20.90130650341107,2839705.0,1.1,13.0
Mongolia,2013,111.0,2562.0134,10442.3850504493,17.558299925400412,10.35478553563004,2899011.0,,12.0
Mongolia,2014,113.0,2597.225,10900.2305197857,11.891892067073815,9.36273691134601,2963113.0,0.8,10.7
Mongolia,2015,115.0,2690.372,10458.3027240524,5.602536768981992,0.8938393608864338,3026864.0,,9.0
Mongolia,2016,116.0,2721.6,10511.3831063141,1.7148983960288078,-1.492039614361537,3088856.0,1.9,8.2
Mongolia,2017,119.0,2652.953,11096.0375604239,8.99357549479145,4.512550095443183,3148917.0,,6.9
Mongolia,2018,121.0,2849.2964,12317.4824277695,11.150958800926604,7.071790403050767,3208189.0,1.7,6.3
Mongolia,2019,126.0,2857.636,13604.978943194,15.625962720188925,10.692442637220042,3267673.0,,5.1
Mongolia,2020,129.0,2951.5742,13693.179806943,10.556266893934565,7.064864995352888,3327204.0,,4.3
Mongolia,2021,132.0,3044.9712,14792.2509086422,20.993680618747955,13.790578071860134,3383741.0,,3.0
Mongolia,2022,133.0,3099.3682,16401.9894751531,22.678649200346342,18.623263347626253,3433748.0,0.4,2.5
Mongolia,2023,134.0,,18004.8512058355,18.42056759977864,15.79618655029124,3481145.0,,
Mongolia,2024,,,19097.7314186395,11.715608267446488,7.99823236279856,3524788.0,,
Montenegro,2001,107.0,,6772.28818455103,2.2170531036856733,2.194838294115629,607389.0,,9.8
Montenegro,2002,107.0,,7100.30635177469,2.168965976192627,2.147698070480884,609828.0,,9.3
Montenegro,2003,110.0,,7341.27844094377,2.122920551724139,2.1025400576715,612267.0,,8.4
Montenegro,2004,113.0,,7842.50753015106,2.078788180129698,2.0592422240646484,613353.0,,7.0
Montenegro,2005,117.0,,8313.65416335034,2.0364558976616376,2.017691532084555,614261.0,0.4,5.6
Montenegro,2006,122.0,3188.7815,10458.6624501488,1.995812065154534,1.9777847250757647,615025.0,0.4,3.8
Montenegro,2007,124.0,3328.1306,12462.2081375874,1.9567588362154,1.9394257372731296,615875.0,0.4,2.6
Montenegro,2008,128.0,3405.769,13816.5729192367,1.9192046300321897,1.902526621505416,616969.0,0.3,2.5
Montenegro,2009,132.0,3412.8706,13021.7594887881,1.88306356634389,1.8670053043031043,618294.0,0.0,2.5
Montenegro,2010,135.0,3361.9766,13633.6988304649,2.389504902213257,1.9443381709229788,619428.0,0.0,2.5
Montenegro,2011,136.0,3406.892,14466.2432860016,6.615767452905752,4.094027755946365,620345.0,0.4,2.5
Montenegro,2012,135.0,3285.3357,13845.6901397755,6.930415013645086,4.176705183895133,621418.0,5.6,2.5
Montenegro,2013,133.0,3328.8435,14837.2269792637,7.103374179955568,3.962704681702402,622587.0,5.2,2.5
Montenegro,2014,134.0,3318.9624,15323.4913668459,0.978989126291374,-1.3896522340987982,623744.0,3.9,2.5
Montenegro,2015,136.0,3393.974,16271.9861609659,4.091555487436982,2.9163359828285365,624651.0,3.6,2.5
Montenegro,2016,138.0,3469.0493,18110.2196143043,1.3660275586708792,-0.819975392878396,625353.0,3.3,2.5
Montenegro,2017,139.0,3519.974,19568.5054747837,3.832455758469888,1.742748771081488,625982.0,4.6,2.5
Montenegro,2018,140.0,3547.8774,21368.2769936811,1.5097644087447517,0.4311557820276627,626438.0,3.9,2.5
Montenegro,2019,141.0,3569.54,23958.2775935046,4.061005542120721,3.1208173091361293,626753.0,2.5,2.5
Montenegro,2020,142.0,3591.479,20827.4892978607,2.653297816161837,1.606443631094708,626590.0,2.2,2.5
Montenegro,2021,143.0,3687.9993,23843.4329399755,7.156283378786421,3.534610762330224,625053.0,2.5,2.5
Montenegro,2022,143.0,3645.8337,27597.0529627387,30.18377683850921,22.53083293146632,623591.0,,2.5
Montenegro,2023,142.0,,30601.4282509021,25.7209814673484,11.117824149744251,623529.0,,
Montenegro,2024,,,33379.792931582,4.236634225057134,1.3080401933765895,623831.0,,
Montserrat,2001,,,,8.92081245542322,4.656047702536282,,,
Montserrat,2002,,,,5.866077374035039,3.0539869943009017,,,
Montserrat,2003,,,,-0.6302512915541292,-2.561948003609352,,,
Montserrat,2004,,,,5.908096337273827,3.5167126078671296,,,
Montserrat,2005,,,,4.55251048151053,2.197965881244259,,,
Montserrat,2006,,,,5.224661026095712,3.807049996562484,,,
Montserrat,2007,,,,6.05759667813901,4.38305026027052,,,
Montserrat,2008,,,,13.14685391093211,7.724448289962016,,,
Montserrat,2009,,,,11.222626666926306,7.02320138861559,,,
Montserrat,2010,,,,4.099098999572748,1.7788756115963136,,,
Montserrat,2011,,,,9.158512407627551,5.4454956960815695,,,
Montserrat,2012,,,,9.391680120207258,6.957525545988546,,,
Montserrat,2013,,,,3.4019270431296267,1.1120031021483048,,,
Montserrat,2014,,,,-0.6341755878834343,-1.257005063087066,,,
Montserrat,2015,,,,0.6381194735596507,-0.185913931429546,,,
Montserrat,2016,,,,0.2706652173527946,-0.2229152695149107,,,
Montserrat,2017,,,,0.4448485335429408,-0.2853551617807759,,,
Montserrat,2018,,,,-0.0813754582201342,-0.8805629185655389,,,
Montserrat,2019,,,,3.1948882735324258,1.1834418503213835,,,
Montserrat,2020,,,,3.689240781221725,1.8986504585416395,,,
Montserrat,2021,,,,3.047918891785306,1.0434389434315914,,,
Montserrat,2022,,,,9.797668009145363,3.437983736750597,,,
Montserrat,2023,,,,5.245142603283748,0.0887832751489912,,,
Montserrat,2024,,,,2.296632391812792,0.2514251292570907,,,
Morocco,2001,133.0,3139.3223,4268.86962890625,2.8961888833031857,1.0683814987802,28814643.0,,5.8
Morocco,2002,134.0,3166.1907,4436.4287109375,7.917923383611969,4.777099009766866,29198142.0,,5.4
Morocco,2003,135.0,3204.688,4741.0615234375,6.964874522127995,2.009720724886498,29571415.0,,5.1
Morocco,2004,136.0,3252.431,5024.6943359375,4.301511125829549,2.5534316394114853,29953018.0,,4.9
Morocco,2005,137.0,3181.3784,5274.74169921875,3.561316367524303,1.6666221411495818,30358144.0,,4.8
Morocco,2006,137.0,3231.012,5780.6181640625,7.125821801914034,5.607848324217742,30771178.0,9.4,4.8
Morocco,2007,137.0,3196.8486,6057.935546875,5.3475501467912245,3.486349818177118,31186468.0,,4.8
Morocco,2008,137.0,3203.548,6437.0634765625,11.459353424705188,7.3376011812158195,31606767.0,,4.8
Morocco,2009,137.0,3215.5059,6628.57666015625,6.244175133653118,0.9746272641875072,32030778.0,,4.9
Morocco,2010,138.0,3267.0046,6848.66748046875,5.400540680358001,1.267203575656776,32467016.0,,4.8
Morocco,2011,139.0,3315.3647,7274.1474609375,4.355716689547595,1.4500946964195986,32912588.0,,4.5
Morocco,2012,140.0,3331.553,7307.6123046875,4.7250861864033045,2.3939652423536093,33355241.0,,4.3
Morocco,2013,141.0,3338.426,7542.0986328125,4.362703175925975,2.1999410830820723,33787571.0,3.7,4.1
Morocco,2014,141.0,3388.7454,7237.27734375,1.5754561743009932,-1.1989926574608047,34204780.0,,4.0
Morocco,2015,142.0,3380.864,7799.09228515625,3.6850927638767623,2.569030947207052,34607588.0,,3.7
Morocco,2016,142.0,3414.4004,7853.17626953125,4.660669832810194,2.807195304136107,35023457.0,,3.7
Morocco,2017,142.0,3367.7659,8115.12060546875,2.9197081605888853,0.0189929499643184,35446392.0,,3.5
Morocco,2018,142.0,3420.5544,7801.0986328125,3.2931731235156247,0.9685460590466434,35839760.0,,3.6
Morocco,2019,142.0,3394.4324,8046.22900390625,0.6319119939828255,-1.24478885745108,36210898.0,,4.1
Morocco,2020,141.0,3355.2622,7704.84912109375,3.0684642644352778,0.8786992627147114,36584208.0,,5.3
Morocco,2021,140.0,3380.265,8623.265625,4.509017783463931,0.600771973304202,36954442.0,,6.4
Morocco,2022,140.0,3339.2712,9283.92578125,15.53211824366989,11.241776405421248,37329064.0,,6.9
Morocco,2023,139.0,,9842.888671875,20.837298384600626,13.085481232602604,37712505.0,,
Morocco,2024,,,10305.0546875,4.258804026095908,0.6645441354950118,38081173.0,,
Mozambique,2001,97.0,2010.5706,532.627310160456,10.64948214186292,9.22227936441612,18537729.0,,36.8
Mozambique,2002,98.0,2079.9355,580.040921427185,19.555554245909377,15.622721113965952,18958338.0,87.6,35.5
Mozambique,2003,100.0,2143.8374,619.987510681772,18.86247241986525,15.517215089984775,19392475.0,,34.4
Mozambique,2004,102.0,2121.131,673.345717268781,12.33374891569252,11.567246511892677,19840313.0,,34.5
Mozambique,2005,104.0,2108.8044,721.411761943486,10.35368839463322,7.826096921188031,20304569.0,,33.7
Mozambique,2006,105.0,2192.234,798.387667642541,17.043681829642686,11.826335528827943,20787087.0,,32.9
Mozambique,2007,106.0,2169.4373,861.987682743539,16.396411118444966,10.66000269802553,21287635.0,,30.3
Mozambique,2008,108.0,2257.6218,916.155850233958,21.43201854494288,18.657468722244413,21819036.0,81.1,29.0
Mozambique,2009,109.0,2258.714,951.485453763858,15.905197253073933,7.132783380618053,22391745.0,,25.1
Mozambique,2010,111.0,2364.3625,1000.2411486648,21.65450026565104,15.376845396048756,22999235.0,,22.2
Mozambique,2011,110.0,2381.925,1063.65543296311,20.01636701321825,13.308903830959684,23649039.0,,20.7
Mozambique,2012,108.0,2291.6753,1075.87786085361,4.929372574991087,3.133767643776464,24337846.0,,22.6
Mozambique,2013,102.0,2201.2144,1113.7525275929,6.62147163012381,5.3540545235625565,25051611.0,,27.8
Mozambique,2014,96.0,2040.5703,1165.82826607505,5.275930337679435,3.8348273820770697,25788475.0,74.4,34.6
Mozambique,2015,91.0,1923.4363,1317.88785956822,17.51359601646305,5.22350567618284,26547572.0,,42.3
Mozambique,2016,89.0,1834.6661,1379.10740028691,35.439474531354456,27.258638461633392,27337105.0,,44.4
Mozambique,2017,91.0,1950.0807,1282.74965991801,29.94995583152211,16.94702072177758,28166393.0,,41.1
Mozambique,2018,95.0,2083.2207,1325.58695568953,1.5629163607717933,0.0369237535522306,29018644.0,,35.3
Mozambique,2019,99.0,2110.7837,1388.79707034446,7.883924153741972,3.285541599463158,29884380.0,81.6,30.9
Mozambique,2020,100.0,2170.6592,1411.62040229911,8.502058353842301,7.0993894210364425,30783688.0,,28.3
Mozambique,2021,102.0,2194.311,1457.23540930922,13.465852152031,11.43649843288008,31707800.0,,26.3
Mozambique,2022,102.0,2175.5925,1581.9441944262,17.290590545990938,12.93065045922138,32656246.0,81.4,24.8
Mozambique,2023,102.0,,1677.6810229235,18.201572118626565,10.150668149635482,33635160.0,,
Mozambique,2024,,,1699.70503405145,13.902849767783998,9.802366042260232,34631766.0,,
Myanmar,2001,89.0,2090.5217,1068.82590521952,51.81840768194335,21.61176575852192,45771139.0,,38.6
Myanmar,2002,91.0,2133.1355,1203.8263073429,62.43447562952893,57.79434598330696,46232653.0,,35.9
Myanmar,2003,93.0,2185.2588,1384.52851825947,61.70526335211015,39.64439234394676,46667192.0,,33.6
Myanmar,2004,96.0,2217.7837,1600.84105608585,12.979709893102996,5.915608383930038,47068772.0,,31.4
Myanmar,2005,100.0,2260.55,1860.45413157633,15.286476791387129,9.564838364114634,47438365.0,,29.0
Myanmar,2006,103.0,2332.3882,2152.86730947026,28.728359681144823,20.32269883647505,47785135.0,,25.7
Myanmar,2007,107.0,2410.2163,2458.85746440138,42.128733260125095,35.706907148674645,48125043.0,,21.7
Myanmar,2008,110.0,2508.4263,2748.07921338491,29.7278883010873,22.78001558442012,48390793.0,,18.2
Myanmar,2009,113.0,2547.3188,3039.7998233771,6.541396570407021,-0.1911451311643219,48660459.0,,13.8
Myanmar,2010,115.0,2688.4656,3348.12889497049,11.047077609972323,7.221074628655135,49024382.0,,11.0
Myanmar,2011,116.0,2678.092,3579.40482970626,9.72725349002854,4.036283766135966,49419820.0,,8.4
Myanmar,2012,116.0,2688.8958,3845.15284153671,21.178731406236405,2.333905370837188,49837446.0,,7.8
Myanmar,2013,117.0,2704.655,4143.63012731959,25.00490222348748,18.92169613332477,50262658.0,,6.9
Myanmar,2014,119.0,2748.7534,4376.38833281274,6.579081714550905,4.782779231503692,50681634.0,,5.9
Myanmar,2015,120.0,2775.7502,4458.69054442659,10.173136044708198,6.61425128351301,51089056.0,18.2,4.9
Myanmar,2016,120.0,2794.168,4459.53981427471,8.244894421782224,5.444926391608512,51495696.0,,4.2
Myanmar,2017,121.0,2808.3088,4706.43248949598,10.078331299662114,4.484645396693691,51894938.0,10.3,3.8
Myanmar,2018,121.0,2798.8557,5581.2769545815,8.559080346356662,6.561484887114617,52272247.0,,3.6
Myanmar,2019,121.0,2795.324,6101.37245765709,11.565893423027497,9.023918266255256,52640713.0,,3.4
Myanmar,2020,121.0,2845.753,5740.99045843992,6.964258445499727,2.859738868782653,53016522.0,,4.0
Myanmar,2021,122.0,2837.224,5178.44718217164,12.363968288590945,5.570357531191966,53387102.0,,4.6
Myanmar,2022,121.0,2829.1934,5731.93787872459,18.428199053215444,15.418394499353468,53756787.0,,5.3
Myanmar,2023,121.0,,5953.35735165913,,,54133798.0,,
Myanmar,2024,,,5997.46516323715,,,54500091.0,,
Namibia,2001,106.0,2363.5022,5196.15009836199,11.452822134160346,9.424651214455338,1857048.0,,15.6
Namibia,2002,105.0,2294.7222,5433.26902723843,18.90351103005712,15.036090210293304,1889970.0,,16.5
Namibia,2003,104.0,2321.4492,5692.63373752872,17.69822407099455,9.301030130743031,1917464.0,47.6,17.7
Namibia,2004,104.0,2339.1353,6479.76368965829,1.90778445608244,0.978516809112857,1942082.0,,18.5
Namibia,2005,103.0,2311.9114,6766.5998120605,4.568874637489317,1.326473212388119,1966582.0,,20.0
Namibia,2006,101.0,2298.415,7373.75822211888,8.444228989005541,6.484151445498489,1991888.0,,22.2
Namibia,2007,100.0,2286.556,7874.93144508288,13.53939847814134,11.880674465934696,2018600.0,,24.4
Namibia,2008,99.0,2186.2192,8124.81517886749,18.595603183875696,16.754456644917664,2047056.0,,26.5
Namibia,2009,97.0,2127.1138,8079.38392286218,15.544071279648186,10.68608707418952,2077394.0,38.6,28.5
Namibia,2010,97.0,2205.5908,8538.19995395948,5.601340576907599,3.189918864124168,2109811.0,,29.2
Namibia,2011,99.0,2245.0793,9002.23004537057,10.05589692401676,4.925472733891099,2146325.0,,27.6
Namibia,2012,101.0,2338.0447,9363.76632318029,11.35542449901208,9.065355366233463,2194654.0,,25.1
Namibia,2013,103.0,2350.4575,9699.2083777865,8.209095824521139,6.513482035489299,2252508.0,,23.4
Namibia,2014,105.0,2324.582,10365.3090596781,10.07945837955846,8.275044985120202,2312139.0,,22.5
Namibia,2015,106.0,2361.464,10465.8920558516,6.58964833771829,5.637016171708912,2374300.0,22.9,21.8
Namibia,2016,108.0,2366.0325,10200.1392609733,12.45933429327819,10.75224364293768,2439213.0,,20.7
Namibia,2017,109.0,2364.4697,9887.9393548255,13.24393439598226,5.686486885133409,2506853.0,,20.2
Namibia,2018,110.0,2355.2231,9853.73533646074,5.164258130902266,3.1958460494172205,2577327.0,,19.4
Namibia,2019,111.0,2376.9849,9609.48555672874,5.885086375093596,4.3022578441217965,2650494.0,,19.1
Namibia,2020,112.0,2347.622,9354.13136713077,7.632000489828394,5.228661140146538,2728762.0,,19.1
Namibia,2021,112.0,2326.1733,9709.09930646771,7.262500391459326,5.735919786278487,2810548.0,,20.5
Namibia,2022,112.0,2297.5337,10662.7017045783,11.7990009602569,7.651665391693396,2889662.0,,22.2
Namibia,2023,112.0,,11251.2370332343,14.564421394770076,11.381434026607954,2963095.0,,
Namibia,2024,,,11686.6020624775,6.533403237886337,5.222306868520998,3030131.0,,
Nauru,2001,,,5665.54062896849,,,10130.0,,
Nauru,2002,,,5204.53217511546,,,10082.0,,
Nauru,2003,,,5334.56327701812,,,10059.0,,
Nauru,2004,,,5241.12650274284,,,10060.0,,
Nauru,2005,,,5392.13115470879,,,10049.0,,
Nauru,2006,,,6030.36426162786,,,10034.0,,
Nauru,2007,,,4826.37580274108,,,10020.0,,
Nauru,2008,,,5928.48582070184,,,10009.0,,
Nauru,2009,,,5623.97762675628,,,10016.0,,
Nauru,2010,,,5667.93968133576,,,10043.0,,
Nauru,2011,,,6581.54359835443,,,10098.0,,
Nauru,2012,,,8260.60504608169,,,10267.0,9.7,
Nauru,2013,,,8500.65455060201,,,10517.0,,
Nauru,2014,,,9858.20333866473,,,10742.0,,
Nauru,2015,,,10020.3777452081,,,10954.0,,
Nauru,2016,,,10371.3962985641,,,11150.0,,
Nauru,2017,,,9770.04904469972,,,11324.0,,
Nauru,2018,,,9740.42851241352,,,11477.0,,
Nauru,2019,,3075.5803,10639.505803457,,,11587.0,,
Nauru,2020,,3145.5771,10941.6636727977,,,11643.0,,
Nauru,2021,,3197.032,12196.6451547687,,,11709.0,,
Nauru,2022,,3208.1829,13346.9840294703,,,11801.0,,
Nauru,2023,,,13829.9189405006,,,11875.0,,
Nauru,2024,,,14326.8023151623,,,11947.0,,
Nepal,2001,103.0,2158.1477,1388.47045455809,6.041012568214077,0.9628480297115836,24946748.0,,23.9
Nepal,2002,104.0,2168.6904,1390.43706974998,6.015037745774854,1.651095833206881,25328981.0,,22.2
Nepal,2003,106.0,2233.129,1453.18365785704,8.296297028014044,5.375493423451936,25688758.0,55.7,20.2
Nepal,2004,108.0,2274.1138,1542.44947639149,4.097772502267105,2.5985457511730536,26016656.0,,17.9
Nepal,2005,108.0,2312.9531,1627.83915596503,9.317585182378885,6.114325657884897,26309458.0,,17.0
Nepal,2006,109.0,2294.6233,1717.78611779434,9.13154457933192,7.33825686953404,26565425.0,,16.0
Nepal,2007,110.0,2352.9707,1809.3237124739,10.177402603373032,7.64649282377033,26788492.0,,14.9
Nepal,2008,111.0,2421.6348,1942.152996933,17.079419576097244,12.119814195651832,26990037.0,,13.0
Nepal,2009,113.0,2474.4563,2028.95740753622,21.422663573273184,18.160153679187623,27173035.0,,11.5
Nepal,2010,113.0,2513.7954,2139.22749384013,18.25757688665066,13.58620686292529,27341952.0,21.5,10.4
Nepal,2011,114.0,2548.4348,2247.99742932205,17.552850318691206,13.005187817309483,27464494.0,,9.5
Nepal,2012,116.0,2599.426,2465.83469449131,12.18487359966074,7.354726175302843,27534915.0,,8.8
Nepal,2013,117.0,2627.4392,2658.02196886933,14.467003999004469,9.370749002456074,27589996.0,,8.1
Nepal,2014,119.0,2657.9595,2901.19752086169,12.879707551840646,11.099193869511096,27672370.0,,7.6
Nepal,2015,121.0,2690.6733,2957.30559145504,14.84848469541813,9.65451840210264,27823629.0,,6.6
Nepal,2016,124.0,2794.7126,2976.12513681451,15.195071908117397,8.763414707777725,27955462.0,,5.7
Nepal,2017,126.0,2846.6904,3604.70825949747,4.162210188725868,1.0871722895505698,28011258.0,,5.1
Nepal,2018,127.0,2854.4285,3956.12461094443,4.518017743246161,1.637732195592595,28079689.0,,5.0
Nepal,2019,128.0,2887.1296,4260.67373190851,10.608131369887053,5.777961181583703,28414064.0,,5.2
Nepal,2020,130.0,2937.8337,4235.57462326905,10.81453486581163,7.62566882882437,28966574.0,,5.6
Nepal,2021,131.0,2992.1357,4546.22970006289,6.5605598028241285,4.149849009863385,29475010.0,,5.7
Nepal,2022,130.0,3012.8118,5102.99231132947,8.068546963187861,6.946664901221072,29715436.0,2.4,5.7
Nepal,2023,129.0,,5395.20820077513,9.540799780963097,6.087801592069956,29694614.0,,
Nepal,2024,,,5736.62134332704,7.790144481691863,4.998398463284846,29651054.0,,
Netherlands,2001,128.0,3207.208,33262.9823809205,8.44786281679486,7.0411558866786,16046180.0,,2.5
Netherlands,2002,127.0,3199.9182,34568.4593268108,7.527926177756194,3.314814488849644,16148929.0,,2.5
Netherlands,2003,126.0,3096.301,34290.7550467807,2.3993632021833022,1.1109188029701125,16225302.0,,2.5
Netherlands,2004,126.0,3157.185,35965.5468021136,-0.4208849960186445,-3.455746501903135,16281779.0,0.3,2.5
Netherlands,2005,126.0,3198.8765,37778.4864360065,0.6407214048409937,-1.2773818679174551,16319868.0,0.1,2.5
Netherlands,2006,127.0,3190.0427,41216.8840677591,3.281807372175982,1.6433843067287086,16346101.0,0.0,2.5
Netherlands,2007,126.0,3219.6982,44205.0449836126,3.4163288940359138,1.0342065156182392,16381696.0,0.0,2.5
Netherlands,2008,126.0,3209.862,46714.3454301392,6.9378817563674255,5.632983615341856,16445593.0,0.2,2.5
Netherlands,2009,126.0,3189.2844,44935.7457496481,4.288714490991485,1.1027321620120294,16530388.0,0.2,2.5
Netherlands,2010,125.0,3193.3538,45306.3078054895,1.3526780844332895,-0.0718324178772757,16615394.0,0.0,2.5
Netherlands,2011,125.0,3196.5195,47004.1370739062,2.97401760790208,2.213285663049867,16693074.0,0.1,2.5
Netherlands,2012,126.0,3211.8357,47653.3401651371,3.633326372937984,2.021868572197113,16754962.0,0.1,2.5
Netherlands,2013,126.0,3215.282,49622.0519614799,3.7849235635213594,2.424212440153347,16804432.0,0.1,2.5
Netherlands,2014,126.0,3229.532,49751.3092860822,0.8351155922191822,-0.0562215385073181,16865008.0,0.1,2.5
Netherlands,2015,126.0,3261.0488,50970.348484391,1.6226567224350008,0.6495651273329562,16939923.0,0.1,2.5
Netherlands,2016,127.0,3241.8206,53162.2791598028,1.5603120624124944,0.9515806514697503,17030314.0,0.1,2.5
Netherlands,2017,127.0,3252.4526,56037.567993606,3.684891943033564,2.6643254540845485,17131296.0,0.2,2.5
Netherlands,2018,130.0,3292.2117,58819.2609142584,2.232980930738071,0.7942097109488252,17231624.0,0.1,2.5
Netherlands,2019,133.0,3433.583,62345.2538465433,4.87407832998179,4.047986752700966,17344874.0,0.1,2.5
Netherlands,2020,135.0,3435.5908,62596.6302027524,3.460753386528115,1.8953588460152733,17441500.0,0.0,2.5
Netherlands,2021,136.0,3462.1265,68573.5648786446,2.5946831755280453,-0.1998507585454547,17533044.0,0.1,2.5
Netherlands,2022,136.0,3468.3887,77152.2237613361,16.798296210843922,10.710086019108246,17700982.0,,2.5
Netherlands,2023,136.0,,78305.2888358968,17.932762941837368,12.062534433254982,17877117.0,,
Netherlands,2024,,,84218.4586435096,3.0404911562637027,1.6768270169991624,17994237.0,,
New Caledonia,2001,119.0,2616.3345,,3.153279991050661,2.6016012957721584,227707.0,,9.3
New Caledonia,2002,119.0,2604.8596,,3.3146786798869066,2.305044600920129,232236.0,,9.6
New Caledonia,2003,118.0,2579.9082,,2.0187541106869267,1.4129483724129477,236678.0,,9.9
New Caledonia,2004,117.0,2571.6687,,2.225122560719739,1.062324406166069,240852.0,,10.2
New Caledonia,2005,117.0,2574.9395,,3.0305537312705244,1.4563323371568997,244381.0,,10.2
New Caledonia,2006,117.0,2596.8645,,4.383070244750198,3.3081216776052504,247547.0,,10.0
New Caledonia,2007,117.0,2609.1492,,2.338768546351377,1.1637175181733943,250725.0,,9.9
New Caledonia,2008,117.0,2612.8606,,4.325184027679785,3.5212130417452063,253825.0,,9.7
New Caledonia,2009,118.0,2649.5078,,4.097880008063704,1.0807038488091374,257250.0,,9.0
New Caledonia,2010,119.0,2778.136,,2.4814144953339667,1.1557121186430404,261582.0,,8.6
New Caledonia,2011,119.0,2748.7993,,6.595201215100111,4.342401904717393,266543.0,,8.5
New Caledonia,2012,119.0,2736.89,,3.519750319538484,1.9799568917789656,271633.0,,8.7
New Caledonia,2013,119.0,2760.735,,3.4249187851322027,1.895312259831457,276822.0,,8.6
New Caledonia,2014,120.0,2770.0286,,2.959086726731508,0.1452620483052743,281224.0,,8.4
New Caledonia,2015,120.0,2776.4482,,3.61175919918566,1.8734893304092743,283168.0,,8.2
New Caledonia,2016,121.0,2807.8567,,3.336685238045023,1.7490015758331623,283423.0,,8.0
New Caledonia,2017,121.0,2817.2366,,2.3354623888940607,1.412237059554298,283546.0,,7.7
New Caledonia,2018,122.0,2838.5322,,2.1929829369659704,-0.1836919311260629,283541.0,,7.1
New Caledonia,2019,124.0,2917.683,,0.63348361670863,-2.8007146241577856,283606.0,,6.6
New Caledonia,2020,126.0,2932.086,,4.676259533032656,2.9964069442336574,284176.0,,6.0
New Caledonia,2021,126.0,2983.8462,,5.88235340504728,3.0595830502555006,285214.0,,5.7
New Caledonia,2022,127.0,2985.466,,11.955593655807473,6.807901368757839,287123.0,,5.6
New Caledonia,2023,128.0,,,9.405940490157704,5.085597386771749,289870.0,,
New Caledonia,2024,,,,7.470816998049878,3.33544577414982,292639.0,,
New Zealand,2001,127.0,3129.2036,22521.0409382492,7.457624415333908,6.31063974390299,3880500.0,,2.5
New Zealand,2002,126.0,3129.5974,23306.2795376277,6.79148258549116,3.5367242625877817,3948500.0,,2.5
New Zealand,2003,126.0,3118.7708,23987.3688944924,-0.1031222430508904,-0.3942223552166224,4027200.0,,2.5
New Zealand,2004,127.0,3153.203,25096.6858778485,0.7253780341873739,0.2931939233632756,4087500.0,,2.5
New Zealand,2005,127.0,3182.2288,25677.4190803252,1.4462875131491693,1.16839861782214,4133900.0,,2.5
New Zealand,2006,128.0,3153.3035,27744.0617198326,4.175145362270816,2.757437914678094,4184600.0,,2.5
New Zealand,2007,128.0,3191.3357,29353.5006283723,4.479064489982987,3.943241681771133,4223800.0,,2.5
New Zealand,2008,128.0,3217.1685,29895.6451662949,10.416664938720157,7.925593834244393,4259800.0,,2.5
New Zealand,2009,128.0,3157.6562,30756.2239617129,10.123448873282094,6.922195920251756,4302600.0,,2.5
New Zealand,2010,129.0,3142.4587,31292.9527570392,4.937245005770086,0.6288799270645425,4350700.0,,2.5
New Zealand,2011,130.0,3258.1272,32738.9884445601,7.795471706978629,5.522468371795777,4384000.0,,2.5
New Zealand,2012,132.0,3229.893,33054.8936751088,1.0587558498662553,-0.5302591299939541,4408100.0,,2.5
New Zealand,2013,131.0,3297.167,36262.704728265,1.1093552684902752,0.2739475997566946,4442100.0,,2.5
New Zealand,2014,131.0,3233.6763,37331.3155732447,1.4128624946135426,-0.2713103869059319,4516500.0,,2.5
New Zealand,2015,129.0,3194.475,37578.02761327,1.1257040309482047,-0.5325611924165964,4609400.0,,2.5
New Zealand,2016,128.0,3154.1338,39988.9250855472,0.2879079885401481,-0.6295490662099676,4714100.0,,2.5
New Zealand,2017,128.0,3126.801,42243.5084459397,3.3238366867937685,2.2409200343911837,4813600.0,,2.5
New Zealand,2018,127.0,3153.9338,42527.2784103301,2.0833335214697657,-0.1000416021400626,4900600.0,,2.5
New Zealand,2019,127.0,3115.5037,45197.5263876332,2.1435234000915404,1.08089901718068,4979200.0,,2.5
New Zealand,2020,126.0,3147.8384,45354.1561628727,4.440333901797255,3.281721525433029,5090200.0,,2.5
New Zealand,2021,126.0,3151.2268,47996.6798818463,4.24187775259437,1.8947005469619016,5111300.0,,2.5
New Zealand,2022,127.0,3180.148,53647.3428142934,12.640692966345911,8.637679477325156,5117100.0,,2.5
New Zealand,2023,129.0,,53854.1996319825,13.833333187640484,10.020227727455156,5245000.0,,
New Zealand,2024,,,55093.5360762134,3.3107602794553603,-0.0900573445175782,5338500.0,,
Nicaragua,2001,102.0,2341.329,2916.55168323761,9.89528846553802,7.760881293421074,5087825.0,26.3,25.9
Nicaragua,2002,104.0,2335.0796,2948.22979847883,5.162006619188975,4.498485613494085,5149909.0,,23.6
Nicaragua,2003,105.0,2366.6309,3046.1086825849,7.919926888875195,6.259919034751878,5210963.0,,23.4
Nicaragua,2004,106.0,2410.6162,3255.48515859924,12.713104831100352,10.509809586106998,5272912.0,,22.5
Nicaragua,2005,107.0,2450.718,3455.99273667007,13.492302983138016,11.912890817730494,5342105.0,16.5,21.8
Nicaragua,2006,108.0,2459.2456,3657.96749691494,13.07218504359373,11.10576958194496,5418855.0,,20.8
Nicaragua,2007,109.0,2515.3892,3891.49984972345,21.76772425037512,13.50959899979968,5497243.0,,20.4
Nicaragua,2008,109.0,2507.4353,4044.37612184283,30.25366428174998,26.06285078715349,5576593.0,,19.9
Nicaragua,2009,110.0,2510.7722,3879.66988190397,15.560762237777602,4.924170088461305,5656601.0,13.9,19.9
Nicaragua,2010,111.0,2539.5664,4042.22071276517,14.176868289110867,7.687883339299268,5737450.0,,19.5
Nicaragua,2011,113.0,2571.6646,4324.71007244238,12.191590428058552,9.139614026112596,5819051.0,,19.0
Nicaragua,2012,113.0,2582.6318,4507.94302866696,12.19823569145877,8.643136640711106,5901287.0,,18.8
Nicaragua,2013,113.0,2571.4712,4710.57243158513,11.57106680219404,9.414266533376775,5983845.0,,19.3
Nicaragua,2014,112.0,2551.6973,5067.74639018687,13.08554939236366,7.853486845483182,6066492.0,6.6,19.8
Nicaragua,2015,113.0,2557.259,5448.89226010317,9.86363440042437,4.873327931760443,6149417.0,,19.3
Nicaragua,2016,114.0,2637.983,5882.36645219746,3.38206225615525,1.5217627481734015,6232666.0,,18.3
Nicaragua,2017,115.0,2667.6812,6225.34702574846,5.670962944805069,0.5987261802453467,6316231.0,,17.6
Nicaragua,2018,116.0,2645.1892,5935.16693631386,6.04491458722729,4.196720554057507,6400080.0,,17.6
Nicaragua,2019,116.0,2681.3406,5981.10876431466,6.128023260894766,4.5776877137464425,6483657.0,,17.8
Nicaragua,2020,118.0,2701.6118,6274.09456741388,6.101968770959076,4.172145141747726,6565267.0,,18.7
Nicaragua,2021,119.0,2750.7341,7119.16923360042,10.342764152355354,6.37194809402866,6644741.0,,19.2
Nicaragua,2022,120.0,2781.3022,7796.69362034144,18.868956641864965,15.7376084261492,6730654.0,,19.6
Nicaragua,2023,,,8319.97944140996,15.736142882185678,11.00498636512811,6823613.0,,
Nicaragua,2024,,,8708.79983051626,,,6916140.0,,
Niger,2001,105.0,2237.9685,809.387186909375,12.027490490341483,7.352371164709577,11920647.0,,23.2
Niger,2002,106.0,2209.5005,832.469364409205,11.26760513061984,4.34384360525876,12349144.0,,22.3
Niger,2003,108.0,2299.125,836.978440593236,-2.531645085772005,-4.866864551242435,12796984.0,,21.0
Niger,2004,110.0,2350.0337,832.125196599523,7.578254425353359,-1.1861744947767343,13265836.0,,19.4
Niger,2005,112.0,2342.3413,888.304262543839,27.858293173406917,15.332308068754308,13756192.0,83.8,19.0
Niger,2006,114.0,2341.2668,935.175329354286,4.874213177139852,-1.8463950486337524,14268581.0,,19.1
Niger,2007,115.0,2360.1562,954.892280110555,7.922272030560262,-0.4689409110324459,14803610.0,82.9,18.4
Niger,2008,117.0,2417.651,1010.43184621169,25.91304396049905,20.459418040187376,15361915.0,,17.7
Niger,2009,118.0,2421.617,998.792501504778,13.336840900135316,8.589553854420364,15943675.0,,16.0
Niger,2010,118.0,2556.166,1057.51100257385,5.83536707384571,2.1029981489173464,16548835.0,,15.9
Niger,2011,118.0,2470.731,1064.41917390361,6.498280603989692,3.4594918269225765,17176283.0,68.8,15.3
Niger,2012,117.0,2513.4888,1161.78908289767,6.4124228796337945,3.20870987099053,17836769.0,,15.6
Niger,2013,118.0,2520.915,1137.76904129571,3.819468372566459,1.8248748778543629,18519898.0,,15.0
Niger,2014,119.0,2520.8218,1161.32515723793,2.483108142903312,-1.2125628482301567,19215909.0,60.3,14.3
Niger,2015,120.0,2586.6902,1172.19178758955,1.7717418498369053,-0.8253982072313907,19939498.0,,13.3
Niger,2016,121.0,2620.922,1188.55709229837,11.216931232080007,2.955703404877305,20685753.0,,12.6
Niger,2017,123.0,2601.0422,1208.14609955266,6.996770197209856,3.516984796653014,21435446.0,,11.8
Niger,2018,123.0,2687.2798,1275.99643935327,11.431623748531797,-0.573583134898815,22188069.0,59.0,11.7
Niger,2019,124.0,2651.6902,1419.16805070193,-2.512563590021355,-4.58958512241222,22947757.0,,11.0
Niger,2020,122.0,2713.0327,1496.83350023022,10.73619652208182,5.105869232003182,23717613.0,,12.0
Niger,2021,123.0,2583.4878,1585.59922021188,9.6491222865404,7.467801437796612,24502140.0,60.5,12.5
Niger,2022,122.0,2724.2576,1839.96909675903,11.483253663730908,7.467883599576621,25311973.0,,13.3
Niger,2023,123.0,,1875.15306770628,12.64559109418486,4.279297734978995,26159867.0,,
Niger,2024,,,2015.02282076047,24.43890266502113,12.828522670323594,27032412.0,,
Nigeria,2001,121.0,2535.3804,2349.44185628576,39.71633935975849,28.35711672367936,129862595.0,,8.8
Nigeria,2002,121.0,2522.1106,2677.28601987647,29.15622078837101,14.639175638180571,133471989.0,,8.8
Nigeria,2003,120.0,2519.5608,2851.04398807213,15.736158937622058,6.472736437310061,137202644.0,51.1,8.5
Nigeria,2004,120.0,2559.7966,3111.1401597167,18.180000769993157,14.472011054262282,141057045.0,,7.8
Nigeria,2005,120.0,2603.691,3322.01419839354,37.97449817849863,22.73781915615497,145017253.0,,7.0
Nigeria,2006,120.0,2619.6697,3533.04684735719,14.5854642791593,5.950036068836897,149077334.0,,6.6
Nigeria,2007,120.0,2612.095,3762.20346362528,8.568549639711653,2.1768719307669,153267261.0,,6.5
Nigeria,2008,119.0,2612.642,3981.65811697837,20.59191242314997,15.836551576258405,157595014.0,,6.7
Nigeria,2009,119.0,2572.5923,4209.21853192942,19.686123912050917,14.809279588504104,162049464.0,,7.9
Nigeria,2010,118.0,2484.2173,4474.60705075023,16.8205814365608,14.900412695235287,166642886.0,38.5,9.2
Nigeria,2011,117.0,2471.2935,4676.40815119281,14.184750666519342,10.248884251946942,171379598.0,,10.4
Nigeria,2012,116.0,2457.5693,4737.10674439825,12.805317555309736,11.189460978174502,176200625.0,37.4,10.9
Nigeria,2013,116.0,2432.9421,4973.78527551768,10.764563703880905,9.512880270779604,181049443.0,,10.8
Nigeria,2014,117.0,2485.5552,5252.15094956758,9.925724261136205,9.447187344077369,185896915.0,,10.7
Nigeria,2015,118.0,2477.8152,5189.45397195461,10.543085243919602,9.852977520924917,190671878.0,35.8,10.5
Nigeria,2016,118.0,2469.604,5022.33326703982,17.23789068894197,14.770249799218812,195443700.0,,10.7
Nigeria,2017,116.0,2469.6953,4996.89472791886,20.246347884132952,19.411584112797403,200254579.0,,11.3
Nigeria,2018,115.0,2450.8,5083.17233102207,18.878005809716992,14.407893090644473,204938755.0,34.2,11.8
Nigeria,2019,114.0,2465.0151,5362.40830757561,14.584064710116618,13.671706424440364,209485641.0,,13.6
Nigeria,2020,114.0,2443.3152,5353.70554899388,19.45190968898567,16.0259192442757,213996181.0,,15.1
Nigeria,2021,114.0,2482.9648,5491.70034068297,22.80660747811112,20.39264524979087,218529286.0,,17.0
Nigeria,2022,113.0,2451.6863,5948.72614706809,24.03202125586268,20.764592957902728,223150896.0,41.8,18.0
Nigeria,2023,111.0,,6207.42137845067,33.71796506442728,27.58755596462601,227882945.0,,
Nigeria,2024,,,6439.81292158502,40.72892408807183,38.966596636280535,232679478.0,,
North Korea,2001,,2028.0239,,,,,,
North Korea,2002,,2118.5762,,,,,,
North Korea,2003,,2130.7202,,,,,,
North Korea,2004,,2149.9795,,,,,,
North Korea,2005,,2127.866,,,,,,
North Korea,2006,,2092.5913,,,,,,
North Korea,2007,,2063.2725,,,,,,
North Korea,2008,,2050.9573,,,,,,
North Korea,2009,,2045.5038,,,,,,
North Korea,2010,,2053.5762,,,,,,
North Korea,2011,,2063.8347,,,,,,
North Korea,2012,,2071.12,,,,,,
North Korea,2013,,2050.3708,,,,,,
North Korea,2014,,2071.9885,,,,,,
North Korea,2015,,2043.1595,,,,,,
North Korea,2016,,2027.6753,,,,,,
North Korea,2017,,2041.0026,,,,,,
North Korea,2018,,1981.1882,,,,,,
North Macedonia,2001,112.0,2629.3447,6051.69101517432,8.067466616631979,6.024821874365661,2034882.0,,7.5
North Macedonia,2002,111.0,2721.3674,6395.19347476289,5.803119178255578,1.3096841905233376,2020157.0,3.0,7.5
North Macedonia,2003,114.0,2740.451,6609.04327819964,0.2640942834126081,-1.7663581439173368,2022725.0,2.8,5.8
North Macedonia,2004,115.0,2871.2002,7230.39504990083,0.262736704799793,-2.884623657251644,2016186.0,1.4,5.4
North Macedonia,2005,116.0,2780.2542,7972.3107703441,0.7240196085868345,-1.158855158293825,2005330.0,3.1,5.0
North Macedonia,2006,118.0,2833.4517,8890.33979540059,3.4515651024940475,2.067924001501951,1994287.0,4.6,4.4
North Macedonia,2007,120.0,3038.777,9639.00548759835,12.142277626406672,3.743112779065429,1982933.0,,3.6
North Macedonia,2008,121.0,3000.2554,10924.3276713102,20.18868902593029,15.014330053011603,1971493.0,1.4,2.9
North Macedonia,2009,120.0,3055.7576,11526.1244817859,2.5371367294749536,-1.2075490842323242,1958782.0,12.1,3.3
North Macedonia,2010,119.0,3037.1155,11993.5315145202,3.8516507007984258,0.1875830104611472,1946298.0,12.8,3.6
North Macedonia,2011,118.0,3008.5488,12420.8316718237,9.139158564070147,6.157284397385401,1937398.0,10.9,4.0
North Macedonia,2012,118.0,3052.5645,12725.9258313986,5.523469151417526,2.321554339830931,1929821.0,9.1,4.0
North Macedonia,2013,118.0,3103.2722,13662.8105827007,5.842859803220768,3.442412600823449,1922716.0,7.4,4.0
North Macedonia,2014,119.0,3084.9998,14485.1242608763,0.9944855053767075,-0.9531043944752358,1917557.0,6.4,3.9
North Macedonia,2015,119.0,3171.6912,15038.1859543119,1.3110634066913152,0.0693469889474561,1912430.0,7.0,3.8
North Macedonia,2016,120.0,3226.1096,16457.1942386203,-0.656770223519243,-1.2995869753574807,1906313.0,5.7,3.5
North Macedonia,2017,121.0,3248.3896,17160.8894355187,2.047026979206934,0.2575127034364309,1898657.0,5.6,3.2
North Macedonia,2018,122.0,3336.7234,18460.1193633742,2.2779885779155684,0.8256111604813321,1889051.0,4.3,2.9
North Macedonia,2019,124.0,3434.2502,20222.1972028646,3.1984861270430542,1.619308746356472,1876262.0,3.9,3.1
North Macedonia,2020,126.0,3523.3389,19962.1686066623,5.503523488601947,2.4217458399419245,1856124.0,,3.0
North Macedonia,2021,127.0,3569.8604,22144.2461882858,6.867990380208311,3.1241205745412355,1837114.0,,3.1
North Macedonia,2022,128.0,3581.5764,24067.4939774976,31.214969265145687,20.71967669222344,1831712.0,,2.5
North Macedonia,2023,129.0,,24390.4603774085,25.248696825724547,12.383038273228811,1827816.0,,
North Macedonia,2024,,,26587.1518048423,5.719453816196474,2.893142587595717,1792179.0,,
Northern Mariana Islands,2001,,,,,,67984.0,,
Northern Mariana Islands,2002,,,,,,66778.0,,
Northern Mariana Islands,2003,,,,,,65421.0,,
Northern Mariana Islands,2004,,,,,,63938.0,,
Northern Mariana Islands,2005,,,,,,62354.0,,
Northern Mariana Islands,2006,,,,,,60682.0,,
Northern Mariana Islands,2007,,,,,,58941.0,,
Northern Mariana Islands,2008,,,,,,57150.0,,
Northern Mariana Islands,2009,,,,,,55325.0,,
Northern Mariana Islands,2010,,,,,,54091.0,,
Northern Mariana Islands,2011,,,,,,53608.0,,
Northern Mariana Islands,2012,,,,,,53234.0,,
Northern Mariana Islands,2013,,,,,,52758.0,,
Northern Mariana Islands,2014,,,,,,52178.0,,
Northern Mariana Islands,2015,,,,,,51514.0,,
Northern Mariana Islands,2016,,,,,,50773.0,,
Northern Mariana Islands,2017,,,,,,49959.0,,
Northern Mariana Islands,2018,,,,,,49077.0,,
Northern Mariana Islands,2019,,,,,,48129.0,,
Northern Mariana Islands,2020,,,,,,47528.0,,
Northern Mariana Islands,2021,,,,,,46979.0,,
Northern Mariana Islands,2022,,,,,,46078.0,,
Northern Mariana Islands,2023,,,,,,45143.0,,
Northern Mariana Islands,2024,,,,,,44278.0,,
Norway,2001,135.0,3419.0222,37833.4804107324,3.0927835051546504,-1.888366909661862,4513751.0,,2.5
Norway,2002,135.0,3458.2256,38056.2404278106,3.643724696356277,-1.5161644310060889,4538159.0,,2.5
Norway,2003,136.0,3433.4868,38684.7096825099,3.937007874015741,3.3579811969917386,4564855.0,0.2,2.5
Norway,2004,137.0,3474.1687,42672.9375348936,2.983138780804162,1.81762646998766,4591910.0,0.3,2.5
Norway,2005,137.0,3520.67,47966.8640112608,2.261306532663321,1.6014601564309376,4623291.0,0.2,2.5
Norway,2006,137.0,3452.2947,54369.1766461345,2.339901477832496,1.3927529836732806,4660677.0,0.2,2.5
Norway,2007,137.0,3472.8147,56181.3045666857,4.004854368932032,2.7038530646319283,4709153.0,0.2,2.5
Norway,2008,137.0,3485.2236,62072.7539854909,5.667060212514752,4.202677627814023,4768212.0,0.2,2.5
Norway,2009,138.0,3476.3015,55618.6337641836,5.694760820045564,4.1888722102337725,4828726.0,0.1,2.5
Norway,2010,139.0,3569.7336,58219.6143463523,2.460850111856816,0.2161619233882999,4889252.0,0.2,2.5
Norway,2011,141.0,3561.425,62460.0908157002,1.1879049676025932,-0.0908725013706895,4953088.0,0.1,2.5
Norway,2012,140.0,3579.553,65774.3520746224,2.1810250817884347,1.214575205504547,5018573.0,0.1,2.5
Norway,2013,140.0,3562.3213,67377.9262258772,2.9001074113856,1.0582944957161249,5079623.0,0.2,2.5
Norway,2014,138.0,3518.6982,66332.4614374198,5.206073752711493,3.10084878736084,5137232.0,0.1,2.5
Norway,2015,136.0,3458.9485,60754.1816916377,4.136504653567741,2.8863184059227147,5188607.0,0.2,2.5
Norway,2016,135.0,3418.2021,59280.1992028829,3.975535168195732,2.570909045685312,5234519.0,0.3,2.5
Norway,2017,135.0,3417.8877,64589.5559196863,3.030303030303028,0.029476193840038,5276968.0,0.3,2.5
Norway,2018,136.0,3487.2532,70253.8463693386,4.296875,2.537507455480498,5311916.0,0.3,2.5
Norway,2019,138.0,3533.8113,70939.605518036,2.895752895752901,1.0652327429737476,5347896.0,0.2,2.5
Norway,2020,138.0,3533.181,67110.6045705502,4.671115347950416,3.2659213480114544,5379475.0,0.3,2.5
Norway,2021,137.0,3507.6538,88984.1386736515,0.7483629560336658,-2.016025124251545,5408320.0,0.2,2.5
Norway,2022,137.0,3490.115,123150.172908009,13.055818353831604,6.541326636577999,5457127.0,0.3,2.5
Norway,2023,136.0,,100437.326744584,13.446126447016926,9.822403893921948,5519594.0,0.2,
Norway,2024,,,101031.587516818,8.677337826453236,5.305982383290179,5572272.0,,
Oman,2001,107.0,2601.2537,41679.0150905058,1.6033168437640244,-0.6616241256224528,2310217.0,,13.3
Oman,2002,109.0,2593.254,41511.028525808,1.7294007925335642,0.1662992100666671,2337140.0,,12.1
Oman,2003,110.0,2659.0474,40934.6957158245,2.2289773497414345,1.1162118442947493,2363796.0,,11.8
Oman,2004,112.0,2729.556,42141.6368965156,5.994007289113212,1.3004048756007185,2404821.0,,10.7
Oman,2005,115.0,2786.72,43672.5203183067,5.80580689896133,4.44780266669932,2459802.0,,10.2
Oman,2006,119.0,2812.2542,46091.1822351846,10.540787654654826,6.251902961713714,2514795.0,,10.0
Oman,2007,122.0,2832.8071,48626.9220419854,14.099216832558747,10.98625746873244,2570174.0,,10.0
Oman,2008,125.0,2907.5315,52841.1889523143,25.18218590337216,22.616178498563823,2626529.0,,9.7
Oman,2009,129.0,3001.5806,55127.4677721764,12.89899319494394,0.348206960863497,2684659.0,,7.5
Oman,2010,129.0,3319.2366,55667.4687778644,4.786677872817213,1.780909711826277,2757446.0,,6.3
Oman,2011,126.0,3187.7212,52393.3135820293,6.31555913726527,4.63026796564676,3076763.0,,5.6
Oman,2012,123.0,3026.7249,49989.4425093994,3.566738132046421,2.1669505851861186,3547106.0,,6.6
Oman,2013,122.0,3028.952,47013.4730934385,4.278013680246273,2.769550573111873,3833913.0,,6.8
Oman,2014,122.0,3061.6526,44235.8336329334,3.834808403943191,1.741719508221931,4002439.0,,6.8
Oman,2015,121.0,3055.1157,36058.1666084788,1.0496188171777776,-0.8129997147874435,4184895.0,,7.2
Oman,2016,121.0,2992.0613,33333.8635893722,0.0965258703233828,-1.1677629266917613,4390877.0,,7.2
Oman,2017,121.0,3062.5527,33619.4988982607,1.8357484777004496,0.5916072035261011,4537396.0,,7.0
Oman,2018,123.0,3077.6553,37780.3308327271,1.2871287667413966,-0.7264270201127752,4597877.0,,6.3
Oman,2019,125.0,3091.559,37250.6110788359,2.606593459453932,1.3601659871123255,4591241.0,,5.8
Oman,2020,125.0,3099.7275,35163.3281781415,3.589231637145196,1.1448484222552355,4522497.0,,5.7
Oman,2021,125.0,3045.7732,38719.4587682049,3.219512003147051,0.4972327888708984,4500424.0,,5.7
Oman,2022,125.0,2964.2441,42616.3348955868,5.463414158550206,4.489670716515988,4730226.0,,5.7
Oman,2023,124.0,,41851.1879601007,5.428571469940247,3.256162080940756,5049269.0,,
Oman,2024,,,41664.1794999015,4.476275257685813,2.7991173022077747,5281538.0,,
Pakistan,2001,108.0,2131.7979,2643.76627507187,5.8596190713593455,3.9674945135438993,159270907.0,56.2,20.7
Pakistan,2002,105.0,2068.0964,2687.82993619927,5.30449236830508,4.115524970610394,163222549.0,,21.3
Pakistan,2003,105.0,2108.7578,2821.73137023045,8.31707918712552,3.8187448559974633,167110248.0,,20.4
Pakistan,2004,106.0,2119.574,3048.35709122876,13.718601158976028,10.539505994579434,171286000.0,40.9,18.5
Pakistan,2005,106.0,2123.9485,3292.60223269538,15.699999525640296,9.94999979447398,175453212.0,40.8,17.0
Pakistan,2006,106.0,2132.1875,3514.81365241137,12.700000924126533,8.475000212478394,179682690.0,,15.8
Pakistan,2007,107.0,2150.2456,3672.18527458861,14.699998396081227,10.774999633423583,184493231.0,34.9,15.2
Pakistan,2008,107.0,2134.5398,3721.33293561622,34.0999994529686,27.383333626857763,189499113.0,,15.2
Pakistan,2009,106.0,2125.5566,3777.09098629051,22.899999258604065,13.892458999478938,194376534.0,,15.2
Pakistan,2010,106.0,2316.6196,3785.70113530595,21.82744869610893,16.911593709320297,199239047.0,26.7,14.9
Pakistan,2011,106.0,2326.2458,3879.5977693449,20.655783865712586,14.80599534153648,203746065.0,25.9,14.5
Pakistan,2012,106.0,2316.4854,4046.59848766311,11.243058023169072,8.553406598381326,207667125.0,,14.4
Pakistan,2013,106.0,2306.8447,4173.93858568758,12.99004359887894,8.144310280853198,211073978.0,21.2,13.6
Pakistan,2014,107.0,2363.3025,4312.99070040776,9.528388712576374,5.861739302499081,214264647.0,,12.9
Pakistan,2015,108.0,2350.4595,4480.26313460985,2.405594316313086,0.568708283837822,217290883.0,16.9,11.8
Pakistan,2016,110.0,2388.3596,4630.7315068374,3.913359534433014,2.453552685855685,220138869.0,,11.2
Pakistan,2017,110.0,2409.3044,4789.53646557553,5.161463567143398,3.2936698305478203,223273967.0,,10.6
Pakistan,2018,111.0,2404.5964,4979.3734961655,5.100470161167703,2.20983126814876,226928892.0,16.5,10.8
Pakistan,2019,111.0,2370.1697,5037.53401559745,19.75428499480585,10.621978172127076,230800899.0,,12.8
Pakistan,2020,114.0,2402.0415,5048.0213062963,23.364694327140366,15.540388876186926,235001746.0,,15.8
Pakistan,2021,113.0,2390.2817,5367.27364714762,15.914036941343324,10.561851863952633,239477801.0,,18.9
Pakistan,2022,113.0,2364.0386,5920.27430654107,36.237666800120216,24.66445049572774,243700667.0,,20.7
Pakistan,2023,112.0,,6036.64192512134,48.65269660303786,38.73180290058117,247504495.0,,
Pakistan,2024,,,6286.9799268998,24.96038224082058,6.26724796382054,251269164.0,,
Palau,2001,,,10998.8244124191,3.6857750481525287,1.477647882631487,19352.0,,
Palau,2002,,,11639.2179003237,0.2060170014065887,-1.0690034488913176,19503.0,,
Palau,2003,,,11395.2932038872,6.353240353418821,-0.0137506726276862,19659.0,,
Palau,2004,,,12063.8577042158,10.074627217254315,7.372408381530981,19820.0,,
Palau,2005,,,12867.5331836949,3.8476784743906034,-0.7892162197046849,19819.0,,
Palau,2006,,,13400.7476548118,1.0638300083781749,-1.588205201316579,19593.0,,
Palau,2007,,,14216.3750779267,6.996380414457226,4.922612267206986,19302.0,,
Palau,2008,,,13905.2694188838,24.7787605189876,15.755104535796988,19009.0,,
Palau,2009,,,13183.2629784594,22.491851034244025,11.435471498795703,18709.0,,
Palau,2010,,,13448.9332812883,2.930728851871734,2.1418784008953806,18396.0,,
Palau,2011,,,14682.76677841,10.75174809049708,3.8569379589385817,18078.0,,
Palau,2012,,,15410.4613848957,10.304789532974644,5.4211947479446,17765.0,,
Palau,2013,,,15297.6192607139,4.841269397327119,3.0035143109815974,17648.0,,
Palau,2014,,,16244.7775187552,3.8138826315914582,1.344975316682782,17715.0,,
Palau,2015,,,17685.0596076711,5.797101269818628,2.214576699275708,17770.0,,
Palau,2016,,,17747.6068961191,-0.0754144566170067,-3.2332024495594216,17797.0,,
Palau,2017,,,17461.7777569927,3.627238454701587,2.4070792470063647,17812.0,,
Palau,2018,,,17879.4498305986,6.660039954385866,4.080282788447772,17814.0,,
Palau,2019,,,18227.2670225988,3.3849132701657902,0.7248674006701723,17798.0,,
Palau,2020,,,17367.2676432665,4.356060576721998,2.2436978111861365,17792.0,,
Palau,2021,,,15663.1715850087,12.476722853449829,3.225593464730062,17783.0,,
Palau,2022,,,16581.0217875971,14.862385951006573,13.782905241534218,17759.0,,
Palau,2023,,,17531.6926506844,20.55016233698017,16.97420307925094,17727.0,,
Palau,2024,,,,6.166348030547275,-0.0149472319650234,17695.0,,
Palestine,2001,,,,1.908649924320116,-0.459556908014667,,,
Palestine,2002,,,,5.230231007011277,2.6050287008412583,,,
Palestine,2003,,,,9.381486368921887,4.662904916105913,,,
Palestine,2004,,,,6.143264208537724,2.169411653634729,,,
Palestine,2005,,,,8.218893938902806,3.925126342910716,,,
Palestine,2006,,,,9.22191651625619,6.108942212286741,,,
Palestine,2007,,,,8.616166877155141,4.442205050522303,,,
Palestine,2008,,,,21.48222017005037,17.313381154361117,,,
Palestine,2009,,,,10.329212678204811,3.687658946979152,,,
Palestine,2010,,,,5.4336807502446405,3.3995533878187487,,,
Palestine,2011,,,,4.465548907219419,2.426121689265038,,,
Palestine,2012,,,,4.463831418723752,2.1281354492887323,,,
Palestine,2013,,,,3.342261167269722,0.8140033778416388,,,
Palestine,2014,,,,2.786502309031702,0.378488147106836,,,
Palestine,2015,,,,5.886500677910278,1.9399082135979957,,,
Palestine,2016,,,,2.7244302852332813,-1.4567550209145077,,,
Palestine,2017,,,,2.842835238082153,-0.9560676702380764,,,
Palestine,2018,,,,3.1175415742462853,-0.6557012302021779,,,
Palestine,2019,,,,6.788133343564584,3.332880355123422,,,
Palestine,2020,,,,0.7206222301773257,-2.4502435081955625,,,
Palestine,2021,,,,5.102087561992907,0.9011532690803356,,,
Palestine,2022,,,,9.66946456269484,6.753029797047628,,,
Palestine,2023,,,,24.67446208289312,6.330443730984482,,,
Palestine,2024,,,,121.01135491907615,57.88528854991066,,,
Panama,2001,100.0,2300.294,8197.15763038559,1.159583241495321,0.4038772882888259,3069537.0,20.8,23.6
Panama,2002,103.0,2382.477,8370.30337146606,2.074828046551813,1.163867069510203,3129344.0,17.2,19.7
Panama,2003,105.0,2402.9512,8800.56664138723,0.7980079357972736,0.2337123706547104,3189807.0,16.8,20.1
Panama,2004,107.0,2285.878,9591.6028829944,2.1089030092847905,0.6242917814972068,3251155.0,15.5,20.3
Panama,2005,109.0,2371.3213,10511.0220314006,3.863530105315083,2.853449715818648,3313026.0,14.5,20.6
Panama,2006,110.0,2384.5352,11684.5550275515,2.87907993332559,1.314092319305045,3375024.0,15.7,17.7
Panama,2007,112.0,2503.3716,13332.866106208,10.4243558057314,6.703451456103739,3437490.0,13.0,15.4
Panama,2008,114.0,2560.733,14705.3714511497,15.60102231593654,14.9142679295723,3500648.0,9.0,13.4
Panama,2009,116.0,2556.493,14765.7380217055,12.641815403215318,5.906854510236228,3564381.0,6.6,11.5
Panama,2010,118.0,2685.546,15572.5787194419,5.096911951867544,2.872869919879669,3628535.0,7.7,9.8
Panama,2011,120.0,2750.3918,17473.7651401424,7.793103359444631,5.904269878572471,3693505.0,6.1,7.9
Panama,2012,121.0,2793.376,19473.2514820186,9.54274362547496,8.08401014270815,3759256.0,7.4,7.2
Panama,2013,122.0,2790.3452,21923.6750939531,7.1428570625456045,5.762815934347494,3825329.0,5.9,7.1
Panama,2014,122.0,2790.205,24376.0808685086,5.102639183602431,3.281600955912125,3892101.0,6.4,7.1
Panama,2015,122.0,2799.4543,27245.2788533669,0.6893349660130665,-0.7752882335261336,3960035.0,4.8,7.0
Panama,2016,123.0,2836.3164,30276.7088405833,2.4950091939170305,1.4701822973636498,4029086.0,4.8,6.6
Panama,2017,127.0,2876.7131,33533.3260079329,0.684931493286256,-0.5346803265306029,4098707.0,4.3,5.8
Panama,2018,130.0,3041.0916,32463.540359127,0.7349111312741075,-0.6337734310502173,4167860.0,3.7,5.0
Panama,2019,131.0,3052.4363,33239.733231164,1.0130558376257426,0.4913210896332944,4234700.0,2.9,4.4
Panama,2020,131.0,3025.0945,27017.0033688951,0.2230316150783284,-0.6652510361744569,4293261.0,,4.7
Panama,2021,131.0,3056.3762,30932.7627780516,2.5572407672867614,1.639061162897944,4345405.0,3.3,5.1
Panama,2022,131.0,3066.9197,36245.145655104,5.185091865882918,3.892279603271896,4400773.0,,5.6
Panama,2023,132.0,,39803.3189532897,5.318039141494024,3.425310226274009,4458759.0,3.7,
Panama,2024,,,41404.7624346218,1.488957533238611,0.588147860566012,4515577.0,3.1,
Papua New Guinea,2001,98.0,,2167.75888613606,4.726739434333749,4.186141470154619,5728435.0,,26.6
Papua New Guinea,2002,97.0,,2125.38720131644,6.6918330574119,5.179443602834275,5924003.0,,27.3
Papua New Guinea,2003,96.0,,2141.94088709085,9.201534383440425,6.956626279773345,6123997.0,,28.0
Papua New Guinea,2004,96.0,,2186.54008155669,2.9963959745893387,1.2322456040852598,6328041.0,,28.9
Papua New Guinea,2005,97.0,,2321.90916249433,2.1860691800503096,0.7345870923685762,6535905.0,,27.8
Papua New Guinea,2006,97.0,,2443.80225242341,2.4353506880764986,1.33241897548791,6747720.0,,27.8
Papua New Guinea,2007,97.0,,2622.37468728077,1.5070108038379717,0.2637296826495596,6963345.0,,27.1
Papua New Guinea,2008,97.0,,2583.48094331882,6.11577783820052,4.596962741902311,7183002.0,,27.5
Papua New Guinea,2009,97.0,,2692.43509261969,4.9590816355709055,3.412189833713643,7406438.0,52.2,28.4
Papua New Guinea,2010,97.0,2110.4143,2911.8920318969,8.761206587794268,6.761740931749358,7633523.0,,29.2
Papua New Guinea,2011,97.0,2139.693,2918.54391777544,6.536389845923618,0.550466455894244,7859346.0,,29.1
Papua New Guinea,2012,98.0,2173.5776,3025.85599590795,0.1939855961947678,-0.9749187535939962,8081390.0,,27.6
Papua New Guinea,2013,99.0,2189.963,3109.89537238113,0.8130079608013485,-1.930281386596591,8302698.0,,26.3
Papua New Guinea,2014,99.0,2213.5547,3499.5484675555,6.1491929577543125,4.447514679726309,8523441.0,,26.5
Papua New Guinea,2015,99.0,2173.0432,3669.73871592695,6.26780628822905,4.846831741588237,8743246.0,,26.8
Papua New Guinea,2016,99.0,2188.8557,3812.71035100798,6.355140433682194,5.38084153283329,8961718.0,,27.2
Papua New Guinea,2017,99.0,2197.5696,3923.17197680467,3.852889348091337,2.9656283954533627,9178714.0,,27.3
Papua New Guinea,2018,98.0,2178.6038,3909.91572975538,2.7263031372628976,0.6722391289931194,9394513.0,,27.5
Papua New Guinea,2019,98.0,2180.0125,4059.82860207487,3.4280429288101377,3.043692531813628,9609010.0,,27.3
Papua New Guinea,2020,98.0,2213.969,3899.57719236851,2.8774468790739194,2.2915927157348768,9815746.0,,27.4
Papua New Guinea,2021,98.0,2175.6538,3976.90380116956,5.602286287862768,4.055755811285059,10012896.0,,27.0
Papua New Guinea,2022,97.0,2209.8362,4419.61926962803,9.478827135102442,6.869146990527729,10203169.0,,27.7
Papua New Guinea,2023,97.0,,4667.83567092991,9.207640969682297,7.334352365574257,10389635.0,,
Papua New Guinea,2024,,,4888.55483136173,5.095082887924729,4.609389398781397,10576502.0,,
Paraguay,2001,116.0,2779.0867,6916.49330750418,4.155125725109343,-2.7337233617784045,5187689.0,13.5,9.9
Paraguay,2002,117.0,2836.6777,6924.18334927903,23.796328705392657,15.915466612536186,5261328.0,19.6,8.7
Paraguay,2003,117.0,2914.373,7275.93316009267,34.70069059257295,24.366579290604676,5326436.0,13.8,8.2
Paraguay,2004,118.0,2859.8481,7685.65814790262,13.125497660317633,7.203991684195909,5388175.0,10.7,7.5
Paraguay,2005,118.0,2812.1511,8006.70978167614,17.83905658409153,9.104687524719944,5448097.0,10.1,7.0
Paraguay,2006,121.0,2863.742,8560.73925135787,28.082235781722662,15.598733191681411,5505148.0,14.1,5.6
Paraguay,2007,123.0,2833.6768,9178.94421589366,26.87349814779911,17.527426537784574,5559386.0,12.6,4.3
Paraguay,2008,125.0,2816.0762,9867.39695343904,24.396561846118004,16.21106639730093,5613574.0,7.9,3.4
Paraguay,2009,128.0,2829.2239,9801.64933107411,5.461393748179533,0.6376609168149611,5671236.0,9.1,2.7
Paraguay,2010,130.0,3080.4202,10893.3149199543,13.051823784767391,8.545808438109775,5737971.0,9.4,2.5
Paraguay,2011,131.0,3122.53,11441.7636772278,19.22739242458855,13.435901859557424,5814626.0,8.9,2.5
Paraguay,2012,131.0,3060.0212,10954.3251570163,2.012383946721896,-1.8494661986325769,5897008.0,6.4,2.5
Paraguay,2013,131.0,3122.524,12137.0081947596,9.389670427264353,3.278466305425704,5982445.0,4.1,2.5
Paraguay,2014,132.0,3136.7341,12607.0721636639,11.33231153381169,6.524748144469243,6069811.0,4.3,2.5
Paraguay,2015,131.0,3096.1138,12679.0574753215,5.266854611852812,2.934063822518551,6159103.0,4.2,2.5
Paraguay,2016,131.0,3069.4773,13329.1373366322,9.427375105278823,5.86379300511382,6249126.0,4.2,2.6
Paraguay,2017,131.0,3103.4253,13977.3427788651,9.27021670327175,5.787211631600781,6338660.0,2.4,2.6
Paraguay,2018,131.0,3111.862,14139.0931267561,7.731117784554953,3.9248999259949753,6427382.0,3.1,2.7
Paraguay,2019,131.0,3103.7358,14149.5985227505,3.621730545010071,1.1696853504893634,6515058.0,2.4,3.1
Paraguay,2020,131.0,3115.617,14308.8787738328,3.359684036615574,1.2047996475014249,6603739.0,2.6,3.4
Paraguay,2021,131.0,3098.446,15406.1670646579,14.746094567988187,9.211276219408306,6684182.0,1.9,3.9
Paraguay,2022,129.0,3065.1274,16347.0434974739,19.793620861871972,15.080874743854642,6760464.0,3.2,4.5
Paraguay,2023,127.0,,17564.4912369379,7.723577035110796,5.974211314658842,6844146.0,2.4,
Paraguay,2024,,,18523.6810153005,9.934258704736166,7.835638191885574,6929153.0,2.1,
Peru,2001,103.0,2270.9688,5086.42247806779,4.605048971992853,2.446384992884417,26964601.0,27.4,20.3
Peru,2002,102.0,2289.194,5382.56641273977,0.8390108311251199,-0.2532373055931486,27288217.0,24.4,21.7
Peru,2003,101.0,2236.0845,5656.85816117967,2.453136423275093,0.763764645888477,27580490.0,22.5,22.0
Peru,2004,102.0,2259.0535,6037.52025106396,7.9778014641630035,5.593699441187513,27852190.0,23.5,20.6
Peru,2005,105.0,2375.594,6559.54330021754,3.3910166618387416,0.9509075331120748,28101180.0,25.4,17.7
Peru,2006,107.0,2407.79,7213.59606031591,3.834985586050288,2.4343701919716465,28324491.0,21.8,14.8
Peru,2007,109.0,2443.5151,7982.05008377224,6.025158019534094,2.513367011419191,28530699.0,18.9,12.8
Peru,2008,111.0,2516.82,8820.13901056849,10.289778593649324,9.135091975218494,28719041.0,15.8,10.8
Peru,2009,113.0,2565.2964,8916.59577535359,10.08283044052054,4.304691693137876,28896811.0,13.7,9.3
Peru,2010,114.0,2592.4116,9713.35863309362,3.9633806552481934,2.1595963539550014,29086019.0,11.2,8.5
Peru,2011,115.0,2605.7793,10462.5770434663,7.968608957923839,4.873579982623068,29304086.0,10.3,7.8
Peru,2012,116.0,2671.3691,10757.1522234351,7.356370505295007,5.2502230495039255,29550366.0,9.5,6.8
Peru,2013,118.0,2702.1614,11290.5547403874,3.2936262209582123,1.9552080042682516,29817919.0,8.6,5.7
Peru,2014,119.0,2737.0217,11517.7371710247,4.448156357723443,3.187044891214693,30115826.0,8.0,5.4
Peru,2015,120.0,2763.741,11600.3873992867,5.129102939424679,4.4123917532193895,30457600.0,8.0,5.8
Peru,2016,120.0,2757.1624,12066.5460683317,5.275130581820897,3.592391323639251,30866494.0,7.5,6.4
Peru,2017,120.0,2767.563,12591.8562879234,6.379894854462997,3.016108714251939,31324637.0,7.3,6.6
Peru,2018,121.0,2793.5847,13078.2323503405,2.368312358580371,-1.575372164970602,31897584.0,6.1,6.2
Peru,2019,122.0,2836.5437,13563.5372933551,3.200459535012068,1.6106596538308149,32449303.0,5.4,6.5
Peru,2020,122.0,2863.228,12563.3038060893,3.044641140283644,1.900520319618108,32838579.0,10.3,6.7
Peru,2021,123.0,2847.989,15280.5512106486,10.328331243298171,5.99680046644171,33155882.0,5.2,7.1
Peru,2022,122.0,2853.6084,16669.1561486769,15.223495209090563,13.018873253501155,33475438.0,4.8,7.0
Peru,2023,122.0,,17011.2278028825,16.998938195483284,11.639832601516355,33845617.0,5.9,
Peru,2024,,,17802.4182498972,2.449366235660988,0.0559590869476452,34217848.0,5.1,
Philippines,2001,109.0,2311.6794,3468.898883231,4.865556802943449,3.613759331701039,81401488.0,,18.8
Philippines,2002,109.0,2332.0754,3580.38245474744,2.6763979443149566,1.9966997799606037,83068889.0,,18.6
Philippines,2003,109.0,2330.9841,3761.49624595071,1.92539015037656,0.9982191473234092,84731835.0,24.3,17.3
Philippines,2004,109.0,2399.371,4037.17193792289,8.440797674093936,6.034824507609696,86394504.0,,16.2
Philippines,2005,109.0,2410.3528,4289.05223691996,7.870369697817203,6.356638032891532,88015962.0,,14.6
Philippines,2006,109.0,2453.8389,4578.70630898161,6.115880541897312,5.169804205057045,89508986.0,26.1,13.4
Philippines,2007,109.0,2507.9426,4923.19718572577,5.4133859903961135,3.703271796413522,91075184.0,,12.2
Philippines,2008,109.0,2518.1292,5144.3357818823,17.294685138330124,12.930978078929307,92699095.0,,11.3
Philippines,2009,109.0,2526.313,5157.2782508844,11.737943064194866,6.404638293955663,94384250.0,22.0,12.2
Philippines,2010,109.0,2411.137,5489.23543457601,5.008210200469776,3.984467777703133,96337125.0,,13.1
Philippines,2011,110.0,2418.9343,5705.43591174904,6.323183940871324,5.4836044430158895,98248614.0,,13.6
Philippines,2012,110.0,2449.5674,6094.26837338658,3.937148384951472,2.676167044529258,100175512.0,21.3,12.9
Philippines,2013,111.0,2444.1272,6372.83382112545,4.150197706147862,2.540980386049766,102076336.0,,12.1
Philippines,2014,111.0,2463.2266,6688.73961232553,7.512195805635802,5.770244019176231,103767130.0,,11.4
Philippines,2015,113.0,2510.828,6894.26702217935,4.524033392306914,1.913771684422692,105312992.0,14.6,10.0
Philippines,2016,116.0,2592.2937,7382.66758431792,2.3339316687413625,1.5823200916258884,106735719.0,,8.6
Philippines,2017,119.0,2636.4248,7773.79853599024,3.505696669801384,3.05030547766761,108119693.0,,7.1
Philippines,2018,121.0,2728.61,8357.74357934219,9.716251320728444,6.841128827525981,109465287.0,8.3,6.0
Philippines,2019,123.0,2801.0732,8924.10116402887,5.592654300074118,2.106952226818176,110804683.0,,5.6
Philippines,2020,124.0,2793.9622,8238.36802037457,4.758190735074752,2.7320373948924463,112081264.0,,5.8
Philippines,2021,126.0,2834.8713,8857.78995115514,6.682206923720324,5.21918942101597,113100950.0,8.1,6.0
Philippines,2022,128.0,2888.6726,10131.346369794,8.229887854288066,4.503114672405843,113964338.0,,5.9
Philippines,2023,131.0,,10985.8292627505,10.75555510689008,7.925526066083446,114891199.0,5.3,
Philippines,2024,,,11794.1375488492,6.3621535143616015,4.420876806766938,115843670.0,,
Poland,2001,133.0,3427.05,11176.4715964063,7.939698285083074,4.683870051298104,38248076.0,0.4,2.5
Poland,2002,133.0,3433.6277,11841.2684087721,2.7026999114877936,-0.6578244372812061,38230364.0,0.3,2.5
Poland,2003,132.0,3425.1616,12330.4727101729,1.956961503479726,-1.191062275512858,38204570.0,0.2,2.5
Poland,2004,132.0,3385.086,13414.8573934429,8.908904165716391,5.988050552780725,38182222.0,2.8,2.5
Poland,2005,131.0,3377.215,13935.5573148214,6.781284914604169,2.225803361971721,38165445.0,1.4,2.5
Poland,2006,130.0,3363.8179,15208.126622577,2.067224668407719,0.6386691372983043,38141267.0,0.9,2.5
Poland,2007,130.0,3378.9158,16833.8522564382,7.532211265258315,4.685541704882923,38120560.0,0.6,2.5
Poland,2008,130.0,3363.0928,18372.37645483,7.549019951869074,5.673503470556256,38125759.0,0.3,2.5
Poland,2009,131.0,3435.2551,19290.1204717828,6.210621225414492,4.65515825046922,38151603.0,0.6,2.5
Poland,2010,133.0,3414.6104,20993.2495602577,4.969486079211438,2.792951986841691,38042794.0,0.6,2.5
Poland,2011,134.0,3434.1736,22808.5055268899,7.949791188588229,5.160392575233117,38063255.0,0.6,2.5
Poland,2012,133.0,3409.9812,23728.1456821435,5.057096643408188,4.1672469484273424,38063164.0,0.4,2.5
Poland,2013,133.0,3354.7769,24433.8914344877,3.585346913984111,1.8421868347660535,38040196.0,0.6,2.5
Poland,2014,132.0,3373.073,25459.7392273761,1.432880323605712,-0.9578735096301908,38011735.0,0.6,2.5
Poland,2015,133.0,3330.0857,26995.3408713745,0.3108008857398259,-1.6482358682563925,37986412.0,0.5,2.5
Poland,2016,134.0,3405.2998,28359.6927346266,2.4883354893725063,0.9298930254866444,37970087.0,0.4,2.5
Poland,2017,136.0,3453.0283,30170.2818974087,6.144393696984896,4.314887974424381,37974826.0,0.4,2.5
Poland,2018,138.0,3489.953,32345.1066076225,4.769000655172184,2.5945547145196257,37974750.0,0.3,2.5
Poland,2019,139.0,3501.8347,35882.3655065553,6.966618999151719,4.808867161400188,37965475.0,0.1,2.5
Poland,2020,141.0,3547.851,37089.3004256812,7.869080223507496,4.62044218876916,37515748.0,0.2,2.5
Poland,2021,143.0,3601.895,41059.5847829682,8.7649401433308,3.0767675157830183,36981559.0,0.1,2.5
Poland,2022,143.0,3754.5994,46077.3855556036,22.19451357508619,15.37838570222086,36821749.0,0.3,2.5
Poland,2023,144.0,,46757.5401841254,23.85817310212297,15.283871742889104,36687353.0,0.2,
Poland,2024,,,50378.0641849255,4.9471658560733545,3.3760508523403323,36554707.0,,
Portugal,2001,142.0,3536.8625,19530.6785313917,8.519295896455326,6.479941330969942,10362722.0,,2.5
Portugal,2002,142.0,3528.2153,20356.647299736,4.4629397251232605,1.53932870341766,10419631.0,,2.5
Portugal,2003,142.0,3517.8623,20852.2404289696,3.586766108788675,2.312423951243668,10458821.0,1.1,2.5
Portugal,2004,141.0,3533.858,21478.4297345147,2.720844847656334,1.1244651656787008,10483861.0,0.7,2.5
Portugal,2005,141.0,3533.692,22725.2774946084,1.313104980684976,-0.5620972812004235,10503330.0,0.7,2.5
Portugal,2006,141.0,3525.308,24682.5646236933,3.869789376637711,2.6906921243218846,10522288.0,0.2,2.5
Portugal,2007,141.0,3533.0718,25738.9369093531,4.102866677606976,2.455894382520268,10542964.0,0.6,2.5
Portugal,2008,141.0,3539.9807,26665.8372952939,5.766447762688354,3.7192959549150273,10558177.0,0.3,2.5
Portugal,2009,141.0,3508.57,26458.1096957925,1.4066086296183222,-3.41982964310423,10568247.0,0.2,2.5
Portugal,2010,140.0,3514.5735,27295.1035561802,2.847594496199912,-0.1831024692101807,10573100.0,0.2,2.5
Portugal,2011,140.0,3493.823,26803.2336904645,2.699072077455922,2.098999687067814,10557560.0,0.6,2.5
Portugal,2012,139.0,3463.491,26476.2182777269,4.038423694415205,3.200970064370597,10514844.0,0.9,2.5
Portugal,2013,138.0,3444.4548,27966.0874254705,3.102846647924906,1.9431238598925369,10457295.0,1.0,2.5
Portugal,2014,138.0,3402.7085,28764.5254955042,0.1951275714327183,-1.3340739804146555,10401062.0,0.8,2.5
Portugal,2015,137.0,3463.7383,29615.9560854108,2.073841365907181,1.018666442844726,10358076.0,0.7,2.5
Portugal,2016,138.0,3402.173,31589.2695609552,1.8150361405549376,0.4889273540460925,10325452.0,0.4,2.5
Portugal,2017,138.0,3428.358,32970.8395386562,2.683862408315507,1.5389567719210036,10300300.0,0.4,2.5
Portugal,2018,139.0,3454.7327,34896.7993382974,1.449008086022996,0.7385243605081415,10283822.0,0.4,2.5
Portugal,2019,140.0,3466.9922,37865.5603564295,1.262360697401088,0.3169302350439264,10286263.0,0.2,2.5
Portugal,2020,140.0,3476.2546,35966.712796561,3.817130391943091,2.087700987972929,10297081.0,0.6,2.5
Portugal,2021,141.0,3490.419,38657.6677223425,2.882188463524793,0.7401143539662324,10361831.0,0.3,2.5
Portugal,2022,141.0,3461.207,44557.281053572,19.95592421859056,12.958393052193893,10434332.0,0.2,2.5
Portugal,2023,141.0,,47426.4880861568,21.465709947526857,10.393938712722823,10578174.0,0.4,
Portugal,2024,,,50616.5930893707,3.653671445942641,2.3643640196416422,10701636.0,,
Puerto Rico,2001,,,,1.4371739937950825,0.965793249311218,,,
Puerto Rico,2002,,,,2.575117556914286,1.764820074585555,,,
Puerto Rico,2003,,,,2.3736375481286043,1.7457164224894166,,,
Puerto Rico,2004,,,,4.184164567673987,2.1892848020237925,,,
Puerto Rico,2005,,,,3.480290389979679,2.5335633664581767,,,
Puerto Rico,2006,,,,4.518326867954747,2.917742101879369,,,
Puerto Rico,2007,,,,7.50809046783385,5.369840672871536,,,
Puerto Rico,2008,,,,9.73870138467361,7.707484266558732,,,
Puerto Rico,2009,,,,8.037494222606,4.2689143132966425,,,
Puerto Rico,2010,,,,1.3993774867227635,0.6603514446776074,,,
Puerto Rico,2011,,,,3.713817032854561,2.3889930129896397,,,
Puerto Rico,2012,,,,3.484840094227981,2.062866630807864,,,
Puerto Rico,2013,,,,2.2180657632532075,1.4557051027236294,,,
Puerto Rico,2014,,,,2.842632229649422,2.094032320136241,,,
Puerto Rico,2015,,,,3.9953777332940583,2.6515755789004243,,,
Puerto Rico,2016,,,,3.2449828081968057,0.8097730159675142,,,
Puerto Rico,2017,,,,1.1778844194247018,0.4240650303374624,,,
Puerto Rico,2018,,,,2.9031072208324016,1.188659184566504,,,
Puerto Rico,2019,,,,0.8292947911465953,-0.1065321291327368,,,
Puerto Rico,2020,,,,1.056851470676201,-0.425040360538309,,,
Puerto Rico,2021,,,,5.560047266681711,2.698540547256595,,,
Puerto Rico,2022,,,,10.97806866245734,8.922935175340552,,,
Puerto Rico,2023,,,,11.146634348499894,7.197705465655534,,,
Puerto Rico,2024,,,,3.4689047364776515,2.977041292496008,,,
Puerto Rico (US),2001,,,24881.9773781802,,,3818774.0,,
Puerto Rico (US),2002,,,25467.3607199539,,,3823701.0,,
Puerto Rico (US),2003,,,25967.7814815982,,,3826095.0,,
Puerto Rico (US),2004,,,28993.0735148502,,,3826878.0,,
Puerto Rico (US),2005,,,29350.3060557285,,,3821362.0,,
Puerto Rico (US),2006,,,29955.5812641396,,,3805214.0,,
Puerto Rico (US),2007,,,30587.9990445374,,,3782995.0,,
Puerto Rico (US),2008,,,30782.4539565628,,,3760866.0,,
Puerto Rico (US),2009,,,30533.6808994165,,,3740410.0,,
Puerto Rico (US),2010,,,30908.7986630853,,,3724465.0,,
Puerto Rico (US),2011,,,31697.218864709,,,3693464.0,,
Puerto Rico (US),2012,,,32077.6178539123,,,3661045.0,,
Puerto Rico (US),2013,,,32279.4000290919,,,3631427.0,,
Puerto Rico (US),2014,,,32391.0670311533,,,3585017.0,,
Puerto Rico (US),2015,,,32323.5456459985,,,3535167.0,,
Puerto Rico (US),2016,,,32245.8484276651,,,3480432.0,,
Puerto Rico (US),2017,,,31866.6240665346,,,3410837.0,,
Puerto Rico (US),2018,,,33706.5915157959,,,3290690.0,,
Puerto Rico (US),2019,,,36217.7204390287,,,3302691.0,,
Puerto Rico (US),2020,,,36858.6085217908,,,3281590.0,,
Puerto Rico (US),2021,,,40559.474811812,,,3262711.0,,
Puerto Rico (US),2022,,,45327.510192422,,,3220137.0,,
Puerto Rico (US),2023,,,47433.2376274594,,,3203792.0,,
Puerto Rico (US),2024,,,50155.5410248334,,,3203295.0,,
Qatar,2001,,,89804.8602762009,3.662331986181777,3.636893050038192,677925.0,,
Qatar,2002,,,93176.4527019753,3.613532808695252,3.586809139551073,711205.0,,
Qatar,2003,,,94120.2880704122,3.522306076682913,3.330365146330668,744682.0,,
Qatar,2004,,,110957.735359888,3.143940710362348,3.127882451656712,773332.0,,
Qatar,2005,,,115250.305890831,3.1146915573687872,2.684961839304982,825408.0,,
Qatar,2006,,,127180.603773016,2.993938419633424,2.784769939873448,972831.0,,
Qatar,2007,,,124055.578655389,4.182548875795011,3.074498059061664,1208595.0,,
Qatar,2008,,,126014.918876625,5.2018111398674405,3.5101767730207194,1426938.0,,
Qatar,2009,,,125897.51969409,3.9430468934193774,2.0666423850408937,1608903.0,,
Qatar,2010,,,151646.217415364,4.259235183086751,3.3911512363154426,1616832.0,,
Qatar,2011,,,174619.911359101,4.860347415129329,3.4653907506209207,1624761.0,,
Qatar,2012,,,180939.425774901,5.182442765684359,3.133587568392541,1722438.0,,
Qatar,2013,,,169203.26105805,2.7545652969448,2.292190481825864,1916426.0,,
Qatar,2014,,,148389.108964021,1.41271447206317,0.2452354139676787,2151745.0,,
Qatar,2015,,,102545.939634633,2.1847072739033857,0.8380726742476936,2344557.0,,
Qatar,2016,,,89934.692005072,-0.3009026450839558,-1.8490249259137348,2477113.0,,
Qatar,2017,,,99358.3403307696,5.606524517014799,1.9213466148829053,2545820.0,0.0,
Qatar,2018,,,110032.713236323,5.779153951909177,0.035731445610182,2580734.0,,
Qatar,2019,,3493.058,107502.469793988,1.9486974083219757,-0.1043269841950578,2638657.0,,
Qatar,2020,,3453.6592,82149.3573751713,1.194365550415477,-0.1082565352891963,2794148.0,,
Qatar,2021,,3344.5955,116832.570294098,6.804555657385514,2.6729045468631902,2504910.0,,
Qatar,2022,,3298.6794,122920.498759404,7.232018666027473,4.056645931183826,2657333.0,,
Qatar,2023,,,128918.549293382,4.549244723801205,1.379599898571208,2656032.0,,
Qatar,2024,,,126110.108801588,6.358000949963527,1.3791159300469342,2857822.0,,
Republic of Korea,2001,123.0,,,9.220274972734522,5.13386627442912,,,
Republic of Korea,2002,122.0,,,8.439908298306742,4.840806340277172,,,
Republic of Korea,2003,122.0,,,9.663601093681272,4.661928360162347,,,
Republic of Korea,2004,123.0,,,13.346903099584171,8.111196200190905,,,
Republic of Korea,2005,125.0,,,6.0546871494286725,3.137982286553432,,,
Republic of Korea,2006,127.0,,,2.4936396634111624,0.5310386027264543,,,
Republic of Korea,2007,129.0,,,4.347968552942594,2.513766608819788,,,
Republic of Korea,2008,131.0,,,8.583428466467048,4.9445486105186935,,,
Republic of Korea,2009,133.0,,,12.13575922796859,7.656028178245439,,,
Republic of Korea,2010,134.0,,,12.883504365826129,6.428663391822632,,,
Republic of Korea,2011,134.0,,,11.15513941287718,8.206281046299564,,,
Republic of Korea,2012,134.0,,,6.227675903403762,3.98340101732162,,,
Republic of Korea,2013,134.0,,,3.2533622596594203,0.8676070347992254,,,
Republic of Korea,2014,134.0,,,1.987302536542068,0.3056243975121044,,,
Republic of Korea,2015,135.0,,,2.4467350599999937,1.6509667374053072,,,
Republic of Korea,2016,136.0,,,5.213820107735501,2.3145027575190324,,,
Republic of Korea,2017,136.0,,,6.414435872246305,3.421325161448341,,,
Republic of Korea,2018,137.0,,,5.842943445643156,2.7728785378205583,,,
Republic of Korea,2019,137.0,,,2.6413354022513102,0.0946746601870069,,,
Republic of Korea,2020,137.0,,,7.693414448408031,4.425081221152322,,,
Republic of Korea,2021,138.0,,,9.342023838009371,5.935220326812858,,,
Republic of Korea,2022,139.0,,,7.871939857182464,5.915005672878036,,,
Republic of Korea,2023,139.0,,,7.086819715824477,5.468668197415028,,,
Republic of Korea,2024,,,,6.945043988915312,3.91394398461421,,,
Republic of Moldova,2001,98.0,,,21.139816474118646,,,,
Republic of Moldova,2002,97.0,,,8.163360631580051,,,,
Republic of Moldova,2003,96.0,,,22.23093788981498,,,,
Republic of Moldova,2004,96.0,,,17.64744918649881,,,,
Republic of Moldova,2005,96.0,,,19.10147543835852,,,,
Republic of Moldova,2006,98.0,,,11.370022937897703,,,,
Republic of Moldova,2007,100.0,,,17.373858832478838,,,,
Republic of Moldova,2008,101.0,,,24.39584386546272,,,,
Republic of Moldova,2009,104.0,,,3.576273237417338,,,,
Republic of Moldova,2010,106.0,,,8.189708070296863,,,,
Republic of Moldova,2011,108.0,,,13.562686570927385,,,,
Republic of Moldova,2012,110.0,,,5.325033010919489,,,,
Republic of Moldova,2013,110.0,,,10.073631001452243,,,,
Republic of Moldova,2014,112.0,,,8.818742247856349,,,,
Republic of Moldova,2015,114.0,,,14.913496581616892,,,,
Republic of Moldova,2016,117.0,,,15.005757690137631,,,,
Republic of Moldova,2017,120.0,,,10.80989743755032,,,,
Republic of Moldova,2018,122.0,,,8.960792010603381,,,,
Republic of Moldova,2019,123.0,,,12.703476224119314,,,,
Republic of Moldova,2020,122.0,,,11.8175944342086,,,,
Republic of Moldova,2021,121.0,,,17.94340836185315,,,,
Republic of Moldova,2022,121.0,,,39.39071645177808,,,,
Republic of Moldova,2023,121.0,,,29.09436617371377,,,,
Republic of Moldova,2024,,,,7.692512383493844,,,,
Romania,2001,132.0,3296.6409,6520.6010530567,43.26875287819543,36.309410447118296,22131970.0,9.5,2.5
Romania,2002,135.0,3392.1765,7162.31731440545,25.409440671670435,18.46713612044492,21730496.0,9.1,2.5
Romania,2003,137.0,3459.8333,7560.37229780071,16.69334607931234,14.708313717318651,21574326.0,7.0,2.5
Romania,2004,137.0,3472.2788,8990.53727643873,12.467782945041606,9.530203114555723,21451748.0,5.3,2.5
Romania,2005,137.0,3540.0156,9602.14013436194,7.400000813006158,6.15502893485673,21319685.0,4.2,2.5
Romania,2006,136.0,3597.8281,11556.5692481869,6.274456745146417,3.9103007200815214,21193760.0,11.1,2.5
Romania,2007,136.0,3560.204,13703.1895462107,9.522382699650866,3.91748223128193,20882982.0,8.1,2.5
Romania,2008,135.0,3606.634,16782.1166407038,11.77039965236819,9.27246137991398,20537875.0,6.0,2.5
Romania,2009,135.0,3598.4016,16632.1317725886,5.925339235562532,3.280224392063813,20367487.0,5.3,2.5
Romania,2010,135.0,3358.2012,17356.6588564889,6.449999834473652,2.3535001264536075,20246871.0,6.3,2.5
Romania,2011,135.0,3394.4773,18803.9162452476,11.235337892605646,6.084986041910658,20147528.0,7.1,2.5
Romania,2012,136.0,3351.3997,19807.4579630838,6.910373337461717,1.9530651169482365,20058035.0,8.4,2.5
Romania,2013,137.0,3418.2996,19678.1283038854,7.184015083980699,3.0192126301820896,19983693.0,8.7,2.5
Romania,2014,139.0,3476.9897,20633.0093146975,0.0888963796849218,-1.612891079330834,19908979.0,8.9,2.5
Romania,2015,142.0,3537.6611,21630.3143728731,1.1896011544495266,-3.827796742267642,19815616.0,7.6,2.5
Romania,2016,143.0,3580.3464,23904.6682893803,1.8355704418485,-2.4836144556349784,19702267.0,5.2,2.5
Romania,2017,145.0,3596.9946,26943.0236353166,3.991811668372569,2.463690133525842,19588715.0,4.9,2.5
Romania,2018,146.0,3621.805,29586.014645951,4.431017119838887,3.766977644948531,19473970.0,3.7,2.5
Romania,2019,146.0,3650.0981,33638.1620036547,5.283381364073003,4.688372416815628,19371648.0,3.1,2.5
Romania,2020,147.0,3646.1768,34386.1207230181,5.79576816927323,4.796032521046231,19265250.0,2.4,2.5
Romania,2021,146.0,3659.583,37732.5405035335,6.684256816182943,3.2467563130686714,19122059.0,2.0,2.5
Romania,2022,146.0,3716.5142,42217.9204497701,22.01154163231658,15.60392465033753,19048502.0,1.5,2.5
Romania,2023,147.0,,45776.8376387185,22.412387938060306,15.222213035537324,19059479.0,0.7,
Romania,2024,,,48712.3914900247,5.659121171770964,3.576935193587392,19069340.0,,
Russia,2001,,2955.0657,,,,,,
Russia,2002,,3016.3254,,,,,,
Russia,2003,,3044.7866,,,,,,
Russia,2004,,3094.7935,,,,,,
Russia,2005,,3189.2673,,,,,,
Russia,2006,,3238.2585,,,,,,
Russia,2007,,3304.221,,,,,,
Russia,2008,,3308.8948,,,,,,
Russia,2009,,3268.9248,,,,,,
Russia,2010,,3281.0422,,,,,,
Russia,2011,,3306.8235,,,,,,
Russia,2012,,3327.3318,,,,,,
Russia,2013,,3305.558,,,,,,
Russia,2014,,3342.6797,,,,,,
Russia,2015,,3296.1956,,,,,,
Russia,2016,,3309.799,,,,,,
Russia,2017,,3335.9302,,,,,,
Russia,2018,,3334.9897,,,,,,
Russia,2019,,3329.813,,,,,,
Russia,2020,,3349.935,,,,,,
Russia,2021,,3372.0564,,,,,,
Russia,2022,,3433.42,,,,,,
Russian Federation,2001,118.0,,7361.36376953125,27.587084254032668,23.950203067188173,145976482.0,3.2,4.1
Russian Federation,2002,120.0,,8037.474609375,21.035553054052716,17.541374772556857,145306497.0,2.0,3.4
Russian Federation,2003,122.0,,9254.537109375,16.404452702213202,15.14721139592803,144648618.0,2.1,2.9
Russian Federation,2004,125.0,,10226.7666015625,14.212509973860188,12.72202798339345,144067316.0,1.8,2.5
Russian Federation,2005,127.0,,11822.3466796875,16.524059885944254,13.4277742448604,143518814.0,1.4,2.5
Russian Federation,2006,130.0,,14912.234375,12.616627711624885,9.22172624482947,143049637.0,0.9,2.5
Russian Federation,2007,132.0,,16648.2421875,17.425197195717136,8.789899005018995,142805114.0,0.4,2.5
Russian Federation,2008,132.0,,20163.609375,24.990098364630818,21.17040120660669,142742366.0,0.2,2.5
Russian Federation,2009,132.0,,19389.94140625,17.037360302225892,11.769342227674398,142785348.0,0.2,2.5
Russian Federation,2010,132.0,,20490.126953125,14.16971355355512,6.601495844272988,142849468.0,0.2,2.5
Russian Federation,2011,133.0,,22789.54296875,15.811954996574906,11.014678479424909,143018195.0,0.1,2.5
Russian Federation,2012,134.0,,24273.517578125,6.73554771090048,3.322221926835488,143378447.0,0.1,2.5
Russian Federation,2013,135.0,,26019.7265625,7.681299718602297,6.165795522600239,143805638.0,0.1,2.5
Russian Federation,2014,135.0,,25688.2265625,16.372404731163147,9.930793545300146,144237223.0,0.4,2.5
Russian Federation,2015,135.0,,23994.013671875,26.045799563275107,21.09314428724352,144640716.0,0.4,2.5
Russian Federation,2016,135.0,,24012.40234375,9.2053638632285,5.784645020552921,145015460.0,0.4,2.5
Russian Federation,2017,136.0,,25777.904296875,4.906819844167876,2.7042755511197094,145293260.0,0.4,2.5
Russian Federation,2018,136.0,,28628.5625,5.27646602925862,1.632106979202332,145398106.0,0.2,2.5
Russian Federation,2019,136.0,,30963.853515625,7.324995262116052,5.68314557312473,145453291.0,0.3,2.5
Russian Federation,2020,137.0,,31490.8046875,7.679071577317953,4.327347995298921,145245148.0,0.1,2.5
Russian Federation,2021,138.0,,38638.4296875,12.608055187471011,9.590493414417333,144746762.0,0.2,2.5
Russian Federation,2022,139.0,,40938.98828125,22.668403389348192,16.13844623517004,144236933.0,0.1,2.5
Russian Federation,2023,141.0,,44268.73046875,10.275840892472154,4.488011741317266,143826130.0,0.1,
Russian Federation,2024,,,47404.96484375,11.552478321585347,9.620245254285296,143533851.0,,
Rwanda,2001,96.0,2021.1097,669.875436350145,8.815553802247567,4.233258392967687,8287094.0,,37.7
Rwanda,2002,99.0,2240.5308,759.662612911492,7.667594399577249,2.48649118000898,8400180.0,,34.4
Rwanda,2003,100.0,2129.8198,774.508237332335,10.838456441018815,9.271967990813431,8586875.0,,33.8
Rwanda,2004,98.0,2066.6257,832.279719304053,29.1045239600688,19.1818123258553,8816844.0,,36.2
Rwanda,2005,97.0,2121.2441,914.227366408104,20.369228848313625,10.601273436408542,9054528.0,74.2,36.9
Rwanda,2006,97.0,2123.5134,1002.28949388428,21.0344845993111,9.963359403485567,9299246.0,,36.8
Rwanda,2007,98.0,2134.2734,1078.93885246368,21.398230739645086,8.11942580256123,9549933.0,,36.6
Rwanda,2008,98.0,2190.732,1190.7575798332,30.89040164081276,16.39040247159077,9804269.0,,36.6
Rwanda,2009,98.0,2298.4963,1240.54972631385,31.7464811766824,21.486224460185745,10060432.0,,36.1
Rwanda,2010,98.0,2119.766,1314.13559494324,13.260507040628957,-1.3525905880089208,10317553.0,70.2,35.7
Rwanda,2011,98.0,2126.8408,1412.90752155318,9.383199405785714,2.14638510866795,10573733.0,,35.3
Rwanda,2012,98.0,2141.67,1454.52507891388,19.77853083948449,16.436206145849578,10829901.0,,35.6
Rwanda,2013,98.0,2147.5796,1512.24171253848,15.114289477367372,8.60309809993029,11093340.0,65.2,35.7
Rwanda,2014,96.0,2143.0461,1677.56869684182,9.338071034493666,2.7693667380328244,11364757.0,,35.5
Rwanda,2015,97.0,2160.9946,1780.74171636863,14.931002181178332,3.7480917868382986,11640022.0,,34.7
Rwanda,2016,99.0,2190.4312,1866.38968530286,20.852838831748176,12.638132639019725,11919183.0,63.8,33.6
Rwanda,2017,101.0,2232.151,1967.94286602499,24.46223899388873,13.238481618858549,12202060.0,,33.5
Rwanda,2018,101.0,2205.5706,2125.49522712839,-3.678577951856654,-7.346179632339509,12487996.0,,33.8
Rwanda,2019,99.0,2207.8164,2336.03967302732,23.814280119167087,4.001670917829334,12776103.0,,34.9
Rwanda,2020,100.0,2236.7805,2284.89889795328,26.585971109088824,15.84115790031616,13065837.0,,34.7
Rwanda,2021,104.0,2292.7205,2733.43566762447,3.4407989111810533,-4.020486610712758,13355260.0,,33.2
Rwanda,2022,108.0,2336.4639,3098.67700634994,64.453029434081,29.357046443165075,13651030.0,,31.4
Rwanda,2023,109.0,,3399.45174603143,62.5529237185267,37.50765084758846,13954471.0,38.6,
Rwanda,2024,,,3710.86040434596,5.679184835501316,-2.563106609844227,14256567.0,,
Réunion,2001,,,,1.9090927295169149,1.896804391384782,,,
Réunion,2002,,,,1.8733291391220157,1.861494830091004,,,
Réunion,2003,,,,1.8388795909749511,1.8274755625436605,,,
Réunion,2004,,,,1.8056766293400808,1.794677320232433,,,
Réunion,2005,,,,1.7736502414440911,1.763036024419801,,,
Réunion,2006,,,,1.7427401269742626,1.7324909411270646,,,
Réunion,2007,,,,1.712887753128034,1.7029859639803302,,,
Réunion,2008,,,,1.684043155392856,1.67446980438448,,,
Réunion,2009,,,,2.240780266248432,1.1859015983806451,,,
Réunion,2010,,,,2.0387365922876377,0.7202713008236449,,,
Réunion,2011,,,,3.826787528278075,2.6937292158347748,,,
Réunion,2012,,,,4.3956034736053695,2.731789835206772,,,
Réunion,2013,,,,5.133079256779327,3.3040166677513176,,,
Réunion,2014,,,,2.954756198747055,0.8654922462197798,,,
Réunion,2015,,,,2.0332712999358016,0.5414224182055912,,,
Réunion,2016,,,,0.8122751099511216,0.2036168596168545,,,
Réunion,2017,,,,2.7075810402065192,0.9207700765105954,,,
Réunion,2018,,,,5.324909844508152,3.266774005075764,,,
Réunion,2019,,,,2.360140083901774,0.8636301733818899,,,
Réunion,2020,,,,2.590673387236775,0.9836391478513802,,,
Réunion,2021,,,,2.142245238367879,0.4117973321193708,,,
Réunion,2022,,,,8.488965018465699,5.608917213028742,,,
Réunion,2023,,,,9.076305700692888,7.616594013525966,,,
Réunion,2024,,,,10.38461549904639,5.436083491465523,,,
Saint Kitts and Nevis,2001,,2550.9229,,4.711876597594067,3.125235792616127,,,
Saint Kitts and Nevis,2002,,2565.9746,,3.78612481514502,2.761740672067253,,,
Saint Kitts and Nevis,2003,,2558.961,,4.150362555920273,3.024076048082797,,,
Saint Kitts and Nevis,2004,,2554.503,,4.280624745239581,3.1386278415229825,,,
Saint Kitts and Nevis,2005,,2537.5923,,8.301719527642293,4.61797855792793,,,
Saint Kitts and Nevis,2006,,2604.5244,,14.666838391449533,12.853513907104327,,,
Saint Kitts and Nevis,2007,,2625.4976,,7.17162547984016,5.171837115488191,,,
Saint Kitts and Nevis,2008,,2735.1943,,11.131034051712628,7.746573916378879,,,
Saint Kitts and Nevis,2009,,2760.5718,,8.600172653611594,3.3164848808340417,,,
Saint Kitts and Nevis,2010,,2653.9087,,10.7682009928892,3.135202237033598,,,
Saint Kitts and Nevis,2011,,2615.4043,,11.450000232655231,9.48230470171444,,,
Saint Kitts and Nevis,2012,,2673.452,,3.1378511265002462,2.4510148494684434,,,
Saint Kitts and Nevis,2013,,2704.9717,,3.0812083012270897,2.1116331875709253,,,
Saint Kitts and Nevis,2014,,2716.631,,1.4043252758740188,0.011609580522857,,,
Saint Kitts and Nevis,2015,,2785.8867,,-5.591600031420219,-10.677622212409402,,,
Saint Kitts and Nevis,2016,,2874.1274,,-2.4668303436387373,-6.074664561339119,,,
Saint Kitts and Nevis,2017,,2955.8735,,4.877005950815683,-0.1249511040554753,,,
Saint Kitts and Nevis,2018,,2915.521,,3.790147653001341,2.415319703357916,,,
Saint Kitts and Nevis,2019,,2875.6506,,3.429310972283206,1.9448318838526413,,,
Saint Kitts and Nevis,2020,,2927.8447,,2.393983763622032,0.3498957876499693,,,
Saint Kitts and Nevis,2021,,2915.8757,,5.180378764877025,0.1865029362730585,,,
Saint Kitts and Nevis,2022,,2923.6675,,12.118834934895828,10.412614578780564,,,
Saint Kitts and Nevis,2023,,,,11.87529092997972,5.127821897526823,,,
Saint Kitts and Nevis,2024,,,,3.6194502978632137,2.3120289807246204,,,
Saint Lucia,2001,,2589.6897,,8.034084006173225,3.0311815956883343,,,
Saint Lucia,2002,,2649.5933,,1.5142684968199926,-1.2091160073474123,,,
Saint Lucia,2003,,2624.0452,,4.905437031621873,2.0967368767033943,,,
Saint Lucia,2004,,2628.84,,4.234895259969651,0.8644336638250807,,,
Saint Lucia,2005,,2645.6243,,9.371614597652169,7.05835515261656,,,
Saint Lucia,2006,,2652.202,,12.137271693231844,6.496708618707808,,,
Saint Lucia,2007,,2623.4756,,13.093020839774194,5.357872692341782,,,
Saint Lucia,2008,,2618.324,,11.288472506926016,7.968242286453233,,,
Saint Lucia,2009,,2658.7886,,11.540000923543058,3.273626486628374,,,
Saint Lucia,2010,,2594.5483,,0.7625067064179536,-0.1738414801280471,,,
Saint Lucia,2011,,2624.4524,,5.654789335449961,2.728076594447242,,,
Saint Lucia,2012,,2605.5312,,11.956424743901284,6.483111180464422,,,
Saint Lucia,2013,,2575.191,,9.95708982212371,5.25431878798336,,,
Saint Lucia,2014,,2618.5923,,6.566503035374804,2.1357589084749784,,,
Saint Lucia,2015,,2612.1465,,7.102890014014629,0.3117667025291055,,,
Saint Lucia,2016,,2630.6584,,-0.5994047883164599,-3.169784832703987,,,
Saint Lucia,2017,,2664.0906,,0.2453214740540277,-1.4628117564909022,,,
Saint Lucia,2018,,2664.3206,,4.810137855741292,3.659662209378424,,,
Saint Lucia,2019,,2682.9866,,4.03000044952222,2.1682752600430306,,,
Saint Lucia,2020,,2733.6814,,0.8927701306169711,-0.8063853711593868,,,
Saint Lucia,2021,,2734.3445,,2.120038908148336,-0.0453075384319434,,,
Saint Lucia,2022,,2736.8208,,7.837994813439808,5.566991879723267,,,
Saint Lucia,2023,,,,10.180094496330238,6.522513663950807,,,
Saint Lucia,2024,,,,2.298438113226675,-3.664824138529173,,,
Saint Vincent and the Grenadines,2001,106.0,2353.99,,3.8842239882409313,2.392263834028826,,,
Saint Vincent and the Grenadines,2002,108.0,2532.2102,,3.3132537421273867,0.6071775138097859,,,
Saint Vincent and the Grenadines,2003,112.0,2562.8154,,4.670051949522036,-0.5811345353538945,,,
Saint Vincent and the Grenadines,2004,113.0,2619.338,,6.962664900462068,4.683097651033244,,,
Saint Vincent and the Grenadines,2005,115.0,2695.3186,,7.596154051619197,5.360271187246849,,,
Saint Vincent and the Grenadines,2006,116.0,2724.3433,,5.756731150656824,3.093493450704088,,,
Saint Vincent and the Grenadines,2007,117.0,2767.4102,,11.096718198167157,7.936122568787191,,,
Saint Vincent and the Grenadines,2008,118.0,2815.1323,,18.05785133358078,14.686293354807503,,,
Saint Vincent and the Grenadines,2009,119.0,2833.4614,,11.87661052527853,2.309949000467399,,,
Saint Vincent and the Grenadines,2010,119.0,2908.5918,,3.8006306938338503,1.1373410716406296,,,
Saint Vincent and the Grenadines,2011,120.0,2927.7249,,5.711519939118714,3.5128420410710164,,,
Saint Vincent and the Grenadines,2012,121.0,2948.5498,,5.31400997398388,3.330103615915886,,,
Saint Vincent and the Grenadines,2013,122.0,2975.1914,,3.0192135516788454,1.9980421438286509,,,
Saint Vincent and the Grenadines,2014,122.0,2975.727,,2.8207466164143824,1.6339322830817402,,,
Saint Vincent and the Grenadines,2015,122.0,3015.5217,,6.294325722545291,-1.2062503474176165,,,
Saint Vincent and the Grenadines,2016,122.0,2977.9578,,2.1004564843546847,-0.5370720637120371,,,
Saint Vincent and the Grenadines,2017,121.0,2990.7966,,3.9250677409622634,2.469025413337824,,,
Saint Vincent and the Grenadines,2018,121.0,2998.9937,,4.932735712902292,2.3465768309279813,,,
Saint Vincent and the Grenadines,2019,120.0,2982.319,,1.6393443253569506,0.5543776182484444,,,
Saint Vincent and the Grenadines,2020,119.0,2960.0366,,2.645051637594209,1.797301294648429,,,
Saint Vincent and the Grenadines,2021,119.0,2988.5015,,4.156275519241426,2.3443915271496456,,,
Saint Vincent and the Grenadines,2022,119.0,3018.067,,15.077424433714736,10.177270653515713,,,
Saint Vincent and the Grenadines,2023,119.0,,,13.412699017880891,10.541409453539895,,,
Saint Vincent and the Grenadines,2024,,,,9.441764455597124,7.290285168569031,,,
Samoa,2001,123.0,2710.5156,3334.97791645842,10.94503543324401,4.671163483207921,183166.0,,3.1
Samoa,2002,124.0,2702.7515,3552.91066710799,13.646481510272256,9.826706808134023,184471.0,5.9,3.1
Samoa,2003,125.0,2716.3557,3792.19847660915,4.680798486040572,0.2032642619496113,185430.0,,2.9
Samoa,2004,126.0,2769.5918,3996.7446356324,26.13382027851212,20.077357962976063,186249.0,,2.8
Samoa,2005,126.0,2785.7727,4378.5944315772,8.455166291104298,2.2038719676941376,186978.0,,2.8
Samoa,2006,125.0,2757.559,4591.90702524788,7.638889979445906,4.011182480500784,187709.0,,3.2
Samoa,2007,125.0,2748.8108,4713.02123375726,12.027026535116626,7.7900240362012285,188753.0,,3.4
Samoa,2008,126.0,2804.9148,4939.22558356596,28.295041571209367,14.046842631944862,190107.0,3.7,3.5
Samoa,2009,126.0,2782.7756,4906.48254274628,22.043628181814174,10.93100540218615,191513.0,,3.6
Samoa,2010,126.0,2899.1294,5229.04191199124,3.6363637177975416,-1.428585683209218,193023.0,,4.1
Samoa,2011,126.0,2868.0112,5494.24063118213,18.57640905944056,6.845845343791321,194713.0,,4.3
Samoa,2012,127.0,2906.6833,5338.73979322922,10.707456741944688,2.3027407202079124,196498.0,,4.3
Samoa,2013,129.0,2946.5044,5386.90063081914,8.348135422924141,0.7336534176627006,198268.0,4.5,4.0
Samoa,2014,129.0,3004.802,5468.10058532556,9.357277463997724,-3.149344903125842,200037.0,,4.2
Samoa,2015,129.0,2989.9956,5681.77812768843,7.027540153978085,3.323249784715198,201782.0,,4.5
Samoa,2016,128.0,3035.656,6141.45089044263,12.318330183952186,5.905287750170978,203499.0,,5.0
Samoa,2017,129.0,3016.8374,6280.21500477143,4.929292056007384,1.3758904832205376,205415.0,,4.8
Samoa,2018,130.0,3067.7544,6318.26977293454,11.00535822055848,5.70703046062421,207582.0,,4.7
Samoa,2019,131.0,3084.0251,6638.18454759102,4.874152066720283,1.0101302625206152,209780.0,,4.5
Samoa,2020,131.0,3091.7766,6450.76538373229,6.3232986053916695,-1.4173328593390384,211944.0,,4.4
Samoa,2021,132.0,3146.527,6214.01692801414,19.18831287863792,3.750404800215856,213779.0,,5.1
Samoa,2022,133.0,3164.3618,6260.40238283391,23.36223491305538,15.43684621412292,215261.0,,5.4
Samoa,2023,136.0,,7037.08661727446,23.669703487796912,16.21121242198926,216663.0,,
Samoa,2024,,,7837.29243441426,8.412337512242129,4.019603045177647,218019.0,,
San Marino,2001,,,57251.795597303,6.422258713883311,6.345442977304025,27143.0,,
San Marino,2002,,,57583.9069425178,6.256228833157596,6.183301654498635,27491.0,,
San Marino,2003,,,60223.9128467427,7.344414175557601,6.102823468446561,27843.0,,
San Marino,2004,,,61113.9018661653,5.855117397351917,3.507300340758807,29457.0,,
San Marino,2005,,,63738.5738721939,4.985911923597408,4.127902890348676,29836.0,,
San Marino,2006,,,67434.1560064444,6.020929343364889,5.146238312026052,30184.0,,
San Marino,2007,,,71744.0519986492,10.001488770330493,6.160179364540127,31211.0,,
San Marino,2008,,,71723.6242187251,12.449530860534486,10.715517176164004,31662.0,,
San Marino,2009,,,61969.8285368182,8.718988622388512,5.428319017946291,33066.0,,
San Marino,2010,,,58926.1403701298,8.927395469168854,6.579802953271017,33270.0,,
San Marino,2011,,,56239.9592730018,10.100803316111428,7.907702532711302,32620.0,,
San Marino,2012,,,51274.2154785964,5.098668440460741,3.78941134017044,33469.0,,
San Marino,2013,,,50770.3673195862,6.5531047011963,5.482519625746744,33041.0,,
San Marino,2014,,,52909.2224071252,4.889428491708592,2.866356358779598,32655.0,,
San Marino,2015,,,52247.2078276415,4.7345285401440895,3.1980061240751216,32897.0,,
San Marino,2016,,,53033.0563376235,3.710593070574819,2.1504609786416884,33101.0,,
San Marino,2017,,,52463.4196397748,3.773206391274342,2.597268025750639,33825.0,,
San Marino,2018,,,54460.9058332865,5.521533067623197,3.052682025100386,34522.0,,
San Marino,2019,,,57444.1193582109,2.733853597454061,1.184493117002322,34663.0,,
San Marino,2020,,,55206.5812324405,3.8942718777615015,1.6921301231407069,34770.0,,
San Marino,2021,,,64745.1316780701,5.261224925405172,2.108386693687262,34252.0,,
San Marino,2022,,,75941.4899090162,13.319690517314452,10.207673441903491,33755.0,,
San Marino,2023,,,,14.349966318887052,11.223279420221433,33860.0,,
San Marino,2024,,,,6.175663458147818,2.663774714924592,33977.0,,
Sao Tome and Principe,2001,105.0,2331.9717,1897.87411122439,11.587428320941171,10.77005907645874,146375.0,,15.4
Sao Tome and Principe,2002,107.0,2362.6711,1944.99838482036,12.856631181848632,11.84266868515303,149922.0,,13.5
Sao Tome and Principe,2003,109.0,2394.828,2093.50493378321,12.2993991066086,11.435591735250902,153814.0,,12.2
Sao Tome and Principe,2004,111.0,2405.913,2170.94121914898,17.86809280469235,15.533812045550446,157705.0,,11.0
Sao Tome and Principe,2005,111.0,2441.262,2329.01423017277,24.397294817204696,20.284509209245844,161639.0,,10.3
Sao Tome and Principe,2006,111.0,2451.455,2550.59553998213,30.874403186439192,26.46811482437097,165638.0,,10.4
Sao Tome and Principe,2007,110.0,2411.7341,2650.1038762996,37.86455080469733,21.332119397690843,169700.0,,11.3
Sao Tome and Principe,2008,108.0,2383.5957,2801.83579340874,43.143543189574295,38.02985930944443,173793.0,,12.7
Sao Tome and Principe,2009,107.0,2368.384,2845.73589383231,27.18235949429082,22.76560197945576,177853.0,,14.5
Sao Tome and Principe,2010,105.0,2346.0505,2858.56899092769,21.076289128217372,16.418708972033134,181802.0,18.9,16.5
Sao Tome and Principe,2011,104.0,2314.0144,2914.21285695222,19.28120421082933,15.81148837098258,185649.0,,17.8
Sao Tome and Principe,2012,104.0,2334.796,2694.65726490631,15.210258692642942,12.199807948197808,189439.0,,17.7
Sao Tome and Principe,2013,104.0,2366.1514,2945.73664283744,13.723870668275271,9.45318937519226,193148.0,,17.7
Sao Tome and Principe,2014,104.0,2330.3455,3233.3568807314,8.527961500293046,7.297910929295374,196767.0,,18.1
Sao Tome and Principe,2015,104.0,2313.5808,3171.50905832741,5.779603453418103,4.111456426599227,200291.0,,18.1
Sao Tome and Principe,2016,104.0,2361.7708,3319.54261733278,1.9941009007872437,0.820264470489244,203689.0,,17.8
Sao Tome and Principe,2017,104.0,2362.6902,3436.31010124694,8.718964886160618,6.57123964770464,206970.0,13.0,17.3
Sao Tome and Principe,2018,104.0,2364.547,3941.03280858409,11.038559923786128,8.68276203134938,210187.0,,17.1
Sao Tome and Principe,2019,105.0,2388.6914,4655.48496449805,10.8124106804665,9.034482701245588,213392.0,,16.3
Sao Tome and Principe,2020,105.0,2429.1511,5144.53560286014,15.663784658343747,12.394722616946789,217435.0,,15.5
Sao Tome and Principe,2021,105.0,2432.414,5732.69456061536,11.271667502914728,9.459423377351742,221961.0,,15.7
Sao Tome and Principe,2022,105.0,2387.8955,6033.6811722183,28.60586140018424,20.068080365808687,226305.0,,16.4
Sao Tome and Principe,2023,104.0,,6149.98146081928,28.602897656547064,23.89894305578536,230871.0,,
Sao Tome and Principe,2024,,,6229.50833298788,21.73998339339831,16.370671035736596,235536.0,,
Saudi Arabia,2001,132.0,3775.9421,47380.7878428477,1.0854201178000178,0.740426969017762,17041397.0,,5.0
Saudi Arabia,2002,131.0,3681.1826,45466.0110734721,1.535311916481219,0.6436156134120371,17910910.0,,4.9
Saudi Arabia,2003,131.0,3652.8127,48078.1030737004,3.654822775818234,2.739206525990055,18786767.0,,5.0
Saudi Arabia,2004,132.0,3586.2454,51225.309265116,2.747792296966267,2.208818871686085,19669480.0,,4.8
Saudi Arabia,2005,133.0,3591.8384,53548.1791867027,4.202483797728873,3.7909225110662415,20559890.0,,4.5
Saudi Arabia,2006,134.0,3600.225,54638.7412342115,6.599449204505081,5.4162924100982055,21459144.0,,4.4
Saudi Arabia,2007,135.0,3529.1055,55029.8534291175,9.380692894562316,8.472488048531991,22368313.0,,4.6
Saudi Arabia,2008,136.0,3412.3806,57236.0334591266,15.198060291418969,11.693535158475465,23287877.0,,5.3
Saudi Arabia,2009,138.0,3327.1416,54787.3375051519,8.024692338793349,3.2413283166250424,24217654.0,,6.6
Saudi Arabia,2010,138.0,3400.0955,58828.7075224838,8.37438493808369,5.726937037499404,23978487.0,,7.8
Saudi Arabia,2011,138.0,3326.0278,64125.2177225838,6.7784764385338425,4.45515709118642,25091867.0,,7.9
Saudi Arabia,2012,138.0,3448.215,65033.6161818077,5.304744147723151,4.441442746110593,26168861.0,,7.3
Saudi Arabia,2013,139.0,3387.3977,62202.8859202572,7.583970689689745,5.888982706488132,27624004.0,,5.8
Saudi Arabia,2014,140.0,3488.6514,62578.0708415156,1.5994287105322913,1.3749678292205565,28309273.0,,5.1
Saudi Arabia,2015,141.0,3498.204,53930.8273872622,1.0367833638556867,0.6313675874822521,29816382.0,,4.2
Saudi Arabia,2016,143.0,3521.6653,49937.0668103808,0.216235287672184,-1.3071914219989462,30954198.0,,4.1
Saudi Arabia,2017,146.0,3575.824,53120.4572456269,0.5136008188766139,-0.8205553779522127,30977355.0,,4.2
Saudi Arabia,2018,150.0,3706.4985,59377.8025368768,7.622435127662919,6.465254757712754,30196281.0,,4.3
Saudi Arabia,2019,153.0,3786.1338,59560.2537904546,2.9507639093232507,2.080694527198396,30063799.0,,4.3
Saudi Arabia,2020,153.0,3780.0024,47518.4877485153,14.304009321688383,8.979326991833254,31552510.0,,4.0
Saudi Arabia,2021,152.0,3730.0044,62690.4966645929,12.336466662682554,5.592110574884526,30784383.0,,3.5
Saudi Arabia,2022,150.0,3707.277,71968.074955888,4.41000205475699,3.716294400605277,32175224.0,,3.0
Saudi Arabia,2023,150.0,,71564.800028565,4.235353553062393,1.461095149102053,33702731.0,,
Saudi Arabia,2024,,,71243.4311791406,1.427173467214926,0.8183837005922087,35300280.0,,
Senegal,2001,100.0,2154.003,2043.85289540933,9.43941524123213,4.900860894712796,10212942.0,63.9,24.4
Senegal,2002,101.0,2128.3872,2026.77782446969,10.050375923129671,4.909019937235702,10466214.0,,23.1
Senegal,2003,102.0,2213.2183,2130.50797474486,2.8989186054123817,-0.6089768819410701,10721176.0,,21.5
Senegal,2004,103.0,2246.4207,2236.29400949837,3.433329521295581,0.7692767284309574,10975704.0,,19.7
Senegal,2005,105.0,2244.0735,2350.20037042455,8.816925279272226,3.864656377212924,11235472.0,53.6,18.0
Senegal,2006,106.0,2326.653,2422.09761798858,4.584040849591475,1.4253781314139005,11500094.0,,16.4
Senegal,2007,109.0,2368.7922,2499.31582882192,10.54750384228358,7.241488929757957,11770344.0,,13.5
Senegal,2008,111.0,2477.468,2580.71949180217,19.66181393548481,13.013276483121537,12048959.0,,11.8
Senegal,2009,111.0,2495.4875,2605.72280250701,5.561226320621526,-3.0083506406260274,12337389.0,,10.7
Senegal,2010,110.0,2456.6355,2662.50486626479,10.326745829186844,3.959473226115674,12635413.0,,10.9
Senegal,2011,110.0,2447.2007,2684.94989722318,11.940051445444988,6.790297504021246,12958897.0,53.3,10.8
Senegal,2012,110.0,2480.6514,2764.26130708482,5.102229724961949,2.4682416393604867,13310495.0,,11.0
Senegal,2013,110.0,2431.0156,2768.76818711984,2.8058066294451622,1.2929585798451362,13710849.0,,10.9
Senegal,2014,110.0,2444.6482,2853.80456250635,1.793847914771285,-1.820935804257532,14152102.0,,10.7
Senegal,2015,111.0,2468.1968,2994.28032714875,6.445736621820353,1.8050331741299648,14593331.0,,9.6
Senegal,2016,113.0,2524.727,3101.12348494108,6.846925250575553,3.3323668164611298,15034521.0,,8.5
Senegal,2017,115.0,2561.6812,3234.36158194088,7.536048063479805,3.846854810307372,15475002.0,,7.4
Senegal,2018,116.0,2590.4985,3380.21596529445,4.037005468989685,1.0505002671322854,15914498.0,19.1,6.6
Senegal,2019,118.0,2645.7424,3647.95137357242,7.81037019398183,1.907945255299872,16352922.0,,5.6
Senegal,2020,120.0,2717.9307,3752.91947490817,4.798775535796684,3.2093578143502666,16789219.0,,4.7
Senegal,2021,121.0,2736.645,4173.67741399619,5.327511334658119,2.908652467881576,17220867.0,17.9,4.5
Senegal,2022,123.0,2772.088,4530.22059496055,21.40303694760601,14.969853141853294,17651103.0,,4.6
Senegal,2023,124.0,,4777.61451861578,13.71930445162104,7.314490739139157,18077573.0,,
Senegal,2024,,,5110.39969800342,4.999146592803427,0.6545751738545943,18501984.0,,
Serbia,2001,111.0,,6803.49185004108,160.950171079319,123.13579240144249,7503433.0,,3.6
Serbia,2002,111.0,,7562.727250162,43.7113637121104,23.485226334815977,7500031.0,0.4,3.4
Serbia,2003,113.0,,8023.9565828202,14.55881636651062,11.254705435180284,7480591.0,0.9,3.0
Serbia,2004,116.0,,8716.29241022421,14.80895926071919,12.426172799132138,7463157.0,1.2,2.7
Serbia,2005,118.0,,9397.61852791871,19.36382441703315,18.274079206526824,7440769.0,1.6,2.6
Serbia,2006,121.0,3620.466,10465.5630836128,17.334321823328924,13.39686802198402,7411569.0,0.9,2.7
Serbia,2007,122.0,3563.0564,11685.8220481971,14.651861356011375,4.2638259146072,7381579.0,0.6,2.8
Serbia,2008,125.0,3564.3179,13122.5030713165,32.13940007182925,23.3327381708811,7350222.0,0.3,2.8
Serbia,2009,127.0,3606.232,13031.2145239837,12.76771004813353,5.675184292721533,7320807.0,0.6,2.5
Serbia,2010,130.0,3330.8564,13321.5066928033,10.706481073832451,2.666744148524884,7291436.0,0.3,2.5
Serbia,2011,132.0,3391.7214,14298.3237802577,22.88011817294673,14.87310126935521,7236519.0,,2.5
Serbia,2012,133.0,3409.712,14506.1792743387,16.911764911439732,6.989851454346659,7201497.0,7.1,2.5
Serbia,2013,134.0,3471.7458,15246.9891206157,17.95511185001284,7.960243787856136,7166553.0,7.8,2.5
Serbia,2014,135.0,3434.7278,15296.1762770253,2.9217198779083464,-0.889917209337406,7131787.0,8.9,2.5
Serbia,2015,135.0,3494.4358,15550.4859018426,4.754187518555497,1.9613187469425064,7095383.0,8.4,2.5
Serbia,2016,135.0,3492.804,16455.0476182167,1.65775379705142,-0.2941210490123506,7058322.0,8.1,2.5
Serbia,2017,137.0,3519.7239,17285.2170958971,4.550208794739219,3.2885501008648013,7020858.0,6.6,2.5
Serbia,2018,139.0,3586.8425,18468.666104895,2.739725921700553,1.868173345956964,6982604.0,4.2,2.5
Serbia,2019,142.0,3678.8591,20586.9939399294,5.547227026326884,2.568323381173778,6945235.0,2.7,2.5
Serbia,2020,145.0,3747.1152,21013.0399401927,4.419621604000801,2.552921026267569,6899126.0,2.0,2.5
Serbia,2021,147.0,3816.8518,23406.3429959064,12.005786173273547,4.474016486840745,6834326.0,1.7,2.5
Serbia,2022,148.0,3840.8477,26242.3468505296,23.417993719319696,18.69699098280667,6664449.0,2.0,2.5
Serbia,2023,148.0,,28748.3832904482,25.401399650202872,18.50561883237471,6623183.0,,
Serbia,2024,,,31867.3818560432,7.172271676281339,3.318991905513141,6587202.0,,
Seychelles,2001,129.0,,14614.8329926864,9.439371102554215,6.90308601117168,81202.0,,2.6
Seychelles,2002,129.0,,14569.6256457696,2.931541699177332,0.215007842167339,83723.0,,2.7
Seychelles,2003,128.0,,14141.7230046746,7.706096395210782,3.79242696508316,82781.0,,2.6
Seychelles,2004,127.0,,14160.4071686004,8.217974519561167,4.512398556418009,82475.0,,2.6
Seychelles,2005,126.0,,15846.0514029555,2.136536089016561,1.041032374924508,82858.0,,2.6
Seychelles,2006,125.0,,17503.1964981748,1.1903057553842356,-0.4008401419295852,84600.0,0.6,2.6
Seychelles,2007,123.0,,19473.4206754148,24.72700237591623,7.484926872723736,85033.0,,2.8
Seychelles,2008,122.0,,18880.5748562445,69.3346177948887,38.17451258780209,86956.0,,2.6
Seychelles,2009,121.0,,18453.4410730348,66.34255868922932,44.72499239028664,87298.0,,3.2
Seychelles,2010,120.0,2834.2095,18981.6586503443,2.29692477246366,-3.680283668332528,89770.0,,3.8
Seychelles,2011,119.0,2765.81,21780.7075576057,6.151327267617757,4.216719667479862,87441.0,,4.7
Seychelles,2012,118.0,2762.042,22263.822159947,6.684186485567167,5.964767132293956,88303.0,,5.0
Seychelles,2013,119.0,2720.8804,22487.2497747,7.71189145192106,6.750438178345827,89949.0,1.6,4.7
Seychelles,2014,120.0,2736.749,24984.526915426,5.922290124073215,0.5649013474535955,91359.0,,4.5
Seychelles,2015,122.0,2750.7969,25435.2289894362,3.770474291031878,0.4968566575400531,93419.0,,3.9
Seychelles,2016,124.0,2777.7605,28811.3970334958,2.860050787441359,0.0489975568912059,94677.0,,3.4
Seychelles,2017,126.0,2792.3027,30674.6487335442,2.218206438489023,0.3508926308058278,95843.0,,3.0
Seychelles,2018,127.0,2779.55,32091.2988657346,1.948503238700949,-0.0517200334388096,96762.0,0.7,2.7
Seychelles,2019,128.0,2778.345,34219.061370118,2.389444714117684,-0.0125261077508644,97625.0,,2.5
Seychelles,2020,130.0,2791.4626,31055.9442055039,8.16267072444341,2.514396154750632,98462.0,,2.5
Seychelles,2021,131.0,2779.447,29979.8272686091,17.28430067508251,14.641356200865872,99258.0,,2.5
Seychelles,2022,132.0,2749.6492,29972.8758315937,2.909490516932234,1.390584676569785,119878.0,,2.5
Seychelles,2023,134.0,,31780.7838341965,3.103798539168712,-0.8507421996316924,119773.0,,
Seychelles,2024,,,33238.5800343754,0.9282238113335728,-0.5071576461714123,121354.0,,
Sierra Leone,2001,85.0,1826.3457,1121.24259939132,8.057783251994088,7.774682702391076,4692716.0,,50.1
Sierra Leone,2002,85.0,1848.1958,1359.91725413601,7.456920741380624,7.213588733097112,4971435.0,,49.3
Sierra Leone,2003,87.0,1849.6324,1457.80167818792,6.939451354024384,6.728059253351489,5177687.0,72.4,48.8
Sierra Leone,2004,89.0,1862.3605,1541.00571374326,6.489140598871424,6.303787797889011,5355717.0,,48.3
Sierra Leone,2005,93.0,1937.5514,1614.5036211509,6.093711116812428,5.929866649172421,5501712.0,,46.2
Sierra Leone,2006,96.0,2023.4026,1697.69680421278,5.74370822441248,5.597832178249639,5624466.0,,43.3
Sierra Leone,2007,100.0,2066.7898,1769.77972125467,5.409922838989378,3.635404183359651,5749352.0,,41.3
Sierra Leone,2008,103.0,2061.809,1824.24498367556,10.45833452931939,8.50681514409436,5894722.0,,39.9
Sierra Leone,2009,106.0,2096.865,1814.0708691735,8.888003504141384,8.298971524830256,6055646.0,,33.5
Sierra Leone,2010,108.0,2457.4155,1900.38515206703,9.438775123597033,8.600649786086622,6222714.0,,27.1
Sierra Leone,2011,109.0,2476.549,2042.70009101399,8.043694922534517,7.753575760485778,6387251.0,53.7,21.9
Sierra Leone,2012,109.0,2466.8372,2317.1913997528,7.269891305976128,6.70625841339005,6551080.0,,22.2
Sierra Leone,2013,107.0,2454.4856,2700.73807805259,6.13071077982994,5.684305003835692,6714051.0,,23.5
Sierra Leone,2014,107.0,2406.8052,2762.04553745948,5.138775091495562,4.656850244006672,6876385.0,,23.4
Sierra Leone,2015,106.0,2496.86,2560.04985807593,10.754048041062546,8.339615040172921,7037655.0,,24.5
Sierra Leone,2016,106.0,2405.021,2634.9252433025,18.62005940097797,12.498602262933789,7205328.0,,24.9
Sierra Leone,2017,105.0,2442.9995,2501.4531554482,22.27689610931023,19.50505419892511,7379299.0,,26.5
Sierra Leone,2018,105.0,2444.4724,2640.47566787646,20.048644926010752,17.690862582913656,7554563.0,41.5,27.5
Sierra Leone,2019,104.0,2389.49,2705.13854735265,15.910503434091885,8.812593813088673,7731991.0,,28.2
Sierra Leone,2020,104.0,2406.279,2721.34184517493,17.744521647978416,13.84903242155209,7912558.0,,28.2
Sierra Leone,2021,105.0,2439.7646,2851.95208070348,19.58994708296502,17.01991106556744,8094602.0,,28.2
Sierra Leone,2022,107.0,2408.555,3146.79294389687,46.70000021926799,30.113589841551573,8276807.0,,28.4
Sierra Leone,2023,109.0,,3371.34754178798,64.66622228807223,56.44889653028324,8460512.0,,
Sierra Leone,2024,,,3515.56271258888,51.09937006983098,28.925272642952805,8642022.0,,
Singapore,2001,,,43109.0641940157,2.367379796293134,1.289126815067409,4138012.0,,
Singapore,2002,,,45083.2529904573,0.2333241797411567,-0.5014656037582351,4175950.0,,
Singapore,2003,,,48778.2983301244,1.0547816279359743,0.5762718181210703,4114826.0,,
Singapore,2004,,,54383.8062332219,2.776075324748861,2.024969827299361,4166664.0,,
Singapore,2005,,,58821.6934650901,-0.7230003651968242,-1.8353414904425964,4265762.0,,
Singapore,2006,,,64060.5686042424,2.910090144006672,1.9145506697114067,4401365.0,,
Singapore,2007,,,68804.9832153264,8.046762366074445,4.041126655145568,4588599.0,,
Singapore,2008,,,67735.3480852019,11.44616808948804,9.754792641947953,4839396.0,,
Singapore,2009,,,66212.962556152,7.358150469083702,2.548397253034612,4987573.0,,
Singapore,2010,,,75400.5557984177,3.385473608545375,2.323096694803232,5076732.0,,
Singapore,2011,,,80052.3914982651,4.737676936774982,3.5451374300791927,5183688.0,,
Singapore,2012,,,82107.7270892092,4.546571377047326,2.3946738858011627,5312437.0,,
Singapore,2013,,,83088.3185411658,3.371639572260654,2.2372753621374937,5399162.0,,
Singapore,2014,,,84555.2446100826,3.4848143558236178,2.890417941750323,5469724.0,,
Singapore,2015,,,87156.187383315,3.122539381639577,1.247696165814412,5535002.0,,
Singapore,2016,,,89901.8159165036,2.773544492676949,2.3246439674561508,5607283.0,,
Singapore,2017,,,95744.1821600957,1.9588707456029253,1.2930717729171592,5612253.0,,
Singapore,2018,,,103963.36329269,1.7078876126946474,1.3051383865792927,5638676.0,,
Singapore,2019,,,105335.291974111,1.4772932946264472,1.1287789783745208,5703569.0,,
Singapore,2020,,,101518.31798444,4.365148600722968,2.8790473153014347,5685807.0,,
Singapore,2021,,,132617.354020876,2.939136053081004,1.5977986827674282,5453566.0,,
Singapore,2022,,,143094.949896959,7.055170024451596,5.257886234264476,5637022.0,,
Singapore,2023,,,143786.136293013,7.4335020866268975,5.168466442085532,5917648.0,,
Singapore,2024,,,150689.301625826,2.5137343706020943,1.2260850798995266,6036860.0,,
Sint Maarten (Dutch part),2001,,,,,,30726.0,,
Sint Maarten (Dutch part),2002,,,,,,30960.0,,
Sint Maarten (Dutch part),2003,,,,,,31327.0,,
Sint Maarten (Dutch part),2004,,,,,,31690.0,,
Sint Maarten (Dutch part),2005,,,,,,32057.0,,
Sint Maarten (Dutch part),2006,,,,,,32428.0,,
Sint Maarten (Dutch part),2007,,,,,,32791.0,,
Sint Maarten (Dutch part),2008,,,,,,33145.0,,
Sint Maarten (Dutch part),2009,,,36454.0882416339,,,33491.0,,
Sint Maarten (Dutch part),2010,,,37736.4056799196,,,33794.0,,
Sint Maarten (Dutch part),2011,,,39730.5467349267,,,34267.0,,
Sint Maarten (Dutch part),2012,,,35520.5138693527,,,35023.0,,
Sint Maarten (Dutch part),2013,,,36178.1870158544,,,35854.0,,
Sint Maarten (Dutch part),2014,,,43514.2365385271,,,36672.0,,
Sint Maarten (Dutch part),2015,,,44587.5911500766,,,37471.0,,
Sint Maarten (Dutch part),2016,,,44845.106868735,,,38249.0,,
Sint Maarten (Dutch part),2017,,,44479.2967076826,,,38996.0,,
Sint Maarten (Dutch part),2018,,,41653.2008964784,,,39712.0,,
Sint Maarten (Dutch part),2019,,,45715.6970519376,,,40385.0,,
Sint Maarten (Dutch part),2020,,,38901.4867603712,,,41008.0,,
Sint Maarten (Dutch part),2021,,,40507.0672411717,,,41571.0,,
Sint Maarten (Dutch part),2022,,,47005.4692201475,,,42139.0,,
Sint Maarten (Dutch part),2023,,,49826.1146271296,,,42749.0,,
Sint Maarten (Dutch part),2024,,,52084.7924354009,,,43350.0,,
Slovak Republic,2001,,,12368.6582146251,,,5378867.0,,6.2
Slovak Republic,2002,,,13291.7864712556,,,5376912.0,,6.3
Slovak Republic,2003,,,14090.0727870002,,,5373374.0,,6.1
Slovak Republic,2004,,,15167.9255343271,,,5372280.0,0.2,5.9
Slovak Republic,2005,,,16570.2574196157,,,5372807.0,0.3,5.6
Slovak Republic,2006,,,18909.7761670032,,,5373054.0,0.3,5.7
Slovak Republic,2007,,,21233.0373499779,,,5374622.0,0.6,5.5
Slovak Republic,2008,,,23714.1353570991,,,5379233.0,0.5,5.1
Slovak Republic,2009,,,23065.3754765203,,,5386406.0,0.6,4.9
Slovak Republic,2010,,,25384.4911366354,,,5391428.0,0.6,5.2
Slovak Republic,2011,,,26201.6502820886,,,5398384.0,0.6,6.1
Slovak Republic,2012,,,27022.7747321382,,,5407579.0,0.5,5.8
Slovak Republic,2013,,,28075.4326236719,,,5413393.0,0.4,5.6
Slovak Republic,2014,,,29108.072180194,,,5418649.0,0.9,5.7
Slovak Republic,2015,,,30156.0270992722,,,5423801.0,0.8,5.7
Slovak Republic,2016,,,29867.9803390081,,,5430798.0,1.5,5.3
Slovak Republic,2017,,,30245.7825869756,,,5439232.0,0.6,4.1
Slovak Republic,2018,,,31509.8187291635,,,5446771.0,0.5,3.3
Slovak Republic,2019,,,33985.6758419661,,,5454147.0,0.2,2.8
Slovak Republic,2020,,,35327.9439165588,,,5458827.0,0.3,2.8
Slovak Republic,2021,,,38346.0935768177,,,5447247.0,0.3,3.1
Slovak Republic,2022,,,41096.018502098,,,5431752.0,0.7,3.6
Slovak Republic,2023,,,43949.8572125349,,,5426740.0,0.5,
Slovak Republic,2024,,,47180.8487662884,,,5422069.0,,
Slovakia,2001,109.0,2789.4321,,9.532015913983628,6.102963520396604,,,
Slovakia,2002,109.0,2805.3706,,5.034552006021875,1.4712078316956978,,,
Slovakia,2003,109.0,2795.6062,,5.598456365082027,3.398183188126445,,,
Slovakia,2004,110.0,2823.268,,6.9897485630749046,4.810537984032652,,,
Slovakia,2005,110.0,2848.5576,,-0.2626972287359974,-1.3721325561322075,,,
Slovakia,2006,110.0,2843.6184,,2.8906948456508097,1.4305558608616848,,,
Slovakia,2007,110.0,2809.0728,,7.624890172231491,3.987430365501806,,,
Slovakia,2008,111.0,2883.0999,,10.468086116057718,7.710090920051325,,,
Slovakia,2009,112.0,2920.4937,,1.5974438224862997,-3.2218197076073145,,,
Slovakia,2010,111.0,2820.9653,,6.10367938144929,1.6757044879942236,,,
Slovakia,2011,109.0,2809.159,,7.319013205727232,6.059270128645152,,,
Slovakia,2012,110.0,2762.5886,,5.761940329583215,4.198574508110821,,,
Slovakia,2013,110.0,2857.4587,,5.934718203591149,3.5398077654733906,,,
Slovakia,2014,110.0,2831.1729,,0.8403367917062532,-0.7963475774541863,,,
Slovakia,2015,110.0,2736.0493,,0.7868386160938545,-0.2815291439972472,,,
Slovakia,2016,111.0,2855.5405,,-1.294964021459688,-2.7762133522240067,,,
Slovakia,2017,113.0,2882.14,,6.569343012965945,3.979126466760036,,,
Slovakia,2018,115.0,2905.9084,,6.719085618408305,3.917699443625274,,,
Slovakia,2019,117.0,3026.3472,,5.291723510605984,4.00576693542842,,,
Slovakia,2020,118.0,3011.6719,,4.844960434985324,2.5313319368905907,,,
Slovakia,2021,118.0,2975.6313,,5.837075386066903,1.850505683828496,,,
Slovakia,2022,117.0,3075.5967,,28.060605947919505,18.52964952343732,,,
Slovakia,2023,118.0,,,28.149830401958,17.82697948358467,,,
Slovakia,2024,,,,5.04915161368964,2.49268999777017,,,
Slovenia,2001,122.0,3055.485,18765.4481075968,11.269052920020538,9.123494547793106,1992060.0,,2.5
Slovenia,2002,123.0,3078.5696,20004.2990959715,12.14601407759044,7.576563529942175,1994530.0,0.1,2.5
Slovenia,2003,124.0,3110.658,20918.2432608605,5.911545759743109,4.466279077223928,1995733.0,0.0,2.5
Slovenia,2004,123.0,3160.3,22590.7921299544,4.744992186390107,0.5384609193456272,1997012.0,0.1,2.5
Slovenia,2005,123.0,3075.7444,23682.3710849153,0.7002801120448154,-0.9914394163571778,2000474.0,0.1,2.5
Slovenia,2006,123.0,3129.1648,25576.5193167046,4.209634129114259,2.297461732700243,2006868.0,0.1,2.5
Slovenia,2007,124.0,3152.1145,27469.0412988567,13.336969862266468,8.005256297821417,2018122.0,0.0,2.5
Slovenia,2008,125.0,3166.7688,29460.9414243515,14.476998541694265,10.142931101430564,2021316.0,0.0,2.5
Slovenia,2009,126.0,3192.1025,27214.4653147546,3.3802491924319167,0.4989825583239136,2039669.0,0.0,2.5
Slovenia,2010,127.0,3240.9236,27582.4977417186,2.633402633402637,0.7200586499629948,2048583.0,0.0,2.5
Slovenia,2011,128.0,3231.0078,28715.6339954963,6.202161188653754,4.386779895316942,2052843.0,0.0,2.5
Slovenia,2012,128.0,3221.4314,28786.7105517686,4.718930085897588,4.106465767466244,2057159.0,0.0,2.5
Slovenia,2013,128.0,3231.2244,29634.0657611471,5.181402276837965,3.604573467678955,2059953.0,0.0,2.5
Slovenia,2014,128.0,3262.483,30571.9753019832,1.6993728504956618,-0.2990925377630858,2061980.0,0.0,2.5
Slovenia,2015,128.0,3229.9229,31344.6289743058,1.791530944625408,0.8371948447149521,2063531.0,0.0,2.5
Slovenia,2016,128.0,3227.7217,33575.1775435757,2.150321543408351,0.921053379329755,2065042.0,0.0,2.5
Slovenia,2017,128.0,3259.5698,36180.0384547624,3.626164479615346,2.22783954680398,2066388.0,0.0,2.5
Slovenia,2018,128.0,3250.1123,38620.2045436305,3.6651272477154384,2.677594760588624,2073894.0,0.0,2.5
Slovenia,2019,126.0,3192.7998,42373.2506369279,3.2584806497850005,1.6033960730191736,2088385.0,0.0,2.5
Slovenia,2020,125.0,3150.4617,41767.2579899957,5.092898236348198,3.5238711693930704,2102419.0,0.0,2.5
Slovenia,2021,124.0,3092.9119,45914.0572392406,3.8754008245533536,-0.1828134239800827,2108079.0,0.0,2.5
Slovenia,2022,124.0,3100.331,51079.1780691932,18.98460707534433,12.222883919279818,2112076.0,0.0,2.5
Slovenia,2023,124.0,,53952.2047300024,19.29092805005215,12.363254926527649,2120461.0,0.0,
Slovenia,2024,,,56530.6296825064,3.2269813519813617,1.3989320687437727,2126324.0,,
Solomon Islands,2001,112.0,2185.4355,1387.20798003649,11.975108528039158,7.75770575462861,449125.0,,12.6
Solomon Islands,2002,112.0,2273.486,1343.75089557771,18.27047918377822,11.283030511636523,457671.0,,12.5
Solomon Islands,2003,113.0,2304.7983,1433.10771425603,17.607299648090844,11.354196859795112,466154.0,,12.0
Solomon Islands,2004,113.0,2317.8977,1556.47840877749,8.554278704093843,7.485226949479654,474611.0,,12.1
Solomon Islands,2005,113.0,2356.2131,1693.18184242099,12.79473909729454,7.955289443613509,483080.0,62.2,12.0
Solomon Islands,2006,113.0,2404.9902,1786.14644129908,16.370499349048107,12.962783845467657,491594.0,,12.2
Solomon Islands,2007,113.0,2380.4802,1868.76107138573,13.951518779351568,5.979667248102401,500156.0,,12.1
Solomon Islands,2008,113.0,2456.5942,1989.02116043348,35.856250891905894,24.003639298417344,508790.0,,12.7
Solomon Islands,2009,113.0,2438.0874,2021.45914608512,31.587638818636886,12.873590744366368,518141.0,,13.1
Solomon Islands,2010,112.0,2464.472,2182.21600810863,1.8347446235528864,-2.564242886495107,532968.0,,14.2
Solomon Islands,2011,112.0,2424.8167,2306.27506664892,9.334699977601058,4.849828260646351,552945.0,,15.5
Solomon Islands,2012,110.0,2367.314,2320.44909027766,9.826229511173734,4.441773717445343,573606.0,40.3,17.1
Solomon Islands,2013,109.0,2313.2036,2394.47003981955,5.985779296845539,2.630818752373113,594945.0,,18.5
Solomon Islands,2014,108.0,2284.9592,2377.38053088977,6.556888465286703,3.041110127879256,616908.0,,18.7
Solomon Islands,2015,109.0,2289.9377,2353.78728249487,3.299203950293617,-2.703065453136866,639415.0,,18.3
Solomon Islands,2016,109.0,2270.933,2421.19012038762,8.045336374284084,0.6273699886405675,662379.0,,17.7
Solomon Islands,2017,110.0,2267.5554,2454.0442235333,1.440403419651548,-0.6496052831024234,685672.0,,17.5
Solomon Islands,2018,110.0,2243.783,2493.97769162709,4.721815206351065,2.22092286890086,709101.0,,17.5
Solomon Islands,2019,109.0,2225.7012,2511.99788728473,2.492522510140716,-0.4225554951518273,728147.0,,18.4
Solomon Islands,2020,107.0,2183.858,2405.30256166037,5.499999965043001,1.3611261268227934,744498.0,,19.4
Solomon Islands,2021,105.0,2145.3704,2518.42162368541,3.2753324678611806,-2.996205320707177,762591.0,,19.9
Solomon Islands,2022,105.0,2138.691,2697.4404319711,12.600805784793856,9.18114932852537,781066.0,,19.4
Solomon Islands,2023,107.0,,2800.82371820652,12.641814791207718,5.845092757743648,800005.0,,
Solomon Islands,2024,,,2872.47876193859,6.607929713122052,3.379073846588639,819198.0,,
Somalia,2001,72.0,,491.527329981969,25.475017179092685,15.927445456167076,9198493.0,,70.2
Somalia,2002,72.0,,517.475206104713,22.408581035529185,13.126530977156976,9550063.0,,70.2
Somalia,2003,72.0,,547.37415477772,20.001048313333403,11.776066905427,9909157.0,,70.1
Somalia,2004,72.0,,580.28495553937,18.060648264542944,10.477422510484264,10280998.0,,70.0
Somalia,2005,72.0,,619.158298420467,16.463448535112057,9.634540607459927,10644228.0,,70.0
Somalia,2006,72.0,,659.137580504202,15.12579369345075,8.890315293154506,10975502.0,,70.0
Somalia,2007,72.0,,700.174057965459,13.989173391525256,8.03948826048165,11322582.0,,70.0
Somalia,2008,72.0,,739.209469334926,13.011435703320084,7.614060503954956,11663084.0,,70.1
Somalia,2009,71.0,,773.780862193039,12.16144411921758,7.0691117847175855,11961201.0,,71.3
Somalia,2010,71.0,1489.9331,815.131435995058,11.415693766282132,6.822374279256894,12261756.0,,71.4
Somalia,2011,71.0,1544.9783,881.38311305094,10.756120489657084,6.492108986019642,12348830.0,,70.2
Somalia,2012,74.0,1613.0687,1002.9322657147,9.641940775997403,5.846943835300741,12461160.0,,66.5
Somalia,2013,76.0,1662.7865,944.404567280324,9.16714832968488,5.252252017182069,12869594.0,,62.6
Somalia,2014,77.0,1706.9296,1127.71922200338,8.736922316259177,5.084373415601873,13339491.0,,60.8
Somalia,2015,77.0,1679.9545,1341.38999678728,9.63140683639272,4.194110809426449,13806963.0,,60.0
Somalia,2016,78.0,1683.0785,1468.50438474605,3.841467034985291,0.8816318895812959,14348740.0,,59.5
Somalia,2017,78.0,1722.7756,1596.81409178022,8.428881710071945,4.656606417159966,14916629.0,,58.3
Somalia,2018,80.0,1724.1085,1551.61461389838,11.16346284973746,7.661831753012936,15452487.0,,55.5
Somalia,2019,81.0,1789.8273,1548.09792808184,10.560651833208222,6.143426631177433,16030971.0,,53.3
Somalia,2020,83.0,1819.0105,1454.33348080341,10.84437845018995,2.058208824957847,16651191.0,,51.1
Somalia,2021,83.0,1812.4077,1392.46425983265,7.418026864539184,2.80481423573624,17271431.0,,50.7
Somalia,2022,83.0,1812.4296,1486.75765710824,17.533271191394206,13.94211054411439,17801897.0,,51.3
Somalia,2023,82.0,,1556.52308834052,6.723151630185797,0.833157695662932,18358615.0,,
Somalia,2024,,,1600.76362114264,0.6052839260971554,-1.17568476042265,19009151.0,,
South Africa,2001,122.0,2783.3972,8428.31681707531,11.42001609460266,5.371809444011828,47566800.0,,3.7
South Africa,2002,123.0,2795.168,8792.35588574265,21.8209958355406,17.334486360545473,48019415.0,,3.6
South Africa,2003,123.0,2830.4805,9138.82823855017,17.388481261494192,8.426041452637895,48500348.0,,3.6
South Africa,2004,124.0,2853.6797,9713.65348468834,2.4212803897695645,1.4256930126647915,48991421.0,,3.4
South Africa,2005,124.0,2877.139,10440.6275147132,3.4478058952969404,1.689938364936966,49490033.0,42.1,3.4
South Africa,2006,123.0,2863.8174,11250.179555872,8.34339605006642,5.949540983526471,49998277.0,,3.5
South Africa,2007,123.0,2866.512,12046.6051072501,13.1190109270102,9.95581996290849,50528584.0,,3.6
South Africa,2008,123.0,2875.5134,12525.2630299811,17.64075127011473,15.61529410566949,51114599.0,30.3,3.6
South Africa,2009,122.0,2888.4075,12261.4115911303,15.962440970128178,9.570964188320072,51728516.0,,4.1
South Africa,2010,121.0,2834.5847,12637.2912226018,2.024291088167152,1.2031812105986972,52344051.0,29.5,4.6
South Africa,2011,120.0,2839.479,13143.1933361097,11.19842909227453,7.081783508059711,52995205.0,,5.1
South Africa,2012,120.0,2859.7043,12986.7976675307,10.172745141294223,7.191117871108264,53782567.0,,5.2
South Africa,2013,119.0,2836.1128,13369.4382039605,7.368421078282572,5.666035862072558,54678791.0,,5.5
South Africa,2014,118.0,2801.0645,13358.9417186608,9.719933791128366,8.000521336806356,55594838.0,31.2,6.3
South Africa,2015,118.0,2765.6355,13397.5234813346,6.408345280600658,4.981423634619691,56723537.0,,6.5
South Africa,2016,118.0,2778.3113,13519.3235102376,12.78409030934009,11.629826384081673,57259551.0,,6.3
South Africa,2017,119.0,2797.6367,13738.4385854596,12.534435278837396,6.902635374201412,57635162.0,,5.7
South Africa,2018,119.0,2784.3372,13347.3634826038,3.916768913481805,3.1499375676695287,58613001.0,,5.7
South Africa,2019,117.0,2756.2651,13361.4851289112,4.215456325945,3.548025700549989,59587885.0,,6.2
South Africa,2020,115.0,2734.8718,12671.0862436851,5.9151787928890975,4.38509963294777,60562381.0,,6.9
South Africa,2021,114.0,2677.2603,13711.2935730474,6.825568775389135,6.098591483896002,61502603.0,,7.7
South Africa,2022,113.0,2651.0393,14759.4350715619,12.499999565937348,9.250416346172452,62378410.0,,8.1
South Africa,2023,113.0,,15194.1991759502,14.04878070859068,10.904351323612865,63212384.0,,
South Africa,2024,,,15457.4891449518,7.24258316302675,4.713374163701446,64007187.0,,
South Korea,2001,,3025.3008,,,,,,
South Korea,2002,,3022.0417,,,,,,
South Korea,2003,,2999.6306,,,,,,
South Korea,2004,,3039.7983,,,,,,
South Korea,2005,,3048.931,,,,,,
South Korea,2006,,3066.602,,,,,,
South Korea,2007,,3099.5737,,,,,,
South Korea,2008,,3154.8057,,,,,,
South Korea,2009,,3177.817,,,,,,
South Korea,2010,,3330.5725,,,,,,
South Korea,2011,,3335.2852,,,,,,
South Korea,2012,,3290.1035,,,,,,
South Korea,2013,,3295.5703,,,,,,
South Korea,2014,,3328.5298,,,,,,
South Korea,2015,,3326.0342,,,,,,
South Korea,2016,,3326.3474,,,,,,
South Korea,2017,,3379.2944,,,,,,
South Korea,2018,,3389.1013,,,,,,
South Korea,2019,,3384.2607,,,,,,
South Korea,2020,,3377.0518,,,,,,
South Korea,2021,,3411.6482,,,,,,
South Korea,2022,,3444.1628,,,,,,
South Sudan,2001,,,,,,6308391.0,,
South Sudan,2002,,,,,,6596806.0,,
South Sudan,2003,,,,,,6903127.0,,
South Sudan,2004,,,,,,7233041.0,,
South Sudan,2005,,,,,,7590143.0,,
South Sudan,2006,,,,,,7976526.0,,
South Sudan,2007,,,,,,8388788.0,,
South Sudan,2008,,,2887.37415932878,,,8817647.0,,
South Sudan,2009,,,2911.0429729878,11.518231377203648,5.159317466733488,9243556.0,44.9,
South Sudan,2010,,,2948.0500149385,19.934731357880487,0.7427908633886594,9745953.0,,
South Sudan,2011,,,2718.04847850752,87.24922770445052,52.599745434642976,10288109.0,,
South Sudan,2012,,,1417.38566439045,99.5217577330864,46.481479167075314,10756240.0,,
South Sudan,2013,,,1916.8535588619,33.315057687961215,-1.9244056829599268,11166275.0,,
South Sudan,2014,,,1372.75618491146,21.93239165865988,2.758442156949091,11235073.0,,
South Sudan,2015,,,1154.88686304107,130.03185840057304,60.00481082937088,11107561.0,,
South Sudan,2016,,,,513.1707456152005,348.6136712371131,10830102.0,76.5,
South Sudan,2017,,,,477.97063453265656,236.95245396870484,10259154.0,,
South Sudan,2018,,,,165.38203747975442,75.56214566453495,10122977.0,,
South Sudan,2019,,2346.8357,,188.50670384088895,109.36250553308206,10423384.0,,
South Sudan,2020,106.0,2355.5442,,65.83465157366548,25.876361892371666,10698467.0,,19.6
South Sudan,2021,107.0,2387.4766,,41.953464203560166,22.4492238885762,10865780.0,,19.3
South Sudan,2022,107.0,2391.074,,2.3030786786512047,-8.804562945998315,11021177.0,,19.6
South Sudan,2023,106.0,,,150.8564665554216,40.37070647021113,11483374.0,,
South Sudan,2024,,,,368.3717252353964,207.7695911647609,11943408.0,,
Spain,2001,132.0,3292.5286,22954.8204911252,6.848098738273545,5.902162744338578,40850412.0,,2.5
Spain,2002,131.0,3326.1223,24377.8417076394,5.40533006837165,4.962558766291823,41431558.0,,2.5
Spain,2003,130.0,3258.9514,25060.5153765741,4.85582862417222,4.0996472451641806,42187645.0,0.9,2.5
Spain,2004,128.0,3206.6165,26163.3046245452,4.748022204043156,3.873990764740167,42921895.0,1.0,2.5
Spain,2005,127.0,3178.1094,27629.7077024966,4.167402382976992,3.158752140264089,43653155.0,0.9,2.5
Spain,2006,127.0,3179.5325,30755.2987888646,4.782934329257493,4.114714849032976,44397319.0,0.9,2.5
Spain,2007,127.0,3162.6348,32537.3435402735,6.620508511531997,3.683196675499104,45226803.0,0.6,2.5
Spain,2008,126.0,3139.1667,33349.942580613,7.2012277136572544,5.912248798515893,45954106.0,0.6,2.5
Spain,2009,127.0,3144.441,32201.4773527814,1.8672643599162209,-1.0403585593773663,46362946.0,0.9,2.5
Spain,2010,128.0,3181.8904,31808.2179879539,0.7113125504138118,-0.8264457442314882,46576897.0,0.7,2.5
Spain,2011,128.0,3201.4238,32015.5752000401,2.5217526094271747,2.0525953153099223,46742697.0,1.3,2.5
Spain,2012,129.0,3196.2927,31869.7839822219,3.0279272647347755,2.326119153049311,46773055.0,1.0,2.5
Spain,2013,128.0,3220.0076,32613.6891811474,4.416454221084143,2.792662107919497,46604197.0,1.3,2.5
Spain,2014,129.0,3175.6582,33760.9555646369,1.1869204878224515,-0.3411027976356979,46460733.0,0.9,2.5
Spain,2015,130.0,3203.251,35238.0691376424,1.869313430509223,1.1752597808445306,46422303.0,1.1,2.5
Spain,2016,131.0,3281.2417,37612.7188681342,2.5347298581470445,1.4042115605996903,46458139.0,1.3,2.5
Spain,2017,133.0,3299.157,39825.2498116292,2.3443943694008373,1.2316005761255595,46571232.0,0.8,2.5
Spain,2018,134.0,3347.731,41015.1565755187,2.5008322479641354,1.647701944424233,46782011.0,1.0,2.5
Spain,2019,135.0,3350.626,44042.757577336,1.669929664943881,1.033927464537861,47118501.0,0.9,2.5
Spain,2020,135.0,3354.5723,39327.8479269599,3.9760017881131695,2.3583543716531525,47359424.0,1.1,2.5
Spain,2021,134.0,3383.3179,44251.6658222621,4.9505859078418535,1.8482515569055968,47443821.0,0.7,2.5
Spain,2022,134.0,3356.253,50468.0966924829,15.685645782338751,11.607156022863968,47786102.0,0.8,2.5
Spain,2023,134.0,,53229.922021795,16.635397837342225,11.782991452339422,48347910.0,0.8,
Spain,2024,,,56926.2399029671,7.44531276354452,3.598803608371337,48807137.0,,
Sri Lanka,2001,102.0,2288.283,4328.19141111828,20.89773935997892,17.808504683746413,19600362.0,,16.6
Sri Lanka,2002,103.0,2266.8867,4522.32769639267,14.280609755725404,11.916708738141766,19805752.0,20.7,16.0
Sri Lanka,2003,103.0,2277.5037,4849.86023449652,17.080105659061328,7.947187724750819,19951521.0,,15.7
Sri Lanka,2004,104.0,2307.135,5215.88024436225,17.30826682393016,9.486068283278792,20087605.0,,15.1
Sri Lanka,2005,104.0,2319.1343,5678.746477775,19.4781229670131,14.708518225853137,20216524.0,,14.1
Sri Lanka,2006,105.0,2350.9685,6260.67990153689,16.874755573236968,12.471294321483612,20352411.0,12.2,13.4
Sri Lanka,2007,106.0,2360.842,6820.39310022152,24.40396370447196,19.837220696916223,20492545.0,,12.0
Sri Lanka,2008,108.0,2421.9944,7316.58626509646,36.269709840055576,28.74758003088792,20629378.0,,11.0
Sri Lanka,2009,108.0,2429.7856,7575.5798872358,13.049382624591765,4.432240533869954,20756435.0,7.8,10.2
Sri Lanka,2010,107.0,2463.4075,8233.6266381136,9.39554661718114,7.739972207201821,20879089.0,,10.5
Sri Lanka,2011,107.0,2448.8313,9075.54549583927,10.99155600622066,8.382424950740038,21009048.0,,10.1
Sri Lanka,2012,108.0,2512.919,10249.1670637487,12.344038848162398,9.38617042296989,21169458.0,6.4,9.3
Sri Lanka,2013,110.0,2525.3044,11252.6311492148,12.275425450486054,8.64535314548266,20585000.0,,7.9
Sri Lanka,2014,117.0,2556.4688,11720.5978114201,11.799039449842684,5.202119422306293,20778000.0,,6.6
Sri Lanka,2015,120.0,2642.1895,12227.1714849513,18.444665959102743,5.3647443945539175,20970000.0,,5.2
Sri Lanka,2016,121.0,2695.9683,13078.5605089072,7.594936936788055,3.143000477134952,21209000.0,3.8,4.3
Sri Lanka,2017,117.0,2682.9954,13610.4723136618,15.703192931908427,11.346956176458926,21453000.0,,4.0
Sri Lanka,2018,117.0,2688.7837,14178.0225361887,8.98598499157146,-0.1060982317505501,21670000.0,,4.2
Sri Lanka,2019,123.0,2669.4988,14112.952504221,8.644860541879872,0.7031452604143098,21803000.0,2.7,4.0
Sri Lanka,2020,125.0,2731.665,12940.9043295749,16.273392614953263,12.255391068181646,21919000.0,,3.8
Sri Lanka,2021,123.0,2743.35,14316.1352225683,21.480987300264133,11.12894026699306,22156000.0,,3.8
Sri Lanka,2022,118.0,2678.9468,14193.6546217446,85.06387475206299,59.82508182153552,22181000.0,,4.1
Sri Lanka,2023,114.0,,14455.6544414734,53.5620052723939,14.33633520970208,22037000.0,,
Sri Lanka,2024,,,15632.5924849848,5.017920816528099,2.145902559834117,21916000.0,,
St. Kitts and Nevis,2001,,,16235.424658459,,,45761.0,,
St. Kitts and Nevis,2002,,,16619.1655126465,,,46020.0,,
St. Kitts and Nevis,2003,,,16225.6744091063,,,46176.0,,
St. Kitts and Nevis,2004,,,17275.8639872488,,,46315.0,,
St. Kitts and Nevis,2005,,,19500.3236562848,,,46437.0,,
St. Kitts and Nevis,2006,,,20676.1880812828,,,46569.0,,
St. Kitts and Nevis,2007,,,21301.2400258064,,,46706.0,,
St. Kitts and Nevis,2008,,,24102.1993843646,,,46835.0,,
St. Kitts and Nevis,2009,,,23384.7350983217,,,46916.0,,
St. Kitts and Nevis,2010,,,23691.4477936151,,,46846.0,,
St. Kitts and Nevis,2011,,,24550.1651914562,,,46886.0,,
St. Kitts and Nevis,2012,,,23457.8938878076,,,47033.0,,
St. Kitts and Nevis,2013,,,24624.4362309063,,,47069.0,,
St. Kitts and Nevis,2014,,,26755.5969780771,,,47089.0,,
St. Kitts and Nevis,2015,,,26877.4665031101,,,47087.0,,
St. Kitts and Nevis,2016,,,28214.709934443,,,47075.0,,
St. Kitts and Nevis,2017,,,29578.6311625727,,,47050.0,,
St. Kitts and Nevis,2018,,,30794.8986482634,,,47008.0,,
St. Kitts and Nevis,2019,,,32482.094417215,,,46952.0,,
St. Kitts and Nevis,2020,,,27326.036057423,,,46870.0,,
St. Kitts and Nevis,2021,,,26896.6177065978,,,46763.0,,
St. Kitts and Nevis,2022,,,31831.0458107983,,,46709.0,,
St. Kitts and Nevis,2023,,,34367.8026558315,,,46758.0,,
St. Kitts and Nevis,2024,,,35544.807538702,,,46843.0,,
St. Lucia,2001,,,9105.82558991748,,,160237.0,,
St. Lucia,2002,,,9205.18416345914,,,161641.0,,
St. Lucia,2003,,,9707.06818918422,,,162976.0,,
St. Lucia,2004,,,10610.2966894155,,,164239.0,,
St. Lucia,2005,,,10818.3104254683,,,165450.0,,
St. Lucia,2006,,,11758.3194729541,,,166639.0,,
St. Lucia,2007,,,12199.2581150973,,,167758.0,,
St. Lucia,2008,,,12968.5457267147,,,168808.0,,
St. Lucia,2009,,,12600.2078976135,,,169869.0,,
St. Lucia,2010,,,12717.7865966902,,,170906.0,,
St. Lucia,2011,,,13471.2666355799,,,171801.0,,
St. Lucia,2012,,,13443.4262512467,,,172587.0,,
St. Lucia,2013,,,14009.9844560139,,,173369.0,,
St. Lucia,2014,,,14403.0832732506,,,174138.0,,
St. Lucia,2015,,,14353.2224845845,,,174905.0,0.1,
St. Lucia,2016,,,15306.7258058706,,,175646.0,,
St. Lucia,2017,,,16130.9721097011,,,176342.0,,
St. Lucia,2018,,,17433.3010328737,,,177017.0,,
St. Lucia,2019,,,18709.9110670935,,,177661.0,,
St. Lucia,2020,,,14912.159584235,,,178250.0,,
St. Lucia,2021,,,19101.1652956675,,,178522.0,,
St. Lucia,2022,,,24599.3733001067,,,178781.0,,
St. Lucia,2023,,,25974.5092925263,,,179285.0,,
St. Lucia,2024,,,27567.3280779839,,,179744.0,,
St. Martin (French part),2001,,,,,,30803.0,,
St. Martin (French part),2002,,,,,,31604.0,,
St. Martin (French part),2003,,,,,,32395.0,,
St. Martin (French part),2004,,,,,,33171.0,,
St. Martin (French part),2005,,,,,,33928.0,,
St. Martin (French part),2006,,,,,,34658.0,,
St. Martin (French part),2007,,,,,,35337.0,,
St. Martin (French part),2008,,,,,,35958.0,,
St. Martin (French part),2009,,,,,,36502.0,,
St. Martin (French part),2010,,,,,,36856.0,,
St. Martin (French part),2011,,,,,,37069.0,,
St. Martin (French part),2012,,,,,,37276.0,,
St. Martin (French part),2013,,,,,,37419.0,,
St. Martin (French part),2014,,,,,,37450.0,,
St. Martin (French part),2015,,,,,,37369.0,,
St. Martin (French part),2016,,,,,,37175.0,,
St. Martin (French part),2017,,,,,,36837.0,,
St. Martin (French part),2018,,,,,,36012.0,,
St. Martin (French part),2019,,,,,,34267.0,,
St. Martin (French part),2020,,,,,,31786.0,,
St. Martin (French part),2021,,,,,,29961.0,,
St. Martin (French part),2022,,,,,,28870.0,,
St. Martin (French part),2023,,,,,,27515.0,,
St. Martin (French part),2024,,,,,,26129.0,,
St. Vincent and the Grenadines,2001,,,6768.19370783579,,,113501.0,,13.8
St. Vincent and the Grenadines,2002,,,7250.39274413097,,,113347.0,,12.2
St. Vincent and the Grenadines,2003,,,7902.6273088372,,,113141.0,,9.8
St. Vincent and the Grenadines,2004,,,8471.96246265832,,,112835.0,,9.0
St. Vincent and the Grenadines,2005,,,8985.69686082526,,,112450.0,,8.2
St. Vincent and the Grenadines,2006,,,9949.48938765633,,,112014.0,,7.5
St. Vincent and the Grenadines,2007,,,10604.3480236579,,,111531.0,,7.0
St. Vincent and the Grenadines,2008,,,10901.5648744568,,,111028.0,,6.6
St. Vincent and the Grenadines,2009,,,10868.5350934105,,,110508.0,,6.3
St. Vincent and the Grenadines,2010,,,10561.308030596,,,109959.0,,6.0
St. Vincent and the Grenadines,2011,,,10773.6144742571,,,109349.0,,5.7
St. Vincent and the Grenadines,2012,,,10988.5026140095,,,108736.0,,5.5
St. Vincent and the Grenadines,2013,,,11624.8625142076,,,108135.0,,5.3
St. Vincent and the Grenadines,2014,,,12135.5830510291,,,107535.0,,5.1
St. Vincent and the Grenadines,2015,,,12378.842727428,,,106960.0,,5.2
St. Vincent and the Grenadines,2016,,,13493.4773120997,,,106349.0,,5.2
St. Vincent and the Grenadines,2017,,,13575.4319769513,,,105663.0,,5.5
St. Vincent and the Grenadines,2018,,,14689.8500710886,,,104926.0,,5.6
St. Vincent and the Grenadines,2019,,,15339.5560281064,,,104167.0,,5.9
St. Vincent and the Grenadines,2020,,,15336.5987771764,,,103526.0,,6.1
St. Vincent and the Grenadines,2021,,,16200.8994597845,,,102841.0,,5.8
St. Vincent and the Grenadines,2022,,,18035.273292812,,,102046.0,,4.8
St. Vincent and the Grenadines,2023,,,19819.869034679,,,101323.0,,
St. Vincent and the Grenadines,2024,,,21272.0800673662,,,100616.0,,
Sudan,2001,,,2769.4228515625,,,28516770.0,,
Sudan,2002,,,2898.138671875,,,29228727.0,,
Sudan,2003,,,3058.10375976563,,,29896035.0,,
Sudan,2004,,,3215.236328125,,,30556637.0,,
Sudan,2005,,,3407.35180664063,,,31262444.0,,
Sudan,2006,,,3637.32666015625,,,31992435.0,,
Sudan,2007,,,3836.48901367188,,,32764135.0,,
Sudan,2008,,,3937.52685546875,,,33623980.0,,
Sudan,2009,,,3731.61474609375,16.744473323132603,12.227183647284567,34569113.0,13.1,
Sudan,2010,,,3805.62744140625,19.71446569026105,15.847429394917452,35414399.0,,
Sudan,2011,,,4112.21875,25.214875109283486,20.393322407216385,36140806.0,,
Sudan,2012,,2465.83,3710.376953125,50.331602951180464,38.254828638280514,36923178.0,,
Sudan,2013,120.0,2522.483,3724.9599609375,46.39817863679014,31.76263008401181,37785849.0,,9.2
Sudan,2014,121.0,2532.1704,4260.57177734375,41.81059295819571,30.89419661781644,38823318.0,10.1,8.8
Sudan,2015,120.0,2514.7083,4217.01025390625,24.868095791895307,14.58777156589924,40024431.0,,9.2
Sudan,2016,118.0,2488.7947,4470.35498046875,26.64675227479394,13.653995721295937,41259892.0,,10.0
Sudan,2017,117.0,2436.1912,4252.42138671875,41.43592795451356,34.92217379972524,42714306.0,,10.5
Sudan,2018,116.0,2454.267,4199.25048828125,87.20624878954668,69.24970735468673,44230596.0,,10.9
Sudan,2019,117.0,2441.7378,3914.2255859375,70.092538125364,62.68204309450752,45548175.0,,10.8
Sudan,2020,117.0,2488.9453,3348.57836914063,206.46609986948795,140.41078945466285,46789231.0,,11.1
Sudan,2021,118.0,2493.449,3248.9755859375,272.5854790564744,235.92947520899705,48066924.0,,11.0
Sudan,2022,,2513.4753,3355.37817382813,154.8679830596269,102.75699047479031,49383346.0,,11.4
Sudan,2023,,,2420.65795898438,60.9829144320825,49.0861724508543,50042791.0,,
Sudan,2024,,,2127.400390625,134.41410132514432,107.65879769197302,50448963.0,,
Suriname,2001,108.0,2436.13,7865.10262346231,90.03522899993635,50.22912869290251,486560.0,,11.1
Suriname,2002,108.0,2471.6956,8045.7598267146,31.78408147290781,17.20643114743639,496551.0,,11.0
Suriname,2003,110.0,2460.8635,8551.63742854977,40.24920152912335,26.720062083897584,506414.0,,10.4
Suriname,2004,111.0,2452.8748,9388.81890796976,16.066288956048467,11.1616254470511,513923.0,,9.8
Suriname,2005,112.0,2516.7478,10013.9196135296,19.52762188406092,13.291935947818963,519313.0,,9.2
Suriname,2006,113.0,2531.7188,10802.5481845432,10.415410958663983,5.002144037683407,524997.0,,8.3
Suriname,2007,113.0,2564.2812,11530.1565508683,16.786702635897054,8.410911699680165,531016.0,,8.4
Suriname,2008,114.0,2535.449,12097.3491165234,28.92682906982193,24.60845037239997,537245.0,,7.9
Suriname,2009,114.0,2617.315,12392.9333583436,18.127854002699785,-0.3202803986916256,543568.0,,7.8
Suriname,2010,114.0,2667.2605,13039.4491198099,16.97341520900384,8.854083992691038,549923.0,,7.9
Suriname,2011,113.0,2620.514,13926.2226223035,26.31068032888013,16.857190490321553,556269.0,,8.4
Suriname,2012,113.0,2645.4377,15184.9254680409,10.535117074550971,4.723855231782253,562633.0,,8.4
Suriname,2013,114.0,2676.37,16172.6961959961,5.612999287406573,2.290588759034008,569020.0,,8.1
Suriname,2014,113.0,2678.5693,16597.5853539637,8.651766661334248,4.254794921395019,575373.0,,8.4
Suriname,2015,112.0,2627.1162,16543.5743051372,11.896430553191609,9.002548045115693,581627.0,,9.1
Suriname,2016,111.0,2610.6167,14475.3069644921,80.29417162171117,51.50530691092786,587757.0,,9.8
Suriname,2017,111.0,2609.1655,17567.6802396432,70.113251488307,33.00771441721669,593713.0,,9.8
Suriname,2018,112.0,2634.914,17855.4787141437,13.338473507059655,9.330028253265665,599513.0,,9.4
Suriname,2019,112.0,2669.9114,19771.5473885151,6.305688582701774,5.300853129594081,605768.0,,9.1
Suriname,2020,112.0,2651.0732,16946.8942361914,66.8316830060309,43.00718777080392,612317.0,,9.3
Suriname,2021,111.0,2613.842,18458.234999681,68.52418868833716,61.1628735139014,617896.0,,9.8
Suriname,2022,110.0,2630.2493,20078.836554595,68.46428576185187,52.97392816489442,623164.0,2.2,10.1
Suriname,2023,110.0,,21135.5456365134,72.63259388525066,58.8721006694173,628886.0,,
Suriname,2024,,,22066.7320723321,28.86062097678721,9.140107881317244,634431.0,,
Sweden,2001,123.0,3121.1843,29949.2154477421,4.740787019549364,2.870560583405255,8895960.0,0.2,2.5
Sweden,2002,123.0,3128.0698,30987.2674908129,6.987694914658649,3.276610082415251,8924958.0,0.0,2.5
Sweden,2003,123.0,3118.269,31791.5777659451,1.2338475894473344,0.3226076992194053,8958229.0,0.4,2.5
Sweden,2004,122.0,3142.5195,33809.3854968014,0.8303288598690894,-0.4331331079796237,8993531.0,0.5,2.5
Sweden,2005,122.0,3122.079,34198.3864576781,1.141286563537225,-0.6854260627015921,9029572.0,1.1,2.5
Sweden,2006,121.0,3094.1902,37679.7205412732,2.2065346776589445,0.7719763065121427,9080505.0,0.4,2.5
Sweden,2007,122.0,3092.6196,40814.2916498067,4.789296870829896,2.0292845701018787,9148092.0,0.5,2.5
Sweden,2008,122.0,3133.1218,41906.6990173542,8.018653366439166,6.913456763475391,9219637.0,0.7,2.5
Sweden,2009,124.0,3129.786,40073.1481544863,5.450265058941839,2.90965213561624,9298515.0,0.5,2.5
Sweden,2010,125.0,3206.655,41956.1290051562,2.653548539470285,1.449772025502144,9378126.0,0.6,2.5
Sweden,2011,127.0,3224.033,44332.5217389078,1.8936605333373049,1.2794600186926686,9449213.0,0.7,2.5
Sweden,2012,127.0,3232.9028,45206.9864434727,2.50443944470522,1.485180594552249,9519374.0,0.5,2.5
Sweden,2013,127.0,3232.9365,46098.2321368832,3.041539946519678,2.2098774070373026,9600379.0,0.7,2.5
Sweden,2014,127.0,3257.98,46841.4019746739,1.4545075994127243,0.3735768940257455,9696110.0,0.5,2.5
Sweden,2015,127.0,3230.0535,48785.1551864585,3.137282478915804,2.3298117675425813,9799186.0,0.6,2.5
Sweden,2016,127.0,3224.9429,50289.7687144136,2.1968152657258377,1.0590949375060648,9923085.0,0.4,2.5
Sweden,2017,126.0,3203.564,51474.1199115161,2.850562026017678,2.143064951870004,10057698.0,0.3,2.5
Sweden,2018,126.0,3169.035,53122.438677218,3.1020220714946367,2.37497017041833,10175214.0,0.9,2.5
Sweden,2019,127.0,3237.4287,57046.4463076951,3.832919485700548,2.806790491719556,10278887.0,0.4,2.5
Sweden,2020,129.0,3269.4602,57489.2657196219,3.8761879453467873,2.135720155298367,10353442.0,0.5,2.5
Sweden,2021,130.0,3303.1133,62731.700616293,1.9030981196518804,0.4165602460479413,10415811.0,0.6,2.5
Sweden,2022,130.0,3347.428,66375.6164555727,18.24418225389932,11.29186762347176,10486941.0,1.3,2.5
Sweden,2023,130.0,,67258.8461000938,20.954577669072428,12.425008482906671,10536632.0,0.8,
Sweden,2024,,,71030.4601718093,3.815336215818221,1.4519498587709485,10569709.0,,
Switzerland,2001,134.0,3368.1238,37822.9275072501,3.608186707737127,2.0811501778194925,7229854.0,,2.5
Switzerland,2002,134.0,3418.6545,38704.9584597242,4.388703264418203,2.32212421351203,7284753.0,0.0,2.5
Switzerland,2003,134.0,3411.1973,38737.3079261209,2.285596495482234,1.2722999457658888,7339001.0,,2.5
Switzerland,2004,134.0,3393.8887,40176.5707415374,2.382275149252,0.5098518776539486,7389625.0,0.2,2.5
Switzerland,2005,134.0,3375.6013,41524.8488732932,0.2855047429108026,-0.7104711587986284,7437115.0,,2.5
Switzerland,2006,134.0,3433.5999,46275.5494842863,1.903648655762824,-0.0349329940650603,7483934.0,0.1,2.5
Switzerland,2007,134.0,3436.911,50929.4927044896,2.0272812160044618,0.5238960439113937,7551117.0,0.1,2.5
Switzerland,2008,135.0,3450.0806,53808.7841127066,4.082533626028284,3.102074817952501,7647675.0,0.1,2.5
Switzerland,2009,134.0,3467.3984,52971.3732760585,2.273066242602928,-0.1709672512159726,7743831.0,0.0,2.5
Switzerland,2010,134.0,3424.1711,54432.332994981,-0.4028665293594136,-1.1049917985770292,7824909.0,0.1,2.5
Switzerland,2011,133.0,3465.9907,57493.5810559211,-2.098644348257317,-3.255978650447559,7912398.0,0.0,2.5
Switzerland,2012,133.0,3376.2444,59440.9158607666,0.839210784110489,-0.9659865040029284,7996861.0,0.0,2.5
Switzerland,2013,132.0,3387.0454,61656.4661708516,2.119124721185805,1.223128635813218,8089346.0,0.0,2.5
Switzerland,2014,132.0,3408.8606,63417.0438110319,1.439852390363816,0.9210645580883544,8188649.0,0.0,2.5
Switzerland,2015,132.0,3385.0168,65282.5841931923,0.3104224708366576,-0.7960888361861781,8282396.0,0.0,2.5
Switzerland,2016,132.0,3349.139,67350.7518747757,1.2893134657125271,0.3905344643794801,8373338.0,0.0,2.5
Switzerland,2017,132.0,3370.0466,68193.5055940262,1.8238108601527525,0.4186864496916261,8451840.0,0.0,2.5
Switzerland,2018,132.0,3388.4792,70688.8187491194,2.1218740201404573,1.2621861332462665,8514329.0,0.0,2.5
Switzerland,2019,133.0,3408.461,73732.2353322093,1.4662915927778908,0.117739114264323,8575280.0,0.0,2.5
Switzerland,2020,134.0,3453.5618,72997.8239503282,0.988395960082178,0.0911976143247422,8638167.0,0.1,2.5
Switzerland,2021,134.0,3407.88,81001.4111206118,-0.2663196558258529,-1.585740687874302,8704546.0,0.0,2.5
Switzerland,2022,134.0,3432.2642,91326.1317048182,4.401570991586201,1.6610227384324976,8777088.0,0.2,2.5
Switzerland,2023,135.0,,90505.997877357,6.483793432613672,4.778113865504569,8888093.0,,
Switzerland,2024,,,93818.7074809256,2.3341738701994297,0.1500329563508281,9034102.0,,
Syria,2010,,3089.2566,,,,,,
Syria,2011,,3056.9106,,,,,,
Syria,2012,,2937.6235,,,,,,
Syria,2013,,2881.8315,,,,,,
Syria,2014,,2844.4353,,,,,,
Syria,2015,,2798.4553,,,,,,
Syria,2016,,2683.9277,,,,,,
Syria,2017,,2623.5513,,,,,,
Syria,2018,,2525.8318,,,,,,
Syria,2019,,2486.635,,,,,,
Syria,2020,,2423.3347,,,,,,
Syria,2021,,2392.3225,,,,,,
Syria,2022,,2351.3835,,,,,,
Syrian Arab Republic,2001,120.0,,,1.8634948754093328,0.4629860805684671,17051338.0,,7.7
Syrian Arab Republic,2002,122.0,,,1.4758435152433025,-3.0547586120241306,17468332.0,,7.3
Syrian Arab Republic,2003,123.0,,,8.421696060981976,6.34934170259458,17889296.0,0.5,6.9
Syrian Arab Republic,2004,125.0,,,10.969714092622729,4.834703930604388,18336875.0,,6.5
Syrian Arab Republic,2005,127.0,,,11.486782467700271,7.949154817669641,18814091.0,,6.2
Syrian Arab Republic,2006,128.0,,,16.30075944032432,11.141088439711533,19637022.0,0.0,6.0
Syrian Arab Republic,2007,129.0,,,7.604252852806326,3.358784540143454,20884125.0,,5.8
Syrian Arab Republic,2008,131.0,,,30.41491211924685,20.80263799540818,21636564.0,,5.5
Syrian Arab Republic,2009,133.0,,,10.38497775234044,0.5255062804300751,21976969.0,0.0,5.2
Syrian Arab Republic,2010,134.0,,,11.409932622878015,4.611286845068588,22482421.0,,5.2
Syrian Arab Republic,2011,132.0,,,12.995937640557642,7.590305557537694,22878098.0,,5.9
Syrian Arab Republic,2012,129.0,,,52.069185279150496,39.82200625857171,22759763.0,,7.1
Syrian Arab Republic,2013,127.0,,,174.52771251448863,107.1615124568224,21666917.0,,8.2
Syrian Arab Republic,2014,126.0,,,89.4490214099954,29.974360518613707,20273659.0,,9.1
Syrian Arab Republic,2015,123.0,,,57.47019263918629,35.16555284338205,19424618.0,,10.8
Syrian Arab Republic,2016,119.0,,,66.97802766129712,57.98510180814218,19193834.0,,13.4
Syrian Arab Republic,2017,115.0,,3265.07029374996,35.80797240764384,18.23099007239844,19224668.0,,17.6
Syrian Arab Republic,2018,111.0,,3455.89227013449,3.5934478812808424,0.357461116918766,19577845.0,,21.8
Syrian Arab Republic,2019,107.0,,3502.17511543737,39.13047953377542,14.918447345677729,20353534.0,,26.4
Syrian Arab Republic,2020,104.0,,3737.65751831376,192.6679871287485,130.81457131411537,21049429.0,,29.6
Syrian Arab Republic,2021,101.0,,4592.83860100874,,,21628839.0,,32.2
Syrian Arab Republic,2022,99.0,,4772.4616766716,,,22462173.0,16.5,34.0
Syrian Arab Republic,2023,95.0,,4650.06687798544,172.91452110352074,119.32953592385176,23594623.0,,
Syrian Arab Republic,2024,,,,141.19047612715897,78.3272107977787,24672760.0,,
Taiwan,2001,,2964.6868,,,,,,
Taiwan,2002,,2962.6377,,,,,,
Taiwan,2003,,2961.1575,,,,,,
Taiwan,2004,,2965.9888,,,,,,
Taiwan,2005,,2972.3235,,,,,,
Taiwan,2006,,2938.397,,,,,,
Taiwan,2007,,2954.4768,,,,,,
Taiwan,2008,,2915.3408,,,,,,
Taiwan,2009,,2927.3013,,,,,,
Taiwan,2010,,2943.166,,,,,,
Taiwan,2011,,2918.2366,,,,,,
Taiwan,2012,,2909.895,,,,,,
Taiwan,2013,,2925.0598,,,,,,
Taiwan,2014,,2933.6597,,,,,,
Taiwan,2015,,2938.3005,,,,,,
Taiwan,2016,,2931.685,,,,,,
Taiwan,2017,,2930.4412,,,,,,
Taiwan,2018,,2959.5828,,,,,,
Taiwan,2019,,2975.9568,,,,,,
Taiwan,2020,,2971.9834,,,,,,
Taiwan,2021,,2953.4507,,,,,,
Taiwan,2022,,3016.3599,,,,,,
Tajikistan,2001,87.0,1925.7521,1138.74372892552,72.5961598688176,48.24470472132808,6407377.0,,40.1
Tajikistan,2002,86.0,1904.0399,1256.95258174881,18.145180372502125,13.851494094939271,6531669.0,,41.0
Tajikistan,2003,86.0,1918.2302,1395.64684232567,22.766503421704897,18.54898738451601,6658575.0,56.0,41.4
Tajikistan,2004,87.0,1942.1176,1550.072020439,11.718818627881578,8.099735657906185,6790547.0,37.2,40.2
Tajikistan,2005,89.0,2021.7334,1672.73374996313,9.832572180290413,8.009625864119029,6924720.0,,38.1
Tajikistan,2006,91.0,2033.0189,1810.29125697328,14.361742492938024,11.290301720504807,7057566.0,,35.4
Tajikistan,2007,93.0,2040.051,1966.22189890915,25.20878360786092,14.329667509718623,7194477.0,24.2,32.6
Tajikistan,2008,95.0,2064.012,2120.01845704928,36.81885037955015,26.408248397514992,7338403.0,,29.9
Tajikistan,2009,97.0,2084.8965,2171.36091638488,11.814861037458236,5.936178789391524,7490230.0,15.7,27.3
Tajikistan,2010,99.0,2255.7932,2291.07823631732,14.014751707613303,6.400185337788017,7652141.0,,24.9
Tajikistan,2011,101.0,2293.505,2455.97278263399,22.44053812074656,17.350604311612717,7824785.0,,23.0
Tajikistan,2012,102.0,2306.0842,2679.0692960897,7.284172651187748,3.519032063867132,8014084.0,,21.9
Tajikistan,2013,103.0,2308.884,2918.56048007357,8.057676134930158,5.366739509053517,8216724.0,,20.6
Tajikistan,2014,105.0,2358.4983,3151.72452793203,9.776751635102276,7.44523546707951,8425552.0,,18.8
Tajikistan,2015,108.0,2421.444,2975.47097476092,10.268198983781376,6.964625460705622,8643840.0,13.3,16.3
Tajikistan,2016,111.0,2482.2947,2913.85679547445,6.984553508712721,5.148231696316494,8865631.0,,14.2
Tajikistan,2017,114.0,2554.4478,3017.00314887354,12.369791957814602,9.24138812651031,9085946.0,,12.4
Tajikistan,2018,118.0,2628.543,3069.10385079592,7.201001477403235,2.7204282656039296,9307333.0,,10.6
Tajikistan,2019,120.0,2710.6582,3459.97365083434,14.327657335874866,11.014396478471255,9529966.0,,9.9
Tajikistan,2020,122.0,2702.9846,3653.95976759112,16.285258172556528,11.668517648974408,9749310.0,,9.4
Tajikistan,2021,122.0,2710.877,3985.91247611219,13.510848078411676,10.546823022960924,9966908.0,9.1,9.5
Tajikistan,2022,122.0,2706.0093,4514.17512398164,9.635525865794726,7.316025839012085,10182222.0,8.9,8.7
Tajikistan,2023,121.0,,4963.58295264504,5.597161752434121,3.71996689554294,10389799.0,7.3,
Tajikistan,2024,,,5405.98011619139,3.2662363105567582,2.172615530716504,10590927.0,6.1,
Tanzania,2001,98.0,2013.4989,1228.52233886719,6.853875788223629,6.520346852970183,35198299.0,,32.6
Tanzania,2002,97.0,2090.5906,1302.05554199219,11.540643122994254,6.8249885106247605,36121304.0,,33.4
Tanzania,2003,98.0,1965.4337,1379.45776367188,7.40154828977313,6.718897325677901,37089555.0,,32.0
Tanzania,2004,98.0,2079.0256,1482.162109375,8.577391281335501,5.999105328081572,38109668.0,,31.4
Tanzania,2005,101.0,2114.4976,1598.03747558594,8.524330541497527,6.383942953381357,39182076.0,,28.4
Tanzania,2006,102.0,2122.2493,1706.54846191406,12.389858597502544,9.22616605578104,40294902.0,,26.9
Tanzania,2007,103.0,2198.134,1820.00134277344,11.519249492753358,8.938851910275078,41435512.0,61.9,25.8
Tanzania,2008,104.0,2121.146,1908.37353515625,17.278521543869687,13.08971720634398,42570728.0,,25.0
Tanzania,2009,105.0,2133.2944,1972.16784667969,18.06269898554657,15.562934982384649,43633982.0,,24.7
Tanzania,2010,106.0,2246.1187,2069.40185546875,9.754428626799204,7.845988342091743,44758488.0,,24.1
Tanzania,2011,108.0,2295.371,2211.466796875,27.803563173965173,16.683140574374274,46029367.0,51.5,23.3
Tanzania,2012,109.0,2326.0488,2083.48486328125,27.844762594135155,20.93398574749048,47374260.0,,22.2
Tanzania,2013,110.0,2364.1057,2176.21655273438,12.043041913713836,8.484598796797533,48824128.0,,21.7
Tanzania,2014,111.0,2376.8994,2221.1796875,8.817020238470864,7.440230025115234,50351512.0,,21.7
Tanzania,2015,111.0,2378.7964,2317.27978515625,10.618055695353036,7.894062176398122,52020962.0,,21.9
Tanzania,2016,111.0,2392.753,2434.69995117188,10.67706489746756,7.52945411159596,53824013.0,,22.5
Tanzania,2017,111.0,2379.633,2472.4931640625,11.823569139293454,9.129263026344203,55652890.0,,23.3
Tanzania,2018,111.0,2362.9849,2727.88012695313,6.284681579654494,2.9668963342417327,57437145.0,51.3,23.6
Tanzania,2019,111.0,2387.1372,2981.87451171875,6.297275510516487,2.897466284739886,59174891.0,,23.7
Tanzania,2020,111.0,2401.9026,3290.60986328125,5.898407162813513,4.146989476245729,60972798.0,,23.5
Tanzania,2021,112.0,2417.5652,3493.0830078125,5.162926595593009,3.745953708371909,62830412.0,,23.9
Tanzania,2022,113.0,2386.3342,3799.8623046875,9.678942011121382,7.311962199216236,64711821.0,,23.8
Tanzania,2023,114.0,,4018.5166015625,9.88877465170097,6.8685471896766215,66617606.0,,
Tanzania,2024,,,4220.79638671875,4.57796845448788,2.114344150282062,68560157.0,,
Thailand,2001,107.0,2554.4224,7632.01609417121,1.785714557262974,0.6774164531351499,63651141.0,,17.4
Thailand,2002,108.0,2610.83,8148.43702909083,1.377951267253308,0.3933433840390605,64266437.0,4.7,16.5
Thailand,2003,109.0,2626.5164,8824.06945008499,4.90195978982535,3.688959964686336,64868166.0,,15.2
Thailand,2004,110.0,2636.2144,9545.33813809417,6.476189760170881,4.524506368517277,65452047.0,3.1,13.9
Thailand,2005,112.0,2701.1128,10169.0453611636,7.039711107056501,4.933538792477385,66017420.0,,12.1
Thailand,2006,113.0,2767.2837,10912.4427926329,6.101694161164839,4.531175853631427,66567687.0,2.2,10.8
Thailand,2007,113.0,2723.733,11723.0995588653,6.313993148952779,4.0849104459308565,67102394.0,1.3,10.3
Thailand,2008,112.0,2698.4988,12062.1598751814,15.855573685483426,11.556589087676564,67619830.0,1.0,10.8
Thailand,2009,112.0,2659.989,11964.0529467715,11.638590994347432,4.5400304731718855,68121080.0,0.8,10.4
Thailand,2010,112.0,2742.8875,12932.2633444457,7.469388337125116,5.431694344811057,68579447.0,0.7,10.1
Thailand,2011,112.0,2730.8213,13227.454108915,10.203732539237764,7.943921970337118,69007208.0,0.3,9.2
Thailand,2012,112.0,2752.7222,14616.6497925392,7.703656451953345,4.89422105678319,69436098.0,0.4,9.1
Thailand,2013,112.0,2722.8406,15215.9492506383,4.295498824031352,3.414431599776924,69845114.0,0.2,8.5
Thailand,2014,112.0,2760.611,15365.3175402829,4.611538649228142,3.937019618502476,70216367.0,0.2,7.9
Thailand,2015,113.0,2775.5615,15791.1714762207,2.335898172421857,1.1390480074203644,70540795.0,0.1,7.4
Thailand,2016,113.0,2763.1172,16671.2506902144,2.9693408200724525,1.6080660075890132,70859841.0,0.1,7.3
Thailand,2017,113.0,2751.8616,17573.339815536,1.528057147449835,0.0065063514154528,71160187.0,0.1,7.3
Thailand,2018,113.0,2777.0461,18876.2208766741,1.039928798611767,0.4049279259507405,71376079.0,0.1,7.0
Thailand,2019,114.0,2800.5254,19963.3918407099,3.474779112194626,2.315715642817501,71522271.0,0.1,6.4
Thailand,2020,115.0,2850.377,19163.7415152349,2.0366593010492817,1.230215336199502,71641484.0,0.1,6.1
Thailand,2021,116.0,2858.2908,20242.7700035656,0.7691631581745462,-0.1229880200907797,71727332.0,0.0,5.8
Thailand,2022,116.0,2876.504,22243.0747727026,9.815585453319551,6.909554097960924,71735329.0,0.0,5.6
Thailand,2023,117.0,,23519.2120979823,7.696770812277354,2.632979324464025,71702435.0,0.0,
Thailand,2024,,,24708.2439372088,3.121899015992957,1.0822377796099236,71668011.0,,
Timor-Leste,2001,82.0,,1618.64404121863,5.160084168920132,5.041924720612479,812249.0,55.7,42.4
Timor-Leste,2002,89.0,,1416.88553891676,4.90688238690371,4.799870593963777,879159.0,,37.0
Timor-Leste,2003,94.0,,1355.18642804328,4.938332439759341,4.739176804685632,916878.0,,33.0
Timor-Leste,2004,96.0,,1378.85409868054,6.896552093616504,4.655868859220804,929074.0,,31.7
Timor-Leste,2005,97.0,,1434.82197813042,3.749999843612129,0.5226062727531992,948311.0,,30.7
Timor-Leste,2006,98.0,,1377.11345210832,8.477841854810064,4.785727095875199,976597.0,,29.7
Timor-Leste,2007,100.0,,1515.70896671524,20.19230663738356,12.691852963893655,1004889.0,60.1,28.7
Timor-Leste,2008,101.0,,1675.04569482689,13.770490326865817,9.05054007015847,1032429.0,,28.8
Timor-Leste,2009,102.0,,1810.18605794753,5.699209354121382,-0.1318268211820581,1058782.0,,24.3
Timor-Leste,2010,103.0,,1955.32969499557,10.147058793827156,5.664241102504321,1084679.0,,19.6
Timor-Leste,2011,103.0,,2065.96056012268,18.82510014481067,16.192853415608024,1110207.0,,14.5
Timor-Leste,2012,103.0,,2386.13589971758,16.291161297508673,12.806267118623062,1134885.0,,13.7
Timor-Leste,2013,104.0,,2566.03070650416,16.17161728062644,12.961714490940343,1158695.0,,12.9
Timor-Leste,2014,103.0,,2859.86061637696,3.532874868436786,0.7311373089111228,1181903.0,43.9,12.3
Timor-Leste,2015,103.0,,3107.57190164098,1.5340363236230117,0.4776667941524408,1205131.0,,12.2
Timor-Leste,2016,102.0,,3390.76221557073,0.0,-2.071030004497484,1228312.0,,12.4
Timor-Leste,2017,102.0,,3463.11730297031,1.4563098680018038,0.895026495787025,1251703.0,,13.2
Timor-Leste,2018,101.0,,3561.2877375981,2.1546449387304323,1.7522813045515635,1275959.0,,13.4
Timor-Leste,2019,100.0,,4556.61425715787,1.8830524547495344,1.0723204723266138,1300945.0,,14.5
Timor-Leste,2020,100.0,,6132.08299806495,2.077151153789125,0.90544374488604,1326053.0,,15.4
Timor-Leste,2021,100.0,,6824.79233858928,7.714843287665762,5.6132595399808265,1350139.0,,16.0
Timor-Leste,2022,100.0,,5728.22147284378,8.595193860938522,7.540085998357598,1369295.0,,15.9
Timor-Leste,2023,99.0,,4806.14014290568,12.426035228541622,10.179659055939632,1384286.0,,
Timor-Leste,2024,,,4758.39202005466,7.3743929573780065,4.316100350985965,1400638.0,,
Togo,2001,99.0,2038.4637,1320.13592825557,16.804134808474423,6.023236900119952,5277382.0,,31.5
Togo,2002,99.0,2041.7325,1357.00956946301,13.35079424212271,3.874709501473942,5413274.0,,31.4
Togo,2003,100.0,2082.887,1439.8515206403,-1.1749113617520068,-4.757110447549262,5552167.0,,30.1
Togo,2004,102.0,2128.3035,1427.00202406577,7.396274473254816,-0.9575502958986488,5696508.0,,28.4
Togo,2005,104.0,2121.3499,1367.51041342189,17.93903687913612,10.868757016970866,5844631.0,,27.0
Togo,2006,105.0,2159.6814,1407.06799926983,4.688401443056844,-0.9527372488399326,6010668.0,67.2,25.7
Togo,2007,107.0,2163.9573,1387.20059598512,14.292794368394812,2.9531098172328973,6188344.0,,24.3
Togo,2008,108.0,2177.1523,1429.30678423965,37.30708216531937,20.42290535433241,6368812.0,,22.8
Togo,2009,109.0,2194.3298,1474.18400447056,16.551114244091615,9.848021866907388,6551865.0,,21.2
Togo,2010,109.0,2356.276,1537.0546089113,5.4321802257945695,-0.2674915689121945,6732590.0,,20.3
Togo,2011,108.0,2353.519,1615.98236269349,4.770954814110739,1.1738298691020093,6916474.0,65.2,20.0
Togo,2012,108.0,2330.8142,1645.31381856677,7.025987039950743,3.411602024938966,7100736.0,,19.9
Togo,2013,108.0,2354.012,1715.36169204481,5.5805579491923885,0.6589034240324957,7285442.0,,19.6
Togo,2014,107.0,2367.5156,1803.14911257134,1.4840598263756943,-4.285059820126732,7472450.0,,20.1
Togo,2015,107.0,2291.432,1879.66940004825,17.628354974852734,10.0206046268531,7663195.0,61.5,20.2
Togo,2016,106.0,2339.9382,1932.9272172408,10.082627985181713,4.540246550225604,7858289.0,,20.7
Togo,2017,106.0,2317.087,1985.52568595321,0.0365528779882939,-3.325839716221633,8057140.0,,20.5
Togo,2018,107.0,2303.4924,2067.09131262388,2.905315285174037,0.3052939958405452,8258778.0,35.1,19.9
Togo,2019,109.0,2372.7688,2214.71375053039,3.964340256500409,-0.491588245033057,8463068.0,,18.3
Togo,2020,111.0,2431.3953,2356.75859666213,8.47276251794482,3.126926253926836,8669720.0,,16.0
Togo,2021,114.0,2484.6829,2577.20196322069,15.047978291018849,8.951273609160777,8878379.0,34.4,14.1
Togo,2022,117.0,2527.3928,2852.06442925895,22.33324266729486,12.48095120653946,9089738.0,,12.8
Togo,2023,120.0,,3071.51216831953,7.953225524745022,3.717018970762148,9304337.0,,
Togo,2024,,,3239.09143737535,9.3857831681758,5.23623355115182,9515236.0,,
Tonga,2001,,,3955.22854483513,11.118780515783676,8.593534456779654,103288.0,,
Tonga,2002,,,4170.93724886821,12.464825395993252,10.766547266533967,103874.0,,
Tonga,2003,,,4231.45362875342,14.41651649789504,12.078291795956147,104464.0,,
Tonga,2004,,,4235.12041303239,13.90286229380584,11.43362832868665,105071.0,,
Tonga,2005,,,4314.54719822881,18.111262731804057,13.42292959105002,105671.0,,
Tonga,2006,,,4327.44661888542,3.3999996907348784,-0.3999998465734409,106253.0,,
Tonga,2007,,,4315.94450579455,11.9500062229865,7.363391622728415,106726.0,,
Tonga,2008,,,4600.34882862684,12.030222378713804,7.779003032756218,107020.0,,
Tonga,2009,,,4383.81130248019,14.215048504305392,7.852001860585772,107203.0,3.6,
Tonga,2010,,,4465.46050009263,6.871252995289967,3.0062826246750447,107400.0,,
Tonga,2011,,,4855.42923652355,11.360264791736064,6.596703396827543,107570.0,,
Tonga,2012,,,4996.44460870387,5.965170752637627,1.517117530814053,107460.0,,
Tonga,2013,,,5119.69475316836,4.266411874600284,1.865433059749892,107078.0,,
Tonga,2014,,,5335.91583849223,7.472325267615609,3.663904345589684,106609.0,,
Tonga,2015,,,5471.79686971112,7.078040634728189,1.8730116828737975,106095.0,4.0,
Tonga,2016,,,5920.1573874442,9.589041253078312,1.4624337147092954,105524.0,,
Tonga,2017,,,6229.07019944034,14.108251096228663,8.60459605180776,105356.0,,
Tonga,2018,,,6402.75723742173,8.793286882395112,6.140481590441787,105567.0,,
Tonga,2019,,2966.7183,6488.59744638222,6.376195570226484,1.7696084516542958,105669.0,,
Tonga,2020,,2953.443,6689.85928964051,4.791029499907573,1.917577648719927,105704.0,,
Tonga,2021,,3016.019,7034.92496985232,10.836501526715514,7.232798185653867,105490.0,0.4,
Tonga,2022,,3016.6616,7393.79648926129,13.689936224733422,9.867955551116198,105042.0,,
Tonga,2023,,,7852.76498057614,13.891144932816069,10.38490644269664,104597.0,,
Tonga,2024,,,,10.078739945841498,4.266764807654604,104175.0,,
Trinidad and Tobago,2001,114.0,2717.5447,14797.1038365267,21.17425625698197,15.67526282645398,1325567.0,,9.6
Trinidad and Tobago,2002,113.0,2676.8577,16141.2357287613,14.677569033382577,11.581620296142512,1332011.0,,10.1
Trinidad and Tobago,2003,112.0,2636.639,18742.6419219735,12.779228231318497,8.168908371970572,1338709.0,,10.7
Trinidad and Tobago,2004,112.0,2661.7195,20673.7458449273,20.552341095973592,12.806918812568128,1345380.0,,11.2
Trinidad and Tobago,2005,113.0,2643.8064,23536.0268722394,25.5453498584342,22.94458620153748,1294494.0,,10.8
Trinidad and Tobago,2006,114.0,2686.161,27393.3505461307,27.4546078170012,23.14734721601416,1297944.0,,10.3
Trinidad and Tobago,2007,115.0,2729.6045,29354.5290108253,20.876290146633657,17.51196438809841,1303188.0,,9.8
Trinidad and Tobago,2008,116.0,2712.3936,30807.2848519922,34.625275772937655,25.641519541603746,1308587.0,,9.4
Trinidad and Tobago,2009,118.0,2725.5188,29601.6194466575,25.94413089167624,13.621749785951687,1310106.0,,9.0
Trinidad and Tobago,2010,119.0,2961.5693,30778.3127370297,39.15822913671803,22.03470116300666,1317714.0,,8.1
Trinidad and Tobago,2011,121.0,3023.5344,31077.796969852,30.85786244806794,11.324707162378466,1328019.0,,7.2
Trinidad and Tobago,2012,122.0,3046.828,31883.2297483766,28.33461551271743,19.28364726890257,1335194.0,,6.6
Trinidad and Tobago,2013,122.0,3075.199,31746.2050888891,13.809320262327883,8.80172113400139,1340557.0,,6.5
Trinidad and Tobago,2014,122.0,3044.6165,32026.5305704185,18.169786444998625,10.091981355102844,1345343.0,,6.6
Trinidad and Tobago,2015,122.0,3046.5583,29825.4643214665,14.613285203509774,8.723155721925743,1349667.0,,6.8
Trinidad and Tobago,2016,122.0,3030.241,28231.6957752039,9.969787906943653,7.4939511768250435,1353895.0,,6.8
Trinidad and Tobago,2017,121.0,3048.3857,28504.5928437795,7.655503150584964,2.94299266224539,1356633.0,,6.9
Trinidad and Tobago,2018,121.0,3033.4724,28680.2672030791,2.697841280203783,1.1324713060138278,1359193.0,,7.0
Trinidad and Tobago,2019,121.0,3022.9941,29453.5230005341,2.031801789876764,0.577749152262134,1363985.0,,9.1
Trinidad and Tobago,2020,120.0,3027.0725,26862.9417710355,5.134899980332719,2.807369434701815,1366725.0,,11.2
Trinidad and Tobago,2021,120.0,2998.732,30424.6648858287,7.641195629669739,4.382279786596455,1367558.0,,12.8
Trinidad and Tobago,2022,119.0,2984.954,32988.8093757144,17.322834271731715,10.328950675386563,1365805.0,,12.6
Trinidad and Tobago,2023,121.0,,34620.3860516966,17.33021119893452,7.97451641356704,1367510.0,,
Trinidad and Tobago,2024,,,36021.1259580231,3.462321933602386,1.4974220741677942,1368333.0,,
Tunisia,2001,136.0,3185.1658,6593.38196542465,3.904471542496002,2.5408055515307764,9869677.0,,4.1
Tunisia,2002,136.0,3120.1108,6715.11078442505,4.863590000545148,3.508417234457445,9971515.0,,4.2
Tunisia,2003,135.0,3167.7349,7098.4235616264,5.7138704510855565,3.4796940822851266,10071632.0,,4.2
Tunisia,2004,136.0,3177.977,7671.84535965305,6.405633694562951,4.702290161800982,10166163.0,,4.1
Tunisia,2005,136.0,3155.7996,8116.9548993789,4.456410322520976,2.232813531760121,10255472.0,5.9,4.0
Tunisia,2006,136.0,3214.0315,8728.65712549853,5.177718619637384,3.327176063482669,10346410.0,,4.0
Tunisia,2007,137.0,3199.7693,9479.35063936328,6.8927615024666045,4.162143151929668,10441702.0,,3.8
Tunisia,2008,138.0,3254.5066,9975.022321259,7.751575221219831,5.532812735158854,10542635.0,,3.6
Tunisia,2009,139.0,3291.262,10237.08899945,7.416830578655942,5.87422738911464,10650681.0,,3.6
Tunisia,2010,140.0,3299.8438,10555.0887033221,6.192761312777795,4.529499359785756,10765980.0,3.1,3.7
Tunisia,2011,140.0,3314.8545,10435.9956675373,7.268768785055424,4.57806959671288,10886035.0,,3.8
Tunisia,2012,141.0,3341.6824,10614.531301194,9.502458393935775,7.028248542145872,11009647.0,,3.6
Tunisia,2013,142.0,3335.3345,10671.569727457,8.563413856545377,7.196006673378221,11141361.0,,3.5
Tunisia,2014,143.0,3370.114,10946.8935757639,6.214920858019113,4.956366606533006,11274288.0,,3.3
Tunisia,2015,144.0,3389.07,10782.5438382441,6.893587091297482,4.5391921021451935,11402264.0,0.7,3.2
Tunisia,2016,144.0,3380.6685,10993.6638464521,3.924099776187151,2.71496089427656,11528674.0,,3.1
Tunisia,2017,145.0,3394.9072,11288.7800135085,8.416655384406347,5.629163333305256,11650498.0,,3.0
Tunisia,2018,147.0,3445.379,11841.4061980603,8.934428047979903,7.264494540375536,11765514.0,,2.7
Tunisia,2019,149.0,3498.6584,12494.7905733455,8.165735079996095,6.880362275204468,11875081.0,,2.8
Tunisia,2020,150.0,3527.308,11918.066205483,6.143896523848036,4.663585124628563,11974057.0,,3.2
Tunisia,2021,149.0,3531.2676,12444.3264026887,8.040593286494936,6.333956491148874,12048622.0,0.7,3.4
Tunisia,2022,147.0,3539.61,13608.0725802241,15.074309978768577,10.841560300540555,12119334.0,,3.2
Tunisia,2023,146.0,,14009.5192313256,15.877251501000655,14.394441111890524,12200431.0,,
Tunisia,2024,,,14451.2544977748,12.097264437689969,9.457226799377471,12277109.0,,
Turkey,2001,111.0,3503.746,,77.41412645498859,48.162489255085,,,
Turkey,2002,110.0,3497.9653,,93.58539972717396,53.059560507628426,,,
Turkey,2003,110.0,3487.8298,,32.31356020182743,22.933759749268287,,,
Turkey,2004,112.0,3517.1016,,11.997865212660551,6.868436887453786,,,
Turkey,2005,115.0,3528.3647,,6.791947549668653,4.931250162341611,,,
Turkey,2006,118.0,3573.0996,,12.446701687682824,9.703203637545736,,,
Turkey,2007,121.0,3565.682,,14.708942531035872,12.423841105064747,,,
Turkey,2008,123.0,3534.8,,15.689426537430307,12.804515316352168,,,
Turkey,2009,126.0,3559.8455,,11.507370692751806,8.039402355362965,,,
Turkey,2010,128.0,3643.054,,17.082397244160852,10.59771694506802,,,
Turkey,2011,130.0,3650.9346,,12.61147174585606,6.297615686332581,,,
Turkey,2012,131.0,3694.2478,,11.66891973693822,8.489775973318354,,,
Turkey,2013,130.0,3708.5322,,12.878751544227462,9.1323378835106,,,
Turkey,2014,130.0,3666.4033,,14.435491328555884,12.61662181826133,,,
Turkey,2015,129.0,3698.7979,,14.358857350025689,11.167820572557403,,,
Turkey,2016,130.0,3652.14,,11.68904748896258,5.8356106000253165,,,
Turkey,2017,130.0,3699.1553,,16.907778592935486,12.727914710625528,,,
Turkey,2018,131.0,3716.2178,,29.26377000596661,17.914740809049828,,,
Turkey,2019,131.0,3718.4788,,31.856475078230595,20.172666249562003,,,
Turkey,2020,132.0,3743.0295,,21.084115595249894,13.844756367034083,,,
Turkey,2021,132.0,3745.701,,43.804887559971874,24.0831274210478,,,
Turkey,2022,133.0,3784.9302,,102.54947757378775,85.2067364404733,,,
Turkey,2023,134.0,,,75.13918731459448,65.70611316494151,,,
Turkey,2024,,,,71.12178390053718,58.57514983924472,,,
Turkiye,2001,,,8995.30931947397,,,66245128.0,,3.9
Turkiye,2002,,,9134.34120753436,,,67048795.0,7.6,4.3
Turkiye,2003,,,9451.28458323038,,,67831730.0,10.0,4.6
Turkiye,2004,,,10726.8964183186,,,68592617.0,6.6,4.5
Turkiye,2005,,,11756.9310277156,,,69329557.0,6.5,3.8
Turkiye,2006,,,13495.4269002759,,,70045349.0,4.8,2.9
Turkiye,2007,,,14866.4277095189,,,70158112.0,4.0,2.5
Turkiye,2008,,,16038.2956212622,,,71051678.0,3.3,2.5
Turkiye,2009,,,15442.1173152348,,,72039206.0,3.0,2.5
Turkiye,2010,,,17343.6771298998,,,73142150.0,2.8,2.5
Turkiye,2011,,,19590.9510387254,,,74223629.0,2.0,2.5
Turkiye,2012,,,20627.4920606022,,,75175827.0,1.7,2.5
Turkiye,2013,,,22373.2465583744,,,76147624.0,1.5,2.5
Turkiye,2014,,,24105.0237978098,,,77181884.0,1.0,2.5
Turkiye,2015,,,25862.6846048907,,,78218479.0,1.3,2.5
Turkiye,2016,,,26695.915689876,,,79277962.0,0.9,2.5
Turkiye,2017,,,28193.1744851997,,,80312698.0,1.1,2.5
Turkiye,2018,,,28299.395541248,,,81407204.0,1.0,2.5
Turkiye,2019,,,28461.1778708152,,,82579440.0,1.3,2.5
Turkiye,2020,,,28680.2006288764,,,83384680.0,1.1,2.5
Turkiye,2021,,,31338.2665190246,,,84147318.0,0.9,2.5
Turkiye,2022,,,39101.0748100515,,,84979913.0,0.5,2.5
Turkiye,2023,,,42326.1644386964,,,85325965.0,,
Turkiye,2024,,,43932.0822203006,,,85518661.0,,
Turkmenistan,2001,116.0,2553.7612,4401.30380449396,,,4675409.0,,6.4
Turkmenistan,2002,118.0,2586.701,4392.82381539457,,,4769465.0,,5.9
Turkmenistan,2003,120.0,2620.303,4536.19781505202,,,4863865.0,,5.1
Turkmenistan,2004,121.0,2665.816,4798.15317447398,,,4958093.0,,4.5
Turkmenistan,2005,121.0,2660.51,5489.34542179295,,,5052257.0,,4.2
Turkmenistan,2006,121.0,2644.919,6163.85018154343,,,5147105.0,,4.0
Turkmenistan,2007,121.0,2687.4392,6901.0175688569,,,5244046.0,,4.0
Turkmenistan,2008,121.0,2642.5461,7915.54792420973,,,5345029.0,,4.0
Turkmenistan,2009,121.0,2624.854,8285.01893015361,,,5451592.0,,4.3
Turkmenistan,2010,121.0,2682.9521,8971.61628736812,,,5564356.0,,4.5
Turkmenistan,2011,121.0,2649.4983,10282.7266190528,,,5683417.0,,4.6
Turkmenistan,2012,121.0,2657.867,11035.451277853,,,5808546.0,,4.5
Turkmenistan,2013,123.0,2658.0479,11722.8086272577,,,5939341.0,,4.0
Turkmenistan,2014,125.0,2723.7864,12476.5344358387,,,6075283.0,,3.5
Turkmenistan,2015,126.0,2709.8667,12714.8137240363,,,6215770.0,,3.3
Turkmenistan,2016,126.0,2672.6875,12919.371222426,,,6360041.0,,3.3
Turkmenistan,2017,125.0,2662.456,13278.4030353381,,,6507061.0,,3.4
Turkmenistan,2018,125.0,2628.8713,14368.4621432532,,,6655524.0,,3.5
Turkmenistan,2019,125.0,2581.987,15477.7237643978,,,6803944.0,,3.6
Turkmenistan,2020,125.0,2579.1519,15090.9394971778,,,6949912.0,,3.8
Turkmenistan,2021,124.0,2574.0408,16434.1399060353,,,7092043.0,,3.9
Turkmenistan,2022,123.0,2521.2112,18340.1112805299,,,7230193.0,,4.1
Turkmenistan,2023,122.0,,19828.9248461199,,,7364438.0,,
Turkmenistan,2024,,,20407.8009519632,,,7494498.0,,
Turks and Caicos Islands,2001,,,,,,19576.0,,
Turks and Caicos Islands,2002,,,,,,20597.0,,
Turks and Caicos Islands,2003,,,,,,21727.0,,
Turks and Caicos Islands,2004,,,,,,22856.0,,
Turks and Caicos Islands,2005,,,,,,23988.0,,
Turks and Caicos Islands,2006,,,,,,25123.0,,
Turks and Caicos Islands,2007,,,27668.7638300013,,,26270.0,,
Turks and Caicos Islands,2008,,,29246.5914259697,,,27427.0,,
Turks and Caicos Islands,2009,,,22712.4992116747,,,28588.0,,
Turks and Caicos Islands,2010,,,22316.4440292076,,,29739.0,,
Turks and Caicos Islands,2011,,,22974.0775614285,,,30846.0,,
Turks and Caicos Islands,2012,,,20614.3450494152,,,32127.0,,
Turks and Caicos Islands,2013,,,20907.6845334633,,,33653.0,,
Turks and Caicos Islands,2014,,,22477.7359438826,,,35050.0,,
Turks and Caicos Islands,2015,,,24012.8725763975,,,36605.0,,
Turks and Caicos Islands,2016,,,25578.2219734804,,,38315.0,,
Turks and Caicos Islands,2017,,,25685.7772993112,,,39913.0,,
Turks and Caicos Islands,2018,,,31151.4748574464,,,41559.0,,
Turks and Caicos Islands,2019,,,31173.3797811743,,,43166.0,,
Turks and Caicos Islands,2020,,,19530.0254075613,,,44386.0,,
Turks and Caicos Islands,2021,,,25056.4880515569,,,45243.0,,
Turks and Caicos Islands,2022,,,30220.8240138134,,,45847.0,,
Turks and Caicos Islands,2023,,,35336.7403511449,,,46198.0,,
Turks and Caicos Islands,2024,,,37954.3876543471,,,46535.0,,
Tuvalu,2001,,,2595.91651072877,,,9586.0,,
Tuvalu,2002,,,2915.30037644437,,,9623.0,,
Tuvalu,2003,,,2770.10016154552,,,9695.0,,
Tuvalu,2004,,,2764.91389633307,,,9816.0,,
Tuvalu,2005,,,2727.66493096898,,,9940.0,,
Tuvalu,2006,,,2787.10956568152,,,10056.0,,
Tuvalu,2007,,,3034.34916256495,,,10182.0,,
Tuvalu,2008,,,3291.09772372222,,,10321.0,,
Tuvalu,2009,,,3081.93890586604,,,10461.0,,
Tuvalu,2010,,,2945.12892457303,,,10614.0,9.0,
Tuvalu,2011,,,3175.92841210274,,,10780.0,,
Tuvalu,2012,,,3170.40106063439,,,10934.0,,
Tuvalu,2013,,,3277.2133431185,,,11001.0,,
Tuvalu,2014,,,3418.8526428885,,,10984.0,,
Tuvalu,2015,,,3775.7556591637,,,10963.0,,
Tuvalu,2016,,,4030.86241535456,,,10930.0,,
Tuvalu,2017,,,4226.71874686288,,,10869.0,,
Tuvalu,2018,,,4431.73186603207,,,10751.0,,
Tuvalu,2019,,3000.5054,5209.70002131965,,,10581.0,,
Tuvalu,2020,,3145.9595,5122.19827984698,,,10399.0,,
Tuvalu,2021,,3271.3342,5352.97862537897,,,10194.0,,
Tuvalu,2022,,3356.8516,5661.14384766376,,,9992.0,,
Tuvalu,2023,,,6151.01047041608,,,9816.0,,
Tuvalu,2024,,,,,,9646.0,,
Uganda,2001,112.0,2311.5405,1172.6831745569,7.541727736062498,2.4199357867089417,24745676.0,,21.0
Uganda,2002,114.0,2367.4263,1254.98203506699,6.924983856804845,-0.2883551352960867,25532870.0,78.6,19.3
Uganda,2003,115.0,2425.919,1320.23991630988,13.54883803010829,10.589160510835168,26352124.0,,18.2
Uganda,2004,116.0,2404.0283,1405.24288438896,9.805507739438202,4.490545306889665,27154515.0,,18.0
Uganda,2005,115.0,2390.387,1496.50947836066,15.312078908590363,10.375431063018176,27963289.0,72.4,18.6
Uganda,2006,114.0,2348.4832,1659.72529096776,13.564107134843194,8.860728118722296,28794003.0,,19.1
Uganda,2007,113.0,2292.2317,1794.53518881483,11.143347075688116,7.477139318586758,29653430.0,,19.4
Uganda,2008,112.0,2265.354,1930.70869517816,19.39247485092952,14.665838350229455,30539553.0,,19.7
Uganda,2009,112.0,2292.559,2014.60879442098,18.232328472837487,15.930439586495796,31451151.0,63.5,19.7
Uganda,2010,113.0,2343.9136,2091.55963145331,10.744795901440686,3.36642039116087,32390802.0,,20.4
Uganda,2011,112.0,2298.5706,2267.72270357093,39.11747264730514,23.864170217665613,33354543.0,,21.1
Uganda,2012,110.0,2308.6091,2031.94669538814,31.99193232420652,13.823709596242702,34337438.0,56.2,22.4
Uganda,2013,109.0,2290.7375,2044.88182485845,7.59359029786415,2.3944289588194585,35337042.0,,24.4
Uganda,2014,108.0,2234.861,2134.00916281741,9.115510402525452,3.555280651330868,36395539.0,,27.9
Uganda,2015,102.0,2154.87,2189.96485919003,13.286524151539858,7.297635045416719,37531446.0,,33.3
Uganda,2016,98.0,2026.3107,2165.29759404413,11.434160572554909,5.590941102847534,38799152.0,60.1,37.5
Uganda,2017,98.0,2051.648,2157.95747503369,14.762647525629436,10.205832796082415,40177388.0,,38.9
Uganda,2018,99.0,2137.263,2312.05752813495,2.6419711178135463,-1.1681345913926304,41565831.0,,38.4
Uganda,2019,102.0,2125.468,2441.37445233821,2.4619120564096653,-0.1910519098349319,42999637.0,59.8,37.3
Uganda,2020,101.0,2159.1553,2532.21950102069,4.824109581867564,1.772053093312978,44457152.0,,37.1
Uganda,2021,108.0,2172.2327,2684.92035939744,5.191092203586489,1.4269395442180215,45910930.0,,36.8
Uganda,2022,108.0,2163.469,2919.17775407108,23.055809654745097,13.464544302754431,47312719.0,,36.9
Uganda,2023,109.0,,3097.63702430619,22.95081960433145,11.09339783565062,48656601.0,,
Uganda,2024,,,3275.7631600887,0.5251309971002094,-0.5688178703206361,50015092.0,,
Ukraine,2001,121.0,2956.457,4746.85791015625,20.320559567009116,11.501459971153803,49106855.0,,3.0
Ukraine,2002,123.0,3018.177,5122.84130859375,5.094927918568737,0.546282635672544,48677281.0,6.3,2.5
Ukraine,2003,126.0,3019.9019,5764.01123046875,11.100001633458168,5.152437383384143,48315136.0,3.2,2.5
Ukraine,2004,128.0,3158.751,6663.46728515625,15.19999818800468,8.682909982339478,47979507.0,2.8,2.5
Ukraine,2005,130.0,3179.674,7142.10693359375,14.699475045482991,12.671688950901746,47585556.0,1.1,2.5
Ukraine,2006,131.0,3216.0266,7971.1962890625,10.99585199091242,5.354993846146278,47278694.0,0.7,2.5
Ukraine,2007,132.0,3224.6743,8900.4443359375,23.818525875607776,9.688284539090825,47062798.0,0.5,2.5
Ukraine,2008,132.0,3271.7778,9323.72265625,48.42883426638467,36.0721792332888,46819175.0,0.1,2.5
Ukraine,2009,129.0,3149.7148,7994.61572265625,22.98682090934456,12.178234239615485,46623731.0,0.3,2.5
Ukraine,2010,127.0,3097.0466,8453.2998046875,13.380280654898112,10.899335397452148,46456003.0,0.1,2.5
Ukraine,2011,126.0,3139.923,9126.6083984375,11.684208937477214,6.459367342279422,46307853.0,0.1,2.5
Ukraine,2012,127.0,3121.913,9552.314453125,0.5922997184722112,-2.1098437416322104,46210056.0,0.1,2.5
Ukraine,2013,127.0,3111.2046,10903.8251953125,-0.704224100720352,-2.145372706976901,46126770.0,0.1,2.5
Ukraine,2014,126.0,3085.3872,10493.7451171875,24.822694539317027,12.100088292851517,45972380.0,0.0,2.5
Ukraine,2015,124.0,3023.196,9921.833984375,53.73831915251324,45.83989594039108,45784896.0,0.3,2.5
Ukraine,2016,123.0,3012.3137,10864.6572265625,38.06201561387808,9.872513443981337,45616832.0,0.2,2.5
Ukraine,2017,122.0,2982.7441,11536.0810546875,18.804411022082835,12.906167393633714,45436041.0,0.1,2.6
Ukraine,2018,120.0,2938.9966,12554.8486328125,17.82987959200586,11.344656226103872,45208907.0,0.2,3.0
Ukraine,2019,118.0,2894.4573,14217.486328125,10.186046393520389,8.017908388609898,44957458.0,0.2,3.7
Ukraine,2020,118.0,2874.8743,15541.02734375,4.931049120855402,2.746711308483833,44680014.0,0.0,4.3
Ukraine,2021,117.0,2885.6519,17846.408203125,13.662791044661748,10.784550739992916,44298640.0,,5.3
Ukraine,2022,116.0,2757.9172,14770.0712890625,35.74268181456406,26.43824933847316,41048766.0,,5.8
Ukraine,2023,114.0,,17665.34375,32.98862501517385,15.608641456283122,37732836.0,,
Ukraine,2024,,,18550.462890625,14.267319124397758,5.022063768038159,37860221.0,,
United Arab Emirates,2001,130.0,2792.5264,88831.576609184,0.9999993175380028,0.785872064644307,3723590.0,,3.3
United Arab Emirates,2002,129.0,2733.6333,86960.3167434205,1.3861394098174662,1.2097945302148825,3956826.0,,4.1
United Arab Emirates,2003,127.0,2682.3652,91058.6690664392,2.246093923559056,1.8539070122798689,4192457.0,,5.3
United Arab Emirates,2004,125.0,2713.9111,96981.5907871132,6.972300379615204,4.823497867917726,4428967.0,,6.8
United Arab Emirates,2005,123.0,2850.616,99576.6168703857,6.750019911251881,5.585819723190742,4664790.0,,7.8
United Arab Emirates,2006,121.0,3116.9138,104995.397893447,5.555556303377163,5.06327858417559,5009100.0,,8.1
United Arab Emirates,2007,119.0,3283.6309,99096.705445174,5.587044985304934,5.572893675630133,5624635.0,,8.1
United Arab Emirates,2008,117.0,3396.9817,93017.0906486344,13.677907634654618,10.368910641024463,6302664.0,,7.5
United Arab Emirates,2009,116.0,3647.8054,83336.8197392763,8.658923238958138,0.9000902509652621,6707058.0,,7.8
United Arab Emirates,2010,116.0,3659.2266,83670.9093739164,7.102238721540366,4.443979523065489,6869838.0,,7.1
United Arab Emirates,2011,118.0,3695.1885,87709.0444061316,8.400379351364528,5.853667238016119,7104538.0,,6.5
United Arab Emirates,2012,121.0,3664.5972,87339.6876580759,8.601778506403225,5.307058849660305,7391448.0,,5.1
United Arab Emirates,2013,122.0,3590.8074,85514.802433677,3.654029200806197,2.69587797714422,7693031.0,0.0,4.6
United Arab Emirates,2014,122.0,3407.0342,85248.1547335913,3.7302151536854566,2.1710364622578933,8059440.0,,4.5
United Arab Emirates,2015,121.0,3278.7725,71720.3084512543,3.3961500420659263,1.237941676087767,8505237.0,,4.6
United Arab Emirates,2016,122.0,3160.5442,67702.1473929958,3.068847126613994,1.0286719622165468,8935095.0,,4.4
United Arab Emirates,2017,122.0,3160.6128,68043.2312156859,3.2377967806946684,1.212138780612812,9223225.0,,4.2
United Arab Emirates,2018,124.0,3156.6736,75071.180051653,7.225971141027787,3.5448870359055604,9346701.0,0.0,3.6
United Arab Emirates,2019,125.0,3246.753,76884.9468983345,-0.735063037207373,-1.3888710275055007,9445785.0,,3.3
United Arab Emirates,2020,126.0,3243.9314,65352.8344182277,6.218457457907323,3.711027483436301,9401038.0,,3.1
United Arab Emirates,2021,127.0,3171.17,67401.1212929253,2.862225436346555,-0.1996740555653103,9575152.0,,3.4
United Arab Emirates,2022,127.0,3061.6863,73777.7443945251,9.157150307210491,7.190245913140209,10074977.0,,2.7
United Arab Emirates,2023,129.0,,76110.3848420758,5.962421078403257,3.655301449992312,10483751.0,,
United Arab Emirates,2024,,,77958.8954093036,3.060782678986418,2.241871606942573,10876981.0,,
United Kingdom,2001,137.0,3407.0483,27915.5304404741,6.373292867981784,3.7581136068795504,59119673.0,0.2,2.5
United Kingdom,2002,138.0,3422.8982,29089.0536770407,3.8980509745127456,0.8407574016677577,59370479.0,0.2,2.5
United Kingdom,2003,138.0,3406.1733,30317.5243136229,3.056768558951961,1.2989361694104418,59647577.0,0.2,2.5
United Kingdom,2004,138.0,3447.693,32055.4717642346,2.915451895043742,0.7964884342848902,59987905.0,0.2,2.5
United Kingdom,2005,139.0,3434.0225,32726.1331883772,2.152080344332852,1.5177342631983226,60401206.0,0.2,2.5
United Kingdom,2006,138.0,3427.0698,34734.8160246415,4.895104895104896,2.4059669945924957,60846820.0,0.2,2.5
United Kingdom,2007,137.0,3398.85,35523.3115876502,6.013986013986017,4.512973183796256,61322463.0,0.2,2.5
United Kingdom,2008,136.0,3396.9365,36744.7913584035,13.210039630118883,9.137966941132817,61806995.0,0.2,2.5
United Kingdom,2009,135.0,3381.2556,35023.3323106015,11.586901763224166,5.603086831671409,62276270.0,0.2,2.5
United Kingdom,2010,134.0,3306.835,36487.6718531875,6.17977528089888,3.419826768048155,62766365.0,0.2,2.5
United Kingdom,2011,133.0,3324.31,37224.3787645256,6.984478935698446,5.513566791073795,63258810.0,0.2,2.5
United Kingdom,2012,134.0,3306.3564,38336.5961844419,4.564755838641177,3.251691834526651,63711000.0,0.5,2.5
United Kingdom,2013,134.0,3332.8264,39947.5369562562,4.57317073170731,3.7384554030225576,64139000.0,0.2,2.5
United Kingdom,2014,135.0,3351.708,41266.8197795309,1.962708537782132,-0.1802831921242762,64620000.0,0.2,2.5
United Kingdom,2015,135.0,3365.59,42526.7003586335,-1.7612524461839474,-2.5798217631045377,65088000.0,0.2,2.5
United Kingdom,2016,136.0,3347.258,44085.2025586772,-1.1111111111111072,-2.373242268333132,65607000.0,0.2,2.5
United Kingdom,2017,135.0,3372.2139,46113.0211677324,4.11946446961895,2.261151605433552,65966000.0,0.2,2.5
United Kingdom,2018,136.0,3327.9656,47212.2045190522,3.665987780040725,2.087149404152544,66289000.0,0.5,2.5
United Kingdom,2019,136.0,3362.5674,50064.9605582187,2.0648967551622377,1.3742785513281952,66631000.0,0.5,2.5
United Kingdom,2020,135.0,3359.96,48230.0477027461,1.941747572815533,0.7214076885475761,66744000.0,0.5,2.5
United Kingdom,2021,135.0,3328.6765,51004.4271714238,4.275996112730796,0.3049250681796724,66984000.0,0.5,2.5
United Kingdom,2022,134.0,3322.3088,58544.4695425536,16.868592730661703,10.894987421443432,67604000.0,,2.5
United Kingdom,2023,133.0,,57915.4940036535,19.12168344007319,14.752063908379318,68492000.0,,
United Kingdom,2024,,,60620.3807747583,6.978588421887411,2.722211381292805,69226000.0,,
United States,2001,148.0,3749.4238,37133.6203973517,3.6073260646399374,3.266763947434855,284968955.0,1.0,2.5
United States,2002,148.0,3824.9785,37997.7424300242,2.8604919012789054,1.3046381004800915,287625193.0,1.0,2.5
United States,2003,149.0,3815.7578,39490.3023903176,4.542874685479692,2.1515810383156104,290107933.0,1.0,2.5
United States,2004,150.0,3844.1355,41724.6411982614,4.949368956936562,3.791765401749425,292805298.0,1.0,2.5
United States,2005,150.0,3859.7063,44123.3996470026,3.096142959956838,1.932567179370504,295516599.0,1.0,2.5
United States,2006,149.0,3811.022,46301.9876485519,2.446812959743472,1.7622762891510544,298379912.0,1.0,2.5
United States,2007,148.0,3781.1814,48050.227412195,5.614003592992645,4.206899073238067,301231207.0,1.0,2.5
United States,2008,146.0,3720.4634,48570.0594269601,7.596721317105248,6.391024976514188,304093966.0,1.0,2.5
United States,2009,145.0,3662.3782,47194.9500893872,5.654794104477046,0.5278071412398267,306771529.0,1.0,2.5
United States,2010,145.0,3730.6794,48642.6312088213,1.7489232820102174,0.3423093745984225,309378227.0,1.2,2.5
United States,2011,146.0,3724.2393,50024.8812320773,6.28143160763861,4.799998334809356,311839461.0,1.0,2.5
United States,2012,147.0,3759.0413,51708.3940614082,5.307790002056589,2.4841102570236675,314339099.0,1.0,2.5
United States,2013,147.0,3745.3335,53297.3862901595,1.2340997599388892,0.9044723614619018,316726282.0,1.0,2.5
United States,2014,147.0,3728.9878,55153.3940182967,3.7200002018758616,2.407911883177246,319257560.0,1.2,2.5
United States,2015,147.0,3736.747,56849.4697923159,3.3206521363177144,1.1768849812400108,321815121.0,1.2,2.5
United States,2016,147.0,3754.2856,57976.628204291,-0.2838430393872104,-1.3243045779119962,324353340.0,1.2,2.5
United States,2017,148.0,3763.3098,60047.7190728307,0.9008029982273014,-0.1956782602240941,326608609.0,1.2,2.5
United States,2018,149.0,3790.298,62875.6661382728,1.0499462444499397,0.455969600149847,328529577.0,1.0,2.5
United States,2019,151.0,3836.5151,65227.9565911035,1.4330392270827996,0.8855051339731395,330226227.0,1.0,2.5
United States,2020,152.0,3851.5002,64401.5074354209,5.667886907298847,3.5060688198656096,331577720.0,0.5,2.5
United States,2021,152.0,3856.6628,71307.4017277218,6.500176222480225,3.476489852965479,332099760.0,0.5,2.5
United States,2022,152.0,3874.9792,77860.9112908848,13.53320570237495,11.41477335442291,334017321.0,1.2,2.5
United States,2023,152.0,,82304.6204272866,11.357276294542483,5.0537278126125535,336806231.0,1.2,
United States,2024,,,85809.9003846359,1.8880156005465445,1.1662301591192044,340110988.0,,
Uruguay,2001,118.0,2915.2148,10719.3945690687,6.713996109087317,5.416255633739991,3274251.0,0.7,3.2
Uruguay,2002,118.0,2880.526,10030.1287840488,32.247532414963096,16.44172479154115,3278867.0,1.1,2.9
Uruguay,2003,118.0,2872.8542,10303.2337504047,37.35235681722806,26.84214383925368,3281186.0,1.5,2.9
Uruguay,2004,119.0,2866.218,11103.1125898913,13.50300528831976,11.881541362183151,3283148.0,1.7,2.8
Uruguay,2005,121.0,2842.5325,12295.700311589,8.407407069523787,4.913966579278946,3285771.0,1.5,2.7
Uruguay,2006,122.0,2857.7495,13179.3881134044,9.7855886335795,5.630380779034844,3289506.0,1.0,2.5
Uruguay,2007,124.0,2927.577,14397.224966515,22.058386876084747,16.069878332851165,3295153.0,0.7,2.5
Uruguay,2008,126.0,2999.9365,15694.235411976,18.18181915595849,13.861512373277476,3302177.0,0.4,2.5
Uruguay,2009,127.0,3021.8848,16421.7696322847,13.304720723125474,5.29865690412318,3310091.0,0.4,2.5
Uruguay,2010,128.0,3138.5632,17872.5369682924,10.039199346811788,5.980323985140603,3318580.0,0.3,2.5
Uruguay,2011,129.0,3151.2925,19135.3636964186,12.336967717509651,9.571525482994623,3326825.0,0.2,2.5
Uruguay,2012,130.0,3184.1726,19495.4223660846,10.822748993164533,8.364046905467415,3335401.0,0.3,2.5
Uruguay,2013,131.0,3190.2205,20661.3793411187,12.157254189430144,10.705591869006671,3345337.0,0.3,2.5
Uruguay,2014,131.0,3211.1472,21867.8112276315,11.8022833461924,10.418278844241977,3356334.0,0.2,2.5
Uruguay,2015,131.0,3177.0088,22168.6114189676,11.043453045537088,9.481234968292233,3368017.0,0.2,2.5
Uruguay,2016,131.0,3199.1426,22840.5507069805,12.539640622646589,9.635979760162416,3379283.0,0.1,2.5
Uruguay,2017,132.0,3222.6072,23606.6278007958,6.31250002817576,2.84227292911175,3388438.0,0.1,2.5
Uruguay,2018,134.0,3272.345,24386.4948473952,10.985224757951318,8.34239806054039,3394534.0,0.1,2.5
Uruguay,2019,134.0,3307.8567,25782.6890198871,14.203414770187894,8.734101784665844,3397206.0,0.1,2.5
Uruguay,2020,135.0,3286.2593,25725.258216942,19.25978502139136,13.830728979969363,3398968.0,0.3,2.5
Uruguay,2021,135.0,3317.8213,29431.8850087471,10.232834443768011,6.848234113963783,3396695.0,0.2,2.5
Uruguay,2022,133.0,3337.967,33000.918699951,13.314752225969052,11.044125236487398,3390913.0,0.2,2.5
Uruguay,2023,132.0,,34470.9322201143,13.043556411509783,8.801393426086948,3388081.0,0.2,
Uruguay,2024,,,36417.874162496,6.37671703107785,4.73657894184063,3386588.0,0.2,
Uzbekistan,2001,99.0,2286.7937,2782.34871050012,39.40457196756804,36.8493590453022,25090283.0,,18.0
Uzbekistan,2002,97.0,2283.0535,2902.03983617689,44.8717757493893,37.146100046825424,25399980.0,93.1,19.3
Uzbekistan,2003,99.0,2336.6204,3047.24856835492,29.32954928827449,14.001322131127576,25711259.0,93.3,18.8
Uzbekistan,2004,101.0,2362.5193,3321.19654400978,6.983520033694735,2.2270907336957,26029350.0,,16.6
Uzbekistan,2005,105.0,2441.658,3617.85486831461,10.83405098564909,8.531330421702803,26356975.0,,14.2
Uzbekistan,2006,108.0,2521.723,3955.97682075928,13.638333336852735,11.151038617277992,26699043.0,,11.1
Uzbekistan,2007,111.0,2542.202,4386.1293366958,9.64057613500866,7.482407485260338,27076008.0,,8.5
Uzbekistan,2008,114.0,2552.4382,4800.05914327553,10.50832567917801,9.57215586351832,27494774.0,,6.4
Uzbekistan,2009,118.0,2554.061,5135.46444647583,10.838942050135314,10.30655557864436,27939328.0,,4.8
Uzbekistan,2010,121.0,2938.488,5504.8563793137,10.532411854496736,10.00323262537438,28385506.0,,3.6
Uzbekistan,2011,125.0,3017.5378,5949.484123529,10.368747184444228,9.620503635292652,28823196.0,,2.7
Uzbekistan,2012,128.0,3100.6836,6168.13764755172,10.269967713945285,9.479817180225483,29261903.0,,2.5
Uzbekistan,2013,131.0,3157.0596,6412.7238692872,9.48329001223087,9.2361160178852,29724065.0,,2.5
Uzbekistan,2014,133.0,3227.517,6609.76717277708,8.966633939345648,8.510781903026379,30222994.0,,2.5
Uzbekistan,2015,135.0,3247.2014,6799.57332842183,7.832642781275245,7.063195458321971,30749346.0,,2.5
Uzbekistan,2016,135.0,3263.1245,6919.29475621804,9.11311824157126,4.904598342455944,31284568.0,,2.5
Uzbekistan,2017,135.0,3197.1208,7818.01112977426,25.733206673226515,17.871596613979797,31819178.0,,2.5
Uzbekistan,2018,135.0,3218.4368,8128.75520303523,26.703499368481467,20.137732919014702,32373490.0,,2.5
Uzbekistan,2019,136.0,3236.342,8544.08026729718,19.88261147668218,17.043454153477782,32964701.0,,2.5
Uzbekistan,2020,137.0,3240.8777,8451.72505108114,19.256826814092086,17.245911277025325,33586372.0,,2.5
Uzbekistan,2021,138.0,3238.6624,9247.64382703929,15.743391176916234,14.441383998645184,34243696.0,4.4,2.5
Uzbekistan,2022,139.0,3242.6484,10292.5309427485,16.490490926724945,15.02779799802908,34938955.0,4.4,2.5
Uzbekistan,2023,140.0,,11106.9715934767,15.369865978735064,11.709816381540094,35652307.0,4.1,
Uzbekistan,2024,,,11878.5528706848,8.813895874135525,4.111024873129902,36361859.0,2.7,
Vanuatu,2001,121.0,2644.3599,2124.95074884916,2.899999791900409,2.4345366071411747,191031.0,,6.9
Vanuatu,2002,121.0,2672.2283,1995.32372274512,2.0428013021905223,0.6162189598526759,195863.0,,6.9
Vanuatu,2003,122.0,2728.8652,2070.35775556982,3.957528820070788,1.9665248443787144,200746.0,,6.9
Vanuatu,2004,123.0,2722.0493,2157.44517059131,4.457363856974084,3.5483523324340496,205711.0,,6.8
Vanuatu,2005,123.0,2756.628,2287.00660433246,1.2066843248217607,-0.258131441531248,210760.0,,6.8
Vanuatu,2006,125.0,2787.8242,2495.85683636109,3.761469199636358,3.2201126771705098,215923.0,,6.4
Vanuatu,2007,126.0,2842.3208,2573.40104367128,4.185217345500725,3.766040972474377,221276.0,,6.1
Vanuatu,2008,127.0,2839.9175,2701.28836081834,11.262797906702172,7.435861647913666,226896.0,,5.9
Vanuatu,2009,128.0,2842.5884,2730.28795991124,10.689169904514028,7.845538221193077,232731.0,,6.1
Vanuatu,2010,129.0,2935.8171,2733.45922588718,5.177514515930737,4.447837394228365,238248.0,25.7,6.4
Vanuatu,2011,129.0,2904.2483,2815.68693384029,3.6062376430510135,1.1265213066323387,243474.0,,7.0
Vanuatu,2012,128.0,2865.3486,2834.1263087371,2.8409092475810027,2.017070633578342,248883.0,,7.5
Vanuatu,2013,128.0,2881.0972,2832.00606140469,1.9931270032534032,1.463318706489514,254482.0,,7.5
Vanuatu,2014,129.0,2931.852,2890.13103819703,1.918246295677739,1.7253831080304594,260240.0,,7.4
Vanuatu,2015,130.0,2916.4387,2965.84143257378,12.258493968335848,3.6718328573893673,266101.0,,7.4
Vanuatu,2016,131.0,2922.1736,3029.80923948413,7.321900442277185,1.8580919133832936,272087.0,,7.4
Vanuatu,2017,131.0,2963.414,3145.92734989467,7.374444193117391,6.884776014980577,278507.0,,7.4
Vanuatu,2018,131.0,2952.803,3232.94825800672,6.2002856105918935,4.397899311632052,285259.0,,7.5
Vanuatu,2019,130.0,2917.4111,3314.66721352425,7.226890061750391,5.063050152829792,291985.0,19.5,7.8
Vanuatu,2020,129.0,2921.9497,3117.64425292038,13.793103476254489,10.833814534767784,298858.0,,8.0
Vanuatu,2021,129.0,2917.0737,3135.8366494568,13.105363661548886,5.855386631349036,305868.0,,8.1
Vanuatu,2022,130.0,2907.5132,3452.6074269388,15.661104231145329,8.595241922605888,313046.0,,7.9
Vanuatu,2023,132.0,,3460.93371368124,24.875621802156324,19.28232241896453,320409.0,,
Vanuatu,2024,,,3602.40727009487,12.717292033868176,3.211369946019071,327777.0,,
Venezuela,2001,105.0,2497.9583,,16.149371722457428,12.141178264380017,,,
Venezuela,2002,104.0,2209.134,,28.25326655999689,23.005392286242,,,
Venezuela,2003,104.0,2406.0732,,37.731575054298425,33.776851236513295,,,
Venezuela,2004,107.0,2484.4463,,37.29809479872286,35.41667003221459,,,
Venezuela,2005,109.0,2484.4414,,32.45324246979033,26.311103525940283,,,
Venezuela,2006,111.0,2510.889,,20.97769731299768,20.5085995754905,,,
Venezuela,2007,116.0,2607.6252,,26.81415328731729,23.934341228009544,,,
Venezuela,2008,121.0,2814.6367,,41.30000429712246,32.80706592782369,,,
Venezuela,2009,124.0,2872.5425,,39.63531797533207,28.52985004236091,,,
Venezuela,2010,125.0,2915.8704,,42.24780789224487,32.86322389336345,,,
Venezuela,2011,124.0,2914.2798,,37.25490039332331,30.07697068072079,,,
Venezuela,2012,123.0,2865.9197,,31.722687093431823,25.24097290437624,,,
Venezuela,2013,122.0,2831.3613,,79.31422758269736,53.28242322311883,,,
Venezuela,2014,118.0,2876.2961,,102.23673070137708,85.32950257994993,,,
Venezuela,2015,109.0,2616.0286,,315.0170159562724,204.4445395050735,,,
Venezuela,2016,101.0,2231.709,,468.1709427953185,383.6539068203018,,,
Venezuela,2017,95.0,2291.9275,,1062.5928214574164,480.8633888875638,,,
Venezuela,2018,95.0,2195.3093,,143745.64205187964,38440.761866546,,,
Venezuela,2019,95.0,2240.507,,371537.5032619715,143491.55442232752,,,
Venezuela,2020,101.0,2303.529,,22758.28231633881,4026.665429701592,,,
Venezuela,2021,108.0,2299.235,,2794.8551805899074,1773.4501010378438,,,
Venezuela,2022,114.0,2325.3567,,388.7802918730753,196.92329860331748,,,
Venezuela,2023,117.0,,,489.3446361026906,382.5355066482799,,,
Venezuela,2024,,,,90.50481441304416,49.16242342894435,,,
"Venezuela, RB",2001,,,12017.5493693874,,,24979922.0,14.7,14.1
"Venezuela, RB",2002,,,10924.2233238654,,,25435671.0,22.1,14.2
"Venezuela, RB",2003,,,10094.5879661815,,,25892703.0,27.1,13.8
"Venezuela, RB",2004,,,12053.0308400144,,,26340838.0,22.8,9.3
"Venezuela, RB",2005,,,13485.7528421157,,,26785804.0,18.1,7.8
"Venezuela, RB",2006,,,15027.792749214,,,27224686.0,9.7,6.5
"Venezuela, RB",2007,,,16528.2204760199,,,27649363.0,,4.4
"Venezuela, RB",2008,,,17480.1908621482,,,28053696.0,,2.6
"Venezuela, RB",2009,,,16794.5394944048,,,28438298.0,,2.5
"Venezuela, RB",2010,,,16527.7394080967,,,28813101.0,,2.5
"Venezuela, RB",2011,,,17349.1759979718,,,29185212.0,,2.5
"Venezuela, RB",2012,,,,,,29553826.0,,2.5
"Venezuela, RB",2013,,,,,,29912198.0,,2.5
"Venezuela, RB",2014,,,,,,30254079.0,,3.8
"Venezuela, RB",2015,,,,,,30573972.0,,11.1
"Venezuela, RB",2016,,,,,,30765720.0,,17.2
"Venezuela, RB",2017,,,,,,30565323.0,,23.4
"Venezuela, RB",2018,,,,,,29807592.0,,23.2
"Venezuela, RB",2019,,,,,,28938098.0,,23.9
"Venezuela, RB",2020,,,,,,28444077.0,,22.2
"Venezuela, RB",2021,,,,,,28237826.0,,20.0
"Venezuela, RB",2022,,,,,,28213017.0,,17.6
"Venezuela, RB",2023,,,,,,28300854.0,,
"Venezuela, RB",2024,,,,,,28405543.0,,
Viet Nam,2001,103.0,,2808.83181908363,0.9145607788861864,-0.5707231413944395,77969361.0,,19.5
Viet Nam,2002,106.0,,3001.87038766922,6.967986490491884,5.744412001404694,78772224.0,43.3,17.7
Viet Nam,2003,108.0,,3239.77125909915,5.130326213731906,2.5348580484048,79563777.0,,16.1
Viet Nam,2004,109.0,,3543.09915520461,17.120882117525515,12.533506509331003,80338971.0,30.9,15.4
Viet Nam,2005,110.0,,3893.66509422594,15.499278595361732,11.240449621516872,81088313.0,,15.3
Viet Nam,2006,111.0,,4237.40088094732,11.055965383717092,8.663434346266113,82167897.0,23.7,15.0
Viet Nam,2007,113.0,,4580.79431138427,18.919094642937573,11.200887567267491,83633375.0,,13.9
Viet Nam,2008,115.0,,4844.06704751546,45.55346781402776,36.79060954819463,85175788.0,17.6,12.7
Viet Nam,2009,117.0,,5060.73212267196,27.575996648011003,9.03070385344027,86460018.0,,11.4
Viet Nam,2010,118.0,,5389.21956993674,16.182436389192723,10.734754717237692,87455152.0,5.2,10.5
Viet Nam,2011,120.0,,5786.12348870721,34.060823315451884,26.64239950776505,88468314.0,,9.3
Viet Nam,2012,121.0,,6376.79765706172,23.018509891131146,8.389524807560795,89510356.0,3.7,8.8
Viet Nam,2013,122.0,,6758.40433634749,5.083893894558011,2.6918886849061425,90573104.0,,8.3
Viet Nam,2014,123.0,,7296.8794808738,5.079309940755561,4.0078832111638,91679578.0,3.4,8.2
Viet Nam,2015,123.0,,7671.5819778084,2.8347125406094964,1.4826797127018658,92823254.0,,7.8
Viet Nam,2016,124.0,,8374.50684516118,3.062436559445114,2.3631804585870557,94000117.0,2.5,7.5
Viet Nam,2017,125.0,,9169.73192052855,2.368756731895605,-1.0726094308591838,95176977.0,,7.0
Viet Nam,2018,126.0,,10009.9714756006,5.173635809092514,3.2546764677588502,96237319.0,2.2,6.6
Viet Nam,2019,128.0,,11029.2732083963,9.16605046049106,4.0789468281051215,97173776.0,,6.0
Viet Nam,2020,130.0,,11609.3177276423,12.459583492169957,10.0209752239935,98079191.0,1.3,5.5
Viet Nam,2021,131.0,,12048.9019935536,2.389869185969906,0.7271532726166837,98935098.0,,5.2
Viet Nam,2022,132.0,,13905.1536875216,5.2349082562688,2.570326290666728,99680655.0,1.6,5.2
Viet Nam,2023,133.0,,15033.8768594355,6.075274807423559,3.4472428146684293,100352192.0,,
Viet Nam,2024,,,16385.5065565458,4.658235783826448,4.0357683967914895,100987686.0,,
Vietnam,2001,,2409.8567,,,,,,
Vietnam,2002,,2473.1213,,,,,,
Vietnam,2003,,2531.062,,,,,,
Vietnam,2004,,2595.579,,,,,,
Vietnam,2005,,2585.4734,,,,,,
Vietnam,2006,,2591.1855,,,,,,
Vietnam,2007,,2636.9502,,,,,,
Vietnam,2008,,2682.3342,,,,,,
Vietnam,2009,,2691.0889,,,,,,
Vietnam,2010,,2729.5015,,,,,,
Vietnam,2011,,2757.6892,,,,,,
Vietnam,2012,,2815.859,,,,,,
Vietnam,2013,,2800.4165,,,,,,
Vietnam,2014,,2833.538,,,,,,
Vietnam,2015,,2822.843,,,,,,
Vietnam,2016,,2847.2808,,,,,,
Vietnam,2017,,2862.3687,,,,,,
Vietnam,2018,,2885.8647,,,,,,
Vietnam,2019,,2922.1062,,,,,,
Vietnam,2020,,2966.226,,,,,,
Vietnam,2021,,3004.1028,,,,,,
Vietnam,2022,,3026.1506,,,,,,
Virgin Islands (U.S.),2001,,,,,,108549.0,,
Virgin Islands (U.S.),2002,,,32113.4399904542,,,108509.0,,
Virgin Islands (U.S.),2003,,,32618.9563705938,,,108505.0,,
Virgin Islands (U.S.),2004,,,34609.1947981106,,,108466.0,,
Virgin Islands (U.S.),2005,,,36942.8365046874,,,108453.0,,
Virgin Islands (U.S.),2006,,,39447.4212008188,,,108369.0,,
Virgin Islands (U.S.),2007,,,42153.5396586495,,,108337.0,,
Virgin Islands (U.S.),2008,,,43465.2346944723,,,108397.0,,
Virgin Islands (U.S.),2009,,,40846.5620058047,,,108404.0,,
Virgin Islands (U.S.),2010,,,41607.5668567026,,,108357.0,,
Virgin Islands (U.S.),2011,,,39006.0820134517,,,108290.0,,
Virgin Islands (U.S.),2012,,,33878.983108434,,,108188.0,,
Virgin Islands (U.S.),2013,,,32333.9108031447,,,108041.0,,
Virgin Islands (U.S.),2014,,,32360.9003833552,,,107882.0,,
Virgin Islands (U.S.),2015,,,32573.7166812174,,,107712.0,,
Virgin Islands (U.S.),2016,,,33470.5904765526,,,107516.0,,
Virgin Islands (U.S.),2017,,,33893.5501815475,,,107281.0,,
Virgin Islands (U.S.),2018,,,36746.4868901838,,,107001.0,,
Virgin Islands (U.S.),2019,,,40021.7775798024,,,106669.0,,
Virgin Islands (U.S.),2020,,,41749.0800364553,,,106290.0,,
Virgin Islands (U.S.),2021,,,46893.5496988741,,,105870.0,,
Virgin Islands (U.S.),2022,,,49793.0324395716,,,105413.0,,
Virgin Islands (U.S.),2023,,,,,,104917.0,,
Virgin Islands (U.S.),2024,,,,,,104377.0,,
West Bank and Gaza,2001,,,2515.15452938217,,,2997784.0,,
West Bank and Gaza,2002,,,2178.86306478836,,,3075373.0,,
West Bank and Gaza,2003,,,2469.37980394625,,,3154969.0,,
West Bank and Gaza,2004,,,3013.73941946893,,,3236626.0,1.8,
West Bank and Gaza,2005,,,3371.90248033402,,,3320396.0,1.3,
West Bank and Gaza,2006,,,3354.42846587081,,,3406334.0,0.5,
West Bank and Gaza,2007,,,3485.61271825977,,,3494496.0,2.9,
West Bank and Gaza,2008,,,3713.1321585765,,,3591977.0,,
West Bank and Gaza,2009,,,3950.27978346055,,,3689099.0,0.6,
West Bank and Gaza,2010,,,4120.86066344952,,,3786161.0,0.6,
West Bank and Gaza,2011,,,4494.7313227255,,,3882986.0,0.4,
West Bank and Gaza,2012,,,5214.64865399127,,,3979998.0,,
West Bank and Gaza,2013,,,5287.84746119629,,,4076708.0,,
West Bank and Gaza,2014,,,5381.63690987475,,,4173398.0,,
West Bank and Gaza,2015,,,5769.98236633203,,,4270092.0,,
West Bank and Gaza,2016,,,6062.23274844577,,,4367088.0,1.4,
West Bank and Gaza,2017,,,6106.64574037122,,,4454805.0,,
West Bank and Gaza,2018,,,6215.81647317396,,,4569087.0,,
West Bank and Gaza,2019,,,6508.44835080318,,,4685306.0,,
West Bank and Gaza,2020,,,5956.28620064819,,,4803269.0,,
West Bank and Gaza,2021,,,5663.12160743584,,,4922749.0,,
West Bank and Gaza,2022,,,6163.24897837613,,,5043612.0,,
West Bank and Gaza,2023,,,5950.02006184393,,,5165775.0,2.1,
West Bank and Gaza,2024,,,4371.11135857265,,,5289152.0,,
Yemen,2001,,1843.4575,,33.563890543574715,29.29527155813183,,,
Yemen,2002,,1853.7562,,25.12945832566877,22.62946958142632,,,
Yemen,2003,,1838.1678,,20.082772593759124,18.441766833799697,,,
Yemen,2004,,1841.0077,,16.724103861858474,15.564562049071744,,,
Yemen,2005,,1849.6212,,19.71954267483076,13.53907624967158,,,
Yemen,2006,,1857.9318,,18.9826718975586,14.395497765332294,,,
Yemen,2007,,1877.9597,,17.15650624570273,14.07402926306218,,,
Yemen,2008,,1844.3949,,34.33329895993502,24.210781138496603,,,
Yemen,2009,,1851.9482,,7.434380358421588,2.5064493370249186,,,
Yemen,2010,,2077.6147,,14.021593719812842,10.598588327724013,,,
Yemen,2011,,2024.7098,,21.0692535283058,14.983763487058903,,,
Yemen,2012,,2093.2021,,22.51910842303817,10.46177672754384,,,
Yemen,2013,,2084.6377,,16.6428381651601,11.3885599565175,,,
Yemen,2014,,2005.7535,,4.965336613596194,1.8776964558465297,,,
Yemen,2015,,1861.5466,,19.250812414953145,11.73700399023763,,,
Yemen,2016,,1759.5204,,18.946859232382373,17.09295807099664,,,
Yemen,2017,,1811.1893,,11.909110086419506,9.99028078965697,,,
Yemen,2018,,1801.0704,,,,,,
Yemen,2019,,1823.7223,,,,,,
Yemen,2020,,1903.9844,,,,,,
Yemen,2021,,1918.2069,,,,,,
Yemen,2022,,1836.5474,,,,,,
"Yemen, Rep.",2001,,,2701.84702440916,,,20226147.0,,24.4
"Yemen, Rep.",2002,,,2768.46104475398,,,20835086.0,,25.3
"Yemen, Rep.",2003,,,2844.10281386649,,,21456379.0,,25.7
"Yemen, Rep.",2004,,,2948.8184666162,,,22095167.0,,26.0
"Yemen, Rep.",2005,,,3113.41739666978,,,22790085.0,21.4,25.5
"Yemen, Rep.",2006,,,3205.27788560312,,,23543083.0,,24.4
"Yemen, Rep.",2007,,,3293.60221975077,,,24318082.0,,23.8
"Yemen, Rep.",2008,,,3369.51434975754,,,25111941.0,,23.7
"Yemen, Rep.",2009,,,3410.57796412815,,,25927724.0,,22.2
"Yemen, Rep.",2010,,,3603.03505648202,,,26754387.0,,24.2
"Yemen, Rep.",2011,,,3113.38292724389,,,27582897.0,,25.2
"Yemen, Rep.",2012,,,3004.92091432836,,,28433647.0,,28.1
"Yemen, Rep.",2013,,,3164.32154222887,,,29312952.0,,28.5
"Yemen, Rep.",2014,,,,,,30226309.0,33.3,32.4
"Yemen, Rep.",2015,,,,,,31159379.0,,38.1
"Yemen, Rep.",2016,,,,,,32109010.0,,41.3
"Yemen, Rep.",2017,,,,,,33090921.0,,42.0
"Yemen, Rep.",2018,,,,,,34085182.0,,40.2
"Yemen, Rep.",2019,,,,,,35111408.0,,38.4
"Yemen, Rep.",2020,,,,,,36134863.0,,36.7
"Yemen, Rep.",2021,,,,,,37140230.0,,36.9
"Yemen, Rep.",2022,,,,,,38222876.0,,39.5
"Yemen, Rep.",2023,,,,,,39390799.0,,
"Yemen, Rep.",2024,,,,,,40583164.0,,
Zambia,2001,84.0,1856.5961,1785.06711385476,25.58724418808085,18.566130694500742,10325185.0,,50.1
Zambia,2002,85.0,1845.0139,1837.06585172035,22.778345313920887,18.987711158054907,10647949.0,68.0,50.3
Zambia,2003,85.0,1884.6729,1942.21520871647,24.339407563484784,17.86894417897843,10983595.0,,50.2
Zambia,2004,86.0,1839.141,2067.9372845653,19.857880663483485,16.379155858817324,11338198.0,68.9,49.6
Zambia,2005,86.0,1833.2317,2212.81202553596,20.707606774622555,18.571868080197792,11718819.0,,49.1
Zambia,2006,87.0,1785.334,2377.99239778211,12.76314617366634,5.071145845421388,12129553.0,72.0,47.9
Zambia,2007,88.0,1716.4943,2554.68937629218,7.91265185431802,5.290655565366342,12565085.0,,46.6
Zambia,2008,89.0,1722.947,2708.00819669101,20.487151849678643,13.771581154610468,13021324.0,,45.4
Zambia,2009,89.0,1785.3702,2872.46418366268,21.323929509681385,14.375814005682498,13490389.0,,44.1
Zambia,2010,90.0,1925.5963,3097.66400499243,9.615398603011238,6.217112459187226,13965594.0,71.4,42.7
Zambia,2011,91.0,1961.6803,3228.48714255039,6.259469711844878,4.8420532676080725,14437796.0,,41.2
Zambia,2012,92.0,1991.3298,3323.63312219856,8.439897824058008,7.009731354066582,14913629.0,,39.6
Zambia,2013,94.0,2026.5818,3477.28178777683,7.611708369440917,6.528486866576636,15398997.0,,37.7
Zambia,2014,96.0,2079.1384,3441.31497643775,7.960948412721347,7.241381096456027,15895315.0,,36.0
Zambia,2015,97.0,2105.6296,3337.47306887696,24.796864551485378,10.988265315358587,16399089.0,67.9,34.0
Zambia,2016,99.0,2167.1736,3313.35121570029,26.554179998273963,21.75511278682876,16914423.0,,32.3
Zambia,2017,101.0,2215.043,3391.62768492775,7.413581965689864,5.773023747804426,17441320.0,,30.8
Zambia,2018,101.0,2244.2954,3442.27307196302,8.551745604622528,7.136826037413528,17973569.0,,30.5
Zambia,2019,101.0,2226.9229,3361.39750299612,15.246070162653735,10.403339229699316,18513839.0,,31.2
Zambia,2020,100.0,2207.1357,3157.30009311643,20.194844793732504,16.21483456429667,19059395.0,,32.9
Zambia,2021,98.0,2184.006,3503.03491418372,31.56947961505325,27.781807334024037,19603607.0,,34.4
Zambia,2022,98.0,2143.6448,3840.72450511139,16.94785231768914,13.186907688321922,20152938.0,71.7,35.4
Zambia,2023,96.0,,4076.99508686641,14.233585765366088,12.415217821989955,20723965.0,,
Zambia,2024,,,4223.95020752457,18.61740824246274,16.671438667206615,21314956.0,,
Zimbabwe,2001,95.0,2132.195,2311.18808330315,1.882257657518771,1.8662124323599536,11971901.0,,32.8
Zimbabwe,2002,96.0,2113.5156,2117.87488429394,1.8474843576739008,1.832022132205289,12087653.0,,31.9
Zimbabwe,2003,96.0,2082.4114,1771.44634414553,1.813970442170021,1.799061929770355,12232323.0,,31.5
Zimbabwe,2004,97.0,2098.0671,1694.93011702944,1.7816528613460836,1.767266954928596,12365896.0,,30.7
Zimbabwe,2005,98.0,2061.9148,1632.72114672243,1.750464602369184,1.7365761515035605,12483432.0,,29.6
Zimbabwe,2006,98.0,2129.6548,1605.13752850331,1.7203504762458133,1.7069332294809634,12636445.0,,28.8
Zimbabwe,2007,99.0,2098.4482,1567.60212822795,1.6912559661355964,1.6782854229261843,12804058.0,,28.0
Zimbabwe,2008,100.0,2065.6978,1299.74654718487,1.663127225010519,1.6505832074292348,12959149.0,,27.2
Zimbabwe,2009,100.0,2105.5408,1460.632214261,1.6359197974793238,-10.456386141588355,13142790.0,,26.6
Zimbabwe,2010,99.0,2156.725,1740.94575434279,9.765624934911,4.138334608750935,13356548.0,,26.2
Zimbabwe,2011,98.0,2154.423,1993.4184465202,6.870228775636922,4.022698097213218,13595424.0,35.7,25.6
Zimbabwe,2012,99.0,2189.796,2271.5447352458,5.123675122932014,4.60032224145248,13817887.0,,25.5
Zimbabwe,2013,97.0,2176.451,2475.28833044285,4.745763097461975,1.7088699102679294,14013808.0,,27.4
Zimbabwe,2014,96.0,2099.1206,2553.44787153732,-1.970442972505826,-3.082368626181585,14207359.0,,30.4
Zimbabwe,2015,95.0,2078.2163,2646.645807311,-2.8428099243919203,-3.3742625023756667,14399013.0,,33.0
Zimbabwe,2016,96.0,2099.301,2796.80760297879,-0.899280577379391,-3.2364966420125785,14600294.0,,35.5
Zimbabwe,2017,98.0,2039.2639,7045.36652602555,6.7150641540695055,2.534985097112762,14812482.0,44.7,36.7
Zimbabwe,2018,98.0,2070.648,2614.40531425512,53.57142836415585,14.58994325774262,15034452.0,,38.7
Zimbabwe,2019,98.0,2038.3292,3211.25304787065,719.2691024376048,324.18259557849194,15271368.0,49.2,39.4
Zimbabwe,2020,100.0,2035.4874,3510.67604016744,980.4060015033745,728.5895886645803,15526888.0,,39.5
Zimbabwe,2021,102.0,2083.988,3184.78460176113,369.408198083546,156.98910122210668,15797210.0,,38.9
Zimbabwe,2022,104.0,2072.4438,3560.03940257044,226.24130481728577,144.8208348572122,16069056.0,,38.1
Zimbabwe,2023,105.0,,3820.35992188998,255.5964538243973,115.15471421909886,16340822.0,,
Zimbabwe,2024,,,3921.69795648277,177.7590085403665,98.60787294341566,16634373.0,,
Åland Islands,2001,,,,7.15731862114275,3.774315351095305,,,
Åland Islands,2002,,,,8.67909765370911,4.906092246805784,,,
Åland Islands,2003,,,,0.9861014947549984,-0.2134763490859679,,,
Åland Islands,2004,,,,1.8134463792016664,0.145323171809894,,,
Åland Islands,2005,,,,1.653896833108215,-0.1995825930069528,,,
Åland Islands,2006,,,,2.602508241677337,1.78054156645314,,,
Åland Islands,2007,,,,4.835766720175894,2.131692608469436,,,
Åland Islands,2008,,,,9.042553479163915,6.376910066161297,,,
Åland Islands,2009,,,,8.45431139863122,2.7037052703551177,,,
Åland Islands,2010,,,,3.1869081448253844,-2.5249497426767085,,,
Åland Islands,2011,,,,4.878049420101904,2.98371975024538,,,
Åland Islands,2012,,,,6.902218690162143,4.345456062477038,,,
Åland Islands,2013,,,,5.937499609448826,4.245504515293029,,,
Åland Islands,2014,,,,3.0920065489987048,0.7502311718093253,,,
Åland Islands,2015,,,,1.5915113762147604,0.1833795962828834,,,
Åland Islands,2016,,,,0.3527337891469972,-1.0608877513054542,,,
Åland Islands,2017,,,,1.952084722155445,0.5693377650013173,,,
Åland Islands,2018,,,,3.1746041023229976,1.6374327194255411,,,
Åland Islands,2019,,,,3.10880819300825,1.785651557557504,,,
Åland Islands,2020,,,,3.095442719754415,0.6569176036911752,,,
Åland Islands,2021,,,,2.540220889782696,1.161151495165144,,,
Åland Islands,2022,,,,16.597852050935224,9.669631365999232,,,
Åland Islands,2023,,,,17.43999945734187,11.035058968684645,,,
Åland Islands,2024,,,,2.8771930111562094,0.8525435560613812,,,
